inst,tf,trigger,side,f1,f2,h,n_d,gross_d,net_d,t_d,n_v,gross_v,net_v,t_v,cost,sd_d,tg_d,sd_v,tg_v,gross_over_cost_d
NAS100_USD,1m,EMA 9 pullback en tendencia,Largo,Sobre/bajo EMA 200,Gap a favor,12,27215,0.1149915396280199,-0.6100084603719801,-30.226597584871456,15793,0.1949353210530377,-0.5300646789469623,-14.14884044363718,0.725,3.3292833861371776,5.697958667460824,4.708042064374266,5.203343787946662,0.15860902017657919
NAS100_USD,1m,EMA 9 pullback en tendencia,Largo,Sobre/bajo EMA 200,Gap a favor,24,27215,0.2224582372858488,-0.5025417627141512,-17.898654542236454,15793,0.3131530255443471,-0.4118469744556528,-7.885120822310331,0.725,4.631865524600404,7.923128851520126,6.563868097752709,5.995550763855608,0.3068389479804811
NAS100_USD,1m,EMA 9 pullback en tendencia,Largo,EMAs 9>21>50 alineadas,Gap a favor,12,30317,0.1173496497362762,-0.6076503502637237,-31.626643647196047,17548,0.2315997716531086,-0.4934002283468913,-13.624844301903986,0.725,3.345366928429541,6.107748564156547,4.797131360151083,6.395438526047052,0.1618615858431396
NAS100_USD,1m,EMA 9 pullback en tendencia,Largo,EMAs 9>21>50 alineadas,Gap a favor,24,30317,0.2230198115241139,-0.501980188475886,-18.750113748394924,17548,0.3373216081649262,-0.3876783918350738,-7.686019504704853,0.725,4.661501007558259,8.330302530303165,6.681653128194205,6.687657899739226,0.30761353313670886
NAS100_USD,1m,EMA 9 pullback en tendencia,Largo,Lado del VWAP a favor,Gap a favor,12,26025,0.1302208241399495,-0.5947791758600505,-28.73592667883016,15204,0.1773359524015061,-0.5476640475984937,-14.340764586105363,0.725,3.3390730243140054,6.291437572829397,4.708915049327286,4.643600684022297,0.17961492984820623
NAS100_USD,1m,EMA 9 pullback en tendencia,Largo,Lado del VWAP a favor,Gap a favor,24,26025,0.2362036625315201,-0.4887963374684798,-16.970055552997994,15204,0.3044739973855564,-0.4205260026144435,-7.945715039018116,0.725,4.64665092926633,8.200530502624662,6.525875734503996,5.752946559726686,0.3257981552158898
NAS100_USD,1m,EMA 9 pullback en tendencia,Largo,Régimen 15m a favor,Gap a favor,24,21327,0.1932289594670927,-0.5317710405329072,-18.70295596981652,12666,0.2539342376983657,-0.4710657623016342,-9.305647250384355,0.725,4.152210053324924,6.796069070223948,5.697111200577027,5.0163323890712865,0.2665227027132313
NAS100_USD,1m,EMA 9 pullback en tendencia,Largo,Bias diario a favor,Gap a favor,24,21748,0.1325083008710571,-0.5924916991289428,-22.86086966996194,14745,0.2919252620061885,-0.4330747379938114,-8.836558682941178,0.725,3.822074821681258,5.11273828959094,5.951166127801775,5.956511618988789,0.18277007016697533
NAS100_USD,1m,EMA 9 pullback en tendencia,Largo,Hora: apertura 9:35-11:00,Gap a favor,24,7302,0.3488075091263524,-0.3761924908736476,-5.611349646839863,4117,0.4901168411844183,-0.2348831588155817,-1.9064032449028363,0.725,5.728800597283642,5.202870712825167,7.905467249124268,3.9779792690420828,0.48111380569152057
NAS100_USD,1m,EMA 9 pullback en tendencia,Largo,Hora: cierre 14:00-15:45,Gap a favor,12,8351,0.2063464371547943,-0.5186535628452056,-13.921136968023688,4939,0.3550490298042367,-0.3699509701957633,-5.378187510397486,0.725,3.404645517088967,5.538527487861713,4.834234838746589,5.161549533608327,0.2846157753859232
NAS100_USD,1m,EMA 9 pullback en tendencia,Largo,Hora: cierre 14:00-15:45,Gap a favor,24,8351,0.2792958663960528,-0.4457041336039471,-8.328650559638154,4939,0.4529652384085847,-0.2720347615914152,-2.7640201351718834,0.725,4.890364866353343,5.219062374752694,6.9167601163404875,4.602371521087881,0.38523567778765905
NAS100_USD,1m,EMA 9 pullback en tendencia,Largo,ADX > 25,Gap a favor,24,12630,0.2617105153280878,-0.4632894846719121,-10.960617868354662,7012,0.2283243025906481,-0.4966756974093518,-6.137011996040765,0.725,4.750278602521122,6.191612470273827,6.776990733009455,2.8212151133933565,0.3609800211421901
NAS100_USD,1m,EMA 9 pullback en tendencia,Largo,Volatilidad alta,Gap a favor,12,18279,0.1574263266696926,-0.5675736733303073,-20.835389596232176,10452,0.3018176563845436,-0.4231823436154563,-8.300166109283985,0.725,3.6829585700420875,5.77905389730418,5.212432644418429,5.919757098804938,0.21713976092371395
NAS100_USD,1m,EMA 9 pullback en tendencia,Largo,Volatilidad alta,Gap a favor,24,18279,0.3373099378791065,-0.3876900621208934,-10.146048276606978,10452,0.4420970007235457,-0.2829029992764542,-4.036406939054357,0.725,5.166113704481726,8.82757451965204,7.165430833506085,6.307757097024741,0.4652550867298021
NAS100_USD,1m,EMA 9 pullback en tendencia,Largo,RSI(14) a favor de 50,Gap a favor,12,30316,0.1173832127437347,-0.6076167872562652,-31.62390188735513,17548,0.2315997716531086,-0.4934002283468913,-13.624844301903986,0.725,3.345416998717602,6.109303233363101,4.797131360151083,6.395438526047052,0.1619078796465306
NAS100_USD,1m,EMA 9 pullback en tendencia,Largo,RSI(14) a favor de 50,Gap a favor,24,30316,0.2230172706540585,-0.5019827293459415,-18.749590268400837,17548,0.3373216081649262,-0.3876783918350738,-7.686019504704853,0.725,4.661577867791791,8.329932890298664,6.681653128194205,6.687657899739226,0.30761002848835656
NAS100_USD,1m,EMA 9 pullback en tendencia,Largo,Día a favor (vs apertura),Gap a favor,24,22458,0.2173610846583762,-0.5076389153416238,-16.494477135008264,13023,0.3450456344064347,-0.3799543655935652,-6.846184688852475,0.725,4.612133748386581,7.062613469114016,6.333420861208902,6.21718383348068,0.299808392632243
NAS100_USD,1m,EMA 9 pullback en tendencia,Largo,Gap a favor,Mercado hermano a favor del VWAP,12,24166,0.128183708516097,-0.596816291483903,-28.04888160472671,13155,0.1781451733834568,-0.5468548266165432,-13.014276640273891,0.725,3.3077106074669285,6.024315547558703,4.8194495858666295,4.23957228810848,0.17680511519461656
NAS100_USD,1m,EMA 9 pullback en tendencia,Largo,Gap a favor,Mercado hermano a favor del VWAP,24,24166,0.227426609909713,-0.4975733900902869,-16.9175740001372,13155,0.3148241148208855,-0.4101758851791144,-7.016938949225211,0.725,4.572160288332108,7.732540725398837,6.704522494612976,5.385742246834813,0.3136918757375352
NAS100_USD,1m,EMA 9 pullback en tendencia,Largo,Gap a favor,,12,30317,0.1173496497362762,-0.6076503502637237,-31.626643647196047,17548,0.2315997716531086,-0.4934002283468913,-13.624844301903986,0.725,3.345366928429541,6.107748564156547,4.797131360151083,6.395438526047052,0.1618615858431396
NAS100_USD,1m,EMA 9 pullback en tendencia,Largo,Gap a favor,,24,30317,0.2230198115241139,-0.501980188475886,-18.750113748394924,17548,0.3373216081649262,-0.3876783918350738,-7.686019504704853,0.725,4.661501007558259,8.330302530303165,6.681653128194205,6.687657899739226,0.30761353313670886
NAS100_USD,1m,Barrido del día anterior,Largo,Sobre/bajo EMA 200,EMAs 9>21>50 alineadas,24,961,1.4950041359098596,0.7700041359098596,3.0637024184982464,461,1.657054446007321,0.9320544460073212,1.8129206671951452,0.725,7.791268521733979,5.948341798761589,11.038573283107292,3.223103826931026,2.062074670220496
NAS100_USD,1m,Barrido del día anterior,Largo,EMAs 9>21>50 alineadas,Lado del VWAP a favor,24,913,1.3669216995824205,0.6419216995824205,2.544765561425354,419,1.3747133241348448,0.6497133241348448,1.210225468251675,0.725,7.62201267849843,5.418877829687281,10.989109392485137,2.560687944376548,1.8854092408033387
NAS100_USD,1m,Barrido del día anterior,Largo,EMAs 9>21>50 alineadas,Bias diario a favor,24,633,1.0898871399215049,0.3648871399215047,1.6943933069994088,496,1.796785416141633,1.071785416141633,2.4775248654887347,0.725,5.418089629171555,5.0610100308412935,9.634532799600613,4.15342519071015,1.5032926067882826
NAS100_USD,1m,Barrido del día anterior,Largo,EMAs 9>21>50 alineadas,ADX > 25,24,475,1.9397892680921047,1.214789268092105,3.2532698837447973,277,1.750913103564982,1.025913103564982,1.6865946704003605,0.725,8.138186880481083,5.19485821323286,10.123710974096904,2.8784900968172527,2.6755714042649723
NAS100_USD,1m,Barrido del día anterior,Largo,EMAs 9>21>50 alineadas,Volatilidad alta,24,887,1.5953759985819476,0.8703759985819476,3.1946201735158057,433,1.9014027091151848,1.1764027091151847,2.166710851748495,0.725,8.114270596005266,5.855653599957302,11.297933280299432,3.5020234580065708,2.200518618733721
NAS100_USD,1m,Barrido del día anterior,Largo,EMAs 9>21>50 alineadas,RSI(14) a favor de 50,24,1060,1.40405538307046,0.6790553830704599,2.8728101359484235,545,2.146428827408257,1.4214288274082567,3.1478345354682054,0.725,7.695754493131765,5.939993462211068,10.541719942013307,4.7533880420589165,1.9366281145799449
NAS100_USD,1m,Barrido del día anterior,Largo,EMAs 9>21>50 alineadas,,24,1128,1.2966291278812057,0.5716291278812057,2.515090291676937,589,2.0692774929700763,1.3442774929700765,3.0954589809442696,0.725,7.633352525437153,5.704991527508855,10.539536722219383,4.76491173375812,1.7884539694913182
NAS100_USD,1m,Barrido del día anterior,Largo,ADX > 25,RSI(14) a favor de 50,24,743,1.4423936558924966,0.7173936558924966,2.509353529205133,417,1.971957199865108,1.246957199865108,2.3479332415248324,0.725,7.792738225805371,5.045313101373898,10.845106723406614,3.7130575619823816,1.9895084908862022
NAS100_USD,1m,Barrido del día anterior,Largo,Volatilidad alta,RSI(14) a favor de 50,24,1594,1.0035747303119118,0.2785747303119118,1.4126016099072132,768,0.9479300181070964,0.2229300181070963,0.5500084625266158,0.725,7.873470060915084,5.088944277585774,11.232586964061275,2.338713898957491,1.384241007326775
NAS100_USD,1m,Ruptura Donchian 20,Largo,Volatilidad alta,Gap a favor,24,10913,0.2970959748944779,-0.427904025105522,-8.169157732605653,5963,0.3593025725699103,-0.3656974274300897,-3.5226391703787847,0.725,5.471937996733453,5.671888410109557,8.016524974869885,3.46103970445511,0.40978755157859026
NAS100_USD,1m,RSI(2) extremo,Largo,Sobre/bajo EMA 200,Lado del VWAP a favor,3,11231,0.0704397548498575,-0.6545602451501424,-47.62076937840397,4973,0.1479411183673084,-0.5770588816326915,-18.374363074341748,0.725,1.4566742081642732,5.124654828383212,2.2147110149400207,4.710652429114428,0.09715828255152759
NAS100_USD,1m,RSI(2) extremo,Largo,Sobre/bajo EMA 200,Hora: mediodía 11:00-14:00,12,7020,0.1647287395944622,-0.5602712604055378,-17.513631545903362,3112,0.1876700825433804,-0.5373299174566195,-6.998977295900205,0.725,2.680344969947015,5.149288664548387,4.282784589899714,2.4444919297591134,0.2272120546130513
NAS100_USD,1m,RSI(2) extremo,Largo,Sobre/bajo EMA 200,Gap a favor,3,7492,0.0879737051552906,-0.6370262948447093,-38.0612720410643,3398,0.1781304029944084,-0.5468695970055915,-14.611099398131,0.725,1.448681602847878,5.2562840050301975,2.181788114942401,4.759235178242725,0.12134304159350427
NAS100_USD,1m,RSI(2) extremo,Largo,Sobre/bajo EMA 200,Gap a favor,6,7492,0.1314733274086108,-0.5935266725913891,-25.55975464884098,3398,0.1731641027350647,-0.5518358972649352,-10.377692589124209,0.725,2.009936996563433,5.66179440050928,3.0997083534731322,3.2564822885983205,0.18134252056360112
NAS100_USD,1m,RSI(2) extremo,Largo,Sobre/bajo EMA 200,Gap a favor,12,7492,0.1862519891008742,-0.5387480108991257,-15.448736608355627,3398,0.2371997889383461,-0.4878002110616539,-6.524991465419838,0.725,3.0185028851194833,5.34082328693828,4.35786450686395,3.172869882638233,0.25689929531155065
NAS100_USD,1m,RSI(2) extremo,Largo,Sobre/bajo EMA 200,Mercado hermano a favor del VWAP,3,10107,0.0755226450031537,-0.6494773549968462,-44.5762718400946,4209,0.1395348648357686,-0.5854651351642314,-16.180006330442016,0.725,1.4647766321795919,5.183426223936459,2.3475335802216013,3.856207416564262,0.1041691655215913
NAS100_USD,1m,RSI(2) extremo,Largo,Lado del VWAP a favor,Volatilidad alta,3,6514,0.1149374634201335,-0.6100625365798664,-28.789359124722772,3037,0.1495234715848288,-0.5754765284151712,-12.476994537758374,0.725,1.7102761364792582,5.423994611827332,2.5417921028394597,3.2418412326360935,0.15853443230363243
NAS100_USD,1m,RSI(2) extremo,Largo,Lado del VWAP a favor,Gap a favor,3,7810,0.08878330128141,-0.6362166987185899,-41.69737520356503,3706,0.1243913612427482,-0.6006086387572518,-17.28778882994616,0.725,1.348409684992486,5.818820274284538,2.114973026810307,3.5804539706318295,0.12245972590539311
NAS100_USD,1m,RSI(2) extremo,Largo,Lado del VWAP a favor,Mercado hermano a favor del VWAP,3,11360,0.0683630929866307,-0.6566369070133693,-48.18856615311725,4819,0.1221422526717161,-0.6028577473282839,-17.97950719153844,0.725,1.45234719632829,5.01695745949121,2.327638466755138,3.642745772172967,0.09429392136086992
NAS100_USD,1m,RSI(2) extremo,Largo,Lado del VWAP a favor,,3,13759,0.0631374112654671,-0.6618625887345329,-52.67609720794194,6299,0.1191799650118074,-0.6058200349881926,-21.302901263263987,0.725,1.473830970972813,5.02495906232814,2.2570474088021966,4.190813906072407,0.08708608450409255
NAS100_USD,1m,RSI(2) extremo,Largo,Régimen 15m a favor,ADX > 25,3,7457,0.1060080234752162,-0.6189919765247838,-30.75007482631589,3515,0.136501002956081,-0.588498997043919,-13.46984311193797,0.725,1.7382847267093433,5.266230868377391,2.590274882830778,3.124299452804974,0.14621796341409132
NAS100_USD,1m,RSI(2) extremo,Largo,Hora: cierre 14:00-15:45,,3,10565,0.1120114992198592,-0.6129885007801408,-27.88972347484789,4846,0.1820023521332026,-0.5429976478667973,-12.767782477506737,0.725,2.2591385682679554,5.09629419682292,2.960562120461261,4.279514748471541,0.1544986196135989
NAS100_USD,1m,RSI(2) extremo,Largo,Volatilidad alta,Mercado hermano a favor del VWAP,3,6952,0.1220664846334687,-0.6029335153665312,-28.729448088102966,3065,0.1347450741741435,-0.5902549258258565,-12.003474428732844,0.725,1.7498346997551564,5.8164003894236425,2.7223746236536157,2.7401873012479148,0.16836756501168096
NAS100_USD,1m,RSI(2) extremo,Largo,Gap a favor,Mercado hermano a favor del VWAP,3,7723,0.0955458229476887,-0.6294541770523112,-40.495632286467846,3496,0.1465938751430206,-0.5784061248569794,-15.533144919960892,0.725,1.3659945071351955,6.146894648815732,2.201705366636047,3.936790793040503,0.131787341996812
NAS100_USD,1m,RSI(2) extremo,Largo,Mercado hermano a favor del VWAP,,3,14051,0.070280590224339,-0.654719409775661,-51.246840761217655,6019,0.1003831697670917,-0.6246168302329083,-20.0195960854516,0.725,1.514403956836632,5.501071393415992,2.420586143173369,3.217381305215772,0.0969387451370193
NAS100_USD,1m,RSI(2) extremo,Largo,(ninguna),,3,39265,0.0690265973692378,-0.6559734026307621,-62.38118570884469,18254,0.0611282169747041,-0.6638717830252958,-29.100774881421263,0.725,2.0837010290244744,6.5642310680145615,3.082184837967632,2.6795512726525335,0.09520909981963835
NAS100_USD,1m,Martillo / estrella,Largo,Sobre/bajo EMA 200,Gap a favor,24,12567,0.207824585611746,-0.5171754143882539,-12.563252881551382,6531,0.2417102090032154,-0.4832897909967845,-6.090998597655123,0.725,4.614786112442095,5.048485970920294,6.4122281090041655,3.0463224580866575,0.2866546008437876
NAS100_USD,1m,Martillo / estrella,Largo,Lado del VWAP a favor,Gap a favor,12,12415,0.1546216911718435,-0.5703783088281564,-19.76287573300948,6618,0.1669394342371184,-0.5580605657628815,-9.719900208376776,0.725,3.2157792107525887,5.357442982947576,4.67071007643976,2.9076317897672803,0.21327129816805998
NAS100_USD,1m,Martillo / estrella,Largo,Lado del VWAP a favor,Gap a favor,24,12415,0.2181176335015606,-0.5068823664984394,-12.452859995850703,6618,0.2130575909215397,-0.5119424090784602,-6.481842133332053,0.725,4.535356597804762,5.358616776086985,6.42519096104732,2.6975801284902103,0.3008519082780146
NAS100_USD,1m,Martillo / estrella,Largo,Día a favor (vs apertura),Gap a favor,24,11758,0.213678423898888,-0.511321576101112,-12.172100455658535,6157,0.2283589975079178,-0.4966410024920821,-6.24311270571612,0.725,4.555072764365149,5.086652632060516,6.242031751110559,2.8706267739724267,0.2947288605501904
NAS100_USD,1m,EMA 9 pullback en tendencia,Corto,Sobre/bajo EMA 200,Régimen 1h a favor,24,14950,0.3439662155100334,-0.3810337844899665,-6.412688139130214,7831,0.331999045011413,-0.393000954988587,-3.2087206625194358,0.725,7.26513954964341,5.7888516983217295,10.838528071796619,2.710660577646123,0.47443615932418404
NAS100_USD,1m,EMA 9 pullback en tendencia,Corto,Sobre/bajo EMA 200,Hora: mediodía 11:00-14:00,24,17687,0.2253117744936252,-0.4996882255063747,-12.854442805488851,9633,0.3041818072884226,-0.4208181927115774,-5.264716634902286,0.725,5.169790541480416,5.796128807510911,7.845132555924557,3.8055175574683324,0.3107748613705175
NAS100_USD,1m,EMA 9 pullback en tendencia,Corto,EMAs 9>21>50 alineadas,Régimen 1h a favor,24,16578,0.3279040908767455,-0.3970959091232544,-7.144762068265765,8613,0.2906511573167015,-0.4343488426832985,-3.7337272601916567,0.725,7.1560556615600195,5.899825852394168,10.796259175020236,2.498480582048873,0.45228150465758
NAS100_USD,1m,EMA 9 pullback en tendencia,Corto,EMAs 9>21>50 alineadas,Hora: mediodía 11:00-14:00,24,21917,0.1905182785658678,-0.5344817214341322,-15.865979017735292,12044,0.1890787449598866,-0.5359212550401133,-7.69615487488956,0.725,4.987197138058433,5.655495574498558,7.642097188490525,2.71528567131026,0.26278383250464526
NAS100_USD,1m,EMA 9 pullback en tendencia,Corto,Lado del VWAP a favor,Régimen 1h a favor,24,14428,0.3853198316641253,-0.3396801683358746,-5.620847567219293,7503,0.3820179610447488,-0.3429820389552512,-2.717853083507061,0.725,7.25891065711643,6.376068550075278,10.931075004466102,3.0271809466851223,0.5314756298815522
NAS100_USD,1m,EMA 9 pullback en tendencia,Corto,Lado del VWAP a favor,Hora: mediodía 11:00-14:00,24,17173,0.2571182210992546,-0.4678817789007453,-11.828859296818235,9031,0.3164976506702607,-0.4085023493297392,-4.898003885191189,0.725,5.183419419602323,6.5003926145123065,7.925804476093227,3.7948538733751773,0.3546458222058684
NAS100_USD,1m,EMA 9 pullback en tendencia,Corto,Régimen 15m a favor,Hora: mediodía 11:00-14:00,24,9339,0.3053423714773062,-0.4196576285226938,-7.08569226072798,4858,0.4497080363575546,-0.2752919636424454,-2.0933019536579938,0.725,5.723517608672796,5.155540925266602,9.166222816731292,3.419550279010851,0.42116189169283613
NAS100_USD,1m,EMA 9 pullback en tendencia,Corto,Régimen 1h a favor,Hora: mediodía 11:00-14:00,24,8091,0.4634655217071823,-0.2615344782928176,-3.8770935331570415,4296,0.353511192279155,-0.3714888077208449,-2.5106712346177664,0.725,6.067695423597443,6.8706014930862676,9.698130490617224,2.3891712566416103,0.6392627885616308
NAS100_USD,1m,EMA 9 pullback en tendencia,Corto,Régimen 1h a favor,RSI(14) a favor de 50,24,16578,0.3279040908767455,-0.3970959091232544,-7.144762068265765,8613,0.2906511573167015,-0.4343488426832985,-3.7337272601916567,0.725,7.1560556615600195,5.899825852394168,10.796259175020236,2.498480582048873,0.45228150465758
NAS100_USD,1m,EMA 9 pullback en tendencia,Corto,Régimen 1h a favor,Mercado hermano a favor del VWAP,24,13651,0.3287592273030593,-0.3962407726969407,-6.318158282834124,7017,0.358397463303406,-0.366602536696594,-2.81115429843722,0.725,7.327416760228014,5.242148153773292,10.9241214600002,2.7482367650614408,0.4534610031766335
NAS100_USD,1m,EMA 9 pullback en tendencia,Corto,Régimen 1h a favor,,24,16578,0.3279040908767455,-0.3970959091232544,-7.144762068265765,8613,0.2906511573167015,-0.4343488426832985,-3.7337272601916567,0.725,7.1560556615600195,5.899825852394168,10.796259175020236,2.498480582048873,0.45228150465758
NAS100_USD,1m,EMA 9 pullback en tendencia,Corto,Hora: mediodía 11:00-14:00,RSI(14) a favor de 50,24,21913,0.1909272829270866,-0.5340727170729134,-15.851777479183516,12044,0.1890787449598866,-0.5359212550401133,-7.69615487488956,0.725,4.987390168728877,5.666900230838975,7.642097188490525,2.71528567131026,0.26334797645115393
NAS100_USD,1m,EMA 9 pullback en tendencia,Corto,Hora: mediodía 11:00-14:00,Mercado hermano a favor del VWAP,24,16112,0.219426137096477,-0.5055738629035229,-12.227752715810604,8328,0.3522672479136647,-0.3727327520863352,-4.2260818790142345,0.725,5.248227989112945,5.307015929170535,8.048779078026977,3.994041909773807,0.30265674082272687
NAS100_USD,1m,EMA 9 pullback en tendencia,Corto,Hora: mediodía 11:00-14:00,,24,21917,0.1905182785658678,-0.5344817214341322,-15.865979017735292,12044,0.1890787449598866,-0.5359212550401133,-7.69615487488956,0.725,4.987197138058433,5.655495574498558,7.642097188490525,2.71528567131026,0.26278383250464526
NAS100_USD,1m,RSI(2) extremo,Corto,Sobre/bajo EMA 200,ADX > 25,6,4853,0.2008653786559216,-0.5241346213440784,-13.819195531603102,2340,0.2587605794270833,-0.4662394205729166,-5.143285579608007,0.725,2.6421972213280767,5.295963727901596,4.385067470466272,2.854498135535044,0.27705569469782293
NAS100_USD,1m,RSI(2) extremo,Corto,Lado del VWAP a favor,ADX > 25,6,4819,0.2339070342491959,-0.4910929657508041,-13.359977884655065,2359,0.1996589068792391,-0.5253410931207609,-6.19525553449075,0.725,2.5517400935039425,6.3633426307723395,4.118566849548358,2.3545425325592078,0.32263039206785643
NAS100_USD,1m,RSI(2) extremo,Corto,Hora: cierre 14:00-15:45,Volatilidad baja,24,487,1.0002077952547486,0.2752077952547486,1.637707640007057,353,0.5574850887482294,-0.1675149112517705,-0.6608215673723343,0.725,3.708419334537851,5.952040516755865,4.762737167765003,2.199196282769223,1.3795969589720671
NAS100_USD,1m,RSI(2) extremo,Corto,ADX > 25,Día a favor (vs apertura),6,6028,0.1780194824866767,-0.5469805175133232,-15.872497995055348,3042,0.2041718672953648,-0.5208281327046351,-7.354354570009957,0.725,2.675550784642984,5.165840077259682,3.9059751437138996,2.8830092136414454,0.24554411377472649
NAS100_USD,1m,RSI(2) extremo,Corto,ADX > 25,Gap a favor,3,7769,0.1161807695247136,-0.6088192304752864,-26.62689999030817,3735,0.1252693717578648,-0.5997306282421352,-10.516308700324013,0.725,2.0153492378814843,5.081202393223627,3.485284266767754,2.196605145818034,0.16024933727546703
NAS100_USD,1m,RSI(2) extremo,Corto,ADX > 25,Gap a favor,6,7769,0.1741289405660719,-0.5508710594339281,-17.016115296392854,3735,0.1968878116633199,-0.52811218833668,-6.98700051793984,0.725,2.853462030757261,5.378750759126424,4.619348395208185,2.604854181457852,0.2401778490566509
NAS100_USD,1m,RSI(2) extremo,Corto,ADX > 25,Mercado hermano a favor del VWAP,6,4717,0.2262235394417797,-0.4987764605582202,-13.398440440619773,2189,0.3152575956843878,-0.4097424043156121,-4.775812005130415,0.725,2.556728644447136,6.07695602973044,4.01408504386839,3.674530618066867,0.3120324681955582
NAS100_USD,1m,RSI(2) extremo,Corto,ADX > 25,,3,17576,0.093918457864684,-0.6310815421353159,-43.99557780687486,8459,0.0744749259294833,-0.6505250740705166,-20.002532468200243,0.725,1.9016757755900529,6.547484825029829,2.9911525946215596,2.289976487224252,0.12954270050301242
NAS100_USD,1m,RSI(2) extremo,Corto,ADX > 25,,6,17576,0.1173659104567307,-0.6076340895432693,-30.201230235899576,8459,0.1151410364515604,-0.6098589635484395,-13.755548328627675,0.725,2.667334722563123,5.833436511460388,4.077660054241031,2.597039948879788,0.16188401442307684
NAS100_USD,1m,RSI(2) extremo,Corto,Volatilidad alta,Mercado hermano a favor del VWAP,3,7778,0.1495252723527095,-0.5754747276472905,-27.10634395600322,3475,0.1368625646357913,-0.5881374353642086,-11.615154190804212,0.725,1.8723596812779895,7.043025988435315,2.984910051644931,2.70290530003281,0.20624175496925448
NAS100_USD,1m,RSI(2) extremo,Corto,Volatilidad alta,Mercado hermano a favor del VWAP,6,7778,0.2306639557787188,-0.4943360442212812,-16.224047402770204,3475,0.1921409903327338,-0.5328590096672662,-7.781202571562054,0.725,2.687181746634536,7.570362299920102,4.036853567321376,2.805785284578612,0.31815718038443974
NAS100_USD,1m,RSI(2) extremo,Corto,Volatilidad alta,,3,25996,0.0824478367765714,-0.6425521632234286,-51.51997029665233,12066,0.0654800898120234,-0.6595199101879765,-23.81340807207629,0.725,2.010879516251458,6.610685240624087,3.042201787982647,2.36430178255799,0.11372115417458124
NAS100_USD,1m,RSI(2) extremo,Corto,Mercado hermano a favor del VWAP,,3,11669,0.1169345093034964,-0.6080654906965035,-36.79561107003105,5144,0.0909563838786693,-0.6340436161213306,-15.858308156054584,0.725,1.7851353780250963,7.076008737262685,2.8675616355518465,2.2749450158209816,0.16128897834965022
NAS100_USD,1m,RSI(2) extremo,Corto,Mercado hermano a favor del VWAP,,6,11669,0.1955265545663188,-0.5294734454336811,-22.392130947937435,5144,0.1495088900600213,-0.5754911099399787,-10.56363930165264,0.725,2.554262801355417,8.269076100807855,3.9072890062436105,2.744365568304305,0.26969179940181903
NAS100_USD,3m,EMA 9 pullback en tendencia,Largo,Sobre/bajo EMA 200,Gap a favor,12,11728,0.2720413728430359,-0.452958627156964,-8.938281535799455,6248,0.4289515613746399,-0.29604843862536,-3.1227113038822782,0.725,5.488030098624739,5.368221806743126,7.493788816353788,4.524570018819203,0.37522947978349785
NAS100_USD,3m,EMA 9 pullback en tendencia,Largo,EMAs 9>21>50 alineadas,Gap a favor,12,12269,0.2822398251723093,-0.4427601748276907,-8.956907517183367,6546,0.3677654412045524,-0.3572345587954476,-3.814544950167402,0.725,5.475389811140419,5.709628271599175,7.577025159957104,3.9269935454262366,0.3892963105824956
NAS100_USD,3m,EMA 9 pullback en tendencia,Largo,Lado del VWAP a favor,Gap a favor,12,11703,0.2637187609313584,-0.4612812390686415,-9.177481475938698,6292,0.4123641473051097,-0.3126358526948903,-3.2944713954759828,0.725,5.4373949254839635,5.246851244572069,7.527441633802197,4.345380979520434,0.3637500150777357
NAS100_USD,3m,EMA 9 pullback en tendencia,Largo,Régimen 15m a favor,Gap a favor,12,9316,0.2695685550858402,-0.4554314449141597,-8.963557582155762,5099,0.300213200505001,-0.424786799494999,-4.510490158380805,0.725,4.9040776719735595,5.305503809263504,6.724961134255553,3.1877372081797763,0.37181869667012446
NAS100_USD,3m,EMA 9 pullback en tendencia,Largo,RSI(14) a favor de 50,Gap a favor,12,12269,0.2822398251723093,-0.4427601748276907,-8.956907517183367,6546,0.3677654412045524,-0.3572345587954476,-3.814544950167402,0.725,5.475389811140419,5.709628271599175,7.577025159957104,3.9269935454262366,0.3892963105824956
NAS100_USD,3m,EMA 9 pullback en tendencia,Largo,Día a favor (vs apertura),Gap a favor,12,10534,0.2819630000177995,-0.4430369999822005,-8.324879209267724,5559,0.3619874232663249,-0.3630125767336751,-3.7280536778426834,0.725,5.4620882643717525,5.298220953837355,7.260020579872522,3.717525593144637,0.38891448278317176
NAS100_USD,3m,EMA 9 pullback en tendencia,Largo,Gap a favor,Mercado hermano a favor del VWAP,12,10853,0.272311850428021,-0.4526881495719789,-8.833341422045198,5574,0.3964278293331763,-0.3285721706668236,-3.215683726526186,0.725,5.338865873052725,5.313643731062909,7.628531277978068,3.879776296762044,0.3756025523145117
NAS100_USD,3m,EMA 9 pullback en tendencia,Largo,Gap a favor,,12,12269,0.2822398251723093,-0.4427601748276907,-8.956907517183367,6546,0.3677654412045524,-0.3572345587954476,-3.814544950167402,0.725,5.475389811140419,5.709628271599175,7.577025159957104,3.9269935454262366,0.3892963105824956
NAS100_USD,3m,EMA 9 pullback en tendencia,Corto,EMAs 9>21>50 alineadas,Régimen 1h a favor,24,6760,0.9711238883656158,0.2461238883656158,1.659389563731998,3354,0.6750727035349583,-0.0499272964650416,-0.1617619301341687,0.725,12.194914540507316,6.547405276853525,17.87488509749528,2.187201615876946,1.339481225331884
NAS100_USD,3m,EMA 9 pullback en tendencia,Corto,EMAs 9>21>50 alineadas,Gap a favor,24,8288,0.6844105665287916,-0.0405894334712083,-0.35918086739918,4012,0.6328269829184322,-0.0921730170815677,-0.3864207554613679,0.725,10.28785100643915,6.05643291664444,15.108585977877917,2.6530267594395593,0.9440145745224713
NAS100_USD,3m,EMA 9 pullback en tendencia,Corto,Lado del VWAP a favor,Régimen 1h a favor,24,6463,0.9367472362208435,0.2117472362208436,1.401528392939994,3200,0.7204667663574219,-0.004533233642578,-0.0142789076988079,0.725,12.145990248615522,6.200212441981073,17.95924627841113,2.269346622740109,1.29206515340806
NAS100_USD,3m,EMA 9 pullback en tendencia,Corto,Lado del VWAP a favor,Gap a favor,24,7804,0.6044328573237683,-0.1205671426762317,-1.0448068306362326,3793,0.605483811667875,-0.1195161883321249,-0.4843013083010675,0.725,10.19416352420662,5.237874631305698,15.198562475857962,2.4535304065336363,0.8337004928603701
NAS100_USD,3m,EMA 9 pullback en tendencia,Corto,Régimen 15m a favor,Régimen 1h a favor,12,5440,0.6473702823414522,-0.0776297176585477,-0.6257431764184276,2592,0.6527331316912616,-0.0722668683087384,-0.2803184308097755,0.725,9.150215745144457,5.218201856317468,13.125174321145037,2.531908902313955,0.8929245273675204
NAS100_USD,3m,EMA 9 pullback en tendencia,Corto,Régimen 15m a favor,Régimen 1h a favor,24,5440,0.905808437571806,0.1808084375718061,1.073330094078605,2592,0.9877309916931906,0.2627309916931906,0.75786480043007,0.725,12.424669261718114,5.377135428926151,17.64968940885782,2.8491749148966354,1.2493909483749048
NAS100_USD,3m,EMA 9 pullback en tendencia,Corto,Régimen 15m a favor,Hora: mediodía 11:00-14:00,12,4107,0.5947154760070459,-0.1302845239929541,-1.21966143605843,1999,0.5890866575866058,-0.1359133424133941,-0.5616236012581569,0.725,6.845668894660171,5.567442005254239,10.819897334695982,2.4342346690336116,0.8202972082855805
NAS100_USD,3m,EMA 9 pullback en tendencia,Corto,Régimen 15m a favor,Gap a favor,24,5246,0.93781846250417,0.2128184625041699,1.3970744123844163,2551,1.109209815084771,0.3842098150847707,1.2022092996431504,0.725,11.033261356602488,6.156430988221232,16.141489257312468,3.4707659788861758,1.2935427069023036
NAS100_USD,3m,EMA 9 pullback en tendencia,Corto,Régimen 1h a favor,Hora: mediodía 11:00-14:00,12,3370,0.7346871305290245,0.0096871305290244,0.0759490956245678,1693,0.5974471514139102,-0.1275528485860897,-0.4480610618486075,0.725,7.404359476735192,5.760098200752515,11.713358546444116,2.098681511454192,1.0133615593503786
NAS100_USD,3m,EMA 9 pullback en tendencia,Corto,Régimen 1h a favor,RSI(14) a favor de 50,24,6760,0.9711238883656158,0.2461238883656158,1.659389563731998,3354,0.6750727035349583,-0.0499272964650416,-0.1617619301341687,0.725,12.194914540507316,6.547405276853525,17.87488509749528,2.187201615876946,1.339481225331884
NAS100_USD,3m,EMA 9 pullback en tendencia,Corto,Régimen 1h a favor,Gap a favor,24,3665,1.3173527695472371,0.5923527695472374,2.908833422171468,1786,1.501566409530725,0.7765664095307251,1.79846864970295,0.725,12.328168489404412,6.469050136759038,18.24804976653077,3.4775134229922973,1.8170383028237753
NAS100_USD,3m,EMA 9 pullback en tendencia,Corto,Régimen 1h a favor,,24,6760,0.9711238883656158,0.2461238883656158,1.659389563731998,3354,0.6750727035349583,-0.0499272964650416,-0.1617619301341687,0.725,12.194914540507316,6.547405276853525,17.87488509749528,2.187201615876946,1.339481225331884
NAS100_USD,3m,EMA 9 pullback en tendencia,Corto,Volatilidad alta,Gap a favor,24,7718,0.7001289788785146,-0.0248710211214854,-0.2098605107368135,3849,0.5153554875251689,-0.209644512474831,-0.8755542184037649,0.725,10.411547335879701,5.907655514881954,14.855059984522946,2.152318063342403,0.9656951432807097
NAS100_USD,3m,EMA 9 pullback en tendencia,Corto,RSI(14) a favor de 50,Gap a favor,24,8288,0.6844105665287916,-0.0405894334712083,-0.35918086739918,4012,0.6328269829184322,-0.0921730170815677,-0.3864207554613679,0.725,10.28785100643915,6.05643291664444,15.108585977877917,2.6530267594395593,0.9440145745224713
NAS100_USD,3m,EMA 9 pullback en tendencia,Corto,Gap a favor,,24,8288,0.6844105665287916,-0.0405894334712083,-0.35918086739918,4012,0.6328269829184322,-0.0921730170815677,-0.3864207554613679,0.725,10.28785100643915,6.05643291664444,15.108585977877917,2.6530267594395593,0.9440145745224713
NAS100_USD,5m,EMA 9 pullback en tendencia,Corto,Régimen 1h a favor,Día a favor (vs apertura),6,4022,0.6646681168611698,-0.0603318831388302,-0.4784957031330268,1974,0.6749294787313197,-0.0500705212686802,-0.1928002059706549,0.725,7.996314596651469,5.271521812036661,11.538469153384153,2.5988653446765912,0.9167836094636824
SPX500_USD,1m,EMA 9 pullback en tendencia,Largo,Sobre/bajo EMA 200,EMAs 9>21>50 alineadas,3,51204,0.0424187624978791,-0.5475812375021207,-114.10491202872194,18169,0.0262367726815764,-0.5637632273184235,-66.46900968468852,0.59,1.0859158268892801,8.839216597827638,1.1432548403998601,3.0933771714089984,0.0718962076235239
SPX500_USD,1m,EMA 9 pullback en tendencia,Largo,Sobre/bajo EMA 200,EMAs 9>21>50 alineadas,6,51204,0.0571285903700608,-0.5328714096299392,-79.042656553649,18169,0.0487695522120438,-0.5412304477879561,-45.4454421997905,0.59,1.5255021914456501,8.474081113022635,1.6053044123153195,4.095028051767011,0.0968281192712895
SPX500_USD,1m,EMA 9 pullback en tendencia,Largo,Sobre/bajo EMA 200,EMAs 9>21>50 alineadas,12,51204,0.0750860979050251,-0.5149139020949749,-55.78721732131571,18169,0.0943536665517158,-0.4956463334482841,-30.495172400016813,0.59,2.0885835958883305,8.135038585275172,2.1908180851572627,5.805210558202374,0.12726457272038152
SPX500_USD,1m,EMA 9 pullback en tendencia,Largo,Sobre/bajo EMA 200,EMAs 9>21>50 alineadas,24,51204,0.0970785318152176,-0.4929214681847823,-39.67917495384752,18169,0.1281518582905636,-0.4618481417094363,-20.699396690055487,0.59,2.8110401230554496,7.8146242287720105,3.0075096216513932,5.743589530328847,0.1645398844325722
SPX500_USD,1m,EMA 9 pullback en tendencia,Largo,Sobre/bajo EMA 200,Lado del VWAP a favor,3,48155,0.0448055374673093,-0.5451944625326907,-110.96071993333648,17045,0.0259018736593392,-0.5640981263406607,-64.64297260585505,0.59,1.078208779578928,9.119048405732137,1.1392835868716649,2.9682319993912234,0.07594158892764288
SPX500_USD,1m,EMA 9 pullback en tendencia,Largo,Sobre/bajo EMA 200,Lado del VWAP a favor,6,48155,0.0639230817862728,-0.5260769182137272,-76.01136937391412,17045,0.0445054250925858,-0.5454945749074142,-44.42832294071131,0.59,1.5187678122746648,9.236065702470729,1.6029833763219725,3.6247865507418515,0.10834420641741153
SPX500_USD,1m,EMA 9 pullback en tendencia,Largo,Sobre/bajo EMA 200,Lado del VWAP a favor,12,48155,0.0851937938140023,-0.5048062061859977,-53.4621963401287,17045,0.087070322526309,-0.5029296774736909,-30.148368593342905,0.59,2.072042135471645,9.022566038275798,2.1779201360948512,5.219473605634918,0.1443962607016988
SPX500_USD,1m,EMA 9 pullback en tendencia,Largo,Sobre/bajo EMA 200,Lado del VWAP a favor,24,48155,0.1066640884578444,-0.4833359115421555,-38.04458662577635,17045,0.128711882837709,-0.4612881171622909,-20.226596489252117,0.59,2.787898050021241,8.395798980146758,2.977473874261459,5.643768440309298,0.18078659060651595
SPX500_USD,1m,EMA 9 pullback en tendencia,Largo,Sobre/bajo EMA 200,Régimen 15m a favor,12,31272,0.0565780557674896,-0.5334219442325103,-56.86613942276106,10857,0.0665380121803617,-0.5234619878196383,-30.27899025719505,0.59,1.6588035693993401,6.031577145128491,1.8013523926329869,3.848806349691384,0.0958950097754061
SPX500_USD,1m,EMA 9 pullback en tendencia,Largo,Sobre/bajo EMA 200,Régimen 15m a favor,24,31272,0.0750193875230587,-0.5149806124769412,-39.41237348408387,10857,0.1504273124302005,-0.4395726875697994,-18.005672895834348,0.59,2.310660384036557,5.741365884406765,2.5437607555427237,6.1617681416741314,0.12715150427637067
SPX500_USD,1m,EMA 9 pullback en tendencia,Largo,Sobre/bajo EMA 200,Bias diario a favor,3,30701,0.0329275155144325,-0.5570724844855675,-138.03126160322324,13855,0.0232545751477354,-0.5667454248522645,-67.45239650357253,0.59,0.7071483155910065,8.158770419461591,0.9889945621765853,2.7676920793777176,0.055809348329546614
SPX500_USD,1m,EMA 9 pullback en tendencia,Largo,Sobre/bajo EMA 200,Bias diario a favor,6,30701,0.0385300442549713,-0.5514699557450287,-98.19590833539962,13855,0.0424898167544433,-0.5475101832455567,-46.8493235791312,0.59,0.9840218136860657,6.860741286818795,1.3755999182554084,3.6357664840986486,0.06530515975418864
SPX500_USD,1m,EMA 9 pullback en tendencia,Largo,Sobre/bajo EMA 200,Bias diario a favor,12,30701,0.045888107586581,-0.544111892413419,-70.6934909294969,13855,0.0928407149381992,-0.4971592850618007,-31.124885782525418,0.59,1.3486058860487529,5.961991573194548,1.8801437418648055,5.812335674391047,0.07777645353657797
SPX500_USD,1m,EMA 9 pullback en tendencia,Largo,Sobre/bajo EMA 200,Bias diario a favor,24,30701,0.0780073789458201,-0.5119926210541798,-49.26893678608183,13855,0.1321608885837694,-0.4578391114162305,-20.747380586527854,0.59,1.820818982268653,7.506632838215913,2.597484002157254,5.9889864926991105,0.13221589651833918
SPX500_USD,1m,EMA 9 pullback en tendencia,Largo,Sobre/bajo EMA 200,Hora: mediodía 11:00-14:00,3,24478,0.0316939897441388,-0.5583060102558611,-97.79640741278178,8169,0.0340677635630891,-0.5559322364369108,-50.81149142748836,0.59,0.8931766629522621,5.551719445280297,0.9888817530848584,3.1137497752139187,0.053718626684981015
SPX500_USD,1m,EMA 9 pullback en tendencia,Largo,Sobre/bajo EMA 200,Hora: cierre 14:00-15:45,3,14295,0.0618610671618135,-0.5281389328381864,-52.85658609639584,4801,0.0697980553774604,-0.5202019446225395,-30.502424502424898,0.59,1.1946512832871539,6.191107337763956,1.181689736403615,4.09266043038704,0.10484926637595508
SPX500_USD,1m,EMA 9 pullback en tendencia,Largo,Sobre/bajo EMA 200,Hora: cierre 14:00-15:45,6,14295,0.1052398735011695,-0.4847601264988304,-34.22167777093165,4801,0.110393337447602,-0.4796066625523979,-19.47279081966337,0.59,1.6936266242607965,7.429416824404019,1.706565108104908,4.482144506837017,0.17837266695113477
SPX500_USD,1m,EMA 9 pullback en tendencia,Largo,Sobre/bajo EMA 200,Hora: cierre 14:00-15:45,12,14295,0.1573629789562565,-0.4326370210437434,-22.12074439071472,4801,0.2079162788351385,-0.3820837211648614,-11.092757255886715,0.59,2.3383850295402455,8.045974026112784,2.3866288073860007,6.036281272685518,0.2667169134851805
SPX500_USD,1m,EMA 9 pullback en tendencia,Largo,Sobre/bajo EMA 200,Hora: cierre 14:00-15:45,24,14295,0.2062890847023653,-0.3837109152976346,-14.024969456762031,4801,0.3111018995472948,-0.2788981004527051,-5.93128894578722,0.59,3.2711036777267393,7.540046417417889,3.2580843810202595,6.616162873834943,0.34964251644468697
SPX500_USD,1m,EMA 9 pullback en tendencia,Largo,Sobre/bajo EMA 200,Volatilidad alta,24,26263,0.103324529626548,-0.4866754703734519,-23.880071192593103,9812,0.0911531071248853,-0.4988468928751146,-15.20117958232567,0.59,3.3027523248028285,5.069902375662775,3.2506390751876895,2.7776754164112676,0.17512632140092885
SPX500_USD,1m,EMA 9 pullback en tendencia,Largo,Sobre/bajo EMA 200,RSI(14) a favor de 50,3,51203,0.0424332634451808,-0.5475667365548191,-114.10018284319506,18168,0.0262822529546283,-0.5637177470453716,-66.46094482144359,0.59,1.0859214733114817,8.84210598363087,1.1432698674196053,3.0986133974955115,0.07192078550030645
SPX500_USD,1m,EMA 9 pullback en tendencia,Largo,Sobre/bajo EMA 200,RSI(14) a favor de 50,6,51203,0.0571297060974668,-0.5328702939025332,-79.04094845834656,18168,0.0488272784093254,-0.5411727215906745,-45.438627861756274,0.59,1.5255170670907443,8.474081229073548,1.6053297338283368,4.099697646663378,0.09683001033468949
SPX500_USD,1m,EMA 9 pullback en tendencia,Largo,Sobre/bajo EMA 200,RSI(14) a favor de 50,12,51203,0.0750914717960098,-0.5149085282039901,-55.785555056276586,18168,0.0942597886845174,-0.4957402113154825,-30.49977833538215,0.59,2.0886036369242054,8.135463300140936,2.190841833923167,5.799212158297551,0.12727368101018613
SPX500_USD,1m,EMA 9 pullback en tendencia,Largo,Sobre/bajo EMA 200,RSI(14) a favor de 50,24,51203,0.0969964497452999,-0.4930035502547,-39.68587364161382,18168,0.1280708464165187,-0.4619291535834812,-20.702024511029915,0.59,2.8110062102492184,7.808034741916991,3.00757256640875,5.7396806005749585,0.16440076228016934
SPX500_USD,1m,EMA 9 pullback en tendencia,Largo,Sobre/bajo EMA 200,Día a favor (vs apertura),3,41582,0.0464553807320851,-0.5435446192679149,-102.4452466488961,15107,0.0195274926229355,-0.5704725073770645,-62.836860791376765,0.59,1.0819223079260405,8.755735534051976,1.1158590848947045,2.1509298339262393,0.07873793344421204
SPX500_USD,1m,EMA 9 pullback en tendencia,Largo,Sobre/bajo EMA 200,Día a favor (vs apertura),6,41582,0.0640231869126815,-0.5259768130873184,-70.3763453701572,15107,0.047097355918407,-0.5429026440815929,-42.39973314928327,0.59,1.5240267017055504,8.566381258173445,1.5737942277741261,3.6782199253337162,0.10851387612318898
SPX500_USD,1m,EMA 9 pullback en tendencia,Largo,Sobre/bajo EMA 200,Día a favor (vs apertura),12,41582,0.0829758902120358,-0.5070241097879641,-49.59468169104194,15107,0.0908398993430198,-0.4991601006569802,-28.77245089643481,0.59,2.0847125987873767,8.116306076288376,2.1323187248479565,5.236168796031691,0.14063710205429797
SPX500_USD,1m,EMA 9 pullback en tendencia,Largo,Sobre/bajo EMA 200,Día a favor (vs apertura),24,41582,0.0884903172073778,-0.5015096827926221,-36.85229971858392,15107,0.1382270823593781,-0.4517729176406219,-18.99337406272104,0.59,2.775028290161897,6.502509929139948,2.923527517110643,5.811323738840581,0.14998358848708102
SPX500_USD,1m,EMA 9 pullback en tendencia,Largo,Sobre/bajo EMA 200,Gap a favor,6,29392,0.047009644069682,-0.542990355930318,-67.13343416442824,10129,0.0578818037357155,-0.5321181962642845,-35.60681795942824,0.59,1.386653083821291,5.812108467079663,1.5040360004636752,3.87317491348737,0.0796773628299695
SPX500_USD,1m,EMA 9 pullback en tendencia,Largo,Sobre/bajo EMA 200,Gap a favor,12,29392,0.070655415742113,-0.5193445842578869,-46.674003157411335,10129,0.1192617673419143,-0.4707382326580857,-23.208828761992876,0.59,1.9076343121159258,6.3498709669764155,2.041312682457684,5.8799684072008835,0.11975494193578474
SPX500_USD,1m,EMA 9 pullback en tendencia,Largo,Sobre/bajo EMA 200,Gap a favor,24,29392,0.1192843271586709,-0.470715672841329,-30.899303418478087,10129,0.2076995936983229,-0.382300406301677,-13.474480428946508,0.59,2.611707518100937,7.83021010474662,2.8554595815961696,7.320536583944293,0.20217682569266257
SPX500_USD,1m,EMA 9 pullback en tendencia,Largo,Sobre/bajo EMA 200,Mercado hermano a favor del VWAP,3,44493,0.0487024070916878,-0.5412975929083121,-104.92867232123264,16015,0.026343985375039,-0.563656014624961,-62.908173611246674,0.59,1.0881474858013027,9.440793718520363,1.1338889954849602,2.940183307877554,0.08254645269777594
SPX500_USD,1m,EMA 9 pullback en tendencia,Largo,Sobre/bajo EMA 200,Mercado hermano a favor del VWAP,6,44493,0.0675324915049839,-0.522467508495016,-72.08328231144314,16015,0.051632594198798,-0.538367405801202,-42.79171726586916,0.59,1.528870068283598,9.317256233543043,1.592144623973755,4.103976854561256,0.1144618500084473
SPX500_USD,1m,EMA 9 pullback en tendencia,Largo,Sobre/bajo EMA 200,Mercado hermano a favor del VWAP,12,44493,0.0896795437142148,-0.500320456285785,-50.757901294945015,16015,0.0955111281781728,-0.4944888718218271,-28.88059409110056,0.59,2.0791721435444668,9.098059795144039,2.1667752754659135,5.578321942684266,0.15199922663426238
SPX500_USD,1m,EMA 9 pullback en tendencia,Largo,Sobre/bajo EMA 200,Mercado hermano a favor del VWAP,24,44493,0.1076150219886239,-0.482384978011376,-36.39228905010818,16015,0.1288662789279581,-0.4611337210720418,-19.70780365343764,0.59,2.7959554454002373,8.118737450094041,2.9610935377184826,5.5074508902908015,0.18239834235359983
SPX500_USD,1m,EMA 9 pullback en tendencia,Largo,Sobre/bajo EMA 200,,3,51204,0.0424187624978791,-0.5475812375021207,-114.10491202872194,18169,0.0262367726815764,-0.5637632273184235,-66.46900968468852,0.59,1.0859158268892801,8.839216597827638,1.1432548403998601,3.0933771714089984,0.0718962076235239
SPX500_USD,1m,EMA 9 pullback en tendencia,Largo,Sobre/bajo EMA 200,,6,51204,0.0571285903700608,-0.5328714096299392,-79.042656553649,18169,0.0487695522120438,-0.5412304477879561,-45.4454421997905,0.59,1.5255021914456501,8.474081113022635,1.6053044123153195,4.095028051767011,0.0968281192712895
SPX500_USD,1m,EMA 9 pullback en tendencia,Largo,Sobre/bajo EMA 200,,12,51204,0.0750860979050251,-0.5149139020949749,-55.78721732131571,18169,0.0943536665517158,-0.4956463334482841,-30.495172400016813,0.59,2.0885835958883305,8.135038585275172,2.1908180851572627,5.805210558202374,0.12726457272038152
SPX500_USD,1m,EMA 9 pullback en tendencia,Largo,Sobre/bajo EMA 200,,24,51204,0.0970785318152176,-0.4929214681847823,-39.67917495384752,18169,0.1281518582905636,-0.4618481417094363,-20.699396690055487,0.59,2.8110401230554496,7.8146242287720105,3.0075096216513932,5.743589530328847,0.1645398844325722
SPX500_USD,1m,EMA 9 pullback en tendencia,Largo,EMAs 9>21>50 alineadas,Lado del VWAP a favor,3,50101,0.0448296467502831,-0.5451703532497167,-112.48757331819384,17809,0.0287268685360105,-0.5612731314639894,-64.04712493372546,0.59,1.0848030056954998,9.249912702683858,1.1694842587731753,3.2780356566892164,0.0759824521191239
SPX500_USD,1m,EMA 9 pullback en tendencia,Largo,EMAs 9>21>50 alineadas,Lado del VWAP a favor,6,50101,0.0647954839719859,-0.525204516028014,-77.22596044637423,17809,0.0474589483481842,-0.5425410516518158,-44.09093437397792,0.59,1.5222582298343112,9.527514196121944,1.6421131138138854,3.856868288043755,0.10982285418980661
SPX500_USD,1m,EMA 9 pullback en tendencia,Largo,EMAs 9>21>50 alineadas,Lado del VWAP a favor,12,50101,0.0858506953648941,-0.5041493046351058,-54.25871166987413,17809,0.0912972633986853,-0.4987027366013146,-30.007423152541712,0.59,2.0797584241785145,9.239620254625706,2.2178532971545937,5.493444118923222,0.14550965316083747
SPX500_USD,1m,EMA 9 pullback en tendencia,Largo,EMAs 9>21>50 alineadas,Lado del VWAP a favor,24,50101,0.1087525232721309,-0.481247476727869,-38.43214165423444,17809,0.1336904685657532,-0.4563095314342467,-20.014217383938565,0.59,2.8028320576965715,8.68491281880195,3.042570813228839,5.863804973841873,0.18432631063073035
SPX500_USD,1m,EMA 9 pullback en tendencia,Largo,EMAs 9>21>50 alineadas,Régimen 15m a favor,12,33298,0.0587005441099596,-0.5312994558900402,-57.96920685375286,11481,0.0627561977397439,-0.527243802260256,-31.35357035436204,0.59,1.6724420842510728,6.404719497100997,1.8018321800441581,3.7319184266751466,0.09949244764399932
SPX500_USD,1m,EMA 9 pullback en tendencia,Largo,EMAs 9>21>50 alineadas,Régimen 15m a favor,24,33298,0.0805156120517044,-0.5094843879482955,-39.97949565166715,11481,0.1389590661167091,-0.4510409338832908,-18.98327231730319,0.59,2.3254266425561445,6.318100491509289,2.545861294576524,5.848466502453184,0.13646713907068544
SPX500_USD,1m,EMA 9 pullback en tendencia,Largo,EMAs 9>21>50 alineadas,Régimen 1h a favor,12,34001,0.0540015640050108,-0.5359984359949891,-64.24509884217585,11140,0.0408710582466057,-0.5491289417533942,-34.0212659745895,0.59,1.5384003355001667,6.472660336580606,1.7035954007525735,2.5321651028460246,0.09152807458476407
SPX500_USD,1m,EMA 9 pullback en tendencia,Largo,EMAs 9>21>50 alineadas,Régimen 1h a favor,24,34001,0.0570132821374968,-0.5329867178625031,-46.91073076122658,11140,0.0755022086617762,-0.5144977913382237,-22.741671346310135,0.59,2.0950289724193123,5.018013842618724,2.3878317974997456,3.3373251434968405,0.09663268158897763
SPX500_USD,1m,EMA 9 pullback en tendencia,Largo,EMAs 9>21>50 alineadas,Bias diario a favor,3,34786,0.0317457944029656,-0.5582542055970343,-144.93756137867106,15738,0.025244153035249,-0.5647558469647509,-70.39677159604571,0.59,0.7183784567466811,8.242048118336545,1.0064281222132851,3.1466816765315677,0.05380643119146712
SPX500_USD,1m,EMA 9 pullback en tendencia,Largo,EMAs 9>21>50 alineadas,Bias diario a favor,6,34786,0.0376390084193353,-0.5523609915806647,-103.49439190879453,15738,0.0466955633111338,-0.5433044366888661,-48.450203883793606,0.59,0.9954247385504617,7.052319674605826,1.4067677807127839,4.1641654477941215,0.06379492952429712
SPX500_USD,1m,EMA 9 pullback en tendencia,Largo,EMAs 9>21>50 alineadas,Bias diario a favor,12,34786,0.0436156233464746,-0.5463843766535252,-74.95970222107053,15738,0.0881755875880631,-0.5018244124119369,-32.85623463505943,0.59,1.35947950990796,5.983725519866606,1.9160584973433352,5.773170302642537,0.0739247853330078
SPX500_USD,1m,EMA 9 pullback en tendencia,Largo,EMAs 9>21>50 alineadas,Bias diario a favor,24,34786,0.0804320520552224,-0.5095679479447774,-51.48581071823384,15738,0.1269722755656095,-0.4630277244343904,-21.98452193097526,0.59,1.845936653807516,8.126706996577205,2.642194232677568,6.028634203724689,0.13632551195800408
SPX500_USD,1m,EMA 9 pullback en tendencia,Largo,EMAs 9>21>50 alineadas,Hora: mediodía 11:00-14:00,3,28865,0.0313739818240624,-0.5586260181759375,-103.4175613639284,9502,0.0258470076406611,-0.5641529923593388,-53.5634915449916,0.59,0.9177251793337413,5.808216203597707,1.0266810126096555,2.4540434846121513,0.05317624037976678
SPX500_USD,1m,EMA 9 pullback en tendencia,Largo,EMAs 9>21>50 alineadas,Hora: cierre 14:00-15:45,3,16026,0.0510546437783231,-0.5389453562216768,-55.85522162155031,5461,0.0715618598070408,-0.5184381401929592,-31.85830727387698,0.59,1.2215001484145127,5.291201436523009,1.2025699170614463,4.397515425802338,0.08653329453953068
SPX500_USD,1m,EMA 9 pullback en tendencia,Largo,EMAs 9>21>50 alineadas,Hora: cierre 14:00-15:45,6,16026,0.0862600654307843,-0.5037399345692156,-37.3010470032856,5461,0.1225956999061527,-0.4674043000938472,-19.7695912038802,0.59,1.7096134600283526,6.387404560037057,1.7471536618079688,5.185375637347753,0.14620350073014288
SPX500_USD,1m,EMA 9 pullback en tendencia,Largo,EMAs 9>21>50 alineadas,Hora: cierre 14:00-15:45,12,16026,0.1274243212811408,-0.4625756787188592,-24.90982575809215,5461,0.2189531226752769,-0.3710468773247229,-11.351476853878031,0.59,2.350848674447204,6.861834260822677,2.4155303652843854,6.698456329973586,0.21597342590023869
SPX500_USD,1m,EMA 9 pullback en tendencia,Largo,EMAs 9>21>50 alineadas,Hora: cierre 14:00-15:45,24,16026,0.1661239465970337,-0.4238760534029662,-16.322407436188456,5461,0.3036253027504692,-0.2863746972495307,-6.401988647639745,0.59,3.287511168216052,6.3970179949906605,3.3056421051762586,6.787630890626353,0.28156601118141306
SPX500_USD,1m,EMA 9 pullback en tendencia,Largo,EMAs 9>21>50 alineadas,RSI(14) a favor de 50,3,58384,0.0400043089248017,-0.5499956910751982,-120.69541556568156,20632,0.0294151883016218,-0.560584811698378,-68.41636756382213,0.59,1.1010712822339688,8.77886275919331,1.176933647404791,3.589965858521351,0.0678039134318673
SPX500_USD,1m,EMA 9 pullback en tendencia,Largo,EMAs 9>21>50 alineadas,RSI(14) a favor de 50,6,58384,0.0500344652514093,-0.5399655347485907,-85.20649889963715,20632,0.0559902065435367,-0.5340097934564633,-46.36952198999427,0.59,1.5312293419474219,7.895432826787964,1.6541971471286245,4.861781835011443,0.08480417839221917
SPX500_USD,1m,EMA 9 pullback en tendencia,Largo,EMAs 9>21>50 alineadas,RSI(14) a favor de 50,12,58384,0.0609689055484887,-0.5290310944515112,-60.72830694156574,20632,0.1023802267298674,-0.4876197732701325,-31.234580352907816,0.59,2.1049265619691266,6.998716046886941,2.24241658765736,6.557985532246737,0.10333712804828595
SPX500_USD,1m,EMA 9 pullback en tendencia,Largo,EMAs 9>21>50 alineadas,RSI(14) a favor de 50,24,58384,0.0764286692549542,-0.5135713307450457,-43.69562874693664,20632,0.1423560057836431,-0.4476439942163568,-20.753657908664596,0.59,2.8399435140296645,6.502697011030743,3.098195172867791,6.599905021510628,0.12954011738127832
SPX500_USD,1m,EMA 9 pullback en tendencia,Largo,EMAs 9>21>50 alineadas,Día a favor (vs apertura),3,42567,0.0467453101507623,-0.5432546898492376,-102.82907898929972,15511,0.0237961400754907,-0.5662038599245092,-61.49930981546977,0.59,1.0899938811337677,8.848109882320596,1.1466278415076714,2.5846630418768908,0.07922933923858017
SPX500_USD,1m,EMA 9 pullback en tendencia,Largo,EMAs 9>21>50 alineadas,Día a favor (vs apertura),6,42567,0.0646912778219483,-0.5253087221780517,-70.78720245277417,15511,0.0512152760289069,-0.5387847239710931,-41.58302420813836,0.59,1.5310747152231061,8.717377775727796,1.6136862618060128,3.952758807339137,0.10964623359652256
SPX500_USD,1m,EMA 9 pullback en tendencia,Largo,EMAs 9>21>50 alineadas,Día a favor (vs apertura),12,42567,0.0842085319058594,-0.5057914680941406,-49.7834650334735,15511,0.0965971399203589,-0.493402860079641,-28.280178284726013,0.59,2.0961526177098952,8.28838121657524,2.1728983918794254,5.5366203963662315,0.14272632526416848
SPX500_USD,1m,EMA 9 pullback en tendencia,Largo,EMAs 9>21>50 alineadas,Día a favor (vs apertura),24,42567,0.0926916715830888,-0.4973083284169111,-36.62873291336874,15511,0.1435428904915262,-0.4464571095084738,-18.512544531196536,0.59,2.801175754214923,6.827109637432721,3.0035407317482057,5.952070413408008,0.15710452810693018
SPX500_USD,1m,EMA 9 pullback en tendencia,Largo,EMAs 9>21>50 alineadas,Gap a favor,3,32822,0.040433345667064,-0.5495666543329359,-98.36813279442684,11196,0.026089160260919,-0.5639108397390808,-54.06800452796095,0.59,1.0121583593585781,7.237252632673695,1.1035742191451314,2.5014394753800806,0.06853109435095593
SPX500_USD,1m,EMA 9 pullback en tendencia,Largo,EMAs 9>21>50 alineadas,Gap a favor,6,32822,0.0445709182026108,-0.5454290817973891,-70.14736025530578,11196,0.0696214333139346,-0.5203785666860653,-35.38340782509732,0.59,1.4086706901412005,5.732243403239948,1.556149033632039,4.7339451046240235,0.07554392915696746
SPX500_USD,1m,EMA 9 pullback en tendencia,Largo,EMAs 9>21>50 alineadas,Gap a favor,12,32822,0.0662544394140886,-0.5237455605859113,-49.0914904252492,11196,0.1372900578157098,-0.4527099421842901,-22.79446335359429,0.59,1.932843351616445,6.210132214750225,2.1014647285978025,6.912711429737264,0.11229566002387897
SPX500_USD,1m,EMA 9 pullback en tendencia,Largo,EMAs 9>21>50 alineadas,Gap a favor,24,32822,0.1206388091715589,-0.4693611908284411,-32.08293923571047,11196,0.2335288268236144,-0.3564711731763855,-12.89732505069253,0.59,2.6504251802945604,8.246202838560432,2.9245309030921285,8.44920267019943,0.20447255791789645
SPX500_USD,1m,EMA 9 pullback en tendencia,Largo,EMAs 9>21>50 alineadas,Mercado hermano a favor del VWAP,3,46693,0.0491661705912656,-0.5408338294087343,-106.6711612629269,16852,0.0281272687171774,-0.5618727312828224,-62.99720649009557,0.59,1.0955765176320615,9.697271558539768,1.1578235769608727,3.1536311636496066,0.08333249252756882
SPX500_USD,1m,EMA 9 pullback en tendencia,Largo,EMAs 9>21>50 alineadas,Mercado hermano a favor del VWAP,6,46693,0.0664666185053668,-0.5235333814946331,-73.83694575133367,16852,0.0521538528670558,-0.5378461471329441,-43.00393218349055,0.59,1.5321332705455974,9.37417226547123,1.6235872001345324,4.17000431026279,0.11265528560231661
SPX500_USD,1m,EMA 9 pullback en tendencia,Largo,EMAs 9>21>50 alineadas,Mercado hermano a favor del VWAP,12,46693,0.0858503791868394,-0.5041496208131605,-52.27355798311254,16852,0.0941437948296196,-0.4958562051703803,-29.226445655855315,0.59,2.0840266709010864,8.901533570643316,2.2024470458325016,5.548964548055691,0.1455091172658295
SPX500_USD,1m,EMA 9 pullback en tendencia,Largo,EMAs 9>21>50 alineadas,Mercado hermano a favor del VWAP,24,46693,0.1045770547717437,-0.4854229452282562,-37.27965414725364,16852,0.1326366599314065,-0.4573633400685934,-19.642838582374235,0.59,2.8136774845554116,8.031339416384206,3.0226149652926133,5.696478648129387,0.17724924537583678
SPX500_USD,1m,EMA 9 pullback en tendencia,Largo,EMAs 9>21>50 alineadas,,3,58385,0.0399916331082202,-0.5500083668917798,-120.69979758401352,20633,0.0293749874575164,-0.5606250125424835,-68.42376655570148,0.59,1.1010661127285997,8.776197439494723,1.1769192920829417,3.585190170617743,0.06778242899698339
SPX500_USD,1m,EMA 9 pullback en tendencia,Largo,EMAs 9>21>50 alineadas,,6,58385,0.0500336082767539,-0.539966391723246,-85.2080927685609,20633,0.0559390268698807,-0.5340609731301192,-46.37575575709964,0.59,1.531216242684033,7.8954327545936875,1.6541733957558624,4.857525222640382,0.08480272589280322
SPX500_USD,1m,EMA 9 pullback en tendencia,Largo,EMAs 9>21>50 alineadas,,12,58385,0.0609644345003131,-0.5290355654996869,-60.72985234353471,20633,0.1024625001041262,-0.4875374998958737,-31.23039024704522,0.59,2.10490881286617,6.998321751608775,2.2423933866454533,6.56348253134006,0.10332955000053068
SPX500_USD,1m,EMA 9 pullback en tendencia,Largo,EMAs 9>21>50 alineadas,,24,58385,0.0765010080078626,-0.5134989919921373,-43.6893948443894,20633,0.1424266508464141,-0.4475733491535858,-20.75127709521498,0.59,2.8399729823810986,6.508839933419929,3.0981367111951394,6.603464891389624,0.12966272543705526
SPX500_USD,1m,EMA 9 pullback en tendencia,Largo,Lado del VWAP a favor,Régimen 15m a favor,12,30507,0.0601897372074698,-0.5298102627925302,-55.28003834868356,10572,0.0599415692875342,-0.5300584307124657,-30.092682859311843,0.59,1.6739858476010787,6.280155774047471,1.8110957668498624,3.4030260253283666,0.10201650374147424
SPX500_USD,1m,EMA 9 pullback en tendencia,Largo,Lado del VWAP a favor,Régimen 15m a favor,24,30507,0.0805555864996148,-0.5094444135003852,-38.29152381114981,10572,0.1356684857591101,-0.4543315142408898,-18.271568387805058,0.59,2.323774093990752,6.05482379790353,2.556675511804943,5.456095247452326,0.1365348923722285
SPX500_USD,1m,EMA 9 pullback en tendencia,Largo,Lado del VWAP a favor,Régimen 1h a favor,12,30247,0.0630675157673178,-0.5269324842326821,-59.231527725190496,10094,0.0344464668831731,-0.5555535331168268,-32.72206412159062,0.59,1.5471883676744111,7.089305405360468,1.7057558631721854,2.0288944825707893,0.10689409452087763
SPX500_USD,1m,EMA 9 pullback en tendencia,Largo,Lado del VWAP a favor,Régimen 1h a favor,24,30247,0.0675408154017598,-0.52245918459824,-43.475587902382266,10094,0.0691591810419556,-0.5208408189580443,-21.746300403509963,0.59,2.090008526806042,5.620298663628228,2.4063083618382333,2.8875546459814765,0.11447595830806746
SPX500_USD,1m,EMA 9 pullback en tendencia,Largo,Lado del VWAP a favor,Bias diario a favor,3,30071,0.0309536371830158,-0.5590463628169842,-136.1190007882595,13580,0.0223264983546575,-0.5676735016453424,-66.38438889969866,0.59,0.7122017052704555,7.536724043572334,0.9965120292193018,2.6108862669267885,0.05246379183562
SPX500_USD,1m,EMA 9 pullback en tendencia,Largo,Lado del VWAP a favor,Bias diario a favor,6,30071,0.0386223937170311,-0.5513776062829688,-96.22027859474866,13580,0.0377172276267949,-0.552282772373205,-46.291208068514855,0.59,0.9937026521673424,6.739949974576239,1.3903139055070854,3.161380581068816,0.06546168426615441
SPX500_USD,1m,EMA 9 pullback en tendencia,Largo,Lado del VWAP a favor,Bias diario a favor,12,30071,0.0472550697398968,-0.5427449302601032,-69.31687580291229,13580,0.0808476264065951,-0.5091523735934048,-31.24702307697357,0.59,1.3577841368643813,6.035199257685578,1.8988427885209356,4.961673123933636,0.08009333854219797
SPX500_USD,1m,EMA 9 pullback en tendencia,Largo,Lado del VWAP a favor,Bias diario a favor,24,30071,0.0801704256794077,-0.5098295743205923,-48.04031188404296,13580,0.1245135525013807,-0.4654864474986193,-20.866327479435743,0.59,1.8403191342509184,7.5543131420881,2.5996262109727217,5.581560056331031,0.13588207742272493
SPX500_USD,1m,EMA 9 pullback en tendencia,Largo,Lado del VWAP a favor,Hora: mediodía 11:00-14:00,3,24057,0.0320282978235934,-0.5579717021764066,-96.70298105356792,8045,0.0240769542174875,-0.5659230457825124,-51.02356834388932,0.59,0.8949381994961597,5.550876264032781,0.9948316101337772,2.170775917651505,0.05428525054846339
SPX500_USD,1m,EMA 9 pullback en tendencia,Largo,Lado del VWAP a favor,Hora: cierre 14:00-15:45,3,12780,0.0671599720938478,-0.5228400279061521,-50.38579797104499,4206,0.084023062524147,-0.5059769374758529,-27.431669396456986,0.59,1.173075906728147,6.472168550700625,1.1962256711082797,4.555331878046779,0.11383046117601323
SPX500_USD,1m,EMA 9 pullback en tendencia,Largo,Lado del VWAP a favor,Hora: cierre 14:00-15:45,6,12780,0.1234198962765307,-0.4665801037234692,-31.407544612821575,4206,0.1207802156238855,-0.4692197843761144,-17.48716310055991,0.59,1.6794135655392597,8.307932266036676,1.7401696467055052,4.501309195101358,0.20918626487547579
SPX500_USD,1m,EMA 9 pullback en tendencia,Largo,Lado del VWAP a favor,Hora: cierre 14:00-15:45,12,12780,0.1879657058835216,-0.4020342941164783,-19.60260676515576,4206,0.2365923204480949,-0.353407679551905,-9.50441316147187,0.59,2.3185405700404305,9.164934115551054,2.411489135493711,6.362824846424372,0.3185859421754604
SPX500_USD,1m,EMA 9 pullback en tendencia,Largo,Lado del VWAP a favor,Hora: cierre 14:00-15:45,24,12780,0.2420266976752005,-0.3479733023247994,-12.154532255047185,4206,0.3558488919289408,-0.2341511080710591,-4.680965224021316,0.59,3.236481293140738,8.453870695890243,3.244108992815657,7.113851827770925,0.4102147418223737
SPX500_USD,1m,EMA 9 pullback en tendencia,Largo,Lado del VWAP a favor,"Volumen relativo >1,5",24,4573,0.1646190637471299,-0.4253809362528701,-12.957436096146326,3458,0.1079521995531195,-0.4820478004468804,-10.417932040605056,0.59,2.2200336016445315,5.014425464151208,2.720953249509323,2.333043896343149,0.279015362283271
SPX500_USD,1m,EMA 9 pullback en tendencia,Largo,Lado del VWAP a favor,Volatilidad alta,6,26841,0.0633438159810027,-0.5266561840189973,-48.06576835177506,10082,0.0524398540367424,-0.5375601459632575,-29.308664241662445,0.59,1.7951082588304772,5.781132507029514,1.8416384941610644,2.859107183421519,0.10736239996780118
SPX500_USD,1m,EMA 9 pullback en tendencia,Largo,Lado del VWAP a favor,Volatilidad alta,12,26841,0.0828324361954426,-0.5071675638045574,-33.99326960494236,10082,0.0920558960469462,-0.4979441039530536,-20.54645683272718,0.59,2.444318965695811,5.551903427150056,2.4334195949281163,3.79846348076234,0.14039395965329254
SPX500_USD,1m,EMA 9 pullback en tendencia,Largo,Lado del VWAP a favor,Volatilidad alta,24,26841,0.1177755349936896,-0.4722244650063102,-23.695033130308676,10082,0.0983134222229282,-0.4916865777770717,-14.88467979601248,0.59,3.2650550574296164,5.909679422428934,3.3168222880411196,2.97621264353884,0.19961955083676206
SPX500_USD,1m,EMA 9 pullback en tendencia,Largo,Lado del VWAP a favor,RSI(14) a favor de 50,3,50100,0.0448445150714196,-0.5451554849285803,-112.48278963072138,17808,0.0287734080517709,-0.561226591948229,-64.03912125414624,0.59,1.084808727132499,9.252839408799197,1.1695006031313182,3.2832082327495264,0.07600765266342306
SPX500_USD,1m,EMA 9 pullback en tendencia,Largo,Lado del VWAP a favor,RSI(14) a favor de 50,6,50100,0.0647967772950193,-0.5252032227049807,-77.2242302710204,17808,0.0475177679207554,-0.5424822320792445,-44.0841823838572,0.59,1.5222733944307436,9.527514368397922,1.6421404588871926,3.8614756827397425,0.10982504626274459
SPX500_USD,1m,EMA 9 pullback en tendencia,Largo,Lado del VWAP a favor,RSI(14) a favor de 50,12,50100,0.0858564024295159,-0.504143597570484,-54.25702471117462,17808,0.0912013161000322,-0.4987986838999677,-30.01201124219632,0.59,2.0797787878411813,9.240051784213168,2.217878607399518,5.487454182309329,0.14551932615172186
SPX500_USD,1m,EMA 9 pullback en tendencia,Largo,Lado del VWAP a favor,RSI(14) a favor de 50,24,50100,0.1086688670997848,-0.4813311329002152,-38.438912959446846,17808,0.133608130003457,-0.4563918699965429,-20.01683534038136,0.59,2.8027974815891588,8.678252534136998,3.042636398058892,5.859902671876524,0.18418452050810982
SPX500_USD,1m,EMA 9 pullback en tendencia,Largo,Lado del VWAP a favor,Día a favor (vs apertura),3,41631,0.0468979048604668,-0.5431020951395331,-101.93762586500397,15064,0.0255178734145769,-0.564482126585423,-60.60159182814943,0.59,1.0870646795827226,8.80250899840586,1.1432371188637405,2.739544223210325,0.07948797433977424
SPX500_USD,1m,EMA 9 pullback en tendencia,Largo,Lado del VWAP a favor,Día a favor (vs apertura),6,41631,0.0665276635002687,-0.5234723364997312,-69.91203480727289,15064,0.0526751226018985,-0.5373248773981014,-40.96186480266655,0.59,1.5277426914121106,8.885062307929068,1.6100055826986743,4.015580408134059,0.11275875169537068
SPX500_USD,1m,EMA 9 pullback en tendencia,Largo,Lado del VWAP a favor,Día a favor (vs apertura),12,41631,0.084662964661813,-0.505337035338187,-49.23427516416754,15064,0.0979896906013509,-0.4920103093986491,-27.874699158821205,0.59,2.094218545085877,8.248593328577881,2.166377654938898,5.551577058450405,0.14349655027425934
SPX500_USD,1m,EMA 9 pullback en tendencia,Largo,Lado del VWAP a favor,Día a favor (vs apertura),24,41631,0.0915328731354977,-0.4984671268645022,-36.373673579930085,15064,0.1497605901668506,-0.4402394098331493,-18.085309647176768,0.59,2.7961327030420575,6.679250586104887,2.9876734117713855,6.152258488484567,0.15514046294152153
SPX500_USD,1m,EMA 9 pullback en tendencia,Largo,Lado del VWAP a favor,Gap a favor,3,28252,0.0403584384823696,-0.5496415615176303,-93.9197874575584,9733,0.0244520268312378,-0.5655479731687622,-51.53092538783603,0.59,0.9836646455978774,6.896232435402387,1.0827417179173364,2.2279906038066186,0.06840413302096543
SPX500_USD,1m,EMA 9 pullback en tendencia,Largo,Lado del VWAP a favor,Gap a favor,6,28252,0.0536355271515622,-0.5363644728484377,-65.36267545442524,9733,0.0547398749743141,-0.5352601250256858,-34.62492871828908,0.59,1.3792874415112093,6.536155415769322,1.5251036655157182,3.5410152567272375,0.09090767313824102
SPX500_USD,1m,EMA 9 pullback en tendencia,Largo,Lado del VWAP a favor,Gap a favor,12,28252,0.0791661990156393,-0.5108338009843606,-45.06223202536945,9733,0.1134800641984742,-0.4765199358015257,-22.92911983158654,0.59,1.9054235362281795,6.983495653057872,2.0502983032023385,5.460417907020581,0.13417999833159205
SPX500_USD,1m,EMA 9 pullback en tendencia,Largo,Lado del VWAP a favor,Gap a favor,24,28252,0.1321714342644713,-0.4578285657355286,-29.676791520616117,9733,0.2153178463611232,-0.3746821536388767,-13.026453620484578,0.59,2.593047901181736,8.5674516472032,2.837658782251449,7.48588613587698,0.2240193801092734
SPX500_USD,1m,EMA 9 pullback en tendencia,Largo,Lado del VWAP a favor,Mercado hermano a favor del VWAP,3,44955,0.0489136651842815,-0.5410863348157184,-105.12163073022964,16166,0.0278361465735378,-0.5621638534264621,-61.59326267980326,0.59,1.0913485544540729,9.502890607864524,1.1604621897797114,3.049856509711895,0.08290451726149407
SPX500_USD,1m,EMA 9 pullback en tendencia,Largo,Lado del VWAP a favor,Mercado hermano a favor del VWAP,6,44955,0.0696212814376876,-0.5203787185623123,-72.14566386532375,16166,0.0516452036561108,-0.5383547963438892,-42.05925797650991,0.59,1.5293197399431504,9.652342398539217,1.627452296284384,4.034809308978887,0.11800217192828408
SPX500_USD,1m,EMA 9 pullback en tendencia,Largo,Lado del VWAP a favor,Mercado hermano a favor del VWAP,12,44955,0.0908666098824518,-0.4991333901175481,-50.78202893149536,16166,0.0960170751040957,-0.4939829248959042,-28.49908871802569,0.59,2.0839897372112253,9.244804902494822,2.2038511127496627,5.53946098929147,0.15401120319059627
SPX500_USD,1m,EMA 9 pullback en tendencia,Largo,Lado del VWAP a favor,Mercado hermano a favor del VWAP,24,44955,0.1075790213499089,-0.482420978650091,-36.48029347592053,16166,0.1383331347909965,-0.4516668652090034,-19.00722037596174,0.59,2.80386347259591,8.135040647856075,3.021349100399517,5.821388684453088,0.18233732432187952
SPX500_USD,1m,EMA 9 pullback en tendencia,Largo,Lado del VWAP a favor,,3,50101,0.0448296467502831,-0.5451703532497167,-112.48757331819384,17809,0.0287268685360105,-0.5612731314639894,-64.04712493372546,0.59,1.0848030056954998,9.249912702683858,1.1694842587731753,3.2780356566892164,0.0759824521191239
SPX500_USD,1m,EMA 9 pullback en tendencia,Largo,Lado del VWAP a favor,,6,50101,0.0647954839719859,-0.525204516028014,-77.22596044637423,17809,0.0474589483481842,-0.5425410516518158,-44.09093437397792,0.59,1.5222582298343112,9.527514196121944,1.6421131138138854,3.856868288043755,0.10982285418980661
SPX500_USD,1m,EMA 9 pullback en tendencia,Largo,Lado del VWAP a favor,,12,50101,0.0858506953648941,-0.5041493046351058,-54.25871166987413,17809,0.0912972633986853,-0.4987027366013146,-30.007423152541712,0.59,2.0797584241785145,9.239620254625706,2.2178532971545937,5.493444118923222,0.14550965316083747
SPX500_USD,1m,EMA 9 pullback en tendencia,Largo,Lado del VWAP a favor,,24,50101,0.1087525232721309,-0.481247476727869,-38.43214165423444,17809,0.1336904685657532,-0.4563095314342467,-20.014217383938565,0.59,2.8028320576965715,8.68491281880195,3.042570813228839,5.863804973841873,0.18432631063073035
SPX500_USD,1m,EMA 9 pullback en tendencia,Largo,Régimen 15m a favor,Hora: cierre 14:00-15:45,6,9061,0.0925073104772514,-0.4974926895227485,-34.20525867897107,2975,0.0710584624474789,-0.518941537552521,-20.15945534122083,0.59,1.3844647078456749,6.3603678028028305,1.4040517815755753,2.760426361477738,0.15679205165635832
SPX500_USD,1m,EMA 9 pullback en tendencia,Largo,Régimen 15m a favor,Hora: cierre 14:00-15:45,12,9061,0.1144583710191686,-0.4755416289808313,-25.107815743271026,2975,0.201211594012605,-0.3887884059873949,-11.06199219020163,0.59,1.80288353898244,6.0432137055662025,1.9170058708689512,5.7249677389238345,0.19399723901554
SPX500_USD,1m,EMA 9 pullback en tendencia,Largo,Régimen 15m a favor,Hora: cierre 14:00-15:45,24,9061,0.1481081284035806,-0.4418918715964194,-15.361044071933607,2975,0.3785209181328781,-0.2114790818671218,-4.243096313608595,0.59,2.738314606531942,5.148534367920784,2.718491700220119,7.594607930833148,0.2510307261077637
SPX500_USD,1m,EMA 9 pullback en tendencia,Largo,Régimen 15m a favor,RSI(14) a favor de 50,12,33298,0.0587005441099596,-0.5312994558900402,-57.96920685375286,11480,0.0626048762623856,-0.5273951237376143,-31.361106936453687,0.59,1.6724420842510728,6.404719497100997,1.8018377051604075,3.7227462500865314,0.09949244764399932
SPX500_USD,1m,EMA 9 pullback en tendencia,Largo,Régimen 15m a favor,RSI(14) a favor de 50,24,33298,0.0805156120517044,-0.5094843879482955,-39.97949565166715,11480,0.1388317998693379,-0.451168200130662,-18.987247096538248,0.59,2.3254266425561445,6.318100491509289,2.545935655052093,5.842685030134767,0.13646713907068544
SPX500_USD,1m,EMA 9 pullback en tendencia,Largo,Régimen 15m a favor,Día a favor (vs apertura),12,27005,0.0685320499097389,-0.521467950090261,-50.42982121394897,9640,0.0761934778997017,-0.5138065221002982,-28.083264425828485,0.59,1.699269583675384,6.627557884957936,1.7963482718845183,4.164527882273839,0.11615601679616765
SPX500_USD,1m,EMA 9 pullback en tendencia,Largo,Régimen 15m a favor,Día a favor (vs apertura),24,27005,0.0872136127858267,-0.5027863872141732,-34.99147210538748,9640,0.1585880770228215,-0.4314119229771784,-16.683357437518232,0.59,2.3612577034035245,6.069640659752719,2.53890941426637,6.132842959095417,0.14781968268784187
SPX500_USD,1m,EMA 9 pullback en tendencia,Largo,Régimen 15m a favor,Gap a favor,6,23162,0.0579961367133532,-0.5320038632866467,-67.6071013017257,7553,0.0355071395213408,-0.5544928604786591,-38.34941835909474,0.59,1.1975964473551137,7.370154542986415,1.2565996069882484,2.4557180899735904,0.09829853680229357
SPX500_USD,1m,EMA 9 pullback en tendencia,Largo,Régimen 15m a favor,Gap a favor,12,23162,0.0842803804875037,-0.5057196195124962,-47.54972555450605,7553,0.1038792500444773,-0.4861207499555226,-24.51021688370957,0.59,1.618638315363013,7.924369170556024,1.7236804162071597,5.237593640140212,0.14284810252119273
SPX500_USD,1m,EMA 9 pullback en tendencia,Largo,Régimen 15m a favor,Gap a favor,24,23162,0.1424231338599794,-0.4475768661400205,-30.902304741183475,7553,0.2097297263401132,-0.3802702736598867,-13.559172097804405,0.59,2.204269993882785,9.833401629293709,2.437355886459862,7.478263883477974,0.24139514213555832
SPX500_USD,1m,EMA 9 pullback en tendencia,Largo,Régimen 15m a favor,Mercado hermano a favor del VWAP,12,28336,0.063001564840083,-0.5269984351599168,-53.24167935985066,9954,0.0616937276707228,-0.5283062723292772,-29.634493143690356,0.59,1.666198932706269,6.364931830142304,1.7786360129524739,3.46061072038008,0.10678231328827628
SPX500_USD,1m,EMA 9 pullback en tendencia,Largo,Régimen 15m a favor,Mercado hermano a favor del VWAP,24,28336,0.0827925890465364,-0.5072074109534636,-36.86813060127255,9954,0.1272939874006367,-0.4627060125993633,-18.38906642614544,0.59,2.315814373806904,6.018066613118258,2.510407822735543,5.058973789445956,0.14032642211277357
SPX500_USD,1m,EMA 9 pullback en tendencia,Largo,Régimen 15m a favor,,12,33298,0.0587005441099596,-0.5312994558900402,-57.96920685375286,11481,0.0627561977397439,-0.527243802260256,-31.35357035436204,0.59,1.6724420842510728,6.404719497100997,1.8018321800441581,3.7319184266751466,0.09949244764399932
SPX500_USD,1m,EMA 9 pullback en tendencia,Largo,Régimen 15m a favor,,24,33298,0.0805156120517044,-0.5094843879482955,-39.97949565166715,11481,0.1389590661167091,-0.4510409338832908,-18.98327231730319,0.59,2.3254266425561445,6.318100491509289,2.545861294576524,5.848466502453184,0.13646713907068544
SPX500_USD,1m,EMA 9 pullback en tendencia,Largo,Régimen 1h a favor,Hora: cierre 14:00-15:45,12,9287,0.0878650003554195,-0.5021349996445804,-30.188030790749288,2852,0.1362210095848308,-0.4537789904151691,-13.80134134038405,0.59,1.602962756367325,5.28238688407712,1.7558921933629357,4.143057943894466,0.14892372941596527
SPX500_USD,1m,EMA 9 pullback en tendencia,Largo,Régimen 1h a favor,Volatilidad baja,24,1066,0.2406186216544031,-0.3493813783455968,-7.50861706101586,637,0.2915228779312205,-0.2984771220687794,-3.5190646612629,0.59,1.5192120633617965,5.171177400202563,2.1406887063279716,3.4370736710635277,0.4078281722955985
SPX500_USD,1m,EMA 9 pullback en tendencia,Largo,Régimen 1h a favor,RSI(14) a favor de 50,12,34001,0.0540015640050108,-0.5359984359949891,-64.24509884217585,11139,0.0407131396094241,-0.5492868603905758,-34.02962357871928,0.59,1.5384003355001667,6.472660336580606,1.7035903334517801,2.5222755458439483,0.09152807458476407
SPX500_USD,1m,EMA 9 pullback en tendencia,Largo,Régimen 1h a favor,RSI(14) a favor de 50,24,34001,0.0570132821374968,-0.5329867178625031,-46.91073076122658,11139,0.0753653495741314,-0.5146346504258685,-22.74609492967026,0.59,2.0950289724193123,5.018013842618724,2.387895288376127,3.331037648557851,0.09663268158897763
SPX500_USD,1m,EMA 9 pullback en tendencia,Largo,Régimen 1h a favor,Día a favor (vs apertura),12,25945,0.0626825691027594,-0.5273174308972405,-53.98529577433825,9004,0.0530881131823356,-0.5369118868176643,-29.84760536604764,0.59,1.5733432451432037,6.417267540634927,1.7069125368382398,2.9512348130086004,0.10624164254704985
SPX500_USD,1m,EMA 9 pullback en tendencia,Largo,Régimen 1h a favor,Gap a favor,12,20160,0.0654417673746744,-0.5245582326253255,-50.83917263059092,6234,0.0482520995937099,-0.5417479004062901,-26.94390977378889,0.59,1.4650096897410894,6.342489931310284,1.5875229789614222,2.3998251158403567,0.11091824978758373
SPX500_USD,1m,EMA 9 pullback en tendencia,Largo,Régimen 1h a favor,Gap a favor,24,20160,0.0921630798824249,-0.4978369201175749,-35.44643238304376,6234,0.0999026648846045,-0.4900973351153954,-17.55205087205682,0.59,1.9941592360400524,6.562093423070949,2.2046409557058366,3.577853888749987,0.15620860997021171
SPX500_USD,1m,EMA 9 pullback en tendencia,Largo,Régimen 1h a favor,,12,34001,0.0540015640050108,-0.5359984359949891,-64.24509884217585,11140,0.0408710582466057,-0.5491289417533942,-34.0212659745895,0.59,1.5384003355001667,6.472660336580606,1.7035954007525735,2.5321651028460246,0.09152807458476407
SPX500_USD,1m,EMA 9 pullback en tendencia,Largo,Régimen 1h a favor,,24,34001,0.0570132821374968,-0.5329867178625031,-46.91073076122658,11140,0.0755022086617762,-0.5144977913382237,-22.741671346310135,0.59,2.0950289724193123,5.018013842618724,2.3878317974997456,3.3373251434968405,0.09663268158897763
SPX500_USD,1m,EMA 9 pullback en tendencia,Largo,Bias diario a favor,Hora: mediodía 11:00-14:00,3,17245,0.0362603297887521,-0.5537396702112478,-122.21680947324558,7161,0.0330403816298788,-0.5569596183701211,-52.09607914481503,0.59,0.5949853808734396,8.003078080965977,0.9047019086866666,3.090483186917881,0.06145818608263068
SPX500_USD,1m,EMA 9 pullback en tendencia,Largo,Bias diario a favor,Hora: mediodía 11:00-14:00,6,17245,0.0411255449099829,-0.548874455090017,-86.90385782447082,7161,0.0395900905839791,-0.5504099094160207,-37.5173969360712,0.59,0.8294029243493741,6.5114498856116425,1.2414818734175805,2.6985654105502297,0.06970431340675068
SPX500_USD,1m,EMA 9 pullback en tendencia,Largo,Bias diario a favor,Hora: mediodía 11:00-14:00,12,17245,0.0515924955319929,-0.538407504468007,-61.51537587696864,7161,0.0703952950716118,-0.5196047049283881,-26.006188220593103,0.59,1.149367789072157,5.894664782240154,1.690764849114417,3.5232808250434053,0.08744490768134391
SPX500_USD,1m,EMA 9 pullback en tendencia,Largo,Bias diario a favor,Hora: mediodía 11:00-14:00,24,17245,0.102459212447222,-0.4875407875527779,-40.34194579122378,7161,0.1515718824186566,-0.4384281175813433,-15.399646964966852,0.59,1.587032104897191,8.478068091707827,2.4092089668802634,5.323913739701498,0.17365968211393562
SPX500_USD,1m,EMA 9 pullback en tendencia,Largo,Bias diario a favor,Hora: cierre 14:00-15:45,3,9279,0.039185307023083,-0.5508146929769169,-73.39629958230144,4076,0.0668535616259813,-0.5231464383740186,-33.72937404573131,0.59,0.7229061829409495,5.221459358585389,0.9902208784852552,4.310320439876401,0.06641577461539493
SPX500_USD,1m,EMA 9 pullback en tendencia,Largo,Bias diario a favor,"Volumen relativo >1,5",24,4106,0.1540429532905352,-0.4359570467094648,-15.19288781796287,3315,0.1459108470611802,-0.4440891529388197,-10.217947577022745,0.59,1.8387083289022188,5.368320861322106,2.5023511979209916,3.3572299082826706,0.26108975133989015
SPX500_USD,1m,EMA 9 pullback en tendencia,Largo,Bias diario a favor,RSI(14) a favor de 50,3,34786,0.0317457944029656,-0.5582542055970343,-144.93756137867106,15738,0.025244153035249,-0.5647558469647509,-70.39677159604571,0.59,0.7183784567466811,8.242048118336545,1.0064281222132851,3.1466816765315677,0.05380643119146712
SPX500_USD,1m,EMA 9 pullback en tendencia,Largo,Bias diario a favor,RSI(14) a favor de 50,6,34786,0.0376390084193353,-0.5523609915806647,-103.49439190879453,15738,0.0466955633111338,-0.5433044366888661,-48.450203883793606,0.59,0.9954247385504617,7.052319674605826,1.4067677807127839,4.1641654477941215,0.06379492952429712
SPX500_USD,1m,EMA 9 pullback en tendencia,Largo,Bias diario a favor,RSI(14) a favor de 50,12,34786,0.0436156233464746,-0.5463843766535252,-74.95970222107053,15738,0.0881755875880631,-0.5018244124119369,-32.85623463505943,0.59,1.35947950990796,5.983725519866606,1.9160584973433352,5.773170302642537,0.0739247853330078
SPX500_USD,1m,EMA 9 pullback en tendencia,Largo,Bias diario a favor,RSI(14) a favor de 50,24,34786,0.0804320520552224,-0.5095679479447774,-51.48581071823384,15738,0.1269722755656095,-0.4630277244343904,-21.98452193097526,0.59,1.845936653807516,8.126706996577205,2.642194232677568,6.028634203724689,0.13632551195800408
SPX500_USD,1m,EMA 9 pullback en tendencia,Largo,Bias diario a favor,Día a favor (vs apertura),6,25396,0.0362776712575922,-0.5537223287424078,-88.62109091113724,11846,0.0409424096049035,-0.5490575903950964,-43.43011320679017,0.59,0.995720856658423,5.80609925892845,1.3759821579057212,3.238519082889292,0.06148757840269865
SPX500_USD,1m,EMA 9 pullback en tendencia,Largo,Bias diario a favor,Día a favor (vs apertura),12,25396,0.0434440412114297,-0.5465559587885702,-63.89511352650204,11846,0.085658755955333,-0.504341244044667,-29.21505279903107,0.59,1.363168828708964,5.078824776527866,1.8789000327598553,4.961967928430487,0.0736339681549656
SPX500_USD,1m,EMA 9 pullback en tendencia,Largo,Bias diario a favor,Día a favor (vs apertura),24,25396,0.0778744448675172,-0.5121255551324827,-44.54897390552419,11846,0.1283296259516661,-0.4616703740483338,-19.305351172878908,0.59,1.8319828407039518,6.774172031725199,2.602796202060123,5.366271335881164,0.1319905845212156
SPX500_USD,1m,EMA 9 pullback en tendencia,Largo,Bias diario a favor,Gap a favor,3,19600,0.0329899752869898,-0.5570100247130102,-116.64388184210355,8607,0.0247814931478375,-0.5652185068521625,-54.10692671245765,0.59,0.6685425950191021,6.908455159908855,0.9691464478968466,2.3722691619615093,0.05591521235083017
SPX500_USD,1m,EMA 9 pullback en tendencia,Largo,Bias diario a favor,Gap a favor,6,19600,0.0385411538883131,-0.5514588461116868,-82.79943247727375,8607,0.0518515741865269,-0.538148425813473,-36.95660194944552,0.59,0.9324247298050825,5.786806561310084,1.3509396345336044,3.560835441945177,0.06532398964120864
SPX500_USD,1m,EMA 9 pullback en tendencia,Largo,Bias diario a favor,Gap a favor,12,19600,0.0499852425711495,-0.5400147574288504,-59.34620373068639,8607,0.1211916955766382,-0.4688083044233617,-23.9191204316131,0.59,1.2739157905216973,5.49324689436114,1.818343766764499,6.183334924867744,0.08472075012059238
SPX500_USD,1m,EMA 9 pullback en tendencia,Largo,Bias diario a favor,Gap a favor,24,19600,0.1019443589813855,-0.4880556410186144,-39.60041228359857,8607,0.2103971825031587,-0.3796028174968412,-14.041482254685189,0.59,1.7254312721109106,8.271677051461573,2.5080857069415408,7.782577389796238,0.17278704912099238
SPX500_USD,1m,EMA 9 pullback en tendencia,Largo,Bias diario a favor,Mercado hermano a favor del VWAP,3,27670,0.0329421649652997,-0.5570578350347002,-129.55801527258876,12867,0.0228644990880255,-0.5671355009119744,-65.06195388014798,0.59,0.7152215313926342,7.66154112421842,0.9887770612725416,2.6230221574309347,0.055834177907287626
SPX500_USD,1m,EMA 9 pullback en tendencia,Largo,Bias diario a favor,Mercado hermano a favor del VWAP,6,27670,0.0386526688884904,-0.5513473311115095,-92.2572808584506,12867,0.0447502251854307,-0.5452497748145693,-44.9539229684552,0.59,0.99409801341377,6.467774356293994,1.3758356177630184,3.6894984073877373,0.06551299811608542
SPX500_USD,1m,EMA 9 pullback en tendencia,Largo,Bias diario a favor,Mercado hermano a favor del VWAP,12,27670,0.0470694786984437,-0.5429305213015563,-66.28435475268643,12867,0.087060666412261,-0.502939333587739,-30.212355651835143,0.59,1.362504054032255,5.746536438202477,1.888294221067128,5.2298709631032345,0.07977877745498932
SPX500_USD,1m,EMA 9 pullback en tendencia,Largo,Bias diario a favor,Mercado hermano a favor del VWAP,24,27670,0.0738745752464876,-0.5161254247535123,-46.50925809913112,12867,0.1213953444069616,-0.4686046555930384,-20.53908235343228,0.59,1.845952072588508,6.6570091731936,2.587999649789452,5.320794290749041,0.12521114448557222
SPX500_USD,1m,EMA 9 pullback en tendencia,Largo,Bias diario a favor,,3,34786,0.0317457944029656,-0.5582542055970343,-144.93756137867106,15738,0.025244153035249,-0.5647558469647509,-70.39677159604571,0.59,0.7183784567466811,8.242048118336545,1.0064281222132851,3.1466816765315677,0.05380643119146712
SPX500_USD,1m,EMA 9 pullback en tendencia,Largo,Bias diario a favor,,6,34786,0.0376390084193353,-0.5523609915806647,-103.49439190879453,15738,0.0466955633111338,-0.5433044366888661,-48.450203883793606,0.59,0.9954247385504617,7.052319674605826,1.4067677807127839,4.1641654477941215,0.06379492952429712
SPX500_USD,1m,EMA 9 pullback en tendencia,Largo,Bias diario a favor,,12,34786,0.0436156233464746,-0.5463843766535252,-74.95970222107053,15738,0.0881755875880631,-0.5018244124119369,-32.85623463505943,0.59,1.35947950990796,5.983725519866606,1.9160584973433352,5.773170302642537,0.0739247853330078
SPX500_USD,1m,EMA 9 pullback en tendencia,Largo,Bias diario a favor,,24,34786,0.0804320520552224,-0.5095679479447774,-51.48581071823384,15738,0.1269722755656095,-0.4630277244343904,-21.98452193097526,0.59,1.845936653807516,8.126706996577205,2.642194232677568,6.028634203724689,0.13632551195800408
SPX500_USD,1m,EMA 9 pullback en tendencia,Largo,Hora: mediodía 11:00-14:00,RSI(14) a favor de 50,3,28864,0.0313993229834309,-0.558600677016569,-103.41042529990207,9501,0.0259339348941887,-0.5640660651058111,-53.55142575407466,0.59,0.9177309776351267,5.812770154858348,1.0267000753430475,2.4621215047507463,0.05321919149734051
SPX500_USD,1m,EMA 9 pullback en tendencia,Largo,Hora: mediodía 11:00-14:00,Mercado hermano a favor del VWAP,3,22623,0.0404413662775438,-0.5495586337224561,-90.4918128228916,7710,0.0259919360763213,-0.5640080639236786,-49.67513962634558,0.59,0.9134396187064824,6.659184885698131,0.9969500647295951,2.2892457330628306,0.06854468860600645
SPX500_USD,1m,EMA 9 pullback en tendencia,Largo,Hora: mediodía 11:00-14:00,,3,28865,0.0313739818240624,-0.5586260181759375,-103.4175613639284,9502,0.0258470076406611,-0.5641529923593388,-53.5634915449916,0.59,0.9177251793337413,5.808216203597707,1.0266810126096555,2.4540434846121513,0.05317624037976678
SPX500_USD,1m,EMA 9 pullback en tendencia,Largo,Hora: cierre 14:00-15:45,Volatilidad alta,24,3947,0.4430462972768083,-0.1469537027231916,-1.8587013006716424,1273,0.4549090676858307,-0.1350909323141692,-1.136484932463166,0.59,4.967118186344703,5.6037426328571085,4.241082478967258,3.8270318533554697,0.7509259275878106
SPX500_USD,1m,EMA 9 pullback en tendencia,Largo,Hora: cierre 14:00-15:45,RSI(14) a favor de 50,3,16026,0.0510546437783231,-0.5389453562216768,-55.85522162155031,5461,0.0715618598070408,-0.5184381401929592,-31.85830727387698,0.59,1.2215001484145127,5.291201436523009,1.2025699170614463,4.397515425802338,0.08653329453953068
SPX500_USD,1m,EMA 9 pullback en tendencia,Largo,Hora: cierre 14:00-15:45,RSI(14) a favor de 50,6,16026,0.0862600654307843,-0.5037399345692156,-37.3010470032856,5461,0.1225956999061527,-0.4674043000938472,-19.7695912038802,0.59,1.7096134600283526,6.387404560037057,1.7471536618079688,5.185375637347753,0.14620350073014288
SPX500_USD,1m,EMA 9 pullback en tendencia,Largo,Hora: cierre 14:00-15:45,RSI(14) a favor de 50,12,16026,0.1274243212811408,-0.4625756787188592,-24.90982575809215,5461,0.2189531226752769,-0.3710468773247229,-11.351476853878031,0.59,2.350848674447204,6.861834260822677,2.4155303652843854,6.698456329973586,0.21597342590023869
SPX500_USD,1m,EMA 9 pullback en tendencia,Largo,Hora: cierre 14:00-15:45,RSI(14) a favor de 50,24,16026,0.1661239465970337,-0.4238760534029662,-16.322407436188456,5461,0.3036253027504692,-0.2863746972495307,-6.401988647639745,0.59,3.287511168216052,6.3970179949906605,3.3056421051762586,6.787630890626353,0.28156601118141306
SPX500_USD,1m,EMA 9 pullback en tendencia,Largo,Hora: cierre 14:00-15:45,Día a favor (vs apertura),3,10561,0.073961207185118,-0.516038792814882,-45.29205667174065,3645,0.065569607874657,-0.5244303921253429,-28.22175425320733,0.59,1.1708811918020199,6.491479388721861,1.1218960339929405,3.528570021310773,0.12535797827986103
SPX500_USD,1m,EMA 9 pullback en tendencia,Largo,Hora: cierre 14:00-15:45,Día a favor (vs apertura),6,10561,0.1212768496894529,-0.468723150310547,-28.725159775367267,3645,0.1064758551954732,-0.4835241448045267,-17.79750551875158,0.59,1.6768973261290905,7.432312404613794,1.6402414987857687,3.919152002680896,0.20555398252449647
SPX500_USD,1m,EMA 9 pullback en tendencia,Largo,Hora: cierre 14:00-15:45,Día a favor (vs apertura),12,10561,0.1789793627312458,-0.4110206372687541,-18.17713132838057,3645,0.2073547614454732,-0.3826452385545267,-10.10842312898407,0.59,2.3237575006717144,7.915250686812746,2.2853970744430563,5.477736177819217,0.3033548520868573
SPX500_USD,1m,EMA 9 pullback en tendencia,Largo,Hora: cierre 14:00-15:45,Día a favor (vs apertura),24,10561,0.1965154895795113,-0.3934845104204887,-12.70587297841356,3645,0.3237592364861968,-0.2662407635138031,-5.15851930856499,0.59,3.182553059398439,6.3456140782257595,3.1160057895810915,6.272962301859229,0.33307710098222254
SPX500_USD,1m,EMA 9 pullback en tendencia,Largo,Hora: cierre 14:00-15:45,Gap a favor,3,8940,0.0670247737193267,-0.5229752262806732,-43.03862443256089,3074,0.0624930903596698,-0.5275069096403302,-24.77406816904576,0.59,1.14892450807516,5.51585222171753,1.1805455703841472,2.9349531776188678,0.11360131138868934
SPX500_USD,1m,EMA 9 pullback en tendencia,Largo,Hora: cierre 14:00-15:45,Gap a favor,6,8940,0.1061416250480634,-0.4838583749519365,-28.485332588135545,3074,0.1391649215191932,-0.4508350784808067,-14.737372799805414,0.59,1.6060746501722842,6.248686903971845,1.6960926107594023,4.549169811708267,0.1799010594034973
SPX500_USD,1m,EMA 9 pullback en tendencia,Largo,Hora: cierre 14:00-15:45,Gap a favor,12,8940,0.1788371382677048,-0.4111628617322951,-17.666535581545553,3074,0.2690316115250895,-0.3209683884749105,-7.667866474697696,0.59,2.200550031471059,7.684139207507682,2.3208103450704556,6.427107929379098,0.303113793674076
SPX500_USD,1m,EMA 9 pullback en tendencia,Largo,Hora: cierre 14:00-15:45,Gap a favor,24,8940,0.2988481833097385,-0.2911518166902614,-8.759493376915836,3074,0.3422566440559938,-0.2477433559440061,-4.0681801244206826,0.59,3.14274594795308,8.991043614850106,3.376399087119823,5.620177669322499,0.5065223445927771
SPX500_USD,1m,EMA 9 pullback en tendencia,Largo,Hora: cierre 14:00-15:45,Mercado hermano a favor del VWAP,3,12193,0.0722715768412844,-0.5177284231587155,-48.35715653600055,4146,0.0755195378452122,-0.5144804621547877,-28.272357992425373,0.59,1.1822152012767835,6.7503497936140855,1.17171369023509,4.1500417730926005,0.12249419803607525
SPX500_USD,1m,EMA 9 pullback en tendencia,Largo,Hora: cierre 14:00-15:45,Mercado hermano a favor del VWAP,6,12193,0.1288287058676725,-0.4611712941323274,-30.259260166613185,4146,0.1156061800907501,-0.4743938199092498,-18.096444170478264,0.59,1.6829036333626697,8.452957452853584,1.6879532894081546,4.409966352796756,0.21835373875876696
SPX500_USD,1m,EMA 9 pullback en tendencia,Largo,Hora: cierre 14:00-15:45,Mercado hermano a favor del VWAP,12,12193,0.1948581277263337,-0.3951418722736662,-18.80783958427576,4146,0.2290171261174174,-0.3609828738825825,-9.82594233003356,0.59,2.3199008726201047,9.274796383591063,2.365522243506197,6.2338388788819055,0.3302680130954809
SPX500_USD,1m,EMA 9 pullback en tendencia,Largo,Hora: cierre 14:00-15:45,Mercado hermano a favor del VWAP,24,12193,0.2362342671159938,-0.3537657328840061,-12.077712662766428,4146,0.3630249788953208,-0.2269750211046791,-4.582930771116493,0.59,3.2343451014961886,8.065138406895086,3.1889625355208198,7.329962294379466,0.4003970629084641
SPX500_USD,1m,EMA 9 pullback en tendencia,Largo,Hora: cierre 14:00-15:45,,3,16026,0.0510546437783231,-0.5389453562216768,-55.85522162155031,5461,0.0715618598070408,-0.5184381401929592,-31.85830727387698,0.59,1.2215001484145127,5.291201436523009,1.2025699170614463,4.397515425802338,0.08653329453953068
SPX500_USD,1m,EMA 9 pullback en tendencia,Largo,Hora: cierre 14:00-15:45,,6,16026,0.0862600654307843,-0.5037399345692156,-37.3010470032856,5461,0.1225956999061527,-0.4674043000938472,-19.7695912038802,0.59,1.7096134600283526,6.387404560037057,1.7471536618079688,5.185375637347753,0.14620350073014288
SPX500_USD,1m,EMA 9 pullback en tendencia,Largo,Hora: cierre 14:00-15:45,,12,16026,0.1274243212811408,-0.4625756787188592,-24.90982575809215,5461,0.2189531226752769,-0.3710468773247229,-11.351476853878031,0.59,2.350848674447204,6.861834260822677,2.4155303652843854,6.698456329973586,0.21597342590023869
SPX500_USD,1m,EMA 9 pullback en tendencia,Largo,Hora: cierre 14:00-15:45,,24,16026,0.1661239465970337,-0.4238760534029662,-16.322407436188456,5461,0.3036253027504692,-0.2863746972495307,-6.401988647639745,0.59,3.287511168216052,6.3970179949906605,3.3056421051762586,6.787630890626353,0.28156601118141306
SPX500_USD,1m,EMA 9 pullback en tendencia,Largo,ADX > 25,Gap a favor,24,14578,0.1164704101830455,-0.4735295898169545,-21.205281873268728,4415,0.203078466741577,-0.3869215332584229,-8.73907954149944,0.59,2.6961996345823604,5.215699147293876,2.94186379704921,4.586766880289044,0.1974074748865178
SPX500_USD,1m,EMA 9 pullback en tendencia,Largo,Volatilidad alta,Día a favor (vs apertura),6,22978,0.0649276867538719,-0.525072313246128,-44.14574197667781,8660,0.0612008392122546,-0.5287991607877454,-26.69858439724749,0.59,1.8029613246163456,5.4588307824858004,1.8431533429857014,3.089974213379311,0.1100469267014778
SPX500_USD,1m,EMA 9 pullback en tendencia,Largo,Volatilidad alta,Día a favor (vs apertura),12,22978,0.0824442240990363,-0.5075557759009637,-31.199185081371983,8660,0.1092044821512341,-0.4807955178487658,-18.4629522606462,0.59,2.4660202381134675,5.0678028478545745,2.4233615316102606,4.1935439615330035,0.1397359730492141
SPX500_USD,1m,EMA 9 pullback en tendencia,Largo,Volatilidad alta,Gap a favor,24,16285,0.153651011733142,-0.4363489882668578,-17.835658857258945,6045,0.2665995431399917,-0.3234004568600082,-8.043204620299301,0.59,3.122041687769794,6.280447765514299,3.126148932350243,6.630524576164972,0.2604254436154949
SPX500_USD,1m,EMA 9 pullback en tendencia,Largo,Volatilidad alta,Mercado hermano a favor del VWAP,6,24900,0.0634986160462161,-0.5265013839537839,-46.131287724505576,9336,0.0598324707868064,-0.5301675292131935,-27.960682958472937,0.59,1.8009581162737256,5.563656651647152,1.83208564409518,3.155524723995781,0.1076247729596883
SPX500_USD,1m,EMA 9 pullback en tendencia,Largo,Volatilidad alta,Mercado hermano a favor del VWAP,12,24900,0.0799158621791854,-0.5100841378208145,-32.989532318014284,9336,0.0999254816704156,-0.4900745183295844,-19.46077125919795,0.59,2.4398623939974056,5.168533429299342,2.433226262344392,3.9680229618576845,0.13545061386302612
SPX500_USD,1m,EMA 9 pullback en tendencia,Largo,Volatilidad alta,Mercado hermano a favor del VWAP,24,24900,0.1085387546278865,-0.4814612453721134,-23.21366707991665,9336,0.0971071297221441,-0.4928928702778558,-14.368687673055256,0.59,3.272783347481299,5.2331990153292125,3.3144834348890932,2.830842363408064,0.18396399089472287
SPX500_USD,1m,EMA 9 pullback en tendencia,Largo,RSI(14) a favor de 50,Día a favor (vs apertura),3,42566,0.0467628551057108,-0.5432371448942891,-102.82390940158488,15510,0.0238492570947171,-0.5661507429052829,-61.4905992297024,0.59,1.0900006740082788,8.851271717961636,1.146645722161122,2.59030855000173,0.07925907645035729
SPX500_USD,1m,EMA 9 pullback en tendencia,Largo,RSI(14) a favor de 50,Día a favor (vs apertura),6,42566,0.0646927976095211,-0.5253072023904789,-70.78533618561806,15510,0.0512830526424484,-0.5387169473575515,-41.57568150282969,0.59,1.5310926677244208,8.71737795853434,1.6137162048345632,3.957788730452116,0.10964880950766288
SPX500_USD,1m,EMA 9 pullback en tendencia,Largo,RSI(14) a favor de 50,Día a favor (vs apertura),12,42566,0.0842152105172886,-0.5057847894827113,-49.78164891771541,15510,0.0964873185394503,-0.4935126814605496,-28.2852095598245,0.59,2.096176787062717,8.288845632923998,2.1729253928874686,5.530078815152099,0.14273764494455696
SPX500_USD,1m,EMA 9 pullback en tendencia,Largo,RSI(14) a favor de 50,Día a favor (vs apertura),24,42566,0.0925928313094848,-0.4974071686905151,-36.636123037237816,15510,0.1434489876742827,-0.4465510123257172,-18.515384839997804,0.59,2.8011344293412126,6.81985016249561,3.0036147883247377,5.947838294810835,0.15693700221946577
SPX500_USD,1m,EMA 9 pullback en tendencia,Largo,RSI(14) a favor de 50,Gap a favor,3,32821,0.0404559076422583,-0.5495440923577416,-98.36189954385542,11195,0.0261629555256252,-0.5638370444743747,-54.05745344926141,0.59,1.0121655251538157,7.241129472233231,1.1035958835298507,2.5083537243283387,0.06856933498687848
SPX500_USD,1m,EMA 9 pullback en tendencia,Largo,RSI(14) a favor de 50,Gap a favor,6,32821,0.044572276202617,-0.5454277237973829,-70.14504947317981,11195,0.0697169778814481,-0.5202830221185518,-35.37449788822937,0.59,1.408692128392575,5.73224349066322,1.5561856958809377,4.74011832405915,0.07554623085189323
SPX500_USD,1m,EMA 9 pullback en tendencia,Largo,RSI(14) a favor de 50,Gap a favor,12,32821,0.0662625539651871,-0.5237374460348129,-49.08924836883116,11195,0.137141541808564,-0.4528584581914359,-22.80054214169416,0.59,1.932872237552413,6.210705371129668,2.101499828905431,6.904809763012634,0.11230941350031712
SPX500_USD,1m,EMA 9 pullback en tendencia,Largo,RSI(14) a favor de 50,Gap a favor,24,32821,0.1205114733820143,-0.4694885266179855,-32.09188107149853,11195,0.2334067681582179,-0.356593231841782,-12.90071463499194,0.59,2.650365159648702,8.23755992374555,2.9246330013750166,8.444114584936665,0.20425673454578697
SPX500_USD,1m,EMA 9 pullback en tendencia,Largo,RSI(14) a favor de 50,Mercado hermano a favor del VWAP,3,46692,0.0491822170106261,-0.5408177829893738,-106.66624610889366,16851,0.0281764157171681,-0.5618235842828319,-62.98891444138858,0.59,1.0955827625604833,9.700277300126311,1.1578403534361805,3.159002022208152,0.08335968984851881
SPX500_USD,1m,EMA 9 pullback en tendencia,Largo,RSI(14) a favor de 50,Mercado hermano a favor del VWAP,6,46692,0.0664680420172854,-0.5235319579827145,-73.83516514956202,16851,0.0522162915266527,-0.5377837084733472,-42.996924072362624,0.59,1.5321496463872648,9.37417245438975,1.6236151420370113,4.174800922261683,0.11265769833438204
SPX500_USD,1m,EMA 9 pullback en tendencia,Largo,RSI(14) a favor de 50,Mercado hermano a favor del VWAP,12,46692,0.0858565027973374,-0.5041434972026625,-52.271814080752726,16851,0.0940425674269145,-0.4959574325730854,-29.23119775574713,0.59,2.0840485674468696,8.901979648151546,2.2024731939547473,5.542767796930285,0.14551949626667357
SPX500_USD,1m,EMA 9 pullback en tendencia,Largo,RSI(14) a favor de 50,Mercado hermano a favor del VWAP,24,46692,0.1044872031975331,-0.4855127968024668,-37.28664376317096,16851,0.1325495826703533,-0.4574504173296466,-19.64554991973263,0.59,2.813640626218858,8.024458158662235,3.022683513797822,5.692440851603069,0.17709695457209002
SPX500_USD,1m,EMA 9 pullback en tendencia,Largo,RSI(14) a favor de 50,,3,58384,0.0400043089248017,-0.5499956910751982,-120.69541556568156,20632,0.0294151883016218,-0.560584811698378,-68.41636756382213,0.59,1.1010712822339688,8.77886275919331,1.176933647404791,3.589965858521351,0.0678039134318673
SPX500_USD,1m,EMA 9 pullback en tendencia,Largo,RSI(14) a favor de 50,,6,58384,0.0500344652514093,-0.5399655347485907,-85.20649889963715,20632,0.0559902065435367,-0.5340097934564633,-46.36952198999427,0.59,1.5312293419474219,7.895432826787964,1.6541971471286245,4.861781835011443,0.08480417839221917
SPX500_USD,1m,EMA 9 pullback en tendencia,Largo,RSI(14) a favor de 50,,12,58384,0.0609689055484887,-0.5290310944515112,-60.72830694156574,20632,0.1023802267298674,-0.4876197732701325,-31.234580352907816,0.59,2.1049265619691266,6.998716046886941,2.24241658765736,6.557985532246737,0.10333712804828595
SPX500_USD,1m,EMA 9 pullback en tendencia,Largo,RSI(14) a favor de 50,,24,58384,0.0764286692549542,-0.5135713307450457,-43.69562874693664,20632,0.1423560057836431,-0.4476439942163568,-20.753657908664596,0.59,2.8399435140296645,6.502697011030743,3.098195172867791,6.599905021510628,0.12954011738127832
SPX500_USD,1m,EMA 9 pullback en tendencia,Largo,Día a favor (vs apertura),Gap a favor,6,23439,0.0523361609023689,-0.537663839097631,-60.52197928811314,8333,0.0662175119817292,-0.5237824880182707,-33.38020551608776,0.59,1.3600887415389662,5.89120527701578,1.4323945467644748,4.21998483965547,0.08870535746164221
SPX500_USD,1m,EMA 9 pullback en tendencia,Largo,Día a favor (vs apertura),Gap a favor,12,23439,0.0802210741845855,-0.5097789258154144,-41.43393985881313,8333,0.1273495861709468,-0.4626504138290531,-21.98220320206325,0.59,1.883628210097302,6.520228661584655,1.9212435732059885,6.050841839174901,0.1359679223467551
SPX500_USD,1m,EMA 9 pullback en tendencia,Largo,Día a favor (vs apertura),Gap a favor,24,23439,0.1208115024388439,-0.469188497561156,-28.239992277377105,8333,0.2313321048466938,-0.3586678951533061,-12.07378727254993,0.59,2.543620535214763,7.271525013135217,2.711750165111303,7.787300343780023,0.20476525837092188
SPX500_USD,1m,EMA 9 pullback en tendencia,Largo,Día a favor (vs apertura),Mercado hermano a favor del VWAP,3,38874,0.0483462512324473,-0.5416537487675527,-98.2331367741677,14192,0.0241475583735555,-0.5658524416264444,-59.339163007569226,0.59,1.087159727870683,8.76797016662643,1.1360137270904527,2.5322783771058632,0.08194279869906322
SPX500_USD,1m,EMA 9 pullback en tendencia,Largo,Día a favor (vs apertura),Mercado hermano a favor del VWAP,6,38874,0.0677347797029344,-0.5222652202970655,-67.28749862640825,14192,0.055150768533769,-0.534849231466231,-39.971679644188896,0.59,1.5303343854318936,8.726799562928646,1.5940457409629438,4.121664054595939,0.11480471136090577
SPX500_USD,1m,EMA 9 pullback en tendencia,Largo,Día a favor (vs apertura),Mercado hermano a favor del VWAP,12,38874,0.0848281419945087,-0.5051718580054912,-47.66771384152267,14192,0.0998672261716548,-0.4901327738283452,-27.14388125196015,0.59,2.089509935933578,8.004332652786726,2.151114848557895,5.530713865535991,0.1437765118550995
SPX500_USD,1m,EMA 9 pullback en tendencia,Largo,Día a favor (vs apertura),Mercado hermano a favor del VWAP,24,38874,0.0879665664631244,-0.5020334335368755,-35.46917586504599,14192,0.1473149726463412,-0.4426850273536587,-17.75570186767344,0.59,2.7906871844902534,6.214927946418608,2.9701527870336726,5.908672246245294,0.1490958753612278
SPX500_USD,1m,EMA 9 pullback en tendencia,Largo,Día a favor (vs apertura),,3,42567,0.0467453101507623,-0.5432546898492376,-102.82907898929972,15511,0.0237961400754907,-0.5662038599245092,-61.49930981546977,0.59,1.0899938811337677,8.848109882320596,1.1466278415076714,2.5846630418768908,0.07922933923858017
SPX500_USD,1m,EMA 9 pullback en tendencia,Largo,Día a favor (vs apertura),,6,42567,0.0646912778219483,-0.5253087221780517,-70.78720245277417,15511,0.0512152760289069,-0.5387847239710931,-41.58302420813836,0.59,1.5310747152231061,8.717377775727796,1.6136862618060128,3.952758807339137,0.10964623359652256
SPX500_USD,1m,EMA 9 pullback en tendencia,Largo,Día a favor (vs apertura),,12,42567,0.0842085319058594,-0.5057914680941406,-49.7834650334735,15511,0.0965971399203589,-0.493402860079641,-28.280178284726013,0.59,2.0961526177098952,8.28838121657524,2.1728983918794254,5.5366203963662315,0.14272632526416848
SPX500_USD,1m,EMA 9 pullback en tendencia,Largo,Día a favor (vs apertura),,24,42567,0.0926916715830888,-0.4973083284169111,-36.62873291336874,15511,0.1435428904915262,-0.4464571095084738,-18.512544531196536,0.59,2.801175754214923,6.827109637432721,3.0035407317482057,5.952070413408008,0.15710452810693018
SPX500_USD,1m,EMA 9 pullback en tendencia,Largo,Gap a favor,Mercado hermano a favor del VWAP,3,26421,0.0461719256373954,-0.5438280743626045,-88.38150169830094,9224,0.023611791632223,-0.5663882083677769,-50.86340046173035,0.59,1.0001724158069818,7.50373935534339,1.0694696363000207,2.1204113992232934,0.0782575010803312
SPX500_USD,1m,EMA 9 pullback en tendencia,Largo,Gap a favor,Mercado hermano a favor del VWAP,6,26421,0.0548774549157157,-0.5351225450842843,-62.58174861083361,9224,0.0649159175876111,-0.5250840824123888,-33.633767886735185,0.59,1.3898892000840302,6.417832923478776,1.4993843639217341,4.158128150190956,0.09301263545036559
SPX500_USD,1m,EMA 9 pullback en tendencia,Largo,Gap a favor,Mercado hermano a favor del VWAP,12,26421,0.0821583540207422,-0.5078416459792577,-43.31753046917242,9224,0.1317108498380583,-0.4582891501619416,-21.77992366247021,0.59,1.9056329286935736,7.00788726518879,2.0208909056224758,6.259481059017689,0.1392514474927834
SPX500_USD,1m,EMA 9 pullback en tendencia,Largo,Gap a favor,Mercado hermano a favor del VWAP,24,26421,0.1318576201000743,-0.4581423798999257,-28.62975166001163,9224,0.225573404912626,-0.3644265950873739,-12.515758769001804,0.59,2.601102773471884,8.239907687147145,2.796485208929611,7.747026036647808,0.22348749169504117
SPX500_USD,1m,EMA 9 pullback en tendencia,Largo,Gap a favor,,3,32822,0.040433345667064,-0.5495666543329359,-98.36813279442684,11196,0.026089160260919,-0.5639108397390808,-54.06800452796095,0.59,1.0121583593585781,7.237252632673695,1.1035742191451314,2.5014394753800806,0.06853109435095593
SPX500_USD,1m,EMA 9 pullback en tendencia,Largo,Gap a favor,,6,32822,0.0445709182026108,-0.5454290817973891,-70.14736025530578,11196,0.0696214333139346,-0.5203785666860653,-35.38340782509732,0.59,1.4086706901412005,5.732243403239948,1.556149033632039,4.7339451046240235,0.07554392915696746
SPX500_USD,1m,EMA 9 pullback en tendencia,Largo,Gap a favor,,12,32822,0.0662544394140886,-0.5237455605859113,-49.0914904252492,11196,0.1372900578157098,-0.4527099421842901,-22.79446335359429,0.59,1.932843351616445,6.210132214750225,2.1014647285978025,6.912711429737264,0.11229566002387897
SPX500_USD,1m,EMA 9 pullback en tendencia,Largo,Gap a favor,,24,32822,0.1206388091715589,-0.4693611908284411,-32.08293923571047,11196,0.2335288268236144,-0.3564711731763855,-12.89732505069253,0.59,2.6504251802945604,8.246202838560432,2.9245309030921285,8.44920267019943,0.20447255791789645
SPX500_USD,1m,EMA 9 pullback en tendencia,Largo,Mercado hermano a favor del VWAP,,3,46693,0.0491661705912656,-0.5408338294087343,-106.6711612629269,16852,0.0281272687171774,-0.5618727312828224,-62.99720649009557,0.59,1.0955765176320615,9.697271558539768,1.1578235769608727,3.1536311636496066,0.08333249252756882
SPX500_USD,1m,EMA 9 pullback en tendencia,Largo,Mercado hermano a favor del VWAP,,6,46693,0.0664666185053668,-0.5235333814946331,-73.83694575133367,16852,0.0521538528670558,-0.5378461471329441,-43.00393218349055,0.59,1.5321332705455974,9.37417226547123,1.6235872001345324,4.17000431026279,0.11265528560231661
SPX500_USD,1m,EMA 9 pullback en tendencia,Largo,Mercado hermano a favor del VWAP,,12,46693,0.0858503791868394,-0.5041496208131605,-52.27355798311254,16852,0.0941437948296196,-0.4958562051703803,-29.226445655855315,0.59,2.0840266709010864,8.901533570643316,2.2024470458325016,5.548964548055691,0.1455091172658295
SPX500_USD,1m,EMA 9 pullback en tendencia,Largo,Mercado hermano a favor del VWAP,,24,46693,0.1045770547717437,-0.4854229452282562,-37.27965414725364,16852,0.1326366599314065,-0.4573633400685934,-19.642838582374235,0.59,2.8136774845554116,8.031339416384206,3.0226149652926133,5.696478648129387,0.17724924537583678
SPX500_USD,1m,EMA 9 pullback en tendencia,Largo,(ninguna),,3,58385,0.0399916331082202,-0.5500083668917798,-120.69979758401352,20633,0.0293749874575164,-0.5606250125424835,-68.42376655570148,0.59,1.1010661127285997,8.776197439494723,1.1769192920829417,3.585190170617743,0.06778242899698339
SPX500_USD,1m,EMA 9 pullback en tendencia,Largo,(ninguna),,6,58385,0.0500336082767539,-0.539966391723246,-85.2080927685609,20633,0.0559390268698807,-0.5340609731301192,-46.37575575709964,0.59,1.531216242684033,7.8954327545936875,1.6541733957558624,4.857525222640382,0.08480272589280322
SPX500_USD,1m,EMA 9 pullback en tendencia,Largo,(ninguna),,12,58385,0.0609644345003131,-0.5290355654996869,-60.72985234353471,20633,0.1024625001041262,-0.4875374998958737,-31.23039024704522,0.59,2.10490881286617,6.998321751608775,2.2423933866454533,6.56348253134006,0.10332955000053068
SPX500_USD,1m,EMA 9 pullback en tendencia,Largo,(ninguna),,24,58385,0.0765010080078626,-0.5134989919921373,-43.6893948443894,20633,0.1424266508464141,-0.4475733491535858,-20.75127709521498,0.59,2.8399729823810986,6.508839933419929,3.0981367111951394,6.603464891389624,0.12966272543705526
SPX500_USD,1m,Barrido de swing (liquidez),Largo,Régimen 1h a favor,Mercado hermano a favor del VWAP,12,1814,0.2245301706131132,-0.3654698293868866,-9.09662791862826,746,0.1490552150532004,-0.4409447849467995,-6.392204243193675,0.59,1.711156537369685,5.588607470006655,1.884095799083674,2.1607952076089725,0.38055961120866644
SPX500_USD,1m,MACD histograma cruza 0,Largo,Sobre/bajo EMA 200,EMAs 9>21>50 alineadas,3,7361,0.068306349619723,-0.5216936503802769,-40.604827142045856,3410,0.0377112066990469,-0.552288793300953,-29.456995236207963,0.59,1.1023164633400269,5.316467848499348,1.094850890306031,2.0113731250022844,0.1157734739317339
SPX500_USD,1m,MACD histograma cruza 0,Largo,EMAs 9>21>50 alineadas,Lado del VWAP a favor,3,7145,0.0661162710757085,-0.5238837289242915,-39.867796322884,3299,0.0457998635950287,-0.5442001364049712,-28.01762964230842,0.59,1.110743539224073,5.031479092292745,1.1156254524126836,2.3579626869458403,0.11206147639950594
SPX500_USD,1m,MACD histograma cruza 0,Largo,EMAs 9>21>50 alineadas,RSI(14) a favor de 50,3,8138,0.0688871888512034,-0.5211128111487965,-42.83507104332986,3753,0.0482800283210931,-0.5417199716789068,-29.548182240896438,0.59,1.0974660678148607,5.6624737778208685,1.1231386182734926,2.6334400613032587,0.1167579472054295
SPX500_USD,1m,MACD histograma cruza 0,Largo,EMAs 9>21>50 alineadas,,3,8138,0.0688871888512034,-0.5211128111487965,-42.83507104332986,3753,0.0482800283210931,-0.5417199716789068,-29.548182240896438,0.59,1.0974660678148607,5.6624737778208685,1.1231386182734926,2.6334400613032587,0.1167579472054295
SPX500_USD,1m,MACD histograma cruza 0,Largo,(ninguna),,3,22300,0.0456189785944506,-0.5443810214055493,-71.7559711481087,10441,0.0277366758751556,-0.5622633241248444,-49.86971409490598,0.59,1.1329150889374604,6.0131304786817035,1.1520568892145002,2.4600930498001987,0.07732030270245864
SPX500_USD,1m,RSI(2) extremo,Largo,Sobre/bajo EMA 200,Día a favor (vs apertura),24,12111,0.1116257362721647,-0.4783742637278352,-21.857590257940533,5618,0.0747238055969651,-0.5152761944030348,-14.60829909510025,0.59,2.4085492347685244,5.100336265301342,2.6438164101576143,2.1184516450429736,0.18919616317316051
SPX500_USD,1m,RSI(2) extremo,Largo,Lado del VWAP a favor,Gap a favor,24,8494,0.1472801098914491,-0.4427198901085508,-18.275222324088958,3692,0.1207735964691393,-0.4692264035308606,-11.834252844068011,0.59,2.232659494307153,6.079638191820421,2.409197724321067,3.046003521430636,0.2496273049007612
SPX500_USD,1m,RSI(2) extremo,Largo,Estirado >1σ del VWAP en contra,ADX > 25,3,9181,0.0806445267293697,-0.5093554732706302,-32.777487332875765,4427,0.0922072595631211,-0.4977927404368787,-24.180651407619237,0.59,1.4889849656895326,5.18954854134497,1.3697311218569534,4.479035991547207,0.13668563852435542
SPX500_USD,1m,RSI(2) extremo,Largo,Estirado >1σ del VWAP en contra,ADX > 25,6,9181,0.1075915648337088,-0.482408435166291,-23.215180098041863,4427,0.082289343093517,-0.5077106569064829,-17.908416466530902,0.59,1.991075963731853,5.17768217254264,1.8863134216467334,2.9025820254692665,0.18235858446391323
SPX500_USD,1m,RSI(2) extremo,Largo,ADX > 25,Volatilidad alta,3,10987,0.0785016380776002,-0.5114983619223997,-36.95998701616936,5219,0.0839807963914902,-0.5060192036085097,-26.45765606859944,0.59,1.4506144507034848,5.672392601985123,1.3816857565592187,4.3910092965802985,0.13305362386033934
SPX500_USD,1m,RSI(2) extremo,Largo,ADX > 25,Volatilidad alta,6,10987,0.0978885969018072,-0.4921114030981927,-26.437301119531934,5219,0.0796494638355647,-0.5103505361644352,-19.409995079277536,0.59,1.9511285020415143,5.258789567095611,1.899489068330567,3.0292820161107548,0.165912876104758
SPX500_USD,1m,RSI(2) extremo,Largo,ADX > 25,Volatilidad alta,12,10987,0.1437973171062961,-0.4462026828937039,-17.624050462953928,5219,0.0962252743880532,-0.4937747256119467,-13.342698547282543,0.59,2.6537866917151143,5.679686093959409,2.673491641722515,2.600183367421587,0.24372426628185778
SPX500_USD,1m,RSI(2) extremo,Largo,ADX > 25,,3,18254,0.0605837990292795,-0.5294162009707204,-58.45450933266195,8396,0.0570753587320226,-0.5329246412679772,-39.54453356891442,0.59,1.2236528638545834,6.689247966480331,1.2348538471793822,4.23515496293476,0.10268440513437205
SPX500_USD,1m,RSI(2) extremo,Largo,ADX > 25,,6,18254,0.0805579601666929,-0.509442039833307,-41.51828076400224,8396,0.050522773819006,-0.5394772261809939,-28.864095933644094,0.59,1.6578088063837202,6.565276805719547,1.7125819858417362,2.703161726898061,0.1365389155367676
SPX500_USD,1m,RSI(2) extremo,Largo,ADX > 25,,12,18254,0.1096143591922489,-0.480385640807751,-28.497402456916603,8396,0.0634944455972338,-0.5265055544027661,-20.09453199712018,0.59,2.277528208901599,6.5025351376159035,2.4008292645479177,2.423319484521506,0.18578704947838798
SPX500_USD,1m,RSI(2) extremo,Largo,Gap a favor,Mercado hermano a favor del VWAP,24,8792,0.1418450991601918,-0.4481549008398081,-17.843578895718835,3965,0.0934155612094104,-0.4965844387905895,-12.91709590452265,0.59,2.354995189373544,5.647654891406961,2.4207493166919183,2.4299145701293505,0.24041542230540985
SPX500_USD,1m,RSI(2) extremo,Largo,(ninguna),,3,41650,0.0274212009022358,-0.5625787990977641,-102.650240257272,20111,0.0295905393522978,-0.5604094606477021,-70.34673824232812,0.59,1.1184868805295163,5.003375287642645,1.1297395320454668,3.7144232430686714,0.04647661169870475
SPX500_USD,1m,Martillo / estrella,Largo,Sobre/bajo EMA 200,EMAs 9>21>50 alineadas,3,17331,0.0433877904556412,-0.5466122095443587,-72.1308798507787,6904,0.0455963559112018,-0.5444036440887982,-44.57380008596118,0.59,0.9976309398399537,5.725447484891287,1.0148263940599005,3.733264600820226,0.0735386278909173
SPX500_USD,1m,Martillo / estrella,Largo,Sobre/bajo EMA 200,EMAs 9>21>50 alineadas,12,17331,0.0840084425239635,-0.5059915574760364,-34.36090822165093,6904,0.0843716087650727,-0.5056283912349272,-20.6701660336585,0.59,1.9386099938772643,5.704850882905206,2.032534275379819,3.449124281651811,0.14238719071858222
SPX500_USD,1m,Martillo / estrella,Largo,Sobre/bajo EMA 200,EMAs 9>21>50 alineadas,24,17331,0.1377852047372212,-0.4522147952627787,-22.210019039471103,6904,0.1059390142093804,-0.4840609857906195,-14.204980711013986,0.59,2.6804496111403613,6.767164746993384,2.8314560438581706,3.1088265684750165,0.23353424531732409
SPX500_USD,1m,Martillo / estrella,Largo,Sobre/bajo EMA 200,Lado del VWAP a favor,3,23691,0.0466201419612141,-0.5433798580387857,-86.73916146678924,9228,0.0473443383926636,-0.5426556616073364,-52.0928817273882,0.59,0.964228608926031,7.441924762860359,1.0006904346889265,4.544876603784662,0.07901718976476967
SPX500_USD,1m,Martillo / estrella,Largo,Sobre/bajo EMA 200,Lado del VWAP a favor,6,23691,0.059346442214343,-0.5306535577856569,-61.55126509887198,9228,0.0495115891131271,-0.5404884108868728,-37.05559955970522,0.59,1.326984325693967,6.883678708671509,1.4011554960284007,3.394488360500124,0.1005871901938017
SPX500_USD,1m,Martillo / estrella,Largo,Sobre/bajo EMA 200,Lado del VWAP a favor,12,23691,0.0867491173797539,-0.5032508826202461,-42.05007113014233,9228,0.067673675312229,-0.5223263246877708,-25.314770842413942,0.59,1.8420843243575102,7.248485163707817,1.9820824078489232,3.2798338923795627,0.14703240233856593
SPX500_USD,1m,Martillo / estrella,Largo,Sobre/bajo EMA 200,Lado del VWAP a favor,24,23691,0.1296855116105865,-0.4603144883894134,-27.50272958510311,9228,0.094321897032977,-0.4956781029670228,-17.283227264531387,0.59,2.5761464131053424,7.748410373549607,2.7550449322593,3.2888012859247198,0.21980595188235003
SPX500_USD,1m,Martillo / estrella,Largo,Sobre/bajo EMA 200,Régimen 1h a favor,3,16014,0.0486671178100021,-0.5413328821899978,-92.52658219440237,6072,0.0328225197371129,-0.557177480262887,-55.65250027722158,0.59,0.7403682737760774,8.318360521523527,0.7801439698695244,3.27840832315573,0.08248664035593577
SPX500_USD,1m,Martillo / estrella,Largo,Sobre/bajo EMA 200,Bias diario a favor,3,16890,0.0500803358530842,-0.5399196641469157,-105.12118110114326,8201,0.0319587699146826,-0.5580412300853173,-57.887050605867074,0.59,0.667503793149292,9.750532170626103,0.8730080952163807,3.3151653168524002,0.08488192517471899
SPX500_USD,1m,Martillo / estrella,Largo,Sobre/bajo EMA 200,Bias diario a favor,6,16890,0.0578125397505458,-0.5321874602494542,-75.0474371872297,8201,0.0320804383373597,-0.5579195616626402,-41.49458150273034,0.59,0.9216023977286397,8.152546366894137,1.217625139025726,2.3859431622471203,0.09798735550939967
SPX500_USD,1m,Martillo / estrella,Largo,Sobre/bajo EMA 200,Bias diario a favor,12,16890,0.0683452816246669,-0.5216547183753331,-52.34793348868384,8201,0.0391655921819747,-0.5508344078180252,-28.929618356965747,0.59,1.2950854457618903,6.858433616580905,1.724295767309387,2.05696234379644,0.11583946038079135
SPX500_USD,1m,Martillo / estrella,Largo,Sobre/bajo EMA 200,Hora: mediodía 11:00-14:00,3,13143,0.0353459312719342,-0.5546540687280658,-79.86915449453676,5037,0.042762900241339,-0.5472370997586609,-44.578108800120624,0.59,0.796141696924326,5.0897483759295525,0.8712441361806854,3.4834795016781834,0.059908358088024076
SPX500_USD,1m,Martillo / estrella,Largo,Sobre/bajo EMA 200,Hora: mediodía 11:00-14:00,24,13143,0.1013201937268769,-0.488679806273123,-26.01913340607019,5037,0.0812191443474538,-0.5087808556525462,-14.675650411076695,0.59,2.1531724737703613,5.394664570680211,2.460477392184372,2.342744928170024,0.17172914190996086
SPX500_USD,1m,Martillo / estrella,Largo,Sobre/bajo EMA 200,Hora: cierre 14:00-15:45,12,7476,0.1313160201838591,-0.4586839798161408,-19.513870014768337,2893,0.1166606102688601,-0.4733393897311397,-12.038465680387343,0.59,2.0323795233408632,5.586599623016417,2.1148312751676084,2.9670354579457956,0.2225695257353544
SPX500_USD,1m,Martillo / estrella,Largo,Sobre/bajo EMA 200,Hora: cierre 14:00-15:45,24,7476,0.1904925187683921,-0.3995074812316078,-11.98106739711394,2893,0.2305914532384203,-0.3594085467615796,-6.664898321986557,0.59,2.8831288475873196,5.712793409961128,2.9004747491952387,4.276104738190046,0.3228686758786307
SPX500_USD,1m,Martillo / estrella,Largo,Sobre/bajo EMA 200,ADX > 25,3,10777,0.0546847758736052,-0.5353152241263948,-55.38219913283369,3696,0.0421251899752265,-0.5478748100247733,-32.106806961525955,0.59,1.003432906819549,5.657532254773499,1.0374094444511277,2.468639400835109,0.09268606080272068
SPX500_USD,1m,Martillo / estrella,Largo,Sobre/bajo EMA 200,RSI(14) a favor de 50,3,19523,0.042993416669201,-0.5470065833307989,-77.93437650697516,7645,0.0500062591971877,-0.5399937408028123,-46.41263805672036,0.59,0.9807013316840822,6.125456665651277,1.0172816640543452,4.298054279738661,0.07287019774440848
SPX500_USD,1m,Martillo / estrella,Largo,Sobre/bajo EMA 200,RSI(14) a favor de 50,12,19523,0.073418859001042,-0.5165811409989579,-37.64866348738208,7645,0.075382689232137,-0.514617310767863,-22.21693570146335,0.59,1.9171772233694542,5.350799122888149,2.02529820465343,3.254403465703176,0.12443874406956272
SPX500_USD,1m,Martillo / estrella,Largo,Sobre/bajo EMA 200,RSI(14) a favor de 50,24,19523,0.1282107249602232,-0.4617892750397767,-24.479555964659944,7645,0.1081366210298806,-0.4818633789701193,-15.002612816487703,0.59,2.635806857695845,6.796480097254459,2.808314648660974,3.366788030378964,0.21730631349190374
SPX500_USD,1m,Martillo / estrella,Largo,Sobre/bajo EMA 200,Día a favor (vs apertura),3,21023,0.0480650011901028,-0.5419349988098972,-81.27814792818958,8357,0.0301655943604538,-0.5598344056395461,-51.38873566204885,0.59,0.9667646133524394,7.208676844043751,0.9959025713651111,2.7689826474795876,0.08146610371203865
SPX500_USD,1m,Martillo / estrella,Largo,Sobre/bajo EMA 200,Día a favor (vs apertura),6,21023,0.0632101945451113,-0.5267898054548886,-57.601700202890754,8357,0.0388406641933783,-0.5511593358066217,-36.25021003085026,0.59,1.326017954372509,6.9117029947264195,1.3899265219271877,2.554582936869076,0.10713592295781577
SPX500_USD,1m,Martillo / estrella,Largo,Sobre/bajo EMA 200,Día a favor (vs apertura),12,21023,0.0944330461958703,-0.4955669538041297,-38.972141929049336,8357,0.055042901791724,-0.534957098208276,-25.139419154577848,0.59,1.8437218731267433,7.426358942796925,1.9453104349080368,2.5866496290281518,0.16005601050147508
SPX500_USD,1m,Martillo / estrella,Largo,Sobre/bajo EMA 200,Día a favor (vs apertura),24,21023,0.1324155493852714,-0.4575844506147285,-25.916266838519764,8357,0.0760922086742401,-0.5139077913257598,-17.293843227684622,0.59,2.5600365177071165,7.499635765218081,2.716557396702886,2.5606280929615686,0.22443313455130745
SPX500_USD,1m,Martillo / estrella,Largo,Sobre/bajo EMA 200,Gap a favor,3,15300,0.0428073818231719,-0.547192618176828,-76.8410181689643,5707,0.0502538258251927,-0.5397461741748072,-43.1169598418662,0.59,0.8808314944527544,6.011343529084616,0.9456825547889667,4.014465120234859,0.07255488444605407
SPX500_USD,1m,Martillo / estrella,Largo,Sobre/bajo EMA 200,Gap a favor,6,15300,0.0595979339001225,-0.5304020660998774,-53.65896570309429,5707,0.057069379058886,-0.532930620941114,-30.446792477064683,0.59,1.2226682236159045,6.029319445599145,1.322309334244103,3.2604235386820384,0.10101344728834323
SPX500_USD,1m,Martillo / estrella,Largo,Sobre/bajo EMA 200,Gap a favor,12,15300,0.0853887380961499,-0.5046112619038501,-35.627989114736884,5707,0.0776585147283489,-0.512341485271651,-20.59128370763333,0.59,1.7519081916233117,6.028856787564962,1.8796631911714952,3.1211380593882487,0.14472667473923712
SPX500_USD,1m,Martillo / estrella,Largo,Sobre/bajo EMA 200,Gap a favor,24,15300,0.1492709809346915,-0.4407290190653083,-22.05576604877193,5707,0.1382519548361661,-0.4517480451638338,-13.039279187241744,0.59,2.4716969166196425,7.470090897006243,2.617258590773525,3.990511650442063,0.253001662601172
SPX500_USD,1m,Martillo / estrella,Largo,Sobre/bajo EMA 200,Mercado hermano a favor del VWAP,3,21761,0.0452036447622754,-0.5447963552377245,-82.49765935295608,8641,0.044832141100567,-0.5451678588994329,-50.045476694722375,0.59,0.9741638089352477,6.845117173155428,1.0126221333082341,4.115513847702486,0.07661634705470406
SPX500_USD,1m,Martillo / estrella,Largo,Sobre/bajo EMA 200,Mercado hermano a favor del VWAP,6,21761,0.0593206183797849,-0.530679381620215,-58.26427007757767,8641,0.0540205703097876,-0.5359794296902123,-35.13209580026627,0.59,1.3435979384261678,6.512920324690916,1.4181627259734197,3.5409117331338793,0.10054342098268627
SPX500_USD,1m,Martillo / estrella,Largo,Sobre/bajo EMA 200,Mercado hermano a favor del VWAP,12,21761,0.0842686999310334,-0.5057313000689665,-39.56721181989504,8641,0.0722943590603662,-0.5177056409396337,-24.04236404012414,0.59,1.8854881609156875,6.592982280320951,2.0016481102435475,3.357365964608918,0.14282830496785323
SPX500_USD,1m,Martillo / estrella,Largo,Sobre/bajo EMA 200,Mercado hermano a favor del VWAP,24,21761,0.1333569248427878,-0.4566430751572121,-25.69099216921712,8641,0.1112488308599626,-0.4787511691400373,-16.004228928094125,0.59,2.622016521129163,7.502734407321115,2.780718941103385,3.718950201758927,0.22602868617421662
SPX500_USD,1m,Martillo / estrella,Largo,Sobre/bajo EMA 200,,3,26076,0.0436909431730206,-0.5463090568269793,-90.26389177533012,10238,0.0382685421919259,-0.5517314578080741,-54.87206799768612,0.59,0.9773381062286258,7.21883431520821,1.0173818397174468,3.8059712195314828,0.07405244605596713
SPX500_USD,1m,Martillo / estrella,Largo,Sobre/bajo EMA 200,,6,26076,0.0546395772438616,-0.5353604227561383,-64.13566372277373,10238,0.0441389342820558,-0.5458610657179441,-38.90908470074661,0.59,1.3479294279518934,6.545768800065166,1.419510687946042,3.1462319634802656,0.09260945295569763
SPX500_USD,1m,Martillo / estrella,Largo,Sobre/bajo EMA 200,,12,26076,0.0795666360657609,-0.5104333639342391,-42.99331470442705,10238,0.0600208566393277,-0.5299791433606722,-26.74152377994466,0.59,1.9171611085050242,6.7018217578516115,2.005303865337134,3.028513829686559,0.13485870519620494
SPX500_USD,1m,Martillo / estrella,Largo,Sobre/bajo EMA 200,,24,26076,0.1209037278689276,-0.4690962721310723,-28.70912838093052,10238,0.0844895634294417,-0.5055104365705582,-18.340354549165884,0.59,2.6385325761195606,7.399420654854981,2.788880860665992,3.065354218030897,0.20492157265919933
SPX500_USD,1m,Martillo / estrella,Largo,EMAs 9>21>50 alineadas,Lado del VWAP a favor,3,16863,0.0475095079185939,-0.542490492081406,-70.55708753352496,6651,0.0436772570325421,-0.5463227429674579,-43.62441748394529,0.59,0.998432950708388,6.17915439591503,1.0213230023614546,3.487672662118513,0.08052458969253204
SPX500_USD,1m,Martillo / estrella,Largo,EMAs 9>21>50 alineadas,Lado del VWAP a favor,6,16863,0.0563395283636882,-0.5336604716363117,-50.713056615339205,6651,0.0444299046607183,-0.5455700953392817,-30.441178646049316,0.59,1.3665095408392995,5.353871690793634,1.4616135724259887,2.4790557190689984,0.09549072604014949
SPX500_USD,1m,Martillo / estrella,Largo,EMAs 9>21>50 alineadas,Lado del VWAP a favor,12,16863,0.096077121421761,-0.4939228785782389,-34.114465281209746,6651,0.0769209253072846,-0.5130790746927154,-20.4315200578164,0.59,1.8801305002864954,6.63589350729388,2.047986542007206,3.063097884517753,0.16284257868095087
SPX500_USD,1m,Martillo / estrella,Largo,EMAs 9>21>50 alineadas,Lado del VWAP a favor,24,16863,0.1429019772567437,-0.4470980227432563,-21.829204894729923,6651,0.0953095120212186,-0.4946904879787813,-14.249639577621418,0.59,2.659697542168062,6.9770752334344674,2.831216977924193,2.745405920721068,0.24220674111312493
SPX500_USD,1m,Martillo / estrella,Largo,EMAs 9>21>50 alineadas,Régimen 15m a favor,24,11468,0.1191521475944612,-0.4708478524055387,-22.4822198766333,4407,0.0700033493855655,-0.5199966506144345,-15.21202387883523,0.59,2.2427726177905036,5.68932143856207,2.269264259198003,2.0478836184682687,0.2019527925329851
SPX500_USD,1m,Martillo / estrella,Largo,EMAs 9>21>50 alineadas,Régimen 1h a favor,3,11750,0.0464885150016622,-0.5435114849983378,-77.61292309266243,4470,0.040582534824175,-0.5494174651758249,-45.78005049015612,0.59,0.759090608951152,6.6385157243312465,0.8023797416184407,3.3815279109751155,0.07879409322315628
SPX500_USD,1m,Martillo / estrella,Largo,EMAs 9>21>50 alineadas,Bias diario a favor,3,12826,0.0477033478596941,-0.5422966521403058,-87.97495520752217,6237,0.0393934814100829,-0.5506065185899169,-48.46800724602389,0.59,0.6981094015175073,7.738753087709724,0.8971685819082146,3.4676733347068107,0.08085313196558322
SPX500_USD,1m,Martillo / estrella,Largo,EMAs 9>21>50 alineadas,Bias diario a favor,6,12826,0.0597879661704009,-0.530212033829599,-63.11293162278251,6237,0.0390890787212401,-0.5509109212787597,-33.92875478576496,0.59,0.9514300067949065,7.116763822811401,1.2823345185621902,2.407365175582246,0.10133553588203544
SPX500_USD,1m,Martillo / estrella,Largo,EMAs 9>21>50 alineadas,Bias diario a favor,12,12826,0.0783281348600377,-0.5116718651399622,-44.48448668190323,6237,0.0624349036621172,-0.5275650963378827,-23.33441503288785,0.59,1.3026524833634676,6.80980743595615,1.7855294136511204,2.761520738773708,0.1327595506102334
SPX500_USD,1m,Martillo / estrella,Largo,EMAs 9>21>50 alineadas,Bias diario a favor,24,12826,0.1149030310974168,-0.4750969689025831,-29.165772943691604,6237,0.0685115078425625,-0.5214884921574374,-16.50886001677447,0.59,1.8448216512572437,7.053793088324991,2.4946838535307685,2.168881786502678,0.19475090016511323
SPX500_USD,1m,Martillo / estrella,Largo,EMAs 9>21>50 alineadas,RSI(14) a favor de 50,3,18438,0.0457781779169971,-0.5442218220830028,-73.1351603941132,7273,0.0471738062386137,-0.5428261937613863,-44.75656916319674,0.59,1.0104309471146715,6.151892938977388,1.034334002494023,3.8895280770806915,0.07759013206270696
SPX500_USD,1m,Martillo / estrella,Largo,EMAs 9>21>50 alineadas,RSI(14) a favor de 50,12,18438,0.0784331517333851,-0.5115668482666148,-35.674205147996226,7273,0.0702187275765244,-0.5197812724234755,-21.36330437838047,0.59,1.9471750335443705,5.4695497857641335,2.074956485742971,2.886029431737022,0.1329375453108222
SPX500_USD,1m,Martillo / estrella,Largo,EMAs 9>21>50 alineadas,RSI(14) a favor de 50,24,18438,0.119679931084496,-0.4703200689155039,-23.737417748024576,7273,0.1007016298778444,-0.4892983701221555,-14.556911780056426,0.59,2.6904005510169893,6.040338713927724,2.8665618245504407,2.9959321995568997,0.20284734082117967
SPX500_USD,1m,Martillo / estrella,Largo,EMAs 9>21>50 alineadas,Día a favor (vs apertura),3,14276,0.0471662295302211,-0.5428337704697788,-64.12470789151152,5786,0.0298303893557725,-0.5601696106442274,-41.67409250084849,0.59,1.011450719756525,5.5717253706451135,1.0224512443723455,2.219246424166227,0.07994276191562899
SPX500_USD,1m,Martillo / estrella,Largo,EMAs 9>21>50 alineadas,Día a favor (vs apertura),6,14276,0.0606783254703041,-0.5293216745296958,-45.72820894354144,5786,0.0455067407454415,-0.5444932592545584,-28.58334459467616,0.59,1.3830527860828388,5.242013087628839,1.4490009732722713,2.3888906428122234,0.1028446194411934
SPX500_USD,1m,Martillo / estrella,Largo,EMAs 9>21>50 alineadas,Día a favor (vs apertura),12,14276,0.0991273315121861,-0.4908726684878138,-30.724265609910056,5786,0.084549324676482,-0.505450675323518,-19.117126636841007,0.59,1.9089326681427248,6.204489795621249,2.01115423925438,3.1978197395129415,0.16801242629184085
SPX500_USD,1m,Martillo / estrella,Largo,EMAs 9>21>50 alineadas,Día a favor (vs apertura),24,14276,0.1469281111888506,-0.4430718888111493,-19.75042004293797,5786,0.1089358970940092,-0.4810641029059907,-13.123756443526371,0.59,2.680409384616456,6.549483244991351,2.7882647202291997,2.971845483341354,0.24903069693025526
SPX500_USD,1m,Martillo / estrella,Largo,EMAs 9>21>50 alineadas,Gap a favor,3,11167,0.0458261266629634,-0.5441738733370366,-62.69866325260491,4224,0.0538356376416755,-0.5361643623583244,-35.99062924811212,0.59,0.9171654010765202,5.279997854716574,0.9682119956209796,3.6137770630162613,0.07767140112366679
SPX500_USD,1m,Martillo / estrella,Largo,EMAs 9>21>50 alineadas,Gap a favor,6,11167,0.0631445229421789,-0.526855477057821,-44.2354856184012,4224,0.0612693844419537,-0.5287306155580462,-24.183358609714084,0.59,1.258603566192755,5.301698014203257,1.4209532747945017,2.8023712872997724,0.10702461515623543
SPX500_USD,1m,Martillo / estrella,Largo,EMAs 9>21>50 alineadas,Gap a favor,12,11167,0.1025191401265307,-0.4874808598734692,-28.9272529965174,4224,0.1051144455418442,-0.4848855544581557,-16.198439510245148,0.59,1.7808142928419977,6.083514959326453,1.9454856074400424,3.511529622005802,0.17376125445174695
SPX500_USD,1m,Martillo / estrella,Largo,EMAs 9>21>50 alineadas,Gap a favor,24,11167,0.182890203268769,-0.4071097967312309,-16.978914970705382,4224,0.1788839571403734,-0.4111160428596265,-9.784960391594144,0.59,2.533785684178008,7.6276160269499,2.730657979012575,4.257611605557883,0.30998339537079495
SPX500_USD,1m,Martillo / estrella,Largo,EMAs 9>21>50 alineadas,Mercado hermano a favor del VWAP,3,15728,0.046264795902908,-0.543735204097092,-68.19628571437012,6318,0.0446027687509892,-0.5453972312490107,-42.368569949616216,0.59,0.99991591522321,5.8026171859719184,1.0231962363490117,3.4649158805686,0.07841490831001356
SPX500_USD,1m,Martillo / estrella,Largo,EMAs 9>21>50 alineadas,Mercado hermano a favor del VWAP,12,15728,0.0867846499624475,-0.5032153500375525,-32.818238037489344,6318,0.0758000029986249,-0.514199997001375,-20.008620234199743,0.59,1.9229826676618753,5.659841855490402,2.0427007070174645,2.9495400283843867,0.14709262705499576
SPX500_USD,1m,Martillo / estrella,Largo,EMAs 9>21>50 alineadas,Mercado hermano a favor del VWAP,24,15728,0.1304905096851554,-0.4595094903148445,-21.28030621632106,6318,0.0965185114083768,-0.4934814885916231,-13.89147760456972,0.59,2.708029322593719,6.043135262606367,2.8236589086752764,2.716990952350453,0.2211703553985685
SPX500_USD,1m,Martillo / estrella,Largo,EMAs 9>21>50 alineadas,,3,19844,0.0434168435181131,-0.5465831564818868,-76.50921829401932,7864,0.044289977965253,-0.5457100220347469,-46.79201708383908,0.59,1.0063686255298812,6.077371245293164,1.0342175786520489,3.7976531892628826,0.07358787036968321
SPX500_USD,1m,Martillo / estrella,Largo,EMAs 9>21>50 alineadas,,6,19844,0.0519129040500277,-0.5380870959499723,-54.64492103287297,7864,0.047266249011516,-0.5427337509884839,-32.17658417042656,0.59,1.3871307001211985,5.271965382096098,1.4957831765798717,2.8022330230420045,0.08798797296614864
SPX500_USD,1m,Martillo / estrella,Largo,EMAs 9>21>50 alineadas,,12,19844,0.0855097248774818,-0.5044902751225181,-36.27388018004253,7864,0.0774800328732992,-0.5125199671267008,-21.91018428035177,0.59,1.9591757382270825,6.148323698967034,2.0743713793490377,3.3122647061319896,0.14493173708047763
SPX500_USD,1m,Martillo / estrella,Largo,EMAs 9>21>50 alineadas,,24,19844,0.1263588288454633,-0.4636411711545366,-24.06164550923013,7864,0.100572805317348,-0.4894271946826519,-15.067176091663782,0.59,2.7143839529077893,6.557660397306738,2.8805670288850886,3.0961666703699704,0.2141675065177344
SPX500_USD,1m,Martillo / estrella,Largo,Lado del VWAP a favor,Régimen 15m a favor,3,16574,0.047988462580463,-0.542011537419537,-87.3348970682715,6224,0.0291606442174445,-0.5608393557825554,-52.45262390405956,0.59,0.7989771989496489,7.732432154272194,0.8435407266558023,2.727255653811022,0.08133637725502203
SPX500_USD,1m,Martillo / estrella,Largo,Lado del VWAP a favor,Régimen 1h a favor,3,16296,0.0506541383693659,-0.539345861630634,-92.09556809924398,6112,0.0503105043740796,-0.5396894956259203,-52.7445951543125,0.59,0.747599715693017,8.649406589679668,0.7999404808188746,4.916914645786278,0.08585447181248458
SPX500_USD,1m,Martillo / estrella,Largo,Lado del VWAP a favor,Régimen 1h a favor,6,16296,0.0610611381399672,-0.5289388618600327,-64.65647163720489,6112,0.0391346996367289,-0.550865300363271,-38.877229384453074,0.59,1.0443209329234704,7.4639963726600875,1.1077500601449175,2.7619250906990414,0.10349345447452069
SPX500_USD,1m,Martillo / estrella,Largo,Lado del VWAP a favor,Régimen 1h a favor,12,16296,0.0854537357111216,-0.5045462642888784,-44.4262254571337,6112,0.0393968152750225,-0.5506031847249775,-28.009434661011987,0.59,1.4497799413005248,7.524358413806391,1.5368307749758179,2.004133927864735,0.1448368401883417
SPX500_USD,1m,Martillo / estrella,Largo,Lado del VWAP a favor,Régimen 1h a favor,24,16296,0.115627065966629,-0.4743729340333709,-29.94548610074949,6112,0.0693879252328922,-0.5206120747671077,-18.82732537081361,0.59,2.0222229856668474,7.299127855659983,2.1618088049103883,2.50933297263563,0.1959780779095407
SPX500_USD,1m,Martillo / estrella,Largo,Lado del VWAP a favor,Bias diario a favor,3,17160,0.0487621494106479,-0.541237850589352,-104.7066540541466,8251,0.0414607207885786,-0.5485392792114213,-56.59765669036064,0.59,0.6771307253035014,9.433415463677782,0.880364607295914,4.277869844982308,0.08264771086550492
SPX500_USD,1m,Martillo / estrella,Largo,Lado del VWAP a favor,Bias diario a favor,6,17160,0.0569613974689047,-0.5330386025310951,-75.75380660849082,8251,0.0435446449199339,-0.546455355080066,-40.01703810794714,0.59,0.9217493553073127,8.09517859967199,1.2404036598580033,3.188783308570027,0.09654474147271982
SPX500_USD,1m,Martillo / estrella,Largo,Lado del VWAP a favor,Bias diario a favor,12,17160,0.0735343808616513,-0.5164656191383485,-52.16625647852178,8251,0.0540655346700399,-0.53593446532996,-27.99523559093239,0.59,1.2969116322050087,7.427432204331555,1.738925010525212,2.8241836984781754,0.1246345438333073
SPX500_USD,1m,Martillo / estrella,Largo,Lado del VWAP a favor,Hora: mediodía 11:00-14:00,3,13272,0.0387245440353752,-0.5512754559646248,-79.20676015599749,5096,0.0427780031596472,-0.5472219968403527,-45.00364012759198,0.59,0.8018157710474689,5.563907549980152,0.8680217611605135,3.518071040070792,0.06563482039894103
SPX500_USD,1m,Martillo / estrella,Largo,Lado del VWAP a favor,Hora: mediodía 11:00-14:00,6,13272,0.0476831915581204,-0.5423168084418795,-58.0346108247276,5096,0.0506065284812843,-0.5393934715187156,-31.35626164241502,0.59,1.0765499252454591,5.102691677410964,1.2279936350197251,2.941881264164353,0.08081896874257695
SPX500_USD,1m,Martillo / estrella,Largo,Lado del VWAP a favor,Hora: mediodía 11:00-14:00,12,13272,0.0774450089429932,-0.5125549910570067,-38.34583457740727,5096,0.0550816175140428,-0.5349183824859571,-22.552500546006076,0.59,1.5398926957175412,5.793902222373544,1.6931971560651569,2.32227616349109,0.13126272702202238
SPX500_USD,1m,Martillo / estrella,Largo,Lado del VWAP a favor,Hora: cierre 14:00-15:45,12,7598,0.1484755365181421,-0.4415244634818578,-18.999377559187625,2844,0.101862954355661,-0.4881370456443389,-11.9111720025349,0.59,2.025652959539917,6.389097343248443,2.1855063278698004,2.4855871539417365,0.2516534517256646
SPX500_USD,1m,Martillo / estrella,Largo,Lado del VWAP a favor,Hora: cierre 14:00-15:45,24,7598,0.2044385491813224,-0.3855614508186775,-11.560720507470965,2844,0.1977154910145262,-0.3922845089854737,-7.022073443588582,0.59,2.9070891392095812,6.1299098315448965,2.9792063647077605,3.539198380353563,0.3465060155615634
SPX500_USD,1m,Martillo / estrella,Largo,Lado del VWAP a favor,ADX > 25,3,10975,0.057479773588767,-0.5325202264112329,-55.15219869515226,3740,0.046148616362383,-0.543851383637617,-31.72541374108337,0.59,1.0115224865486867,5.953080721992971,1.0483559014965755,2.6920662367031687,0.09742334506570678
SPX500_USD,1m,Martillo / estrella,Largo,Lado del VWAP a favor,RSI(14) a favor de 50,3,19556,0.0441686201495464,-0.5458313798504535,-76.43811279988664,7651,0.0495751774431038,-0.5404248225568962,-45.88432738234666,0.59,0.9985930930038603,6.185364370460659,1.0302201022773965,4.209139878281254,0.07486206805007865
SPX500_USD,1m,Martillo / estrella,Largo,Lado del VWAP a favor,RSI(14) a favor de 50,12,19556,0.0793799222625089,-0.510620077737491,-37.75284103967536,7651,0.0670630619925091,-0.5229369380074909,-22.146363309944995,0.59,1.891421242359943,5.8689771859283315,2.065408692029463,2.8401186216113024,0.13454224112289645
SPX500_USD,1m,Martillo / estrella,Largo,Lado del VWAP a favor,RSI(14) a favor de 50,24,19556,0.1289097362072781,-0.4610902637927218,-24.21948707956639,7651,0.0897535893234953,-0.5002464106765047,-15.470568194154106,0.59,2.662324720887856,6.7711854612180735,2.828373878654952,2.7757101193818765,0.21849107831742054
SPX500_USD,1m,Martillo / estrella,Largo,Lado del VWAP a favor,Día a favor (vs apertura),3,21484,0.0503059490902023,-0.5396940509097977,-80.71348597449334,8392,0.0360339722028792,-0.5539660277971208,-50.227084440757984,0.59,0.9800745187920884,7.523463542873577,1.0103640862807222,3.2671342171776163,0.08526432049186831
SPX500_USD,1m,Martillo / estrella,Largo,Lado del VWAP a favor,Día a favor (vs apertura),6,21484,0.0643814362487054,-0.5256185637512946,-57.53178474763003,8392,0.0404663376858168,-0.5495336623141831,-35.425452197429784,0.59,1.339122848484239,7.046895196335542,1.421057449900022,2.608645128775318,0.10912107838763628
SPX500_USD,1m,Martillo / estrella,Largo,Lado del VWAP a favor,Día a favor (vs apertura),12,21484,0.0961723547811016,-0.4938276452188983,-38.90420334784837,8392,0.06488249481463,-0.5251175051853699,-24.21594992126532,0.59,1.8605290011715594,7.576547977962838,1.9864961323211703,2.992075544393052,0.1630039911544095
SPX500_USD,1m,Martillo / estrella,Largo,Lado del VWAP a favor,Día a favor (vs apertura),24,21484,0.1253200339951388,-0.4646799660048611,-26.07118928868583,8392,0.087333570103968,-0.5026664298960319,-16.58092463196081,0.59,2.6124661860299563,7.031166753415893,2.777179012686013,2.88077989221096,0.2124068372798963
SPX500_USD,1m,Martillo / estrella,Largo,Lado del VWAP a favor,Gap a favor,3,15011,0.0448441203338905,-0.5451558796661095,-75.66599010558417,5564,0.0526418569360509,-0.537358143063949,-41.6011806017195,0.59,0.8827237134982956,6.224228504250923,0.9635000455171999,4.075426093144576,0.07600698361676356
SPX500_USD,1m,Martillo / estrella,Largo,Lado del VWAP a favor,Gap a favor,6,15011,0.0687195438189078,-0.5212804561810922,-52.58123242929797,5564,0.0498730284459808,-0.5401269715540191,-29.289430465820644,0.59,1.21463416868842,6.931697252662857,1.3755567056004792,2.704461498350406,0.11647380308289458
SPX500_USD,1m,Martillo / estrella,Largo,Lado del VWAP a favor,Gap a favor,12,15011,0.1015686315712227,-0.4884313684287772,-34.435786976172885,5564,0.0896476125820003,-0.5003523874179996,-19.359216145983744,0.59,1.7377942171741914,7.160874559509439,1.9278878585786436,3.468570456717926,0.1721502230020724
SPX500_USD,1m,Martillo / estrella,Largo,Lado del VWAP a favor,Gap a favor,24,15011,0.1690926287844643,-0.4209073712155357,-21.19837693553553,5564,0.1501801831528576,-0.4398198168471423,-12.433263438150906,0.59,2.43270100036882,8.516100042729201,2.6386586925585647,4.245442585362587,0.2865976759058717
SPX500_USD,1m,Martillo / estrella,Largo,Lado del VWAP a favor,Mercado hermano a favor del VWAP,3,22933,0.0484140983551268,-0.5415859016448731,-82.81324387257753,9034,0.045970201439527,-0.544029798560473,-50.338403464614345,0.59,0.9903711696499232,7.402941106437911,1.0272195921101586,4.25356580381374,0.08205779382224881
SPX500_USD,1m,Martillo / estrella,Largo,Lado del VWAP a favor,Mercado hermano a favor del VWAP,6,22933,0.0584956594004818,-0.5315043405995181,-59.20349641948613,9034,0.0433131655629081,-0.5466868344370918,-35.95927647856456,0.59,1.3595334430500354,6.515746527988081,1.4449995550350625,2.8489987274747133,0.09914518542454542
SPX500_USD,1m,Martillo / estrella,Largo,Lado del VWAP a favor,Mercado hermano a favor del VWAP,12,22933,0.0863590612250564,-0.5036409387749435,-40.23159148292749,9034,0.0656181033111025,-0.5243818966888975,-24.48960345533141,0.59,1.895763893771615,6.898490977533784,2.0351947808926787,3.0644866646364006,0.14637129021196002
SPX500_USD,1m,Martillo / estrella,Largo,Lado del VWAP a favor,Mercado hermano a favor del VWAP,24,22933,0.1266160995822068,-0.4633839004177931,-26.27510989381523,9034,0.0985721692010737,-0.4914278307989262,-16.642658274789493,0.59,2.6707106312928515,7.1794724155267415,2.8065778624158786,3.3382377321837753,0.21460355861390984
SPX500_USD,1m,Martillo / estrella,Largo,Lado del VWAP a favor,,3,26505,0.0473793039859814,-0.5426206960140185,-89.63743429376159,10367,0.0455671155695355,-0.5444328844304644,-54.06138178387041,0.59,0.9855322517373111,7.826755004231988,1.0253774367915698,4.524747314210105,0.08030390506098542
SPX500_USD,1m,Martillo / estrella,Largo,Lado del VWAP a favor,,6,26505,0.0593844298798281,-0.5306155701201719,-64.04363318069842,10367,0.0442743736510682,-0.5457256263489316,-38.28516610622379,0.59,1.3488632812350587,7.167514219394812,1.4513439990763635,3.1060512236168374,0.10065157606750526
SPX500_USD,1m,Martillo / estrella,Largo,Lado del VWAP a favor,,12,26505,0.0922534538921017,-0.4977465461078982,-43.05077864507515,10367,0.0594090200199551,-0.5305909799800448,-26.352050311316045,0.59,1.8823099961454253,7.979127236156819,2.0500856278101507,2.950576891772111,0.1563617862577995
SPX500_USD,1m,Martillo / estrella,Largo,Lado del VWAP a favor,,24,26505,0.1267719930128159,-0.463228006987184,-28.54761665529752,10367,0.0757117121937397,-0.5142882878062602,-18.499716046546908,0.59,2.6417326094495963,7.812649936034741,2.830532337225614,2.723463104626856,0.21486778476748455
SPX500_USD,1m,Martillo / estrella,Largo,Régimen 15m a favor,Régimen 1h a favor,3,19373,0.0436053170962405,-0.5463946829037594,-95.70521967687958,7290,0.0339914580922067,-0.5560085419077931,-59.0602343363678,0.59,0.7946379082348858,7.637805751690957,0.8038038129843357,3.6106342421866584,0.07390731711227204
SPX500_USD,1m,Martillo / estrella,Largo,Régimen 15m a favor,Régimen 1h a favor,6,19373,0.0557094962473948,-0.5342905037526051,-67.12416106917779,7290,0.0290947305812757,-0.5609052694187242,-42.77936896217639,0.59,1.1078909727126571,6.998913836066194,1.1194866273527568,2.2190096657165777,0.09442287499558441
SPX500_USD,1m,Martillo / estrella,Largo,Régimen 15m a favor,Bias diario a favor,3,16248,0.0456952874969227,-0.5443047125030773,-108.0352411904894,7393,0.0214116909048255,-0.5685883090951744,-62.34801030335966,0.59,0.6422093197224172,9.069738498673917,0.7841256858156416,2.347878603538003,0.07744963982529271
SPX500_USD,1m,Martillo / estrella,Largo,Régimen 15m a favor,Hora: mediodía 11:00-14:00,3,11881,0.0499999270516607,-0.5400000729483392,-80.42839244251192,4468,0.0400841421812052,-0.5499158578187947,-48.58255425996402,0.59,0.7318312123848619,7.447061503254012,0.756610704464765,3.541250874646004,0.08474563907061136
SPX500_USD,1m,Martillo / estrella,Largo,Régimen 15m a favor,Hora: mediodía 11:00-14:00,6,11881,0.063862079061369,-0.526137920938631,-58.15361625194589,4468,0.0348688875230807,-0.5551311124769192,-34.15813904628003,0.59,0.9861645255877239,7.058626057899109,1.0863204327673002,2.1455405428244854,0.10824081196842203
SPX500_USD,1m,Martillo / estrella,Largo,Régimen 15m a favor,Hora: cierre 14:00-15:45,3,6759,0.0626011924783159,-0.527398807521684,-48.407681835778,2523,0.0429260761927764,-0.5470739238072235,-29.211962086930345,0.59,0.8957072329775846,5.745895828378454,0.9406843344723332,2.29211237405995,0.1061037160649422
SPX500_USD,1m,Martillo / estrella,Largo,Régimen 15m a favor,Hora: cierre 14:00-15:45,6,6759,0.0800590983578608,-0.5099409016421391,-32.529261527243285,2523,0.0571966424519421,-0.5328033575480579,-21.4763199625234,0.59,1.2888039741682025,5.106990515433766,1.2461367744790601,2.3054910909962887,0.13569338704722173
SPX500_USD,1m,Martillo / estrella,Largo,Régimen 15m a favor,Hora: cierre 14:00-15:45,12,6759,0.1352439730243934,-0.4547560269756066,-20.85373988394753,2523,0.0750315844233055,-0.5149684155766944,-14.862383607082448,0.59,1.7928160629569962,6.2018807163024166,1.7404067224966484,2.1654690979398117,0.22922707292270067
SPX500_USD,1m,Martillo / estrella,Largo,Régimen 15m a favor,Hora: cierre 14:00-15:45,24,6759,0.1666108238783473,-0.4233891761216526,-13.372671794825566,2523,0.1434810485718886,-0.4465189514281114,-8.764978457946137,0.59,2.6029317958483342,5.262373227393143,2.558866734204815,2.816472393464803,0.28239122691245305
SPX500_USD,1m,Martillo / estrella,Largo,Régimen 15m a favor,ADX > 25,3,10073,0.0466526243190335,-0.5433473756809664,-62.16070995172065,3239,0.0401040737037858,-0.5498959262962141,-32.82733174233991,0.59,0.8772856484486524,5.337212211888514,0.9533456567875188,2.3941070823359007,0.07907224460853135
SPX500_USD,1m,Martillo / estrella,Largo,Régimen 15m a favor,RSI(14) a favor de 50,3,14343,0.0412362417915097,-0.5487637582084902,-80.9216131245077,5427,0.0289666530987999,-0.5610333469012,-48.40513495281371,0.59,0.8121586783206675,6.0807645458492985,0.8538412875168128,2.4992003775234948,0.06989193523984695
SPX500_USD,1m,Martillo / estrella,Largo,Régimen 15m a favor,Día a favor (vs apertura),3,16056,0.0489262313348592,-0.5410737686651407,-84.43160515896032,6093,0.0247166037422554,-0.5652833962577445,-50.84843869710961,0.59,0.8120263340262839,7.634671065596096,0.8677691290119763,2.223310853474595,0.08292581582179527
SPX500_USD,1m,Martillo / estrella,Largo,Régimen 15m a favor,Gap a favor,3,17009,0.043609965421569,-0.5463900345784308,-85.10498264001741,6097,0.0437097009799901,-0.5462902990200098,-47.71226691434989,0.59,0.8373117253245701,6.792630017489161,0.8940288521437821,3.8175470507985723,0.07391519562977797
SPX500_USD,1m,Martillo / estrella,Largo,Régimen 15m a favor,Gap a favor,6,17009,0.0673911447730797,-0.5226088552269202,-57.66156822532502,6097,0.0460879197761194,-0.5439120802238806,-34.46804990658616,0.59,1.1820332823383326,7.435540085573973,1.2321684630396226,2.9206204029889404,0.11422227927640627
SPX500_USD,1m,Martillo / estrella,Largo,Régimen 15m a favor,Gap a favor,12,17009,0.1039422574767402,-0.4860577425232597,-38.74674684909283,6097,0.0489417863357491,-0.5410582136642508,-24.695471836052157,0.59,1.6360328165584057,8.285896890494964,1.710742968220478,2.2338455928340943,0.17617331775718678
SPX500_USD,1m,Martillo / estrella,Largo,Régimen 15m a favor,Gap a favor,24,17009,0.1546390041611701,-0.4353609958388298,-24.719490163373997,6097,0.0857147622229682,-0.5042852377770317,-16.538413398783728,0.59,2.2969386690216997,8.780293546671134,2.3808964585850547,2.8110800511846046,0.2621000070528307
SPX500_USD,1m,Martillo / estrella,Largo,Régimen 15m a favor,Mercado hermano a favor del VWAP,3,16074,0.049300822805851,-0.540699177194149,-84.74622312548314,6205,0.0328112999534145,-0.5571887000465854,-52.55351473219748,0.59,0.8089046622144339,7.7271405358072895,0.8351633479149867,3.0947309867198496,0.08356071662008645
SPX500_USD,1m,Martillo / estrella,Largo,Régimen 15m a favor,Mercado hermano a favor del VWAP,24,16074,0.1240301850098081,-0.4659698149901918,-26.46953284413897,6205,0.0614175383070608,-0.5285824616929391,-18.795179435623663,0.59,2.23189361566795,7.04556593617733,2.215323558080213,2.1838667315565945,0.2102206525589968
SPX500_USD,1m,Martillo / estrella,Largo,Régimen 15m a favor,,3,24015,0.0476611755104231,-0.5423388244895768,-96.79697117138736,9268,0.0324766433182388,-0.5575233566817611,-59.48408986231768,0.59,0.8682608573095512,8.506596289171851,0.9023089347118369,3.4650450898889744,0.08078165340749678
SPX500_USD,1m,Martillo / estrella,Largo,Régimen 15m a favor,,6,24015,0.0624557441109397,-0.5275442558890602,-66.93939496154317,9268,0.0293479527591578,-0.5606520472408422,-43.61906993551647,0.59,1.2212889044178463,7.924927010367176,1.2373997494953275,2.283288556897083,0.10585719340837238
SPX500_USD,1m,Martillo / estrella,Largo,Régimen 1h a favor,Bias diario a favor,3,18374,0.0517289425455552,-0.5382710574544448,-111.08525551030108,8317,0.0352765443707166,-0.5547234556292834,-64.59466933077505,0.59,0.6568201480874546,10.675518812261254,0.7831829082977215,4.1077706299148655,0.08767617380602577
SPX500_USD,1m,Martillo / estrella,Largo,Régimen 1h a favor,Bias diario a favor,6,18374,0.0626299363868441,-0.5273700636131557,-78.29105283359632,8317,0.0293852317730251,-0.5606147682269749,-46.75884896313802,0.59,0.9130723592370268,9.297766401514926,1.0934125971435527,2.4509158375674267,0.10615243455397305
SPX500_USD,1m,Martillo / estrella,Largo,Régimen 1h a favor,Hora: mediodía 11:00-14:00,3,13062,0.0528292687339706,-0.5371707312660293,-88.53136285180362,4878,0.045612530710268,-0.5443874692897319,-52.26191651185663,0.59,0.6934577900419934,8.706816822389987,0.7275179049638599,4.378863229502123,0.0895411334474078
SPX500_USD,1m,Martillo / estrella,Largo,Régimen 1h a favor,Hora: mediodía 11:00-14:00,6,13062,0.0670840383543389,-0.522915961645661,-63.33263488550665,4878,0.0333321271445136,-0.5566678728554864,-36.76802619208075,0.59,0.943646169923889,8.124840738022103,1.0574180976683039,2.2015937754780435,0.11370175992260832
SPX500_USD,1m,Martillo / estrella,Largo,Régimen 1h a favor,Hora: cierre 14:00-15:45,3,7218,0.0606985496463918,-0.5293014503536081,-53.13724903296055,2735,0.0558688817555987,-0.5341311182444013,-32.78819995617107,0.59,0.8462768406582795,6.093604969994117,0.8519399241683294,3.4295700133540183,0.10287889770574882
SPX500_USD,1m,Martillo / estrella,Largo,Régimen 1h a favor,Hora: cierre 14:00-15:45,6,7218,0.0831424737445665,-0.5068575262554335,-36.3596864759328,2735,0.0735661313128427,-0.5164338686871572,-23.323657143348807,0.59,1.1843340315538533,5.96426830340177,1.1579684666419134,3.3224606830399965,0.140919447024689
SPX500_USD,1m,Martillo / estrella,Largo,Régimen 1h a favor,ADX > 25,3,11445,0.0444683109948394,-0.5455316890051605,-70.28678122384109,3693,0.0422689859827714,-0.5477310140172285,-36.70216119211253,0.59,0.8303366858257497,5.729336185745276,0.9069124170747106,2.8323448869339067,0.07537001863532103
SPX500_USD,1m,Martillo / estrella,Largo,Régimen 1h a favor,RSI(14) a favor de 50,3,15179,0.0466666746551053,-0.5433333253448946,-87.94107190858193,5722,0.04795596867081,-0.5420440313291899,-51.2699936710263,0.59,0.7611954241003162,7.553222304142576,0.7997333912671722,4.535982444472605,0.07909605873746661
SPX500_USD,1m,Martillo / estrella,Largo,Régimen 1h a favor,RSI(14) a favor de 50,6,15179,0.0547431590442593,-0.5352568409557407,-62.11526044567628,5722,0.0314229080536198,-0.5585770919463802,-37.21999124645531,0.59,1.0616601019856706,6.352811064650019,1.1352219525238594,2.0938208522274477,0.09278501532925305
SPX500_USD,1m,Martillo / estrella,Largo,Régimen 1h a favor,RSI(14) a favor de 50,24,15179,0.1217766046853897,-0.4682233953146102,-28.42735033635029,5722,0.0706406092985407,-0.5193593907014592,-17.73685918161517,0.59,2.029262868247531,7.393449876285559,2.214956479071648,2.4124769130282933,0.20640102489049103
SPX500_USD,1m,Martillo / estrella,Largo,Régimen 1h a favor,Día a favor (vs apertura),3,15093,0.0512725399398727,-0.5387274600601272,-87.4777011268978,5763,0.0354157261978353,-0.5545842738021647,-51.99817309962938,0.59,0.7565881546321617,8.325552821043358,0.8096620329339393,3.3206009406986023,0.08690261006758085
SPX500_USD,1m,Martillo / estrella,Largo,Régimen 1h a favor,Gap a favor,3,15611,0.0404620547823349,-0.549537945217665,-87.80911291772486,5566,0.0500004254696483,-0.5399995745303516,-49.38803781151583,0.59,0.7819400498341921,6.465317214551838,0.8157240121805218,4.573008980302578,0.06857975386836425
SPX500_USD,1m,Martillo / estrella,Largo,Régimen 1h a favor,Gap a favor,6,15611,0.0566171703909202,-0.5333828296090797,-61.1235655975553,5566,0.0456344270037953,-0.5443655729962046,-34.9256438152407,0.59,1.0902992473918922,6.488104108776258,1.162834295553463,2.927833467636038,0.09596130574732238
SPX500_USD,1m,Martillo / estrella,Largo,Régimen 1h a favor,Gap a favor,12,15611,0.0796583817225233,-0.5103416182774766,-42.25767915107563,5566,0.0549240742833161,-0.5350759257166838,-24.986169856368477,0.59,1.5089356072183426,6.595931462313309,1.597670898184092,2.5647617156548628,0.13501420630936153
SPX500_USD,1m,Martillo / estrella,Largo,Régimen 1h a favor,Gap a favor,24,15611,0.1120525162420528,-0.4779474837579471,-28.18299313311841,5566,0.1110322262115972,-0.4789677737884028,-16.047157858196925,0.59,2.1188900742560945,6.6073688074854395,2.2267926034030654,3.719982343011805,0.1899195190543268
SPX500_USD,1m,Martillo / estrella,Largo,Régimen 1h a favor,Mercado hermano a favor del VWAP,3,15722,0.0504236419060472,-0.5395763580939528,-89.51416617301683,6171,0.050591369440984,-0.5394086305590159,-53.40313080270745,0.59,0.7558141841218537,8.36513719127901,0.7934671391116733,5.008702802817635,0.08546379984075797
SPX500_USD,1m,Martillo / estrella,Largo,Régimen 1h a favor,Mercado hermano a favor del VWAP,6,15722,0.0600787925744478,-0.5299212074255522,-62.494365122643984,6171,0.0477051216438279,-0.542294878356172,-38.98584419552062,0.59,1.0632229338936752,7.0851778465624236,1.092713561793287,3.429544541103199,0.1018284619905895
SPX500_USD,1m,Martillo / estrella,Largo,Régimen 1h a favor,Mercado hermano a favor del VWAP,12,15722,0.084611260637711,-0.5053887393622889,-42.9554867372462,6171,0.0510769604361631,-0.5389230395638369,-27.57535104088098,0.59,1.47523365866653,7.191529215176014,1.5352654407972477,2.6134809810103703,0.14340891633510341
SPX500_USD,1m,Martillo / estrella,Largo,Régimen 1h a favor,Mercado hermano a favor del VWAP,24,15722,0.1204467004771876,-0.4695532995228123,-28.63147636058829,6171,0.0844271988560403,-0.5055728011439596,-18.43677396219667,0.59,2.056340598704143,7.344356563840765,2.1541529881581676,3.078815114357822,0.20414694996133492
SPX500_USD,1m,Martillo / estrella,Largo,Régimen 1h a favor,,3,26219,0.0491282492427068,-0.5408717507572931,-106.9591726454635,10100,0.0458312625696163,-0.5441687374303836,-64.32637784671566,0.59,0.8188122400491626,9.71527332526191,0.8501688282697191,5.4177296681295255,0.08326821905543526
SPX500_USD,1m,Martillo / estrella,Largo,Régimen 1h a favor,,6,26219,0.0649790809503604,-0.5250209190496395,-74.72464464417,10100,0.0444055538366336,-0.5455944461633663,-46.1955501844809,0.59,1.1376818018370023,9.24827670125913,1.1869446952399756,3.7598238126413186,0.11013403550908542
SPX500_USD,1m,Martillo / estrella,Largo,Régimen 1h a favor,,12,26219,0.0866694772464922,-0.5033305227535076,-51.75635458928384,10100,0.0558117313196163,-0.5341882686803836,-32.804134845761915,0.59,1.5746993552317745,8.912028962396274,1.6365393215646236,3.4273601041575232,0.1468974190618512
SPX500_USD,1m,Martillo / estrella,Largo,Régimen 1h a favor,,24,26219,0.1140049329461101,-0.4759950670538898,-35.016215982352435,10100,0.0911291624767945,-0.4988708375232054,-21.912889458898416,0.59,2.201107742087495,8.386686399509768,2.2879638385966925,4.002846255255608,0.19322869990866118
SPX500_USD,1m,Martillo / estrella,Largo,Bias diario a favor,Hora: mediodía 11:00-14:00,3,14700,0.0501125247462266,-0.5398874752537733,-99.34008910558154,7462,0.0390499527030705,-0.5509500472969294,-56.01350476331742,0.59,0.6589271080288934,9.220778220972477,0.8496637691494346,3.9700962409790317,0.08493648262072305
SPX500_USD,1m,Martillo / estrella,Largo,Bias diario a favor,Hora: mediodía 11:00-14:00,6,14700,0.0569557698567708,-0.5330442301432291,-72.4357474659963,7462,0.0314108736870979,-0.558589126312902,-39.4695359151211,0.59,0.8922138655448306,7.739758783183706,1.2225259309774597,2.2194714302830265,0.09653520314706916
SPX500_USD,1m,Martillo / estrella,Largo,Bias diario a favor,Hora: cierre 14:00-15:45,3,8057,0.0506675353753917,-0.5393324646246083,-65.37095777340164,4050,0.0397527247299382,-0.5502472752700617,-37.67562056115904,0.59,0.7405568387626017,6.1412682023739205,0.9294477874283503,2.721882761640717,0.08587717860235881
SPX500_USD,1m,Martillo / estrella,Largo,Bias diario a favor,Hora: cierre 14:00-15:45,6,8057,0.0702402910997424,-0.5197597089002575,-46.53020698412461,4050,0.042668125482253,-0.5473318745177469,-26.43752720422104,0.59,1.002661427491525,6.2880889525112655,1.3175206188433763,2.060979417988573,0.11905134084702103
SPX500_USD,1m,Martillo / estrella,Largo,Bias diario a favor,Hora: cierre 14:00-15:45,12,8057,0.0855183520298731,-0.5044816479701268,-32.44836610824101,4050,0.0720737786940586,-0.5179262213059413,-18.09394417506221,0.59,1.3955301397034587,5.500558457981958,1.8216383654485708,2.517924126119398,0.14494635937266628
SPX500_USD,1m,Martillo / estrella,Largo,Bias diario a favor,RSI(14) a favor de 50,3,16861,0.0459615866786241,-0.5440384133213758,-100.3857531030464,8198,0.043643963514348,-0.546356036485652,-53.27796600681759,0.59,0.7037187912772426,8.480813816760943,0.9285003384303093,4.255945664071168,0.07790099437054933
SPX500_USD,1m,Martillo / estrella,Largo,Bias diario a favor,RSI(14) a favor de 50,6,16861,0.0549462831258618,-0.5350537168741382,-71.64674860161347,8198,0.0489141460045514,-0.5410858539954485,-37.17690798374456,0.59,0.9697115380098819,7.357621131408269,1.317792011391534,3.3607914376004935,0.09312929343366406
SPX500_USD,1m,Martillo / estrella,Largo,Bias diario a favor,RSI(14) a favor de 50,12,16861,0.0730767543895213,-0.5169232456104786,-50.35342637170788,8198,0.0543433266402628,-0.5356566733597371,-26.50049987068968,0.59,1.3330262405896962,7.118397175755778,1.830148839772516,2.6885230637945767,0.12385890574495136
SPX500_USD,1m,Martillo / estrella,Largo,Bias diario a favor,RSI(14) a favor de 50,24,16861,0.101752877850513,-0.4882471221494869,-33.60348689780473,8198,0.0623087793421413,-0.5276912206578586,-18.801889331423933,0.59,1.8866746389427498,7.003116541907162,2.5411618906193607,2.2200914620230905,0.17246250483137798
SPX500_USD,1m,Martillo / estrella,Largo,Bias diario a favor,Día a favor (vs apertura),3,15613,0.0477332059771904,-0.5422667940228095,-99.59891283235166,7684,0.0288389365788489,-0.561161063421151,-55.7850769450442,0.59,0.6803017575235868,8.767225789471626,0.8817859429428831,2.8668815442331312,0.08090373894439051
SPX500_USD,1m,Martillo / estrella,Largo,Bias diario a favor,Día a favor (vs apertura),6,15613,0.0592169043638014,-0.5307830956361985,-70.63676396533104,7684,0.0319742563179171,-0.5580257436820829,-39.54061934550928,0.59,0.9389218977374076,7.880602322667782,1.237098970278732,2.26563364188228,0.10036763451491763
SPX500_USD,1m,Martillo / estrella,Largo,Bias diario a favor,Gap a favor,3,16403,0.0469886423036658,-0.5430113576963341,-96.7734999027976,7811,0.0265653036633033,-0.5634346963366966,-53.76500253288501,0.59,0.7186445029045455,8.374144126004332,0.9261839177824895,2.5349585817676545,0.07964176661638271
SPX500_USD,1m,Martillo / estrella,Largo,Bias diario a favor,Mercado hermano a favor del VWAP,3,16456,0.0485148821632782,-0.5414851178367217,-102.03202433668136,8208,0.0464410465827927,-0.5435589534172073,-56.51542003263657,0.59,0.6807884218406136,9.141657775103369,0.8713615013543079,4.828611943343777,0.08222861383606475
SPX500_USD,1m,Martillo / estrella,Largo,Bias diario a favor,Mercado hermano a favor del VWAP,6,16456,0.0577030766050851,-0.5322969233949149,-73.26353108405242,8208,0.0501317252889711,-0.5398682747110288,-39.872679386771765,0.59,0.9320264745585191,7.942054444988169,1.2266793665065112,3.7025443116152568,0.09780182475438153
SPX500_USD,1m,Martillo / estrella,Largo,Bias diario a favor,Mercado hermano a favor del VWAP,12,16456,0.0733259328082747,-0.5166740671917253,-50.16650044834888,8208,0.0574069404230247,-0.5325930595769752,-27.921392681953908,0.59,1.3211891459847656,7.119585972440354,1.7281327476674,3.0095805745082993,0.12428124204792322
SPX500_USD,1m,Martillo / estrella,Largo,Bias diario a favor,Mercado hermano a favor del VWAP,24,16456,0.0949175569926527,-0.4950824430073472,-34.07487749791705,8208,0.0674340023167184,-0.5225659976832815,-19.605283402723416,0.59,1.8638259816301774,6.5328596733902,2.4148307471828567,2.5299440305345917,0.16087721524178425
SPX500_USD,1m,Martillo / estrella,Largo,Bias diario a favor,,3,29411,0.0482165656424254,-0.5417834343575745,-121.66679867486062,15190,0.031908102832867,-0.5580918971671329,-70.94640764462589,0.59,0.7636749347718181,10.827860013413414,0.9695142440801661,4.05625898214625,0.08172299261428034
SPX500_USD,1m,Martillo / estrella,Largo,Bias diario a favor,,6,29411,0.0610958220118801,-0.5289041779881198,-86.91287276285642,15190,0.0319153916922111,-0.5580846083077888,-50.28335650079203,0.59,1.0436329639984825,10.039651085871988,1.3679010159438771,2.8755729766279416,0.10355224069810187
SPX500_USD,1m,Martillo / estrella,Largo,Bias diario a favor,,12,29411,0.0797144500171067,-0.5102855499828933,-60.460099540878325,15190,0.036175099134916,-0.553824900865084,-36.16443168372477,0.59,1.4474357936166071,9.444797296420035,1.887425076042995,2.362212134689374,0.13510923731713
SPX500_USD,1m,Martillo / estrella,Largo,Hora: mediodía 11:00-14:00,Día a favor (vs apertura),3,12331,0.0398145475659035,-0.5501854524340964,-75.4384740073427,4806,0.0315648530157615,-0.5584351469842385,-43.94042631412887,0.59,0.8098700845424044,5.459156904960694,0.8810496060039862,2.4836780162308147,0.06748228401000594
SPX500_USD,1m,Martillo / estrella,Largo,Hora: mediodía 11:00-14:00,Gap a favor,3,13066,0.0408808627757036,-0.5491191372242963,-75.49914516141968,4848,0.042285403009295,-0.5477145969907049,-41.860334360821206,0.59,0.8313729156885218,5.620766030170621,0.9110305234756886,3.2317581424276036,0.06928959792492137
SPX500_USD,1m,Martillo / estrella,Largo,Hora: mediodía 11:00-14:00,Mercado hermano a favor del VWAP,3,12837,0.0421867944132439,-0.5478132055867561,-76.49006961784946,5077,0.0412443535567879,-0.548755646443212,-44.16853109291381,0.59,0.8114452298349915,5.890458296211874,0.8852575256948576,3.319697071524595,0.07150304137837948
SPX500_USD,1m,Martillo / estrella,Largo,Hora: mediodía 11:00-14:00,Mercado hermano a favor del VWAP,6,12837,0.0500079953820012,-0.5399920046179987,-56.08913626116298,5077,0.0449650095559631,-0.5450349904440368,-31.018325063140438,0.59,1.0907879909190497,5.194345922052904,1.2520152621740432,2.558990353514356,0.0847593142067817
SPX500_USD,1m,Martillo / estrella,Largo,Hora: mediodía 11:00-14:00,Mercado hermano a favor del VWAP,12,12837,0.0712743469271563,-0.5187256530728436,-37.06143050795951,5077,0.0628123528520164,-0.5271876471479835,-21.66423885924177,0.59,1.5857960012785,5.092343592403855,1.733905290975168,2.5812095993878303,0.1208039778426378
SPX500_USD,1m,Martillo / estrella,Largo,Hora: mediodía 11:00-14:00,Mercado hermano a favor del VWAP,24,12837,0.1242776864635672,-0.4657223135364327,-24.594276878359317,5077,0.08081499497581,-0.50918500502419,-14.539418923388553,0.59,2.145481424925169,6.562966260897854,2.49535384135794,2.3076152197157134,0.21064014654841898
SPX500_USD,1m,Martillo / estrella,Largo,Hora: mediodía 11:00-14:00,,3,23908,0.0429598786110101,-0.5470401213889898,-93.77684046715449,9429,0.0340004464907134,-0.5559995535092865,-55.90900730809017,0.59,0.9019764675875463,7.364435487407926,0.9656627510280171,3.4189437731191883,0.07281335357798321
SPX500_USD,1m,Martillo / estrella,Largo,Hora: cierre 14:00-15:45,Día a favor (vs apertura),12,7055,0.166295694612088,-0.4237043053879119,-16.957373557084708,2650,0.0876219321196934,-0.5023780678803066,-11.865176422773423,0.59,2.098711772432137,6.655439131991665,2.1796130936206928,2.069456748960108,0.2818571095120136
SPX500_USD,1m,Martillo / estrella,Largo,Hora: cierre 14:00-15:45,Día a favor (vs apertura),24,7055,0.2003008501146128,-0.3896991498853871,-10.806640438720953,2650,0.1443782244988207,-0.4456217755011792,-7.560322045661719,0.59,3.0289162534824903,5.5544880387739495,3.034233830001167,2.4494895303630484,0.3394929662959539
SPX500_USD,1m,Martillo / estrella,Largo,Hora: cierre 14:00-15:45,Gap a favor,12,7292,0.1482052031416063,-0.4417947968583936,-17.778540168869757,2677,0.1209585925826484,-0.4690414074173514,-10.815899852608002,0.59,2.1220119702832605,5.964018082659975,2.2437409414175287,2.7892548568153153,0.2511952595620446
SPX500_USD,1m,Martillo / estrella,Largo,Hora: cierre 14:00-15:45,Gap a favor,24,7292,0.2378386363051974,-0.3521613636948025,-9.522095173405026,2677,0.2447920162641249,-0.345207983735875,-5.418598550208955,0.59,3.1581482949451387,6.430921629363222,3.2962340427145738,3.842407264388155,0.40311633272067354
SPX500_USD,1m,Martillo / estrella,Largo,Hora: cierre 14:00-15:45,Mercado hermano a favor del VWAP,6,7482,0.0893512675864783,-0.5006487324135216,-29.28992992126384,2875,0.0765577870244565,-0.5134422129755435,-18.65481247007846,0.59,1.4785078688583773,5.227402361267538,1.475773163330845,2.78156163239634,0.15144282641775983
SPX500_USD,1m,Martillo / estrella,Largo,Hora: cierre 14:00-15:45,Mercado hermano a favor del VWAP,12,7482,0.1446832260706946,-0.4453167739293053,-18.464021009204192,2875,0.1237219344429347,-0.4662780655570652,-12.01699800194896,0.59,2.086179245515276,5.99895239129896,2.0805009651503754,3.188582841060211,0.24522580689948237
SPX500_USD,1m,Martillo / estrella,Largo,Hora: cierre 14:00-15:45,Mercado hermano a favor del VWAP,24,7482,0.1960609270843775,-0.3939390729156224,-11.39267366087454,2875,0.2567317000679348,-0.3332682999320652,-6.287709856064625,0.59,2.990971350592815,5.6700599495984925,2.8419762053279567,4.843708331126714,0.33230665607521614
SPX500_USD,1m,Martillo / estrella,Largo,Hora: cierre 14:00-15:45,,12,13214,0.1164392812251683,-0.4735607187748316,-24.05088823256065,5137,0.1030374667698802,-0.4869625332301197,-15.143521175368646,0.59,2.2634020359299347,5.913641118442903,2.304748079129956,3.2042507449924544,0.19735471394096324
SPX500_USD,1m,Martillo / estrella,Largo,ADX > 25,RSI(14) a favor de 50,24,10517,0.1368768250771073,-0.4531231749228926,-16.861030029496053,3620,0.1147244448161256,-0.4752755551838742,-9.417963134831416,0.59,2.755992997490773,5.093282325186555,3.0362866982205983,2.2733561197445984,0.23199461877475816
SPX500_USD,1m,Martillo / estrella,Largo,ADX > 25,Día a favor (vs apertura),3,10476,0.0551678285019777,-0.5348321714980222,-54.01932133241795,3573,0.0392937947147005,-0.5507062052852995,-30.535553394917702,0.59,1.0133655696099968,5.572081886384951,1.0780295935912982,2.17876202425951,0.09350479407114864
SPX500_USD,1m,Martillo / estrella,Largo,ADX > 25,Mercado hermano a favor del VWAP,3,10777,0.0570511129024775,-0.5329488870975225,-53.8874171789796,3738,0.0447556203288021,-0.5452443796711978,-31.36751306036631,0.59,1.026708441342267,5.768540278306854,1.0627491312852182,2.574758324029093,0.09669680152962289
SPX500_USD,1m,Martillo / estrella,Largo,ADX > 25,,3,20668,0.0498819234917051,-0.5401180765082948,-69.86536995007424,7522,0.0399488648402186,-0.5500511351597813,-40.53017534830696,0.59,1.1114142882305462,6.452328092958679,1.1770400683084243,2.9436072274799345,0.08454563303678832
SPX500_USD,1m,Martillo / estrella,Largo,RSI(14) a favor de 50,Día a favor (vs apertura),3,16615,0.0462265028424052,-0.5437734971575947,-69.15066481884526,6621,0.043075001504446,-0.5469249984955539,-43.34961428275886,0.59,1.0136122482137842,5.878538436521361,1.0266072587522654,3.414151310661239,0.07835000481763593
SPX500_USD,1m,Martillo / estrella,Largo,RSI(14) a favor de 50,Día a favor (vs apertura),12,16615,0.0808635260518545,-0.5091364739481454,-34.76122800992565,6621,0.0804563383198346,-0.5095436616801654,-20.462339484793645,0.59,1.8879447163649525,5.520946957458332,2.0262261314204224,3.2309790744433724,0.13705682381670253
SPX500_USD,1m,Martillo / estrella,Largo,RSI(14) a favor de 50,Día a favor (vs apertura),24,16615,0.1307221808994602,-0.4592778191005398,-22.18686605019866,6621,0.1099843190995034,-0.4800156809004965,-14.001612007414996,0.59,2.668269444911002,6.314947939541704,2.789582307404357,3.2081405341634888,0.22156301847366136
SPX500_USD,1m,Martillo / estrella,Largo,RSI(14) a favor de 50,Gap a favor,3,14677,0.0416535394851425,-0.5483464605148574,-70.61467490638164,5471,0.0581070975441532,-0.5318929024558467,-39.22415730108494,0.59,0.9407597490074295,5.364037814125315,1.0030069230350251,4.285076796208146,0.07059921946634322
SPX500_USD,1m,Martillo / estrella,Largo,RSI(14) a favor de 50,Gap a favor,12,14677,0.0863758244923498,-0.5036241755076502,-33.55123268394494,5471,0.1005862944959787,-0.4894137055040212,-18.199471218216623,0.59,1.8185143631754077,5.754321430041035,1.9890729653880772,3.7404293158103727,0.14639970252940646
SPX500_USD,1m,Martillo / estrella,Largo,RSI(14) a favor de 50,Gap a favor,24,14677,0.155804219213097,-0.4341957807869029,-20.303878986138525,5471,0.1733157018969338,-0.4166842981030662,-10.988969950764943,0.59,2.5907483472894817,7.285722598914629,2.804681222228754,4.5707530828772684,0.2640749478188085
SPX500_USD,1m,Martillo / estrella,Largo,RSI(14) a favor de 50,Mercado hermano a favor del VWAP,3,18377,0.0432476677442846,-0.5467523322557153,-73.1089837527091,7338,0.0541428914022042,-0.5358571085977957,-44.813092538290896,0.59,1.0138114804071545,5.782861547960802,1.0243135897074376,4.527905599772037,0.07330113176997391
SPX500_USD,1m,Martillo / estrella,Largo,RSI(14) a favor de 50,Mercado hermano a favor del VWAP,12,18377,0.0717068562318472,-0.5182931437681527,-36.323149197345806,7338,0.0809760521269845,-0.5090239478730154,-21.29880353585307,0.59,1.9343242520002957,5.025377759091352,2.047254625777893,3.388235529130535,0.12153704446075796
SPX500_USD,1m,Martillo / estrella,Largo,RSI(14) a favor de 50,Mercado hermano a favor del VWAP,24,18377,0.1154301345442417,-0.4745698654557582,-23.618915996273454,7338,0.1126880162286641,-0.4773119837713358,-14.504624635513167,0.59,2.723814351293778,5.744854129371916,2.8189326365815486,3.4243795083519664,0.1956442958376978
SPX500_USD,1m,Martillo / estrella,Largo,RSI(14) a favor de 50,,3,26181,0.0383401492405036,-0.5516598507594963,-87.50963085730737,10290,0.0498731488968355,-0.5401268511031645,-52.09214229815054,0.59,1.0200198915587984,6.081885970913731,1.051795326767118,4.809979662896977,0.06498330379746373
SPX500_USD,1m,Martillo / estrella,Largo,RSI(14) a favor de 50,,24,26181,0.0991931511826622,-0.4908068488173377,-28.94477333257216,10290,0.101108562146957,-0.4888914378530429,-17.07042986489538,0.59,2.743680753279743,5.849802797259371,2.9051974958983773,3.5303678592727947,0.16812398505535966
SPX500_USD,1m,Martillo / estrella,Largo,Día a favor (vs apertura),Gap a favor,3,13451,0.0425878463380975,-0.5474121536619024,-71.85451765177852,5047,0.044719770872548,-0.5452802291274519,-41.47391445061065,0.59,0.8835632487379274,5.590173941118016,0.9340311841592198,3.401377589623653,0.07218279040355509
SPX500_USD,1m,Martillo / estrella,Largo,Día a favor (vs apertura),Gap a favor,6,13451,0.0671060692731372,-0.5228939307268627,-50.524820467657285,5047,0.0440848698019863,-0.5459151301980136,-29.294782332041574,0.59,1.2002897801553043,6.484148893452145,1.3238887997621476,2.365672965534306,0.11373910046294441
SPX500_USD,1m,Martillo / estrella,Largo,Día a favor (vs apertura),Gap a favor,12,13451,0.1003452046069414,-0.4896547953930585,-33.09314314452072,5047,0.0684759307432014,-0.5215240692567986,-20.354251368360345,0.59,1.7160474038993256,6.781794544170835,1.820270267955076,2.6725061971075768,0.17007661797786677
SPX500_USD,1m,Martillo / estrella,Largo,Día a favor (vs apertura),Gap a favor,24,13451,0.1684071313456597,-0.4215928686543402,-20.068089144728447,5047,0.1266107137826307,-0.4633892862173692,-13.05834547083012,0.59,2.4364893694592107,8.016286744222896,2.521009526149885,3.567899582612346,0.2854358158401012
SPX500_USD,1m,Martillo / estrella,Largo,Día a favor (vs apertura),Mercado hermano a favor del VWAP,3,20147,0.0490778368590469,-0.540922163140953,-76.90992264783311,8032,0.0376988141185258,-0.552301185881474,-48.96371701338996,0.59,0.9982920090366987,6.978032873777249,1.0109122200010394,3.3421511911003194,0.08318277433736763
SPX500_USD,1m,Martillo / estrella,Largo,Día a favor (vs apertura),Mercado hermano a favor del VWAP,6,20147,0.0636755364428869,-0.526324463557113,-55.10262860609556,8032,0.04632630671163,-0.5436736932883699,-34.356838734254104,0.59,1.3557712895751979,6.6664000608924034,1.4181983404616345,2.9275380959086643,0.10792463803879136
SPX500_USD,1m,Martillo / estrella,Largo,Día a favor (vs apertura),Mercado hermano a favor del VWAP,12,20147,0.0918532083861353,-0.4981467916138646,-37.57982590687512,8032,0.0676418167661385,-0.5223581832338614,-23.87676232490808,0.59,1.8815153548297732,6.929338175512228,1.9606714106452745,3.0918776310756106,0.15568340404429712
SPX500_USD,1m,Martillo / estrella,Largo,Día a favor (vs apertura),Mercado hermano a favor del VWAP,24,20147,0.1229252409342116,-0.4670747590657883,-25.000548458097896,8032,0.1055907443225146,-0.4844092556774853,-15.93105321419942,0.59,2.6518078714434687,6.579671418866484,2.725083375365679,3.4726251553064427,0.20834786599018917
SPX500_USD,1m,Martillo / estrella,Largo,Día a favor (vs apertura),,3,24628,0.0502227416417225,-0.5397772583582774,-83.39794028549774,9703,0.0309180839890046,-0.5590819160109953,-52.4764877076733,0.59,1.015719594838182,7.759632595766481,1.0494547096441789,2.9020299314455054,0.08512329091817374
SPX500_USD,1m,Martillo / estrella,Largo,Día a favor (vs apertura),,6,24628,0.0658794834917002,-0.5241205165082997,-59.56463801135418,9703,0.0329995570595112,-0.5570004429404888,-36.718779171631006,0.59,1.3808840903399289,7.48699480932448,1.4942398790619669,2.175408410867799,0.11166014151135627
SPX500_USD,1m,Martillo / estrella,Largo,Día a favor (vs apertura),,12,24628,0.0999990552784813,-0.4900009447215186,-39.892192788983614,9703,0.0469131320331018,-0.5430868679668981,-25.91131685587997,0.59,1.9276295735706588,8.141171226011759,2.0645853061784134,2.238281020055018,0.16948992420081577
SPX500_USD,1m,Martillo / estrella,Largo,Día a favor (vs apertura),,24,24628,0.1230383050970313,-0.4669616949029686,-27.111986808959127,9703,0.0583436083918955,-0.5316563916081044,-18.3367945445028,0.59,2.7029280457886418,7.143654268002774,2.8560159999469876,2.0122672781778874,0.20853950016445985
SPX500_USD,1m,Martillo / estrella,Largo,Gap a favor,Mercado hermano a favor del VWAP,3,14741,0.047259839060963,-0.5427401609390369,-71.97509906422067,5500,0.0503811479048295,-0.5396188520951705,-41.32946365317549,0.59,0.9155312250076861,6.267329825540613,0.9682972293324256,3.858697325071725,0.08010142213722543
SPX500_USD,1m,Martillo / estrella,Largo,Gap a favor,Mercado hermano a favor del VWAP,6,14741,0.0718103187167169,-0.518189681283283,-50.19522733395171,5500,0.0578707164417613,-0.5321292835582386,-28.92447235370569,0.59,1.253400340172097,6.956015148705001,1.3643728187692643,3.1456264286302313,0.12171240460460493
SPX500_USD,1m,Martillo / estrella,Largo,Gap a favor,Mercado hermano a favor del VWAP,12,14741,0.1024047859843506,-0.4875952140156493,-33.30949326546083,5500,0.1010179776278409,-0.488982022372159,-18.8524222196369,0.59,1.7772760208682614,6.9956624491954225,1.9235659440918398,3.8946903544123486,0.1735674338717807
SPX500_USD,1m,Martillo / estrella,Largo,Gap a favor,Mercado hermano a favor del VWAP,24,14741,0.1749511784998049,-0.415048821500195,-20.186113152336578,5500,0.1780360884232954,-0.4119639115767045,-11.52080669339991,0.59,2.4963757479850575,8.508840652930362,2.651902960513561,4.978881162972786,0.29652742118611003
SPX500_USD,1m,Martillo / estrella,Largo,Gap a favor,,3,26286,0.0409069570660237,-0.5490930429339762,-87.56099573592567,9896,0.0408856600836196,-0.5491143399163804,-50.68199299627523,0.59,1.0167109508021541,6.5232184951548975,1.077801898014108,3.7736525662790923,0.0693338255356334
SPX500_USD,1m,Martillo / estrella,Largo,Gap a favor,,12,26286,0.0745670632358955,-0.5154329367641044,-42.17850240397281,9896,0.0497986185232669,-0.540201381476733,-25.417923412196917,0.59,1.9812681736588205,6.101913229871504,2.1141970719981056,2.343158523951548,0.12638485294219576
SPX500_USD,1m,Martillo / estrella,Largo,Gap a favor,,24,26286,0.1124238739327137,-0.4775761260672863,-27.742543531791807,9896,0.087167886350072,-0.502832113649928,-16.821812239171077,0.59,2.790991950736009,6.530737292658458,2.9735830222941746,2.916126034239668,0.19054893886900628
SPX500_USD,1m,Martillo / estrella,Largo,Mercado hermano a favor del VWAP,,3,25859,0.0464631053373281,-0.5435368946626719,-86.69713981800099,10319,0.0483275527281289,-0.541672447271871,-53.50705861009064,0.59,1.0081615309988778,7.411122187591006,1.0283583385654818,4.77385403176759,0.07875102599547136
SPX500_USD,1m,Martillo / estrella,Largo,Mercado hermano a favor del VWAP,,6,25859,0.0597815315750802,-0.5302184684249197,-61.7526889091174,10319,0.0517575995660311,-0.5382424004339689,-37.87150922635515,0.59,1.3807175371116622,6.962545708438023,1.4437237477597171,3.6417391270523107,0.10132462978827153
SPX500_USD,1m,Martillo / estrella,Largo,Mercado hermano a favor del VWAP,,12,25859,0.0857411083680367,-0.5042588916319632,-41.9446463783055,10319,0.0761116856647931,-0.5138883143352069,-25.72543406002143,0.59,1.9332271719715088,7.132012008637246,2.029199922414223,3.810178391193218,0.1453239124881978
SPX500_USD,1m,Martillo / estrella,Largo,Mercado hermano a favor del VWAP,,24,25859,0.1236278690748385,-0.4663721309251614,-27.70642230918725,10319,0.1138193577987208,-0.4761806422012791,-17.271650591823,0.59,2.7068114432213006,7.3445339518412185,2.800636206493728,4.128366431271762,0.20953876114379408
SPX500_USD,1m,Martillo / estrella,Largo,(ninguna),,3,48092,0.0414880332004445,-0.5485119667995554,-110.31948222122968,19217,0.0413272705014602,-0.5486727294985396,-67.95090277293188,0.59,1.0903610051730883,8.344281653061527,1.1193372048600632,5.118215629710557,0.07031870033973645
SPX500_USD,1m,Martillo / estrella,Largo,(ninguna),,6,48092,0.0494018011498469,-0.540598198850153,-79.26796974982194,19217,0.0386377217376704,-0.5513622782623295,-48.08465350241367,0.59,1.495592500085324,7.243791206596756,1.5895469296069582,3.369620184634044,0.08373186635567272
SPX500_USD,1m,Martillo / estrella,Largo,(ninguna),,12,48092,0.0693010071455654,-0.5206989928544346,-54.65575668271348,19217,0.0546338429291935,-0.5353661570708064,-33.877284386354866,0.59,2.089234773092992,7.274258326583496,2.1907111526105725,3.4571595712333045,0.11745933414502611
SPX500_USD,1m,Martillo / estrella,Largo,(ninguna),,24,48092,0.0789827576673517,-0.5110172423326482,-38.548649226140455,19217,0.0626220321992734,-0.5273779678007265,-23.87774665245545,0.59,2.907118993477111,5.958074147036419,3.061762062415224,2.8352967150898447,0.13386908079212154
SPX500_USD,1m,Divergencia SMT,Largo,(ninguna),,12,8285,0.1666261239014408,-0.4233738760985591,-15.7448668783478,4696,0.0923110468017994,-0.4976889531982005,-14.962550650345674,0.59,2.447548576923305,6.196665140181049,2.27937831210389,2.775244868270762,0.28241715915498444
SPX500_USD,1m,Rechazo banda VWAP 2σ,Corto,Estirado >1σ del VWAP en contra,ADX > 25,3,7573,0.065416743823658,-0.5245832561763419,-40.64122757939023,2602,0.0604898275365103,-0.5295101724634896,-22.986141396110654,0.59,1.1232633411607928,5.068054959699752,1.1750649709975014,2.6258753865138353,0.11087583698925085
SPX500_USD,1m,Rechazo banda VWAP 2σ,Corto,Hora: mediodía 11:00-14:00,ADX > 25,3,2966,0.0867162229881363,-0.5032837770118636,-30.834101437049178,1047,0.0586384041830826,-0.5313615958169173,-19.61789753569107,0.59,0.8889292729504391,5.312741912185543,0.8764175014028899,2.1649329081669557,0.1469766491324344
SPX500_USD,1m,Rechazo banda VWAP 2σ,Corto,ADX > 25,,3,7826,0.0698953224453145,-0.5201046775546855,-40.640842821416186,2717,0.062898244847258,-0.5271017551527419,-23.077592636011797,0.59,1.1321343708926557,5.461602127493959,1.1905531230448845,2.753813771089655,0.11846664821239747
SPX500_USD,1m,Reentrada Bollinger,Corto,Hora: mediodía 11:00-14:00,Mercado hermano a favor del VWAP,6,2237,0.1493514448497569,-0.440648555150243,-16.911436054986233,1001,0.1086896501935564,-0.4813103498064435,-10.898496239625272,0.59,1.2323806045616317,5.731886283923683,1.3972549621918764,2.4611017494159912,0.25313804211823204
SPX500_USD,1m,RSI(2) extremo,Corto,Sobre/bajo EMA 200,ADX > 25,3,5048,0.0833606024740615,-0.5066393975259385,-36.80171789873371,2536,0.0719237703630224,-0.5180762296369775,-22.445683018959787,0.59,0.9781163977387369,6.055220717338374,1.1623461075737853,3.116101567192284,0.14128915673569747
SPX500_USD,1m,RSI(2) extremo,Corto,Sobre/bajo EMA 200,Volatilidad alta,3,7391,0.0793127535547879,-0.510687246445212,-39.9716904859613,3639,0.0453960002533319,-0.5446039997466681,-27.976849153691383,0.59,1.0983837458742922,6.2078402363655325,1.1742837557715375,2.3320376858399534,0.1344283958555727
SPX500_USD,1m,RSI(2) extremo,Corto,Sobre/bajo EMA 200,Gap a favor,12,5900,0.1374227956998146,-0.4525772043001853,-16.50359479305903,3201,0.1250835920415495,-0.4649164079584504,-11.396077443716283,0.59,2.106396522686484,5.0112336945162985,2.308140911503512,3.06606150577311,0.2329199927115502
SPX500_USD,1m,RSI(2) extremo,Corto,EMAs 9>21>50 alineadas,Volatilidad alta,3,4455,0.0962971183186026,-0.4937028816813973,-28.415607077833418,2095,0.0946538447195704,-0.4953461552804296,-19.048603737450836,0.59,1.1596650737583198,5.54248552803647,1.1902485545680102,3.63992646570267,0.16321545477729255
SPX500_USD,1m,RSI(2) extremo,Corto,Lado del VWAP a favor,ADX > 25,3,4983,0.0941816923634105,-0.4958183076365894,-36.98508872397362,2537,0.0507294290592974,-0.5392705709407025,-24.120876433055454,0.59,0.9463272311566453,7.025392557282955,1.12609199277545,2.2690618694883593,0.15962998705662795
SPX500_USD,1m,RSI(2) extremo,Corto,Lado del VWAP a favor,ADX > 25,12,4983,0.1465186467975491,-0.4434813532024508,-15.62788003626966,2537,0.0964512808096423,-0.4935487191903577,-10.698001423400637,0.59,2.003183520748714,5.163184018209155,2.3237404154026184,2.090646575039327,0.2483366894873714
SPX500_USD,1m,RSI(2) extremo,Corto,Lado del VWAP a favor,Volatilidad alta,3,6629,0.0998950589384711,-0.4901049410615288,-36.99918288018576,3190,0.0528216992799764,-0.5371783007200235,-26.401676243082303,0.59,1.0785020068926219,7.541314614143869,1.1491647650640726,2.5961238589312345,0.16931365921774763
SPX500_USD,1m,RSI(2) extremo,Corto,Lado del VWAP a favor,Gap a favor,3,5644,0.0690820533108998,-0.5209179466891001,-41.11188227418868,2999,0.0409150055226742,-0.5490849944773257,-27.070720701985163,0.59,0.9519090625812657,5.452093292289647,1.1107798429989424,2.017171654961756,0.11708822595067762
SPX500_USD,1m,RSI(2) extremo,Corto,Lado del VWAP a favor,Gap a favor,6,5644,0.0980863942903968,-0.4919136057096031,-27.136521809752544,2999,0.0699922842119248,-0.5200077157880751,-18.279313216927868,0.59,1.3618464892505684,5.410957426277544,1.557894865552085,2.4603690426767093,0.16624812591592678
SPX500_USD,1m,RSI(2) extremo,Corto,Lado del VWAP a favor,Gap a favor,12,5644,0.1677886400553962,-0.4222113599446038,-15.33344472858139,2999,0.1502162097652342,-0.4397837902347657,-10.76250451296,0.59,2.0686341248191287,6.093577962257615,2.2377630793730043,3.6761305701036626,0.2843875255176207
SPX500_USD,1m,RSI(2) extremo,Corto,Lado del VWAP a favor,Gap a favor,24,5644,0.2558638304366362,-0.3341361695633637,-7.891586337068707,2999,0.2094022796010128,-0.3805977203989871,-6.582215052715582,0.59,3.1809195109721378,6.04296000358895,3.1665208227483546,3.6214899958355384,0.43366750921463765
SPX500_USD,1m,RSI(2) extremo,Corto,Estirado >1σ del VWAP en contra,ADX > 25,6,11300,0.0808671043193445,-0.5091328956806553,-37.21930181110431,4832,0.0628717687745757,-0.5271282312254242,-23.745928110682023,0.59,1.4541263956570187,5.911653298748142,1.543087631904312,2.832230210933332,0.1370628886768551
SPX500_USD,1m,RSI(2) extremo,Corto,Régimen 1h a favor,ADX > 25,3,5844,0.1233061073089119,-0.4666938926910881,-25.38013699457789,2895,0.0593082513628022,-0.5306917486371977,-18.330834648604387,0.59,1.4057019887896196,6.705735696952408,1.5577020062077103,2.0485898863534544,0.20899340221849474
SPX500_USD,1m,RSI(2) extremo,Corto,ADX > 25,Volatilidad alta,3,10913,0.096389629287461,-0.4936103707125389,-43.955492790274754,5039,0.074200290468719,-0.515799709531281,-28.594238393316985,0.59,1.173122055411351,8.583396757013523,1.2804857177075364,4.1134199095303,0.16337225302959493
SPX500_USD,1m,RSI(2) extremo,Corto,ADX > 25,Volatilidad alta,6,10913,0.1278653972845602,-0.4621346027154397,-29.673305945938942,5039,0.0900175409152361,-0.4999824590847638,-19.716011408364977,0.59,1.6269515916107398,8.21013841255264,1.8001466500918282,3.5496982571879996,0.2167210123467122
SPX500_USD,1m,RSI(2) extremo,Corto,ADX > 25,Volatilidad alta,12,10913,0.1149540148504077,-0.4750459851495922,-21.663356799800145,5039,0.1166289659406628,-0.4733710340593371,-13.385025673784098,0.59,2.2907725844536957,5.2422079485414725,2.510467770333527,3.2977972691649335,0.19483731330577578
SPX500_USD,1m,RSI(2) extremo,Corto,ADX > 25,Gap a favor,3,8546,0.0822719124924123,-0.5077280875075876,-44.577321358507824,4024,0.067047119140625,-0.522952880859375,-26.453563953131525,0.59,1.0529279766838064,7.223278704073053,1.2540283513634143,3.3915775569399584,0.1394439194786649
SPX500_USD,1m,RSI(2) extremo,Corto,ADX > 25,Gap a favor,6,8546,0.1190613635719561,-0.4709386364280438,-28.94951100007946,4024,0.0790253292258169,-0.510974670774183,-18.235376785763616,0.59,1.5038500479091303,7.318932845590479,1.7775164035663444,2.8202115221649415,0.2017989213084002
SPX500_USD,1m,RSI(2) extremo,Corto,ADX > 25,Gap a favor,12,8546,0.1298144996905533,-0.4601855003094466,-20.102455007784645,4024,0.1740292801297682,-0.4159707198702317,-10.662587559780116,0.59,2.116241740492585,5.670735252702729,2.4747374882534805,4.460896761983725,0.22002457574670053
SPX500_USD,1m,RSI(2) extremo,Corto,ADX > 25,Mercado hermano a favor del VWAP,12,5256,0.1625191907723019,-0.427480809227698,-15.887611111612411,2677,0.1153885930787728,-0.4746114069212271,-10.30105230919914,0.59,1.9506785133804057,6.040134774305049,2.383860101782548,2.504415013747473,0.2754562555462744
SPX500_USD,1m,RSI(2) extremo,Corto,ADX > 25,,3,19134,0.0639910741299437,-0.5260089258700562,-71.62426014104128,8606,0.0456541975847156,-0.5443458024152844,-44.72558529292936,0.59,1.015864653987062,8.71337560024598,1.1290664863609003,3.7511278657709983,0.10845944767787069
SPX500_USD,1m,RSI(2) extremo,Corto,ADX > 25,,6,19134,0.0884240877046422,-0.5015759122953577,-49.17675178574287,8606,0.054101531294482,-0.5358984687055179,-31.17845694115069,0.59,1.4108463441865269,8.669494101166777,1.5945148538779246,3.1476153831710985,0.1498713350926139
SPX500_USD,1m,RSI(2) extremo,Corto,ADX > 25,,12,19134,0.0915228356335172,-0.4984771643664827,-34.858171183126856,8606,0.0901688973127396,-0.4998311026872603,-20.665841159220584,0.59,1.97807864414917,6.400130035511091,2.2437313758829656,3.728091548022513,0.15512345022630034
SPX500_USD,1m,RSI(2) extremo,Corto,Volatilidad alta,Gap a favor,3,10628,0.0827339295834852,-0.5072660704165147,-42.26287455170673,5281,0.0539847577843921,-0.5360152422156078,-30.13741505237596,0.59,1.237378468805131,6.892977652310842,1.2924960485388923,3.0352887823211874,0.14022699929404273
SPX500_USD,1m,RSI(2) extremo,Corto,Volatilidad alta,Gap a favor,6,10628,0.1075360201604841,-0.4824639798395159,-27.971475837020535,5281,0.0587195880574228,-0.5312804119425771,-21.381904579461946,0.59,1.7781782202810505,6.234540432487579,1.8056580176330752,2.3632277805958912,0.18226444094997304
SPX500_USD,1m,RSI(2) extremo,Corto,Volatilidad alta,Gap a favor,12,10628,0.1340323014953865,-0.4559676985046134,-19.440785313408306,5281,0.1386096956512734,-0.4513903043487265,-12.76985240288115,0.59,2.4179429302181563,5.714644276292875,2.5687653389005427,3.921274644188162,0.22717339236506187
SPX500_USD,1m,RSI(2) extremo,Corto,Volatilidad alta,,3,23601,0.0445319130826686,-0.5454680869173313,-71.6164113900023,11025,0.0441177610367063,-0.5458822389632936,-47.8606507015197,0.59,1.1700973454355321,5.846750495222946,1.1975941457337067,3.8680590794105303,0.07547781878418407
SPX500_USD,1m,RSI(2) extremo,Corto,Volatilidad alta,,6,23601,0.0570948521447714,-0.5329051478552286,-50.006848342887736,11025,0.0362542184842687,-0.5537457815157313,-34.7735223700463,0.59,1.6371392991636446,5.35767692215805,1.6720568724793916,2.276652788253249,0.0967709358385956
SPX500_USD,1m,RSI(2) extremo,Corto,Gap a favor,Mercado hermano a favor del VWAP,12,6163,0.1537880242190035,-0.4362119757809964,-16.685815982590363,3162,0.1333334028230748,-0.4566665971769251,-11.09783450804123,0.59,2.0523253933945207,5.8826415021048435,2.3138858744776303,3.2402458337700586,0.26065766816780256
SPX500_USD,1m,RSI(2) extremo,Corto,Gap a favor,Mercado hermano a favor del VWAP,24,6163,0.2367510432723511,-0.3532489567276488,-8.749686314733987,3162,0.1634711036947541,-0.4265288963052458,-7.4091993741587165,0.59,3.1694542580452656,5.864128750750104,3.2371148669116145,2.839643479445335,0.40127295469890023
SPX500_USD,1m,RSI(2) extremo,Corto,(ninguna),,3,44261,0.0260861728758105,-0.5639138271241895,-118.4021196381594,21177,0.0175382822460688,-0.5724617177539311,-79.40888338658581,0.59,1.001991130646815,5.477181110267786,1.0490823453659326,2.4328184164757487,0.04421385233188221
SPX500_USD,1m,RSI(7) sale de 30/70,Corto,Hora: mediodía 11:00-14:00,Mercado hermano a favor del VWAP,6,3262,0.1224405837161346,-0.4675594162838653,-21.06873364982073,1480,0.0815569078600084,-0.5084430921399915,-14.237061571010514,0.59,1.2674777764492593,5.517305301531229,1.3738927941044676,2.283698484046809,0.20752641307819425
SPX500_USD,1m,RSI(7) sale de 30/70,Corto,Hora: mediodía 11:00-14:00,,6,10344,0.0794472100655422,-0.5105527899344577,-42.05280395150283,5006,0.037655692075759,-0.5523443079242408,-30.494083152529456,0.59,1.2347810368128795,6.543844270852005,1.2815623060771086,2.078913078039244,0.13465628824668172
SPX500_USD,1m,RSI(7) sale de 30/70,Corto,ADX > 25,,6,11463,0.0729299673576125,-0.5170700326423874,-36.13907773766687,5199,0.0432194414265363,-0.5467805585734636,-25.68687972880949,0.59,1.531868371720957,5.097223960695275,1.5348347405435776,2.030380518221379,0.12361011416544491
SPX500_USD,1m,RSI(7) sale de 30/70,Corto,(ninguna),,6,21887,0.0510758568023041,-0.5389241431976958,-53.24069867659615,10604,0.0326855809497005,-0.5573144190502994,-38.275194341639136,0.59,1.4975351083440749,5.045820151098536,1.4994007870143635,2.244777669939047,0.08656924881746458
SPX500_USD,1m,Martillo / estrella,Corto,Sobre/bajo EMA 200,Lado del VWAP a favor,3,19033,0.0579912262532098,-0.5320087737467901,-59.64618285673092,7171,0.0419480814925132,-0.5480519185074867,-37.59555568489259,0.59,1.2305230771001494,6.501688422964427,1.2344544093723884,2.8775767046323164,0.09829021398849119
SPX500_USD,1m,Martillo / estrella,Corto,Sobre/bajo EMA 200,Hora: mediodía 11:00-14:00,3,10745,0.073191234931218,-0.5168087650687819,-52.90687744670393,4005,0.0615001206987359,-0.528499879301264,-32.18989038776194,0.59,1.0125604270907034,7.492751590936158,1.0390265732238435,3.745851648526012,0.12405294056138645
SPX500_USD,1m,Martillo / estrella,Corto,Sobre/bajo EMA 200,Hora: mediodía 11:00-14:00,12,10745,0.1133952599228565,-0.4766047400771434,-25.75609016081497,4005,0.082249330670646,-0.5077506693293539,-16.21995853584952,0.59,1.9181458676701617,6.127967879441166,1.9810800526665018,2.6274327414306162,0.1921953558014517
SPX500_USD,1m,Martillo / estrella,Corto,Sobre/bajo EMA 200,Hora: mediodía 11:00-14:00,24,10745,0.1461928831360516,-0.4438071168639483,-16.97721502128656,4005,0.1335105105434613,-0.4564894894565386,-9.966924568200936,0.59,2.709761218967734,5.5924024587992855,2.898483759019435,2.915048907769796,0.24778454768822308
SPX500_USD,1m,Martillo / estrella,Corto,Sobre/bajo EMA 200,Día a favor (vs apertura),3,17720,0.0558492621772714,-0.5341507378227285,-57.7217942540214,6892,0.0404537508671739,-0.549546249132826,-36.8611204230869,0.59,1.2318444436721228,6.035224501936815,1.237679935717961,2.7134578475123674,0.09465976640215493
SPX500_USD,1m,Martillo / estrella,Corto,Sobre/bajo EMA 200,Gap a favor,3,10751,0.0711770805023224,-0.5188229194976774,-42.69830257808505,4343,0.036977944932938,-0.5530220550670619,-30.267486532661323,0.59,1.2598910002184904,5.857760722782572,1.2040957086206288,2.023842340478573,0.12063911949546169
SPX500_USD,1m,Martillo / estrella,Corto,Sobre/bajo EMA 200,Mercado hermano a favor del VWAP,3,17317,0.0559243633254623,-0.5340756366745376,-56.095929559748924,6638,0.053285015459052,-0.5367149845409479,-35.446567920329244,0.59,1.2528750084500953,5.8739416860737395,1.2336391776148687,3.5191320794230205,0.09478705648383441
SPX500_USD,1m,Martillo / estrella,Corto,Sobre/bajo EMA 200,,3,21879,0.0584102930330239,-0.531589706966976,-64.93177820706023,8345,0.0504981551218918,-0.5395018448781081,-40.423391768426974,0.59,1.2109689308491591,7.134608030447278,1.2191955082771377,3.7836880957028614,0.0990004966661422
SPX500_USD,1m,Martillo / estrella,Corto,EMAs 9>21>50 alineadas,Hora: mediodía 11:00-14:00,3,7864,0.0584215414487697,-0.5315784585512302,-45.56551149940498,3093,0.0587147941799022,-0.5312852058200978,-29.083838603596543,0.59,1.034553313544776,5.007741333145713,1.0159350802562723,3.2141900035325,0.09901956177757577
SPX500_USD,1m,Martillo / estrella,Corto,EMAs 9>21>50 alineadas,,3,16591,0.0482212940597971,-0.5417787059402028,-56.615307904630896,6413,0.0423675732216298,-0.5476324267783701,-35.83900963355798,0.59,1.2326061764695213,5.0390747750364415,1.223668487301476,2.772684360151984,0.08173100688101204
SPX500_USD,1m,Martillo / estrella,Corto,Lado del VWAP a favor,Hora: mediodía 11:00-14:00,3,10605,0.0711962810050536,-0.5188037189949464,-52.594788363329336,3949,0.0654116968892441,-0.5245883031107559,-31.36382135753246,0.59,1.0158175346014335,7.217668637709581,1.051073769758335,3.9108016014878038,0.12067166272042983
SPX500_USD,1m,Martillo / estrella,Corto,Lado del VWAP a favor,Hora: mediodía 11:00-14:00,12,10605,0.1078482059980551,-0.4821517940019448,-25.80147318448296,3949,0.0718184872258008,-0.5181815127741991,-16.21983348136775,0.59,1.9243967727650197,5.771299888686485,2.0076087975683667,2.2480228934640345,0.182793569488229
SPX500_USD,1m,Martillo / estrella,Corto,Lado del VWAP a favor,Hora: mediodía 11:00-14:00,24,10605,0.1341668358730404,-0.4558331641269595,-17.239467439240546,3949,0.1142852620916687,-0.4757147379083312,-10.1794005258349,0.59,2.722935850928067,5.074147693683383,2.9367567147990608,2.445489627137192,0.2274014167339668
SPX500_USD,1m,Martillo / estrella,Corto,Lado del VWAP a favor,Volatilidad alta,3,13286,0.0605621912133778,-0.5294378087866222,-44.42852072663296,5107,0.0515966615215635,-0.5384033384784365,-27.887771199535223,0.59,1.3735681850921064,5.082161724982292,1.379675227266536,2.672561234927884,0.1026477817175895
SPX500_USD,1m,Martillo / estrella,Corto,Lado del VWAP a favor,Día a favor (vs apertura),3,17817,0.0598890162507191,-0.5301109837492809,-57.56960623553262,6846,0.0420403487494978,-0.5479596512505021,-36.656894732337854,0.59,1.2291102312340227,6.503896710463113,1.2368338300831447,2.8123761213151925,0.10150680720460865
SPX500_USD,1m,Martillo / estrella,Corto,Lado del VWAP a favor,Mercado hermano a favor del VWAP,3,18131,0.0579692093037735,-0.5320307906962264,-57.4803152627692,6911,0.052453194663625,-0.537546805336375,-35.90785388297448,0.59,1.24631695959337,6.26296162662675,1.2445068241889303,3.5038467924631354,0.09825289712503983
SPX500_USD,1m,Martillo / estrella,Corto,Lado del VWAP a favor,,3,21519,0.0593405776354253,-0.5306594223645746,-64.29803089937832,8233,0.0513315968795548,-0.5386684031204452,-39.52378178329884,0.59,1.2106796699483182,7.190077352038828,1.2366365165315516,3.7663594558416067,0.10057725022953441
SPX500_USD,1m,Martillo / estrella,Corto,Estirado >1σ del VWAP en contra,ADX > 25,3,8005,0.0671223627932737,-0.5228776372067262,-46.677470506792815,2842,0.0523909717106131,-0.5376090282893868,-29.933404051181064,0.59,1.0022439029325412,5.992036925439536,0.9574640627176102,2.9170643391866897,0.113766716598769
SPX500_USD,1m,Martillo / estrella,Corto,Estirado >1σ del VWAP en contra,Gap a favor,3,6427,0.0742815420418741,-0.5157184579581259,-38.38457809625028,2645,0.0560306887996219,-0.533969311200378,-28.50329916227132,0.59,1.0771099900865533,5.528725232959812,0.9634607008733276,2.990919986644014,0.12590091871504083
SPX500_USD,1m,Martillo / estrella,Corto,Régimen 15m a favor,Gap a favor,3,10735,0.065656145839398,-0.524343854160602,-40.47183065581551,3960,0.0522222962042298,-0.5377777037957702,-25.74427984974422,0.59,1.3423456419989137,5.067713476263529,1.3145273840594174,2.4999649453456976,0.11128160311762372
SPX500_USD,1m,Martillo / estrella,Corto,Régimen 15m a favor,,3,16145,0.0617049703069352,-0.5282950296930647,-48.97675506035487,5975,0.0635494573744769,-0.526450542625523,-30.38506260686607,0.59,1.3705836343463278,5.720495266603316,1.3392646228529572,3.667873968418305,0.10458469543548339
SPX500_USD,1m,Martillo / estrella,Corto,Régimen 1h a favor,Hora: mediodía 11:00-14:00,3,6992,0.0802366313454215,-0.5097633686545784,-33.745816231212665,2749,0.0624234895785967,-0.5275765104214032,-22.418554703330614,0.59,1.263133916948349,5.311583340208361,1.2338580820596272,2.652590455122326,0.13599429041596864
SPX500_USD,1m,Martillo / estrella,Corto,Régimen 1h a favor,,3,14371,0.0691824640878331,-0.5208175359121668,-41.47758196267291,5653,0.071342161898273,-0.5186578381017269,-26.948968821818003,0.59,1.5052743559208979,5.509648056602116,1.4470325028718605,3.7068709955571184,0.1172584137081917
SPX500_USD,1m,Martillo / estrella,Corto,Bias diario a favor,Hora: mediodía 11:00-14:00,3,7364,0.081575135702934,-0.5084248642970659,-33.79648014374021,992,0.1022172743274319,-0.487782725672568,-10.267122182058024,0.59,1.2909582576091627,5.422536637382611,1.4963511506523677,2.151526057405249,0.13826294186937965
SPX500_USD,1m,Martillo / estrella,Corto,Hora: mediodía 11:00-14:00,ADX > 25,3,9960,0.0564785876906061,-0.5335214123093938,-59.0867036438445,3414,0.0423250382730118,-0.5476749617269882,-33.23417573749943,0.59,0.9011389491483066,6.254919664147413,0.9628746055053803,2.5683806242047305,0.09572641981458661
SPX500_USD,1m,Martillo / estrella,Corto,Hora: mediodía 11:00-14:00,Volatilidad alta,3,11497,0.0708300220641797,-0.5191699779358202,-51.18800879412703,4224,0.0506870963356711,-0.5393129036643288,-32.25859865218545,0.59,1.087510854454548,6.983546711858683,1.0865688962438327,3.0318108215611423,0.12005088485454186
SPX500_USD,1m,Martillo / estrella,Corto,Hora: mediodía 11:00-14:00,RSI(14) a favor de 50,3,12020,0.0476242598598689,-0.542375740140131,-61.91569566699295,4530,0.049074071079953,-0.5409259289200469,-37.48215781685834,0.59,0.9603990741746897,5.43661701957317,0.9713199652589554,3.4004694147438443,0.08071908450825238
SPX500_USD,1m,Martillo / estrella,Corto,Hora: mediodía 11:00-14:00,Día a favor (vs apertura),3,10979,0.0666945700936873,-0.5233054299063126,-55.74194169763228,4103,0.0542313503457835,-0.5357686496542164,-33.1718905486954,0.59,0.9836815841756275,7.104235166022535,1.0345651197648493,3.357711241856585,0.11304164422658866
SPX500_USD,1m,Martillo / estrella,Corto,Hora: mediodía 11:00-14:00,Gap a favor,3,10770,0.0765675040894121,-0.5134324959105878,-54.5429492509999,4217,0.0497272827061595,-0.5402727172938404,-36.06503946048708,0.59,0.9769055716550458,8.133917356395383,0.9728108950858264,3.319465069499421,0.1297754306600205
SPX500_USD,1m,Martillo / estrella,Corto,Hora: mediodía 11:00-14:00,Mercado hermano a favor del VWAP,3,10555,0.0704251447033396,-0.5195748552966604,-52.96616047478369,3825,0.0567852264603758,-0.5332147735396242,-31.302711582302077,0.59,1.0078102061112648,7.179234094550542,1.0535033810074108,3.333612747120856,0.11936465203955866
SPX500_USD,1m,Martillo / estrella,Corto,Hora: mediodía 11:00-14:00,Mercado hermano a favor del VWAP,12,10555,0.11903645177974,-0.4709635482202599,-25.38996120491525,3825,0.0676616115196078,-0.5223383884803922,-16.11184871999791,0.59,1.9056993081669342,6.417335065695746,2.00503652819164,2.087064004862264,0.2017566979317627
SPX500_USD,1m,Martillo / estrella,Corto,Hora: mediodía 11:00-14:00,,3,24085,0.0622866037601204,-0.5277133962398796,-89.7745378005214,9125,0.0481549256207191,-0.5418450743792808,-55.14956397870695,0.59,0.9122592308465397,10.596189339842375,0.9385328608192762,4.901259191941587,0.1055705148476617
SPX500_USD,1m,Martillo / estrella,Corto,Hora: mediodía 11:00-14:00,,6,24085,0.0741155870282009,-0.5158844129717991,-62.88840390254735,9125,0.0344230388484589,-0.5555769611515411,-40.30667484291632,0.59,1.2730784274322076,9.03499089195915,1.3166904713127934,2.4973645975061523,0.125619639030849
SPX500_USD,1m,Martillo / estrella,Corto,Hora: mediodía 11:00-14:00,,12,24085,0.0674969230273315,-0.5225030769726684,-46.82744021606744,9125,0.0482856645976027,-0.5417143354023972,-27.825510898412944,0.59,1.7316565484443356,6.0491665353316275,1.8597031127141626,2.480224721207849,0.11440156445310425
SPX500_USD,1m,Martillo / estrella,Corto,ADX > 25,,3,20959,0.0526383943847586,-0.5373616056152414,-70.41399857084846,7419,0.0487655678726074,-0.5412344321273925,-40.42729687112045,0.59,1.1048235035241967,6.897552389766458,1.1531436173774539,3.6425252579101293,0.08921761760128577
SPX500_USD,1m,Martillo / estrella,Corto,Volatilidad alta,Día a favor (vs apertura),3,13294,0.0603753209418957,-0.5296246790581042,-44.6312511292653,5216,0.0648590509145537,-0.5251409490854462,-28.03766961000449,0.59,1.368223324346815,5.087803151016145,1.3527039627256512,3.462873432223673,0.10233105244389101
SPX500_USD,1m,Martillo / estrella,Corto,Volatilidad alta,,3,26366,0.0568138249300412,-0.5331861750699587,-67.32060307509084,10004,0.0550084165552529,-0.5349915834447471,-42.34304298779391,0.59,1.286035645181966,7.173368583293003,1.2637225227719107,4.35375773931237,0.09629461852549356
SPX500_USD,1m,Martillo / estrella,Corto,RSI(14) a favor de 50,,3,24140,0.0432461464414936,-0.5467538535585064,-74.21830078408506,9134,0.0369282474605526,-0.5530717525394474,-45.88812117786232,0.59,1.144588764596831,5.870384787336312,1.1518918489175456,3.063920524914279,0.07329855329066712
SPX500_USD,1m,Martillo / estrella,Corto,Día a favor (vs apertura),Mercado hermano a favor del VWAP,3,16641,0.0602871280658933,-0.5297128719341067,-55.03125144350489,6498,0.0542174034318251,-0.5357825965681748,-35.446208795132314,0.59,1.2417119125421017,6.263159306073377,1.2184526723007851,3.586905238587493,0.1021815729930395
SPX500_USD,1m,Martillo / estrella,Corto,Día a favor (vs apertura),,3,22199,0.0608252985820377,-0.5291747014179622,-66.12100167360725,8617,0.0500649776151067,-0.5399350223848932,-41.67472139082437,0.59,1.1924120465146442,7.600192636881148,1.202671002498856,3.8642501542715384,0.1030937264102334
SPX500_USD,1m,Martillo / estrella,Corto,Gap a favor,Mercado hermano a favor del VWAP,3,10026,0.0633875483313696,-0.5266124516686302,-41.954989805972254,4049,0.0381321246372561,-0.5518678753627438,-29.00539633722584,0.59,1.2568149959859196,5.050058986720698,1.2106823147474057,2.0041706315249948,0.1074365225955417
SPX500_USD,1m,Martillo / estrella,Corto,Gap a favor,,3,21943,0.0641545497941399,-0.52584545020586,-66.71260882364972,8696,0.0515636735370428,-0.538436326462957,-44.7287788156505,0.59,1.1676110540816775,8.139116508468968,1.1225535738774155,4.28347798097436,0.10873652507481339
SPX500_USD,1m,Martillo / estrella,Corto,Gap a favor,,6,21943,0.0779220177037167,-0.5120779822962832,-46.22107618018232,8696,0.0560370675993272,-0.5339629324006727,-30.439694770300736,0.59,1.641134031855881,7.033380932033771,1.6358014231207108,3.1945124465424035,0.13207121644697747
SPX500_USD,1m,Martillo / estrella,Corto,Mercado hermano a favor del VWAP,,3,21212,0.0558764108639493,-0.5341235891360506,-64.35075065473669,8169,0.0601546480979924,-0.5298453519020075,-39.61365686031573,0.59,1.208868192170348,6.731941925283021,1.2088951674923536,4.497436053279995,0.09470578112533781
SPX500_USD,1m,Martillo / estrella,Corto,(ninguna),,3,48879,0.0563312161292905,-0.5336687838707094,-108.64133811681609,18792,0.0459511124768019,-0.544048887523198,-68.53632868501319,0.59,1.086020067374726,11.46759728692759,1.0881871465351303,5.788671974846783,0.09547663750727203
SPX500_USD,1m,Martillo / estrella,Corto,(ninguna),,6,48879,0.0579721176911352,-0.5320278823088647,-77.29224531263964,18792,0.0251336355521964,-0.5648663644478036,-50.2562546253147,0.59,1.521807169332504,8.422105853608528,1.5407851973678943,2.2361437456199664,0.09825782659514441
SPX500_USD,3m,EMA 9 pullback en tendencia,Largo,Sobre/bajo EMA 200,EMAs 9>21>50 alineadas,6,19959,0.1063626693266117,-0.4836373306733882,-28.29217883908183,8466,0.074320172463752,-0.5156798275362479,-19.24747505214878,0.59,2.415031556584761,6.222083101403163,2.465162255787549,2.7739608745252133,0.1802757107230707
SPX500_USD,3m,EMA 9 pullback en tendencia,Largo,Sobre/bajo EMA 200,EMAs 9>21>50 alineadas,12,19959,0.1343248716020185,-0.4556751283979814,-19.5922301152984,8466,0.1345611507380625,-0.4554388492619374,-12.330429750764992,0.59,3.2857978467098308,5.775438751478532,3.3985290950112783,3.6430726518973824,0.22766927390172628
SPX500_USD,3m,EMA 9 pullback en tendencia,Largo,Sobre/bajo EMA 200,Lado del VWAP a favor,6,19545,0.1045839073042578,-0.4854160926957421,-28.182718215365654,8208,0.0741951330828155,-0.5158048669171844,-18.960358534203134,0.59,2.407959228222875,6.072025286696213,2.464663105883787,2.727322704709886,0.1772608598377251
SPX500_USD,3m,EMA 9 pullback en tendencia,Largo,Sobre/bajo EMA 200,Lado del VWAP a favor,12,19545,0.1295722155352631,-0.4604277844647367,-19.65301447951051,8208,0.1404233787492004,-0.4495766212507995,-12.0213877791981,0.59,3.2752932220039965,5.530692790438698,3.3881902343608226,3.7548302323034597,0.21961392463603918
SPX500_USD,3m,EMA 9 pullback en tendencia,Largo,Sobre/bajo EMA 200,Régimen 15m a favor,6,13141,0.1028833136004442,-0.4871166863995557,-27.03677017985148,5467,0.0738236012309653,-0.5161763987690347,-18.074390806262585,0.59,2.0653440364754534,5.710402831232873,2.1115871569219307,2.5850012177158845,0.17437849762787153
SPX500_USD,3m,EMA 9 pullback en tendencia,Largo,Sobre/bajo EMA 200,Régimen 15m a favor,12,13141,0.1286273256990882,-0.4613726743009117,-18.937170541598487,5467,0.080354307128281,-0.5096456928717189,-12.891641957244294,0.59,2.792871706321752,5.279544582401276,2.92303933704485,2.0325865041323605,0.21801241643913255
SPX500_USD,3m,EMA 9 pullback en tendencia,Largo,Sobre/bajo EMA 200,Régimen 15m a favor,24,13141,0.1652004403634736,-0.4247995596365264,-13.083618748674567,5467,0.1129304904355107,-0.4770695095644892,-8.669228186165352,0.59,3.7219487182723725,5.088092795289678,4.0688882604824705,2.052154185361251,0.2800007463787688
SPX500_USD,3m,EMA 9 pullback en tendencia,Largo,Sobre/bajo EMA 200,Bias diario a favor,24,12304,0.1521783538540566,-0.4378216461459433,-16.86266101290032,6624,0.1863204476913968,-0.4036795523086032,-8.277473859016547,0.59,2.880011893111126,5.861135503763456,3.9691644738422864,3.8205121521408514,0.25792941331196034
SPX500_USD,3m,EMA 9 pullback en tendencia,Largo,Sobre/bajo EMA 200,Hora: mediodía 11:00-14:00,12,9943,0.1373719421896214,-0.4526280578103785,-17.01564230247024,4037,0.1208562617081062,-0.4691437382918937,-9.92103405145198,0.59,2.6524783274662878,5.164222125340418,3.0045425483967083,2.555760612094759,0.23283380032139223
SPX500_USD,3m,EMA 9 pullback en tendencia,Largo,Sobre/bajo EMA 200,Hora: cierre 14:00-15:45,3,5741,0.1294019838966698,-0.4605980161033302,-18.6706672722425,2392,0.0930155368154264,-0.4969844631845735,-13.321096699535738,0.59,1.8692009667020104,5.245401198516659,1.8246661639524444,2.4931744395746787,0.21932539643503357
SPX500_USD,3m,EMA 9 pullback en tendencia,Largo,Sobre/bajo EMA 200,Volatilidad alta,6,14518,0.1141748613587981,-0.4758251386412018,-21.367406611936207,5665,0.0803701671792255,-0.5096298328207745,-14.074946529838025,0.59,2.683174786932396,5.12713702870266,2.725260655302252,2.219661669687932,0.19351671416745442
SPX500_USD,3m,EMA 9 pullback en tendencia,Largo,Sobre/bajo EMA 200,RSI(14) a favor de 50,6,19959,0.1063626693266117,-0.4836373306733882,-28.29217883908183,8466,0.074320172463752,-0.5156798275362479,-19.24747505214878,0.59,2.415031556584761,6.222083101403163,2.465162255787549,2.7739608745252133,0.1802757107230707
SPX500_USD,3m,EMA 9 pullback en tendencia,Largo,Sobre/bajo EMA 200,RSI(14) a favor de 50,12,19959,0.1343248716020185,-0.4556751283979814,-19.5922301152984,8466,0.1345611507380625,-0.4554388492619374,-12.330429750764992,0.59,3.2857978467098308,5.775438751478532,3.3985290950112783,3.6430726518973824,0.22766927390172628
SPX500_USD,3m,EMA 9 pullback en tendencia,Largo,Sobre/bajo EMA 200,Día a favor (vs apertura),6,17853,0.1055786221700309,-0.484421377829969,-27.08829569782369,7653,0.0775640794970109,-0.512435920502989,-18.575445090495126,0.59,2.389446007268753,5.903837170692405,2.4133271180515847,2.8116438408090105,0.17894681723734052
SPX500_USD,3m,EMA 9 pullback en tendencia,Largo,Sobre/bajo EMA 200,Día a favor (vs apertura),12,17853,0.1354950349457636,-0.4545049650542363,-18.611465091362,7653,0.1410029825160476,-0.4489970174839524,-11.85103653055338,0.59,3.262974443469517,5.548368679855963,3.3143851617915083,3.721698433719293,0.22965260160298914
SPX500_USD,3m,EMA 9 pullback en tendencia,Largo,Sobre/bajo EMA 200,Gap a favor,6,12014,0.1143493703147109,-0.475650629685289,-23.02492600219701,4919,0.122645102615496,-0.4673548973845039,-14.16063715906623,0.59,2.2642983323122965,5.5353354449169405,2.314741054276595,3.7160898648840566,0.19381249205883205
SPX500_USD,3m,EMA 9 pullback en tendencia,Largo,Sobre/bajo EMA 200,Gap a favor,12,12014,0.1500824213385165,-0.4399175786614834,-15.614623702436852,4919,0.236571744487256,-0.3534282555127439,-7.531273814226694,0.59,3.088044908259403,5.327089998726381,3.2913285791449907,5.0411549066952155,0.25437698531951947
SPX500_USD,3m,EMA 9 pullback en tendencia,Largo,Sobre/bajo EMA 200,Gap a favor,24,12014,0.2303310017707206,-0.3596689982292793,-9.510437353678745,4919,0.3827798172186293,-0.2072201827813706,-3.1628014862270426,0.59,4.145208021837308,6.090456986103904,4.5951376929485654,5.842368048068511,0.3903915284249502
SPX500_USD,3m,EMA 9 pullback en tendencia,Largo,Sobre/bajo EMA 200,Mercado hermano a favor del VWAP,6,18085,0.1116778495267573,-0.4783221504732426,-26.83212442714856,7625,0.0838410764600409,-0.506158923539959,-18.17092883348642,0.59,2.397312723123836,6.2647191882993365,2.4323703138060555,3.0098654055597733,0.18928449072331746
SPX500_USD,3m,EMA 9 pullback en tendencia,Largo,Sobre/bajo EMA 200,Mercado hermano a favor del VWAP,12,18085,0.1484096840332976,-0.4415903159667023,-18.212992493604368,7625,0.1539922035092213,-0.4360077964907787,-11.41059979282426,0.59,3.2605997336590686,6.121022956220039,3.336611987019372,4.030073360158445,0.2515418373445722
SPX500_USD,3m,EMA 9 pullback en tendencia,Largo,Sobre/bajo EMA 200,Mercado hermano a favor del VWAP,24,18085,0.1704726662397186,-0.4195273337602813,-12.690131648273676,7625,0.2774012070952869,-0.3125987929047131,-5.84387699680359,0.59,4.445835516858041,5.156566456884008,4.670960067111166,5.185875856928987,0.288936722440201
SPX500_USD,3m,EMA 9 pullback en tendencia,Largo,Sobre/bajo EMA 200,,6,19959,0.1063626693266117,-0.4836373306733882,-28.29217883908183,8466,0.074320172463752,-0.5156798275362479,-19.24747505214878,0.59,2.415031556584761,6.222083101403163,2.465162255787549,2.7739608745252133,0.1802757107230707
SPX500_USD,3m,EMA 9 pullback en tendencia,Largo,Sobre/bajo EMA 200,,12,19959,0.1343248716020185,-0.4556751283979814,-19.5922301152984,8466,0.1345611507380625,-0.4554388492619374,-12.330429750764992,0.59,3.2857978467098308,5.775438751478532,3.3985290950112783,3.6430726518973824,0.22766927390172628
SPX500_USD,3m,EMA 9 pullback en tendencia,Largo,EMAs 9>21>50 alineadas,Lado del VWAP a favor,6,20910,0.111090047025384,-0.4789099529746159,-28.502299785979552,8745,0.0849508452374571,-0.5050491547625429,-19.118991180629283,0.59,2.4296906120180553,6.61151810249366,2.470293653757779,3.215874030411115,0.18828821529726103
SPX500_USD,3m,EMA 9 pullback en tendencia,Largo,EMAs 9>21>50 alineadas,Lado del VWAP a favor,12,20910,0.1406881280403739,-0.4493118719596261,-19.609898668808945,8745,0.1572779590569611,-0.4327220409430388,-11.921215295389798,0.59,3.3132145568313094,6.140233781813038,3.394441999792615,4.332907117583924,0.2384544543057185
SPX500_USD,3m,EMA 9 pullback en tendencia,Largo,EMAs 9>21>50 alineadas,Régimen 15m a favor,6,13581,0.1050504427859923,-0.4849495572140075,-27.351897213588064,5661,0.0784305315770734,-0.5115694684229266,-18.29786407771707,0.59,2.066212506752759,5.9250057466417685,2.1035401085119805,2.8053105099578484,0.17805159794235986
SPX500_USD,3m,EMA 9 pullback en tendencia,Largo,EMAs 9>21>50 alineadas,Régimen 15m a favor,12,13581,0.1368524017569927,-0.4531475982430072,-18.94756322225125,5661,0.0870514428145976,-0.5029485571854023,-12.972974969792968,0.59,2.7870976958580034,5.72224048954796,2.916960605725252,2.2453910496095486,0.2319532233169368
SPX500_USD,3m,EMA 9 pullback en tendencia,Largo,EMAs 9>21>50 alineadas,Bias diario a favor,6,13417,0.088529149084126,-0.501470850915874,-36.60608908190174,7168,0.0572812046323503,-0.5327187953676495,-21.55601338678765,0.59,1.5867922526953404,6.462401377467368,2.0923222504756445,2.3178352718231294,0.1500494052273322
SPX500_USD,3m,EMA 9 pullback en tendencia,Largo,EMAs 9>21>50 alineadas,Bias diario a favor,12,13417,0.1476030784027493,-0.4423969215972506,-23.660763892472417,7168,0.0746774162564958,-0.515322583743504,-14.888100305728448,0.59,2.1657635706829503,7.894271902436426,2.9304808507470277,2.1574929934620015,0.25017470915720225
SPX500_USD,3m,EMA 9 pullback en tendencia,Largo,EMAs 9>21>50 alineadas,Bias diario a favor,24,13417,0.179295131788263,-0.4107048682117369,-16.16908803448019,7168,0.1805364574704851,-0.4094635425295148,-8.753397552233025,0.59,2.942198942079684,7.058691031983499,3.9603866197686926,3.859458097657266,0.3038900538784119
SPX500_USD,3m,EMA 9 pullback en tendencia,Largo,EMAs 9>21>50 alineadas,Hora: mediodía 11:00-14:00,12,10673,0.1509781419912542,-0.4390218580087457,-16.6556830755057,4347,0.1328032050210633,-0.4571967949789366,-9.992930152959747,0.59,2.723121064622748,5.727833451711498,3.0165126124468498,2.9026737860789655,0.25589515591738
SPX500_USD,3m,EMA 9 pullback en tendencia,Largo,EMAs 9>21>50 alineadas,Hora: mediodía 11:00-14:00,24,10673,0.2034943790698491,-0.3865056209301508,-10.418572524889084,4347,0.1738647713671066,-0.4161352286328933,-6.230044652141306,0.59,3.8325766531487813,5.485356051599679,4.4039070495718855,2.602964648318633,0.3449057272370324
SPX500_USD,3m,EMA 9 pullback en tendencia,Largo,EMAs 9>21>50 alineadas,Hora: cierre 14:00-15:45,3,6458,0.1246818667707446,-0.4653181332292553,-19.924834660925043,2652,0.0985270366409785,-0.4914729633590214,-13.782248961484024,0.59,1.8767406946766472,5.338854008078404,1.8363958422218507,2.7629681582937042,0.21132519791651627
SPX500_USD,3m,EMA 9 pullback en tendencia,Largo,EMAs 9>21>50 alineadas,Volatilidad alta,6,15850,0.1237597001614254,-0.4662402998385745,-21.73172544158727,6203,0.1001121204898335,-0.4898878795101664,-14.16018181232547,0.59,2.7010351326415245,5.768509984170062,2.724763139529039,2.8937352546279067,0.2097622036634329
SPX500_USD,3m,EMA 9 pullback en tendencia,Largo,EMAs 9>21>50 alineadas,Volatilidad alta,12,15850,0.1586365785809345,-0.4313634214190654,-14.765929336101536,6203,0.1724962735395171,-0.4175037264604828,-8.895433303617272,0.59,3.677876676517839,5.4302622641045915,3.6965291813816044,3.675246468820514,0.2688755569168381
SPX500_USD,3m,EMA 9 pullback en tendencia,Largo,EMAs 9>21>50 alineadas,RSI(14) a favor de 50,6,21637,0.1152651930007409,-0.4747348069992591,-28.630198299384297,9166,0.0903660314145006,-0.4996339685854993,-19.33693528126913,0.59,2.439075485985358,6.951386930078555,2.4737410721164634,3.4973644927192513,0.19536473389956086
SPX500_USD,3m,EMA 9 pullback en tendencia,Largo,EMAs 9>21>50 alineadas,RSI(14) a favor de 50,12,21637,0.1484720753990921,-0.4415279246009078,-19.53662401522058,9166,0.1512649739228193,-0.4387350260771806,-12.367104550437135,0.59,3.324353354569193,6.5695575573241545,3.3964419909663572,4.263871439782346,0.25164758542219
SPX500_USD,3m,EMA 9 pullback en tendencia,Largo,EMAs 9>21>50 alineadas,RSI(14) a favor de 50,24,21637,0.166307771184415,-0.423692228815585,-13.774593471579587,9166,0.2653378697427995,-0.3246621302572005,-6.605586056545305,0.59,4.524496228676824,5.406806600238332,4.705547974386409,5.398572760112044,0.2818775782786695
SPX500_USD,3m,EMA 9 pullback en tendencia,Largo,EMAs 9>21>50 alineadas,Día a favor (vs apertura),6,18424,0.1125269536603496,-0.4774730463396504,-26.90655364698645,7927,0.0898951374899473,-0.5001048625100526,-18.32352215888305,0.59,2.4087001995090875,6.341117134474627,2.430001538650356,3.2937003161807445,0.19072365027177898
SPX500_USD,3m,EMA 9 pullback en tendencia,Largo,EMAs 9>21>50 alineadas,Día a favor (vs apertura),12,18424,0.1420046814203366,-0.4479953185796633,-18.53828625579166,7927,0.1506241555019632,-0.4393758444980367,-11.768173312668887,0.59,3.2801662386497483,5.876229783335514,3.3241571770827245,4.034293621777408,0.24068590071243492
SPX500_USD,3m,EMA 9 pullback en tendencia,Largo,EMAs 9>21>50 alineadas,Gap a favor,3,12536,0.0831279791154599,-0.50687202088454,-35.10148701942656,5118,0.0473215893964927,-0.5426784106035072,-23.778561579600147,0.59,1.6167850908513588,5.756710884890503,1.6327026797181357,2.0734919715300406,0.1408948798567117
SPX500_USD,3m,EMA 9 pullback en tendencia,Largo,EMAs 9>21>50 alineadas,Gap a favor,6,12536,0.1172536473861528,-0.4727463526138471,-23.40104652389953,5118,0.13323390255593,-0.4567660974440699,-14.094137205348115,0.59,2.261894780970336,5.8040808615641195,2.318491497463802,4.111112697581925,0.19873499556975052
SPX500_USD,3m,EMA 9 pullback en tendencia,Largo,EMAs 9>21>50 alineadas,Gap a favor,12,12536,0.1587659279556128,-0.4312340720443871,-15.52227326134161,5118,0.2402686729893269,-0.3497313270106731,-7.612095079980937,0.59,3.1105503416195486,5.71478062165699,3.2868544454130992,5.229580087001437,0.2690947931451065
SPX500_USD,3m,EMA 9 pullback en tendencia,Largo,EMAs 9>21>50 alineadas,Gap a favor,24,12536,0.229945535178997,-0.360054464821003,-9.647934707903504,5118,0.3677599281946073,-0.2222400718053926,-3.466194715726113,0.59,4.178431979645082,6.161566447686721,4.586902973821175,5.735813120507782,0.389738195218639
SPX500_USD,3m,EMA 9 pullback en tendencia,Largo,EMAs 9>21>50 alineadas,Mercado hermano a favor del VWAP,6,19241,0.1203469075740768,-0.4696530924259231,-26.86243898876268,8137,0.0978232359467171,-0.4921767640532828,-18.20692056232748,0.59,2.425188856209036,6.88340290808327,2.4384663518927763,3.6187402903052925,0.2039778094475878
SPX500_USD,3m,EMA 9 pullback en tendencia,Largo,EMAs 9>21>50 alineadas,Mercado hermano a favor del VWAP,12,19241,0.1554851810536013,-0.4345148189463986,-18.266192219154306,8137,0.1716100217611297,-0.4183899782388702,-11.29835880763105,0.59,3.2996690920332177,6.5363068887771245,3.340396873526289,4.6342209462188375,0.26353420517559545
SPX500_USD,3m,EMA 9 pullback en tendencia,Largo,EMAs 9>21>50 alineadas,Mercado hermano a favor del VWAP,24,19241,0.1710669891879239,-0.418933010812076,-12.988534484016148,8137,0.2792163599001859,-0.3107836400998141,-5.993277662776999,0.59,4.474023398118923,5.303734560895861,4.677630455850338,5.384521438561683,0.28994404947105745
SPX500_USD,3m,EMA 9 pullback en tendencia,Largo,EMAs 9>21>50 alineadas,,6,21637,0.1152651930007409,-0.4747348069992591,-28.630198299384297,9166,0.0903660314145006,-0.4996339685854993,-19.33693528126913,0.59,2.439075485985358,6.951386930078555,2.4737410721164634,3.4973644927192513,0.19536473389956086
SPX500_USD,3m,EMA 9 pullback en tendencia,Largo,EMAs 9>21>50 alineadas,,12,21637,0.1484720753990921,-0.4415279246009078,-19.53662401522058,9166,0.1512649739228193,-0.4387350260771806,-12.367104550437135,0.59,3.324353354569193,6.5695575573241545,3.3964419909663572,4.263871439782346,0.25164758542219
SPX500_USD,3m,EMA 9 pullback en tendencia,Largo,EMAs 9>21>50 alineadas,,24,21637,0.166307771184415,-0.423692228815585,-13.774593471579587,9166,0.2653378697427995,-0.3246621302572005,-6.605586056545305,0.59,4.524496228676824,5.406806600238332,4.705547974386409,5.398572760112044,0.2818775782786695
SPX500_USD,3m,EMA 9 pullback en tendencia,Largo,Lado del VWAP a favor,Régimen 15m a favor,6,13195,0.0961114430255897,-0.4938885569744102,-27.745034132586134,5432,0.0874806602152176,-0.5025193397847822,-17.558011522337484,0.59,2.044788518178359,5.399224642119536,2.109392179108477,3.056571794228476,0.16290075089083
SPX500_USD,3m,EMA 9 pullback en tendencia,Largo,Lado del VWAP a favor,Régimen 15m a favor,12,13195,0.1211134505479703,-0.4688865494520296,-19.4661540822968,5432,0.0992819290273495,-0.4907180709726504,-12.390484675583636,0.59,2.7668926856803915,5.028109875535306,2.918929711167105,2.506839044540337,0.20527703482706833
SPX500_USD,3m,EMA 9 pullback en tendencia,Largo,Lado del VWAP a favor,Bias diario a favor,6,12905,0.0837036321995471,-0.5062963678004528,-36.66583459931928,6811,0.0507107248671725,-0.5392892751328274,-21.379547611917825,0.59,1.5686362289927158,6.061792516750709,2.0817506662395666,2.0103725527742915,0.14187056305007983
SPX500_USD,3m,EMA 9 pullback en tendencia,Largo,Lado del VWAP a favor,Bias diario a favor,12,12905,0.1418899341037872,-0.4481100658962127,-23.757888340167582,6811,0.0790615773484528,-0.5109384226515471,-14.504732484363176,0.59,2.1426728524647487,7.522717000988492,2.9071288410321174,2.244432946107039,0.24049141373523256
SPX500_USD,3m,EMA 9 pullback en tendencia,Largo,Lado del VWAP a favor,Bias diario a favor,24,12905,0.1655018844515812,-0.4244981155484187,-16.60954859397572,6811,0.1702080080992604,-0.4197919919007395,-8.848797086876182,0.59,2.903333608916781,6.4756744294181665,3.9152126334129282,3.587815287786294,0.28051166856200205
SPX500_USD,3m,EMA 9 pullback en tendencia,Largo,Lado del VWAP a favor,Hora: mediodía 11:00-14:00,12,10538,0.1442294566946704,-0.4457705433053295,-16.838791949831187,4253,0.1315061209091376,-0.4584938790908623,-9.885530621246629,0.59,2.717562448410216,5.448206147294133,3.0246926281030078,2.835387437900805,0.24445670626215324
SPX500_USD,3m,EMA 9 pullback en tendencia,Largo,Lado del VWAP a favor,Hora: mediodía 11:00-14:00,24,10538,0.1935562188812215,-0.3964437811187784,-10.65502317198676,4253,0.1616012892553785,-0.4283987107446214,-6.326222491394587,0.59,3.8194981867995,5.20211463890679,4.416226959807138,2.386388392599926,0.3280613879342737
SPX500_USD,3m,EMA 9 pullback en tendencia,Largo,Lado del VWAP a favor,Hora: cierre 14:00-15:45,3,6117,0.1273818278753116,-0.4626181721246883,-19.118641765372875,2478,0.0983426615150827,-0.4916573384849172,-13.23732634546921,0.59,1.8924956627701885,5.264314463440646,1.8488977801152768,2.6477666501811012,0.21590140317849427
SPX500_USD,3m,EMA 9 pullback en tendencia,Largo,Lado del VWAP a favor,Volatilidad alta,6,15283,0.119445880654516,-0.4705541193454839,-21.58145290918941,5892,0.0991507618911235,-0.4908492381088764,-13.81639962255998,0.59,2.695461960676014,5.478255406897089,2.726996648107083,2.7908906499416646,0.20245064517714578
SPX500_USD,3m,EMA 9 pullback en tendencia,Largo,Lado del VWAP a favor,Volatilidad alta,12,15283,0.1509840074871282,-0.4390159925128717,-14.784566945274092,5892,0.186675963236698,-0.4033240367633018,-8.355602611430104,0.59,3.670929461891189,5.084628360762424,3.7051662325558214,3.8673374848402005,0.2559050974358105
SPX500_USD,3m,EMA 9 pullback en tendencia,Largo,Lado del VWAP a favor,RSI(14) a favor de 50,6,20910,0.111090047025384,-0.4789099529746159,-28.502299785979552,8745,0.0849508452374571,-0.5050491547625429,-19.118991180629283,0.59,2.4296906120180553,6.61151810249366,2.470293653757779,3.215874030411115,0.18828821529726103
SPX500_USD,3m,EMA 9 pullback en tendencia,Largo,Lado del VWAP a favor,RSI(14) a favor de 50,12,20910,0.1406881280403739,-0.4493118719596261,-19.609898668808945,8745,0.1572779590569611,-0.4327220409430388,-11.921215295389798,0.59,3.3132145568313094,6.140233781813038,3.394441999792615,4.332907117583924,0.2384544543057185
SPX500_USD,3m,EMA 9 pullback en tendencia,Largo,Lado del VWAP a favor,Día a favor (vs apertura),6,18164,0.1064906486775008,-0.4835093513224991,-27.12098658439014,7741,0.0832576616191383,-0.5067423383808616,-18.452147723308464,0.59,2.402730939337093,5.9732690717270716,2.4162329478313427,3.0316840629545294,0.18049262487712
SPX500_USD,3m,EMA 9 pullback en tendencia,Largo,Lado del VWAP a favor,Día a favor (vs apertura),12,18164,0.1324153648969545,-0.4575846351030455,-18.85201171939861,7741,0.146608684556057,-0.4433913154439429,-11.79047714915623,0.59,3.271293259025766,5.455375507317194,3.308676716551404,3.898557064419061,0.2244328218592449
SPX500_USD,3m,EMA 9 pullback en tendencia,Largo,Lado del VWAP a favor,Gap a favor,3,12066,0.0841532207219019,-0.5058467792780981,-34.66422213434688,4847,0.0518034723878816,-0.5381965276121183,-22.910126255407217,0.59,1.6029471017772685,5.766777719901229,1.6354976284970726,2.205187198328081,0.142632577494749
SPX500_USD,3m,EMA 9 pullback en tendencia,Largo,Lado del VWAP a favor,Gap a favor,6,12066,0.1153151684291086,-0.4746848315708913,-23.258792090421757,4847,0.1421892478192051,-0.4478107521807948,-13.404500188635645,0.59,2.2418154511353836,5.650257495038684,2.325843033543349,4.256208208339301,0.19544943801543832
SPX500_USD,3m,EMA 9 pullback en tendencia,Largo,Lado del VWAP a favor,Gap a favor,12,12066,0.1555601398525557,-0.4344398601474442,-15.459985837853209,4847,0.2543421974127037,-0.3356578025872962,-7.072652816917674,0.59,3.0867555235643342,5.535766350349986,3.3040827610744854,5.359249941833685,0.26366125398738255
SPX500_USD,3m,EMA 9 pullback en tendencia,Largo,Lado del VWAP a favor,Gap a favor,24,12066,0.2238020730141124,-0.3661979269858875,-9.691699533956712,4847,0.3901992523967789,-0.199800747603221,-3.019298156845992,0.59,4.150473071333211,5.92308772630766,4.607099765524079,5.896513890447955,0.37932554748154645
SPX500_USD,3m,EMA 9 pullback en tendencia,Largo,Lado del VWAP a favor,Mercado hermano a favor del VWAP,6,18964,0.114885772338172,-0.475114227661828,-27.003939095595992,7946,0.0954300875391313,-0.4945699124608687,-18.036065370259895,0.59,2.422902228626282,6.529731627777472,2.444331878831952,3.480161760308417,0.19472164803080003
SPX500_USD,3m,EMA 9 pullback en tendencia,Largo,Lado del VWAP a favor,Mercado hermano a favor del VWAP,12,18964,0.1494984702203022,-0.4405015297796977,-18.410011977187622,7946,0.1783779556193761,-0.4116220443806239,-10.967388250828105,0.59,3.295022035204757,6.248034209332818,3.345566661021923,4.752758802338752,0.25338723766152915
SPX500_USD,3m,EMA 9 pullback en tendencia,Largo,Lado del VWAP a favor,Mercado hermano a favor del VWAP,24,18964,0.1664205187862117,-0.4235794812137883,-13.058117212132547,7946,0.2893889835491127,-0.3006110164508872,-5.713278850341251,0.59,4.467034687095121,5.130415275515756,4.6902257973141035,5.499997900120263,0.2820686759088334
SPX500_USD,3m,EMA 9 pullback en tendencia,Largo,Lado del VWAP a favor,,6,20910,0.111090047025384,-0.4789099529746159,-28.502299785979552,8745,0.0849508452374571,-0.5050491547625429,-19.118991180629283,0.59,2.4296906120180553,6.61151810249366,2.470293653757779,3.215874030411115,0.18828821529726103
SPX500_USD,3m,EMA 9 pullback en tendencia,Largo,Lado del VWAP a favor,,12,20910,0.1406881280403739,-0.4493118719596261,-19.609898668808945,8745,0.1572779590569611,-0.4327220409430388,-11.921215295389798,0.59,3.3132145568313094,6.140233781813038,3.394441999792615,4.332907117583924,0.2384544543057185
SPX500_USD,3m,EMA 9 pullback en tendencia,Largo,Régimen 15m a favor,RSI(14) a favor de 50,6,13581,0.1050504427859923,-0.4849495572140075,-27.351897213588064,5661,0.0784305315770734,-0.5115694684229266,-18.29786407771707,0.59,2.066212506752759,5.9250057466417685,2.1035401085119805,2.8053105099578484,0.17805159794235986
SPX500_USD,3m,EMA 9 pullback en tendencia,Largo,Régimen 15m a favor,RSI(14) a favor de 50,12,13581,0.1368524017569927,-0.4531475982430072,-18.94756322225125,5661,0.0870514428145976,-0.5029485571854023,-12.972974969792968,0.59,2.7870976958580034,5.72224048954796,2.916960605725252,2.2453910496095486,0.2319532233169368
SPX500_USD,3m,EMA 9 pullback en tendencia,Largo,Régimen 15m a favor,Día a favor (vs apertura),6,11922,0.1011066254383964,-0.4888933745616035,-25.58735904931508,5056,0.0944610788852353,-0.4955389211147646,-16.896450574776203,0.59,2.08623509647824,5.2916477538209685,2.085382963823183,3.2208508406038496,0.1713671617599939
SPX500_USD,3m,EMA 9 pullback en tendencia,Largo,Régimen 15m a favor,Día a favor (vs apertura),12,11922,0.1341884685350612,-0.4558115314649387,-17.630809877988252,5056,0.1318628093864344,-0.4581371906135655,-11.382758923862523,0.59,2.822848721396385,5.190415803997832,2.861880812701517,3.2762294810836856,0.2274380822628156
SPX500_USD,3m,EMA 9 pullback en tendencia,Largo,Régimen 15m a favor,Gap a favor,3,9424,0.0952559634663657,-0.4947440365336342,-35.21269968059457,3749,0.0491848933153007,-0.5408151066846992,-23.4686267800437,0.59,1.3639513627291788,6.779707053828821,1.4109734963717562,2.134374373358672,0.16145078553621306
SPX500_USD,3m,EMA 9 pullback en tendencia,Largo,Régimen 15m a favor,Gap a favor,6,9424,0.1417329007781827,-0.4482670992218173,-22.612274366070903,3749,0.1171495341466057,-0.4728504658533942,-14.113684733746291,0.59,1.9244660640699869,7.149539291772739,2.051356440952633,3.4966902034586846,0.24022525555624188
SPX500_USD,3m,EMA 9 pullback en tendencia,Largo,Régimen 15m a favor,Gap a favor,12,9424,0.2047632473231576,-0.3852367526768423,-14.390080800299003,3749,0.1796472548929714,-0.4103527451070285,-8.625661631054582,0.59,2.598855420860578,7.648698244488584,2.9128803489781356,3.7762058427327547,0.34705635139518237
SPX500_USD,3m,EMA 9 pullback en tendencia,Largo,Régimen 15m a favor,Gap a favor,24,9424,0.2949062729529492,-0.2950937270470507,-8.343220468400292,3749,0.2422236098897205,-0.3477763901102794,-5.229390363751223,0.59,3.433554113901368,8.337920556231897,4.071990472325737,3.6422306040633665,0.499841140598219
SPX500_USD,3m,EMA 9 pullback en tendencia,Largo,Régimen 15m a favor,Mercado hermano a favor del VWAP,6,12153,0.1155840226243005,-0.4744159773756994,-25.654055911028426,5042,0.0958724061632288,-0.4941275938367711,-17.072538631523244,0.59,2.0386610185297567,6.250208931047824,2.0551447865437615,3.3124751143922198,0.19590512309203476
SPX500_USD,3m,EMA 9 pullback en tendencia,Largo,Régimen 15m a favor,Mercado hermano a favor del VWAP,12,12153,0.1517891552304472,-0.4382108447695527,-17.546341930986305,5042,0.1133465220274692,-0.4766534779725307,-11.975081165907008,0.59,2.753203302488686,6.077769299592735,2.8263485662700814,2.847632218956415,0.2572697546278766
SPX500_USD,3m,EMA 9 pullback en tendencia,Largo,Régimen 15m a favor,Mercado hermano a favor del VWAP,24,12153,0.1807537996983769,-0.409246200301623,-12.434616451629392,5042,0.120267681165708,-0.4697323188342919,-8.363104854317188,0.59,3.6282233242326463,5.49205874060023,3.9882678775760807,2.14124340149826,0.30636237237013036
SPX500_USD,3m,EMA 9 pullback en tendencia,Largo,Régimen 15m a favor,,6,13581,0.1050504427859923,-0.4849495572140075,-27.351897213588064,5661,0.0784305315770734,-0.5115694684229266,-18.29786407771707,0.59,2.066212506752759,5.9250057466417685,2.1035401085119805,2.8053105099578484,0.17805159794235986
SPX500_USD,3m,EMA 9 pullback en tendencia,Largo,Régimen 15m a favor,,12,13581,0.1368524017569927,-0.4531475982430072,-18.94756322225125,5661,0.0870514428145976,-0.5029485571854023,-12.972974969792968,0.59,2.7870976958580034,5.72224048954796,2.916960605725252,2.2453910496095486,0.2319532233169368
SPX500_USD,3m,EMA 9 pullback en tendencia,Largo,Régimen 1h a favor,Hora: mediodía 11:00-14:00,12,6621,0.1412464689765518,-0.448753531023448,-17.35387755293609,2633,0.0977204145698822,-0.4922795854301177,-10.67939337983104,0.59,2.1041327885702614,5.462183042467445,2.3653241802456844,2.1199228635900638,0.23940079487551152
SPX500_USD,3m,EMA 9 pullback en tendencia,Largo,Bias diario a favor,Hora: mediodía 11:00-14:00,6,6632,0.1164802854972811,-0.4735197145027188,-29.343528631467024,3361,0.0747680845660703,-0.5152319154339295,-16.393161308216307,0.59,1.31415921968737,7.218163231240283,1.822108780492253,2.37890013076087,0.1974242127072561
SPX500_USD,3m,EMA 9 pullback en tendencia,Largo,Bias diario a favor,Hora: mediodía 11:00-14:00,12,6632,0.1939222844288346,-0.3960777155711653,-17.052954439220073,3361,0.1244546605944101,-0.4655453394055898,-10.392528935754624,0.59,1.8914855833553708,8.349239937282503,2.5970182234951666,2.7782442480647416,0.3286818380149739
SPX500_USD,3m,EMA 9 pullback en tendencia,Largo,Bias diario a favor,Hora: mediodía 11:00-14:00,24,6632,0.2889021630741575,-0.3010978369258424,-9.592640586413957,3361,0.2403416995383628,-0.3496583004616371,-5.5794155530761245,0.59,2.556181701165372,9.20410004702392,3.633200705317053,3.8350761720418958,0.48966468317653816
SPX500_USD,3m,EMA 9 pullback en tendencia,Largo,Bias diario a favor,Volatilidad alta,24,8767,0.2288357410624536,-0.3611642589375463,-10.606034265790363,4811,0.1710641242887393,-0.4189358757112606,-6.781606661669902,0.59,3.188432615878995,6.720043999053643,4.284820514275305,2.769134065875037,0.3878571882414468
SPX500_USD,3m,EMA 9 pullback en tendencia,Largo,Bias diario a favor,RSI(14) a favor de 50,6,13417,0.088529149084126,-0.501470850915874,-36.60608908190174,7168,0.0572812046323503,-0.5327187953676495,-21.55601338678765,0.59,1.5867922526953404,6.462401377467368,2.0923222504756445,2.3178352718231294,0.1500494052273322
SPX500_USD,3m,EMA 9 pullback en tendencia,Largo,Bias diario a favor,RSI(14) a favor de 50,12,13417,0.1476030784027493,-0.4423969215972506,-23.660763892472417,7168,0.0746774162564958,-0.515322583743504,-14.888100305728448,0.59,2.1657635706829503,7.894271902436426,2.9304808507470277,2.1574929934620015,0.25017470915720225
SPX500_USD,3m,EMA 9 pullback en tendencia,Largo,Bias diario a favor,RSI(14) a favor de 50,24,13417,0.179295131788263,-0.4107048682117369,-16.16908803448019,7168,0.1805364574704851,-0.4094635425295148,-8.753397552233025,0.59,2.942198942079684,7.058691031983499,3.9603866197686926,3.859458097657266,0.3038900538784119
SPX500_USD,3m,EMA 9 pullback en tendencia,Largo,Bias diario a favor,Día a favor (vs apertura),6,11294,0.0935627819268666,-0.4964372180731333,-33.69132524420526,6190,0.0612431490748687,-0.5287568509251312,-19.83441789522391,0.59,1.5659220182542832,6.349753809526694,2.0974029413261714,2.2973172070397228,0.15858098631672304
SPX500_USD,3m,EMA 9 pullback en tendencia,Largo,Bias diario a favor,Día a favor (vs apertura),12,11294,0.1581630527772628,-0.4318369472227371,-21.509873544391468,6190,0.086541462098647,-0.503458537901353,-13.514820761529467,0.59,2.1335647701180305,7.878129202499862,2.9308847719956126,2.3231155311802034,0.26807297080892
SPX500_USD,3m,EMA 9 pullback en tendencia,Largo,Bias diario a favor,Día a favor (vs apertura),24,11294,0.1763949575773779,-0.4136050424226221,-15.101666598074768,6190,0.2090937649876312,-0.3809062350123687,-7.574761756260534,0.59,2.9106155043337063,6.440583565693502,3.956347482700741,4.15807174815452,0.2989745043684371
SPX500_USD,3m,EMA 9 pullback en tendencia,Largo,Bias diario a favor,Mercado hermano a favor del VWAP,6,11741,0.0843112023804137,-0.5056887976195863,-35.046263029881395,6329,0.0565943929666515,-0.5334056070333485,-20.746351156293635,0.59,1.5634865906979871,5.8431046701025355,2.045424246842532,2.201190115892465,0.14290034301765034
SPX500_USD,3m,EMA 9 pullback en tendencia,Largo,Bias diario a favor,Mercado hermano a favor del VWAP,12,11741,0.1413160421080508,-0.4486839578919491,-22.557811301218138,6329,0.0864568726299573,-0.5035431273700426,-13.904195616301564,0.59,2.155242422198881,7.104734982470846,2.8811001264492435,2.3873094558933157,0.23951871543737424
SPX500_USD,3m,EMA 9 pullback en tendencia,Largo,Bias diario a favor,Mercado hermano a favor del VWAP,24,11741,0.1728474921033264,-0.4171525078966734,-15.559805277283363,6329,0.1873888463879068,-0.4026111536120931,-8.193832108805987,0.59,2.904980658512498,6.447218388677892,3.9090055663597516,3.8136865623069616,0.29296185102258715
SPX500_USD,3m,EMA 9 pullback en tendencia,Largo,Bias diario a favor,,6,13417,0.088529149084126,-0.501470850915874,-36.60608908190174,7168,0.0572812046323503,-0.5327187953676495,-21.55601338678765,0.59,1.5867922526953404,6.462401377467368,2.0923222504756445,2.3178352718231294,0.1500494052273322
SPX500_USD,3m,EMA 9 pullback en tendencia,Largo,Bias diario a favor,,12,13417,0.1476030784027493,-0.4423969215972506,-23.660763892472417,7168,0.0746774162564958,-0.515322583743504,-14.888100305728448,0.59,2.1657635706829503,7.894271902436426,2.9304808507470277,2.1574929934620015,0.25017470915720225
SPX500_USD,3m,EMA 9 pullback en tendencia,Largo,Bias diario a favor,,24,13417,0.179295131788263,-0.4107048682117369,-16.16908803448019,7168,0.1805364574704851,-0.4094635425295148,-8.753397552233025,0.59,2.942198942079684,7.058691031983499,3.9603866197686926,3.859458097657266,0.3038900538784119
SPX500_USD,3m,EMA 9 pullback en tendencia,Largo,Hora: mediodía 11:00-14:00,RSI(14) a favor de 50,12,10673,0.1509781419912542,-0.4390218580087457,-16.6556830755057,4347,0.1328032050210633,-0.4571967949789366,-9.992930152959747,0.59,2.723121064622748,5.727833451711498,3.0165126124468498,2.9026737860789655,0.25589515591738
SPX500_USD,3m,EMA 9 pullback en tendencia,Largo,Hora: mediodía 11:00-14:00,RSI(14) a favor de 50,24,10673,0.2034943790698491,-0.3865056209301508,-10.418572524889084,4347,0.1738647713671066,-0.4161352286328933,-6.230044652141306,0.59,3.8325766531487813,5.485356051599679,4.4039070495718855,2.602964648318633,0.3449057272370324
SPX500_USD,3m,EMA 9 pullback en tendencia,Largo,Hora: mediodía 11:00-14:00,Día a favor (vs apertura),12,9349,0.1415221756671836,-0.4484778243328163,-16.046626767257028,3866,0.1695796613303479,-0.420420338669652,-8.698603303784099,0.59,2.7023388326027313,5.063691912972268,3.005142822323585,3.508646149162225,0.23986809435115863
SPX500_USD,3m,EMA 9 pullback en tendencia,Largo,Hora: mediodía 11:00-14:00,Mercado hermano a favor del VWAP,12,9762,0.1643198392743386,-0.4256801607256613,-15.466515613768948,3976,0.1355615995779363,-0.4544384004220636,-9.493902055634782,0.59,2.719320064952048,5.970340162097565,3.018237866225039,2.8320858177979416,0.27850820215989597
SPX500_USD,3m,EMA 9 pullback en tendencia,Largo,Hora: mediodía 11:00-14:00,Mercado hermano a favor del VWAP,24,9762,0.2144434138952379,-0.375556586104762,-9.70485317560101,3976,0.1744185818033199,-0.41558141819668,-5.908431823929953,0.59,3.8234535186560588,5.541486751472877,4.4351374125975,2.479755480606563,0.3634634133817592
SPX500_USD,3m,EMA 9 pullback en tendencia,Largo,Hora: mediodía 11:00-14:00,,12,10673,0.1509781419912542,-0.4390218580087457,-16.6556830755057,4347,0.1328032050210633,-0.4571967949789366,-9.992930152959747,0.59,2.723121064622748,5.727833451711498,3.0165126124468498,2.9026737860789655,0.25589515591738
SPX500_USD,3m,EMA 9 pullback en tendencia,Largo,Hora: mediodía 11:00-14:00,,24,10673,0.2034943790698491,-0.3865056209301508,-10.418572524889084,4347,0.1738647713671066,-0.4161352286328933,-6.230044652141306,0.59,3.8325766531487813,5.485356051599679,4.4039070495718855,2.602964648318633,0.3449057272370324
SPX500_USD,3m,EMA 9 pullback en tendencia,Largo,Hora: cierre 14:00-15:45,RSI(14) a favor de 50,3,6458,0.1246818667707446,-0.4653181332292553,-19.924834660925043,2652,0.0985270366409785,-0.4914729633590214,-13.782248961484024,0.59,1.8767406946766472,5.338854008078404,1.8363958422218507,2.7629681582937042,0.21132519791651627
SPX500_USD,3m,EMA 9 pullback en tendencia,Largo,Hora: cierre 14:00-15:45,Día a favor (vs apertura),3,4950,0.1347064024029356,-0.4552935975970643,-17.16943287819542,2050,0.0896065167682926,-0.5003934832317073,-13.090217875647124,0.59,1.8656844527124783,5.079870541837152,1.7307793324460659,2.344092932624452,0.22831593627616206
SPX500_USD,3m,EMA 9 pullback en tendencia,Largo,Hora: cierre 14:00-15:45,Gap a favor,3,3685,0.1620352052768826,-0.4279647947231173,-14.76449905418361,1510,0.0925785292063327,-0.4974214707936671,-11.220048096308435,0.59,1.7595761804928176,5.59010615955638,1.7227342272825894,2.088240277853669,0.27463594114725864
SPX500_USD,3m,EMA 9 pullback en tendencia,Largo,Hora: cierre 14:00-15:45,Gap a favor,6,3685,0.2362274045698355,-0.3537725954301645,-8.431271783981236,1510,0.2062222714455712,-0.3837777285544287,-6.148404049757865,0.59,2.5471225736763583,5.629880540438695,2.4255254831465263,3.3038338459142564,0.40038543147429745
SPX500_USD,3m,EMA 9 pullback en tendencia,Largo,Hora: cierre 14:00-15:45,Gap a favor,12,3685,0.3505556766504833,-0.2394443233495166,-4.00643759930574,1510,0.4484096906043046,-0.1415903093956953,-1.5878920778523118,0.59,3.6279802031283688,5.865578368848798,3.4649823155923856,5.02877773473125,0.5941621638143786
SPX500_USD,3m,EMA 9 pullback en tendencia,Largo,Hora: cierre 14:00-15:45,Gap a favor,24,3685,0.4690366085057666,-0.1209633914942333,-1.5057561610994128,1510,0.7130472953745861,0.1230472953745861,0.9787338105938074,0.59,4.876610304929876,5.838582684517412,4.885353050963661,5.671668722266902,0.7949773025521468
SPX500_USD,3m,EMA 9 pullback en tendencia,Largo,Hora: cierre 14:00-15:45,Mercado hermano a favor del VWAP,3,5710,0.1403496470008756,-0.4496503529991243,-18.034383567792712,2375,0.115113127055921,-0.4748868729440789,-12.473540585276655,0.59,1.8840468172351366,5.62908346615493,1.855377250745804,3.0236006595179603,0.23788075762860272
SPX500_USD,3m,EMA 9 pullback en tendencia,Largo,Hora: cierre 14:00-15:45,,3,6458,0.1246818667707446,-0.4653181332292553,-19.924834660925043,2652,0.0985270366409785,-0.4914729633590214,-13.782248961484024,0.59,1.8767406946766472,5.338854008078404,1.8363958422218507,2.7629681582937042,0.21132519791651627
SPX500_USD,3m,EMA 9 pullback en tendencia,Largo,Volatilidad alta,RSI(14) a favor de 50,6,15850,0.1237597001614254,-0.4662402998385745,-21.73172544158727,6203,0.1001121204898335,-0.4898878795101664,-14.16018181232547,0.59,2.7010351326415245,5.768509984170062,2.724763139529039,2.8937352546279067,0.2097622036634329
SPX500_USD,3m,EMA 9 pullback en tendencia,Largo,Volatilidad alta,RSI(14) a favor de 50,12,15850,0.1586365785809345,-0.4313634214190654,-14.765929336101536,6203,0.1724962735395171,-0.4175037264604828,-8.895433303617272,0.59,3.677876676517839,5.4302622641045915,3.6965291813816044,3.675246468820514,0.2688755569168381
SPX500_USD,3m,EMA 9 pullback en tendencia,Largo,Volatilidad alta,Día a favor (vs apertura),6,13535,0.1187953784098517,-0.4712046215901482,-20.62945009135642,5312,0.0906063907117728,-0.499393609288227,-13.562532818476502,0.59,2.657363833914728,5.2008898421234715,2.6836829776051254,2.4606885725741963,0.20134809899974865
SPX500_USD,3m,EMA 9 pullback en tendencia,Largo,Volatilidad alta,Gap a favor,6,8778,0.1406803404885616,-0.4493196595114384,-16.583731948246147,3216,0.1665718496142335,-0.4234281503857664,-9.28162876312894,0.59,2.5384635981598294,5.1923057619759305,2.5871020107643963,3.651287872803245,0.23844125506535865
SPX500_USD,3m,EMA 9 pullback en tendencia,Largo,Volatilidad alta,Gap a favor,24,8778,0.2848940310648781,-0.3051059689351219,-6.138412186732288,3216,0.409793872738359,-0.1802061272616409,-2.066117638371555,0.59,4.6568520975708765,5.731769189306819,4.946209739523339,4.698410433802927,0.48287123909301377
SPX500_USD,3m,EMA 9 pullback en tendencia,Largo,Volatilidad alta,Mercado hermano a favor del VWAP,6,14102,0.1342995729772372,-0.4557004270227627,-20.16816889750472,5414,0.1016051817697751,-0.4883948182302248,-13.320932973449713,0.59,2.6832017039133684,5.943765487260306,2.697711666939569,2.7712739070714973,0.22762639487667324
SPX500_USD,3m,EMA 9 pullback en tendencia,Largo,Volatilidad alta,Mercado hermano a favor del VWAP,12,14102,0.1744638393490285,-0.4155361606509714,-13.524873771809176,5414,0.1870323493994158,-0.4029676506005841,-8.096211179484241,0.59,3.6485134992955732,5.678450224991964,3.662245730229353,3.757754241254615,0.29570142262547205
SPX500_USD,3m,EMA 9 pullback en tendencia,Largo,Volatilidad alta,,6,15850,0.1237597001614254,-0.4662402998385745,-21.73172544158727,6203,0.1001121204898335,-0.4898878795101664,-14.16018181232547,0.59,2.7010351326415245,5.768509984170062,2.724763139529039,2.8937352546279067,0.2097622036634329
SPX500_USD,3m,EMA 9 pullback en tendencia,Largo,Volatilidad alta,,12,15850,0.1586365785809345,-0.4313634214190654,-14.765929336101536,6203,0.1724962735395171,-0.4175037264604828,-8.895433303617272,0.59,3.677876676517839,5.4302622641045915,3.6965291813816044,3.675246468820514,0.2688755569168381
SPX500_USD,3m,EMA 9 pullback en tendencia,Largo,RSI(14) a favor de 50,Día a favor (vs apertura),6,18424,0.1125269536603496,-0.4774730463396504,-26.90655364698645,7927,0.0898951374899473,-0.5001048625100526,-18.32352215888305,0.59,2.4087001995090875,6.341117134474627,2.430001538650356,3.2937003161807445,0.19072365027177898
SPX500_USD,3m,EMA 9 pullback en tendencia,Largo,RSI(14) a favor de 50,Día a favor (vs apertura),12,18424,0.1420046814203366,-0.4479953185796633,-18.53828625579166,7927,0.1506241555019632,-0.4393758444980367,-11.768173312668887,0.59,3.2801662386497483,5.876229783335514,3.3241571770827245,4.034293621777408,0.24068590071243492
SPX500_USD,3m,EMA 9 pullback en tendencia,Largo,RSI(14) a favor de 50,Gap a favor,3,12536,0.0831279791154599,-0.50687202088454,-35.10148701942656,5118,0.0473215893964927,-0.5426784106035072,-23.778561579600147,0.59,1.6167850908513588,5.756710884890503,1.6327026797181357,2.0734919715300406,0.1408948798567117
SPX500_USD,3m,EMA 9 pullback en tendencia,Largo,RSI(14) a favor de 50,Gap a favor,6,12536,0.1172536473861528,-0.4727463526138471,-23.40104652389953,5118,0.13323390255593,-0.4567660974440699,-14.094137205348115,0.59,2.261894780970336,5.8040808615641195,2.318491497463802,4.111112697581925,0.19873499556975052
SPX500_USD,3m,EMA 9 pullback en tendencia,Largo,RSI(14) a favor de 50,Gap a favor,12,12536,0.1587659279556128,-0.4312340720443871,-15.52227326134161,5118,0.2402686729893269,-0.3497313270106731,-7.612095079980937,0.59,3.1105503416195486,5.71478062165699,3.2868544454130992,5.229580087001437,0.2690947931451065
SPX500_USD,3m,EMA 9 pullback en tendencia,Largo,RSI(14) a favor de 50,Gap a favor,24,12536,0.229945535178997,-0.360054464821003,-9.647934707903504,5118,0.3677599281946073,-0.2222400718053926,-3.466194715726113,0.59,4.178431979645082,6.161566447686721,4.586902973821175,5.735813120507782,0.389738195218639
SPX500_USD,3m,EMA 9 pullback en tendencia,Largo,RSI(14) a favor de 50,Mercado hermano a favor del VWAP,6,19241,0.1203469075740768,-0.4696530924259231,-26.86243898876268,8137,0.0978232359467171,-0.4921767640532828,-18.20692056232748,0.59,2.425188856209036,6.88340290808327,2.4384663518927763,3.6187402903052925,0.2039778094475878
SPX500_USD,3m,EMA 9 pullback en tendencia,Largo,RSI(14) a favor de 50,Mercado hermano a favor del VWAP,12,19241,0.1554851810536013,-0.4345148189463986,-18.266192219154306,8137,0.1716100217611297,-0.4183899782388702,-11.29835880763105,0.59,3.2996690920332177,6.5363068887771245,3.340396873526289,4.6342209462188375,0.26353420517559545
SPX500_USD,3m,EMA 9 pullback en tendencia,Largo,RSI(14) a favor de 50,Mercado hermano a favor del VWAP,24,19241,0.1710669891879239,-0.418933010812076,-12.988534484016148,8137,0.2792163599001859,-0.3107836400998141,-5.993277662776999,0.59,4.474023398118923,5.303734560895861,4.677630455850338,5.384521438561683,0.28994404947105745
SPX500_USD,3m,EMA 9 pullback en tendencia,Largo,RSI(14) a favor de 50,,6,21637,0.1152651930007409,-0.4747348069992591,-28.630198299384297,9166,0.0903660314145006,-0.4996339685854993,-19.33693528126913,0.59,2.439075485985358,6.951386930078555,2.4737410721164634,3.4973644927192513,0.19536473389956086
SPX500_USD,3m,EMA 9 pullback en tendencia,Largo,RSI(14) a favor de 50,,12,21637,0.1484720753990921,-0.4415279246009078,-19.53662401522058,9166,0.1512649739228193,-0.4387350260771806,-12.367104550437135,0.59,3.324353354569193,6.5695575573241545,3.3964419909663572,4.263871439782346,0.25164758542219
SPX500_USD,3m,EMA 9 pullback en tendencia,Largo,RSI(14) a favor de 50,,24,21637,0.166307771184415,-0.423692228815585,-13.774593471579587,9166,0.2653378697427995,-0.3246621302572005,-6.605586056545305,0.59,4.524496228676824,5.406806600238332,4.705547974386409,5.398572760112044,0.2818775782786695
SPX500_USD,3m,EMA 9 pullback en tendencia,Largo,Día a favor (vs apertura),Gap a favor,3,10347,0.089339471132937,-0.5006605288670629,-32.30239215548373,4332,0.0483365186583852,-0.5416634813416147,-22.852524743993985,0.59,1.576579564994327,5.76414249797175,1.5600538614590322,2.0392947406078163,0.15142283242870677
SPX500_USD,3m,EMA 9 pullback en tendencia,Largo,Día a favor (vs apertura),Gap a favor,6,10347,0.124992296132786,-0.4650077038672139,-21.523333191366863,4332,0.1342554206883368,-0.4557445793116632,-13.479120329304346,0.59,2.1976465402845284,5.785389819666661,2.2253800247764732,3.9707438167507707,0.2118513493776034
SPX500_USD,3m,EMA 9 pullback en tendencia,Largo,Día a favor (vs apertura),Gap a favor,12,10347,0.1773260405435301,-0.4126739594564698,-13.868972443553902,4332,0.2573170613494056,-0.3326829386505944,-6.918488492608005,0.59,3.026704372760025,5.959498808846356,3.1649257811807865,5.351176513945915,0.300552611090729
SPX500_USD,3m,EMA 9 pullback en tendencia,Largo,Día a favor (vs apertura),Gap a favor,24,10347,0.2511160579455397,-0.3388839420544602,-8.42281935572115,4332,0.3975292145930719,-0.192470785406928,-2.894489478331069,0.59,4.092613461817254,6.241385120148831,4.376602129025082,5.978279386848923,0.42562043719583004
SPX500_USD,3m,EMA 9 pullback en tendencia,Largo,Día a favor (vs apertura),Mercado hermano a favor del VWAP,6,16967,0.1121469536913567,-0.4778530463086432,-25.98399466924932,7223,0.0860157649338484,-0.5039842350661515,-17.96452589037436,0.59,2.395471291535128,6.098163168361611,2.3842950604610422,3.0660332776711794,0.19007958252772322
SPX500_USD,3m,EMA 9 pullback en tendencia,Largo,Día a favor (vs apertura),Mercado hermano a favor del VWAP,12,16967,0.1477333779761356,-0.4422666220238643,-17.682048122491434,7223,0.1431253373284559,-0.4468746626715439,-11.609023424406208,0.59,3.2580228510109848,5.906456803632113,3.2715145129591705,3.7181463449704077,0.2503955558917553
SPX500_USD,3m,EMA 9 pullback en tendencia,Largo,Día a favor (vs apertura),,6,18424,0.1125269536603496,-0.4774730463396504,-26.90655364698645,7927,0.0898951374899473,-0.5001048625100526,-18.32352215888305,0.59,2.4087001995090875,6.341117134474627,2.430001538650356,3.2937003161807445,0.19072365027177898
SPX500_USD,3m,EMA 9 pullback en tendencia,Largo,Día a favor (vs apertura),,12,18424,0.1420046814203366,-0.4479953185796633,-18.53828625579166,7927,0.1506241555019632,-0.4393758444980367,-11.768173312668887,0.59,3.2801662386497483,5.876229783335514,3.3241571770827245,4.034293621777408,0.24068590071243492
SPX500_USD,3m,EMA 9 pullback en tendencia,Largo,Gap a favor,Mercado hermano a favor del VWAP,3,11120,0.0984257814695509,-0.491574218530449,-32.62627839872479,4518,0.0652476087403856,-0.5247523912596143,-21.69978157785538,0.59,1.588817275782584,6.53261873138431,1.625444619266731,2.6981465577414734,0.16682335842296764
SPX500_USD,3m,EMA 9 pullback en tendencia,Largo,Gap a favor,Mercado hermano a favor del VWAP,6,11120,0.1278771818970605,-0.4621228181029395,-21.808840774736005,4518,0.1685673214261011,-0.4214326785738988,-12.40965845420702,0.59,2.2344838750561564,6.034874257374841,2.2826613899301695,4.963694065009808,0.21674098626620422
SPX500_USD,3m,EMA 9 pullback en tendencia,Largo,Gap a favor,Mercado hermano a favor del VWAP,12,11120,0.1723732049516636,-0.4176267950483363,-14.408275064022856,4518,0.2882895231141406,-0.3017104768858593,-6.317957243008915,0.59,3.056530670840736,5.946937744555646,3.2098654051288698,6.0369162497848174,0.2921579744943451
SPX500_USD,3m,EMA 9 pullback en tendencia,Largo,Gap a favor,Mercado hermano a favor del VWAP,24,11120,0.2321399112399533,-0.3578600887600466,-9.16895714413907,4518,0.4344598872305915,-0.1555401127694084,-2.2908258077463706,0.59,4.115719003605717,5.947801848980635,4.5637669157198335,6.398811884455356,0.393457476677887
SPX500_USD,3m,EMA 9 pullback en tendencia,Largo,Gap a favor,,3,12536,0.0831279791154599,-0.50687202088454,-35.10148701942656,5118,0.0473215893964927,-0.5426784106035072,-23.778561579600147,0.59,1.6167850908513588,5.756710884890503,1.6327026797181357,2.0734919715300406,0.1408948798567117
SPX500_USD,3m,EMA 9 pullback en tendencia,Largo,Gap a favor,,6,12536,0.1172536473861528,-0.4727463526138471,-23.40104652389953,5118,0.13323390255593,-0.4567660974440699,-14.094137205348115,0.59,2.261894780970336,5.8040808615641195,2.318491497463802,4.111112697581925,0.19873499556975052
SPX500_USD,3m,EMA 9 pullback en tendencia,Largo,Gap a favor,,12,12536,0.1587659279556128,-0.4312340720443871,-15.52227326134161,5118,0.2402686729893269,-0.3497313270106731,-7.612095079980937,0.59,3.1105503416195486,5.71478062165699,3.2868544454130992,5.229580087001437,0.2690947931451065
SPX500_USD,3m,EMA 9 pullback en tendencia,Largo,Gap a favor,,24,12536,0.229945535178997,-0.360054464821003,-9.647934707903504,5118,0.3677599281946073,-0.2222400718053926,-3.466194715726113,0.59,4.178431979645082,6.161566447686721,4.586902973821175,5.735813120507782,0.389738195218639
SPX500_USD,3m,EMA 9 pullback en tendencia,Largo,Mercado hermano a favor del VWAP,,6,19241,0.1203469075740768,-0.4696530924259231,-26.86243898876268,8137,0.0978232359467171,-0.4921767640532828,-18.20692056232748,0.59,2.425188856209036,6.88340290808327,2.4384663518927763,3.6187402903052925,0.2039778094475878
SPX500_USD,3m,EMA 9 pullback en tendencia,Largo,Mercado hermano a favor del VWAP,,12,19241,0.1554851810536013,-0.4345148189463986,-18.266192219154306,8137,0.1716100217611297,-0.4183899782388702,-11.29835880763105,0.59,3.2996690920332177,6.5363068887771245,3.340396873526289,4.6342209462188375,0.26353420517559545
SPX500_USD,3m,EMA 9 pullback en tendencia,Largo,Mercado hermano a favor del VWAP,,24,19241,0.1710669891879239,-0.418933010812076,-12.988534484016148,8137,0.2792163599001859,-0.3107836400998141,-5.993277662776999,0.59,4.474023398118923,5.303734560895861,4.677630455850338,5.384521438561683,0.28994404947105745
SPX500_USD,3m,EMA 9 pullback en tendencia,Largo,(ninguna),,6,21637,0.1152651930007409,-0.4747348069992591,-28.630198299384297,9166,0.0903660314145006,-0.4996339685854993,-19.33693528126913,0.59,2.439075485985358,6.951386930078555,2.4737410721164634,3.4973644927192513,0.19536473389956086
SPX500_USD,3m,EMA 9 pullback en tendencia,Largo,(ninguna),,12,21637,0.1484720753990921,-0.4415279246009078,-19.53662401522058,9166,0.1512649739228193,-0.4387350260771806,-12.367104550437135,0.59,3.324353354569193,6.5695575573241545,3.3964419909663572,4.263871439782346,0.25164758542219
SPX500_USD,3m,EMA 9 pullback en tendencia,Largo,(ninguna),,24,21637,0.166307771184415,-0.423692228815585,-13.774593471579587,9166,0.2653378697427995,-0.3246621302572005,-6.605586056545305,0.59,4.524496228676824,5.406806600238332,4.705547974386409,5.398572760112044,0.2818775782786695
SPX500_USD,3m,Ruptura Donchian 20,Largo,Hora: cierre 14:00-15:45,Gap a favor,24,1378,0.9679247851987708,0.3779247851987709,1.9983193239132877,872,0.5404843671606221,-0.0495156328393778,-0.2935437130201769,0.59,7.020452344039474,5.118009927134073,4.981129045939701,3.2041555134789066,1.6405504833877471
SPX500_USD,3m,RSI(2) extremo,Largo,ADX > 25,Gap a favor,24,3281,0.498140260091245,-0.0918597399087549,-0.9972972579330291,1520,0.4124984741210937,-0.1775015258789062,-1.2684575406092635,0.59,5.275986816444172,5.408178990584062,5.455668205655507,2.947787617024066,0.8443055255783815
SPX500_USD,3m,Divergencia SMT,Largo,Gap a favor,Mercado hermano a favor del VWAP,3,628,0.3829600340241839,-0.207039965975816,-3.168031290167405,323,0.1842078808291408,-0.4057921191708591,-4.867540215760428,0.59,1.6377384567662427,5.859880071724431,1.4982880690271476,2.209602467953096,0.6490848034308202
SPX500_USD,3m,EMA 9 pullback en tendencia,Corto,Sobre/bajo EMA 200,Régimen 1h a favor,12,6588,0.3263051554732563,-0.2636948445267437,-4.104467338236334,2974,0.2197722465140593,-0.3702277534859406,-3.949621114666569,0.59,5.214607563243239,5.079010381646948,5.111919638483505,2.3445489893090845,0.553059585547892
SPX500_USD,3m,EMA 9 pullback en tendencia,Corto,Sobre/bajo EMA 200,Régimen 1h a favor,24,6588,0.4471620468204501,-0.1428379531795499,-1.5997017102950273,2974,0.4552122217420771,-0.1347877782579228,-1.0629302360298891,0.59,7.2473861949530995,5.007953944695087,6.9153829643640226,3.5897826980581984,0.7579017742719493
SPX500_USD,3m,EMA 9 pullback en tendencia,Corto,EMAs 9>21>50 alineadas,Régimen 1h a favor,12,6967,0.3593222260971365,-0.2306777739028634,-3.696538117833605,3136,0.2972583770751953,-0.2927416229248046,-3.213815479591128,0.59,5.208749455650303,5.75802463705153,5.100955853842205,3.26340191783316,0.6090207221985364
SPX500_USD,3m,EMA 9 pullback en tendencia,Corto,EMAs 9>21>50 alineadas,Régimen 1h a favor,24,6967,0.5300707170298371,-0.0599292829701628,-0.6906408314562381,3136,0.5198343238052057,-0.0701656761947943,-0.567634988467924,0.59,7.2428540870746785,6.108674467578008,6.922191102972358,4.205420176942457,0.898424944118368
SPX500_USD,3m,EMA 9 pullback en tendencia,Corto,EMAs 9>21>50 alineadas,Gap a favor,24,8780,0.3264013199165361,-0.2635986800834638,-4.327372524617711,4119,0.3510324024812606,-0.2389675975187393,-2.6803572552648105,0.59,5.7077666016741775,5.358373203380774,5.721925907852964,3.9373214468957505,0.5532225761297223
SPX500_USD,3m,EMA 9 pullback en tendencia,Corto,Lado del VWAP a favor,Régimen 1h a favor,12,6752,0.3466674931241438,-0.2433325068758561,-3.8411959467104113,2975,0.300101636357668,-0.2898983636423319,-3.144557793856296,0.59,5.205349390012395,5.472420378770388,5.028398265817811,3.25523375744827,0.5875720222443116
SPX500_USD,3m,EMA 9 pullback en tendencia,Corto,Lado del VWAP a favor,Régimen 1h a favor,24,6752,0.5041028877005193,-0.0858971122994807,-0.9724131527755546,2975,0.4977476693802521,-0.0922523306197478,-0.7378457356875137,0.59,7.2584511155814555,5.706784142440686,6.8195428120033545,3.9810484226617517,0.8544116740686768
SPX500_USD,3m,EMA 9 pullback en tendencia,Corto,Régimen 15m a favor,Gap a favor,24,5731,0.4962663545676747,-0.0937336454323252,-1.140989235034696,2511,0.5343669980989895,-0.0556330019010105,-0.4471260497276352,0.59,6.219123267543293,6.040889220300776,6.2348481152763595,4.294742271681659,0.8411294145214826
SPX500_USD,3m,EMA 9 pullback en tendencia,Corto,Régimen 1h a favor,Hora: apertura 9:35-11:00,24,1632,1.1558213701435165,0.5658213701435165,3.411269794450257,758,0.7655679909094657,0.1755679909094657,0.6431322041811377,0.59,6.700749065690554,6.9683096747488,7.515877365272706,2.8043917737716977,1.959019271429689
SPX500_USD,3m,EMA 9 pullback en tendencia,Corto,Régimen 1h a favor,Volatilidad alta,12,6346,0.3512762233807467,-0.2387237766192532,-3.5525092812633026,2776,0.2742810427970776,-0.3157189572029223,-3.2320019407014136,0.59,5.353163265085559,5.2274308890377155,5.146817603612938,2.8078037203448516,0.5953834294588928
SPX500_USD,3m,EMA 9 pullback en tendencia,Corto,Régimen 1h a favor,Volatilidad alta,24,6346,0.5380089174036795,-0.0519910825963204,-0.5554923628544454,2776,0.5118886634320965,-0.0781113365679034,-0.5933354498051193,0.59,7.45591249155317,5.7482904729220525,6.936230282258501,3.888317672090969,0.9118795210231857
SPX500_USD,3m,EMA 9 pullback en tendencia,Corto,Régimen 1h a favor,RSI(14) a favor de 50,12,6965,0.3592387509534278,-0.2307612490465721,-3.696816333609088,3136,0.2972583770751953,-0.2927416229248046,-3.213815479591128,0.59,5.2094942982369785,5.7550376749864744,5.100955853842205,3.26340191783316,0.6088792389041149
SPX500_USD,3m,EMA 9 pullback en tendencia,Corto,Régimen 1h a favor,RSI(14) a favor de 50,24,6965,0.530064980314519,-0.0599350196854809,-0.6905087821224913,3136,0.5198343238052057,-0.0701656761947943,-0.567634988467924,0.59,7.243892658667538,6.106855823581666,6.922191102972358,4.205420176942457,0.8984152208720662
SPX500_USD,3m,EMA 9 pullback en tendencia,Corto,Régimen 1h a favor,Gap a favor,12,3872,0.4282789782059094,-0.1617210217940905,-1.9019005489525689,1826,0.3701529528982407,-0.2198470471017592,-1.8552806424143735,0.59,5.2911045998655,5.03672320838891,5.063623538712581,3.1237063098998985,0.725896573230355
SPX500_USD,3m,EMA 9 pullback en tendencia,Corto,Régimen 1h a favor,Gap a favor,24,3872,0.7452224699918889,0.1552224699918889,1.3456287962697138,1826,0.9183983358861584,0.3283983358861583,2.022820199613292,0.59,7.177893194370631,6.460358576311335,6.93735713482524,5.657016196835292,1.2630889321896424
SPX500_USD,3m,EMA 9 pullback en tendencia,Corto,Régimen 1h a favor,Mercado hermano a favor del VWAP,12,6272,0.3583543835854044,-0.2316456164145955,-3.5003482165512407,2822,0.2840546757341867,-0.3059453242658132,-3.2030083953128563,0.59,5.241020526909642,5.415017762440398,5.0741610587397625,2.9738304165550433,0.6073803111617024
SPX500_USD,3m,EMA 9 pullback en tendencia,Corto,Régimen 1h a favor,Mercado hermano a favor del VWAP,24,6272,0.5030136789594378,-0.0869863210405621,-0.9411366898458016,2822,0.4747339109424832,-0.1152660890575167,-0.8994169056440278,0.59,7.319834867656554,5.4422882023288865,6.807991678556139,3.704330637704857,0.8525655575583693
SPX500_USD,3m,EMA 9 pullback en tendencia,Corto,Régimen 1h a favor,,12,6967,0.3593222260971365,-0.2306777739028634,-3.696538117833605,3136,0.2972583770751953,-0.2927416229248046,-3.213815479591128,0.59,5.208749455650303,5.75802463705153,5.100955853842205,3.26340191783316,0.6090207221985364
SPX500_USD,3m,EMA 9 pullback en tendencia,Corto,Régimen 1h a favor,,24,6967,0.5300707170298371,-0.0599292829701628,-0.6906408314562381,3136,0.5198343238052057,-0.0701656761947943,-0.567634988467924,0.59,7.2428540870746785,6.108674467578008,6.922191102972358,4.205420176942457,0.898424944118368
SPX500_USD,3m,EMA 9 pullback en tendencia,Corto,RSI(14) a favor de 50,Gap a favor,24,8778,0.3263503635464727,-0.2636496364535272,-4.327224828532633,4119,0.3510324024812606,-0.2389675975187393,-2.6803572552648105,0.59,5.708414554350188,5.3563183888094255,5.721925907852964,3.9373214468957505,0.5531362094008012
SPX500_USD,3m,EMA 9 pullback en tendencia,Corto,Gap a favor,,24,8780,0.3264013199165361,-0.2635986800834638,-4.327372524617711,4119,0.3510324024812606,-0.2389675975187393,-2.6803572552648105,0.59,5.7077666016741775,5.358373203380774,5.721925907852964,3.9373214468957505,0.5532225761297223
SPX500_USD,5m,EMA 9 pullback en tendencia,Largo,Sobre/bajo EMA 200,Régimen 15m a favor,24,8776,0.2444169801696387,-0.3455830198303612,-7.09756452641066,3790,0.3109240368362467,-0.2790759631637532,-3.492560645743608,0.59,4.56132852607364,5.019822122498963,4.919240790188162,3.8911307249805174,0.4142660680841334
SPX500_USD,5m,EMA 9 pullback en tendencia,Largo,EMAs 9>21>50 alineadas,Régimen 15m a favor,24,8863,0.2534699137103513,-0.3365300862896486,-6.95031354078363,3848,0.3127606048901215,-0.2772393951098785,-3.5078383625210914,0.59,4.5583731595430015,5.234882244454176,4.90267270052302,3.95727904284328,0.4296100232378836
SPX500_USD,5m,EMA 9 pullback en tendencia,Largo,Lado del VWAP a favor,Régimen 15m a favor,24,8578,0.2458037298357717,-0.3441962701642282,-7.0605603791957785,3698,0.3139004746019808,-0.2760995253980192,-3.443662991982685,0.59,4.515023441856732,5.042216393306409,4.875604510239056,3.9151369275059142,0.4166164912470707
SPX500_USD,5m,EMA 9 pullback en tendencia,Largo,Régimen 15m a favor,RSI(14) a favor de 50,24,8863,0.2534699137103513,-0.3365300862896486,-6.95031354078363,3848,0.3127606048901215,-0.2772393951098785,-3.5078383625210914,0.59,4.5583731595430015,5.234882244454176,4.90267270052302,3.95727904284328,0.4296100232378836
SPX500_USD,5m,EMA 9 pullback en tendencia,Largo,Régimen 15m a favor,Gap a favor,24,6247,0.2941087503251561,-0.2958912496748438,-5.364360186095756,2547,0.5466040681285581,-0.0433959318714418,-0.4554645481358462,0.59,4.359633132424275,5.332044365490335,4.808492163771221,5.736915055469174,0.49848940733077307
SPX500_USD,5m,EMA 9 pullback en tendencia,Largo,Régimen 15m a favor,Mercado hermano a favor del VWAP,24,7849,0.2703281829791215,-0.3196718170208784,-6.335870513342574,3409,0.2997358640501246,-0.2902641359498753,-3.4877585508969604,0.59,4.469976306982887,5.357883530129989,4.859151811464065,3.601569031014698,0.45818336098156187
SPX500_USD,5m,EMA 9 pullback en tendencia,Largo,Régimen 15m a favor,,24,8863,0.2534699137103513,-0.3365300862896486,-6.95031354078363,3848,0.3127606048901215,-0.2772393951098785,-3.5078383625210914,0.59,4.5583731595430015,5.234882244454176,4.90267270052302,3.95727904284328,0.4296100232378836
SPX500_USD,5m,EMA 9 pullback en tendencia,Largo,Bias diario a favor,Hora: mediodía 11:00-14:00,6,4032,0.1505708997211759,-0.4394291002788241,-16.196282040337938,2264,0.1038848014265404,-0.4861151985734595,-9.79584936519257,0.59,1.7227955630118788,5.549675152155883,2.3612137998672256,2.093412979256091,0.2552049147816541
SPX500_USD,5m,EMA 9 pullback en tendencia,Largo,Bias diario a favor,Hora: mediodía 11:00-14:00,12,4032,0.2063743046351841,-0.3836256953648158,-10.112292515251164,2264,0.2316665919003975,-0.3583334080996024,-5.087823178866839,0.59,2.408897531250223,5.439983195385138,3.351147177862436,3.2893350979775278,0.34978695700878665
SPX500_USD,5m,EMA 9 pullback en tendencia,Largo,Hora: cierre 14:00-15:45,Gap a favor,24,2367,0.56176352974328,-0.0282364702567199,-0.2686325478872586,962,0.8398160874967515,0.2498160874967515,1.5441573684719725,0.59,5.113884368617009,5.344434588780197,5.017835043679957,5.191051595851587,0.952141575836068
SPX500_USD,5m,EMA 9 pullback en tendencia,Corto,EMAs 9>21>50 alineadas,Régimen 1h a favor,6,4568,0.3604863529238726,-0.2295136470761273,-3.1992119352890254,2107,0.374894615140751,-0.2151053848592489,-2.189218864520182,0.59,4.848736131510633,5.024852584911157,4.510185126871725,3.815461729190071,0.6109938185150383
SPX500_USD,5m,EMA 9 pullback en tendencia,Corto,Lado del VWAP a favor,Régimen 1h a favor,6,4402,0.3745574881845255,-0.2154425118154744,-2.943355539416386,2005,0.3331686652509351,-0.2568313347490648,-2.5654034575381384,0.59,4.856391580739894,5.117169533476566,4.482801633867433,3.327911863298167,0.6348432003127551
SPX500_USD,5m,EMA 9 pullback en tendencia,Corto,Régimen 1h a favor,RSI(14) a favor de 50,6,4568,0.3604863529238726,-0.2295136470761273,-3.1992119352890254,2107,0.374894615140751,-0.2151053848592489,-2.189218864520182,0.59,4.848736131510633,5.024852584911157,4.510185126871725,3.815461729190071,0.6109938185150383
SPX500_USD,5m,EMA 9 pullback en tendencia,Corto,Régimen 1h a favor,,6,4568,0.3604863529238726,-0.2295136470761273,-3.1992119352890254,2107,0.374894615140751,-0.2151053848592489,-2.189218864520182,0.59,4.848736131510633,5.024852584911157,4.510185126871725,3.815461729190071,0.6109938185150383
US2000_USD,1m,EMA 9 pullback en tendencia,Largo,Sobre/bajo EMA 200,EMAs 9>21>50 alineadas,24,50282,0.0772492106919318,-0.2127507893080681,-22.48630614106517,24451,0.0407105490676825,-0.2492894509323174,-16.959142507588634,0.29000000000000004,2.121579609582072,8.164714248176702,2.2985201974115466,2.7695355764911866,0.2663765885928682
US2000_USD,1m,EMA 9 pullback en tendencia,Largo,Sobre/bajo EMA 200,Lado del VWAP a favor,24,46878,0.0819920982088396,-0.2080079017911604,-21.56836328372841,22754,0.0338665181894529,-0.256133481810547,-16.702476770384038,0.29000000000000004,2.088080226129035,8.501770102651658,2.313206232114614,2.2084372935340046,0.2827313731339296
US2000_USD,1m,EMA 9 pullback en tendencia,Largo,Sobre/bajo EMA 200,Hora: cierre 14:00-15:45,24,14079,0.1319351786958857,-0.1580648213041143,-8.138001506262006,6804,0.131134777753091,-0.158865222246909,-6.589842854813153,0.29000000000000004,2.304641421623579,6.792711206058328,1.9885473145680237,5.439564216582532,0.45494889205477823
US2000_USD,1m,EMA 9 pullback en tendencia,Largo,Sobre/bajo EMA 200,RSI(14) a favor de 50,24,50281,0.0772088814961479,-0.2127911185038521,-22.49032568425571,24449,0.0406133831242139,-0.2493866168757861,-16.966267209047505,0.29000000000000004,2.121581433233267,8.160363565803786,2.2983564895221362,2.7630091741933276,0.26623752240050996
US2000_USD,1m,EMA 9 pullback en tendencia,Largo,Sobre/bajo EMA 200,Día a favor (vs apertura),24,41034,0.0820591511907427,-0.2079408488092572,-19.86996774255112,20421,0.0687165506660958,-0.2212834493339041,-13.734861619714556,0.29000000000000004,2.119896107476884,7.841233199143288,2.302306539033873,4.26517354652571,0.2829625903129058
US2000_USD,1m,EMA 9 pullback en tendencia,Largo,Sobre/bajo EMA 200,Mercado hermano a favor del VWAP,24,43542,0.0782690161672207,-0.2117309838327793,-21.10233264802249,19360,0.0362775503111279,-0.2537224496888721,-15.134862700885543,0.29000000000000004,2.0936695533154364,7.800742174317705,2.3325614124959526,2.164001426585112,0.26989315919731277
US2000_USD,1m,EMA 9 pullback en tendencia,Largo,Sobre/bajo EMA 200,,24,50282,0.0772492106919318,-0.2127507893080681,-22.48630614106517,24451,0.0407105490676825,-0.2492894509323174,-16.959142507588634,0.29000000000000004,2.121579609582072,8.164714248176702,2.2985201974115466,2.7695355764911866,0.2663765885928682
US2000_USD,1m,EMA 9 pullback en tendencia,Largo,EMAs 9>21>50 alineadas,Hora: cierre 14:00-15:45,24,16001,0.138324091713262,-0.1516759082867379,-8.0662593611927,7941,0.1080335178238335,-0.1819664821761664,-8.029406932887262,0.29000000000000004,2.3785812156059642,7.3561979108196685,2.019507770828417,4.7670596618947245,0.4769796265974551
US2000_USD,1m,EMA 9 pullback en tendencia,Largo,EMAs 9>21>50 alineadas,RSI(14) a favor de 50,12,57344,0.0324362622840063,-0.2575637377159936,-39.91420519936755,27954,0.0409182469169495,-0.2490817530830505,-24.694558626722024,0.29000000000000004,1.5452587981270167,5.0265912437251465,1.6864078915886387,4.056732518083664,0.11184918028967687
US2000_USD,1m,EMA 9 pullback en tendencia,Largo,EMAs 9>21>50 alineadas,RSI(14) a favor de 50,24,57344,0.0741489236908299,-0.21585107630917,-24.014582017723875,27954,0.036384123456728,-0.253615876543272,-18.3025042598001,0.29000000000000004,2.1524009664307737,8.249462731188316,2.316796567240779,2.6257053920764197,0.2556859437614824
US2000_USD,1m,EMA 9 pullback en tendencia,Largo,EMAs 9>21>50 alineadas,Día a favor (vs apertura),24,41886,0.0833045570771707,-0.2066954429228292,-19.74634484882728,20797,0.0602683296465911,-0.2297316703534088,-14.319403402703298,0.29000000000000004,2.1422918158497923,7.958378221907785,2.3136427063765637,3.756584903113404,0.28725709336955413
US2000_USD,1m,EMA 9 pullback en tendencia,Largo,EMAs 9>21>50 alineadas,Gap a favor,12,32592,0.0429889883079772,-0.2470110116920228,-31.18229051701709,14705,0.0371407372332965,-0.2528592627667035,-19.023838023716216,0.29000000000000004,1.4300914390306125,5.426863819833855,1.6118077597149019,2.7942791633444495,0.14823789071716273
US2000_USD,1m,EMA 9 pullback en tendencia,Largo,EMAs 9>21>50 alineadas,Gap a favor,24,32592,0.1208698710917724,-0.1691301289082276,-15.25293887187083,14705,0.0527055031505015,-0.2372944968494985,-12.85396568598482,0.29000000000000004,2.0018104678841318,10.900605156010295,2.238633738413208,2.854995534889257,0.4167926589371462
US2000_USD,1m,EMA 9 pullback en tendencia,Largo,EMAs 9>21>50 alineadas,Mercado hermano a favor del VWAP,12,45784,0.038938853283685,-0.251061146716315,-34.91476138098831,20556,0.0426822505727494,-0.2473177494272506,-20.76270622828097,0.29000000000000004,1.538605555751971,5.415177890449849,1.7078142427209426,3.5832407170782203,0.13427190787477586
US2000_USD,1m,EMA 9 pullback en tendencia,Largo,EMAs 9>21>50 alineadas,Mercado hermano a favor del VWAP,24,45784,0.0818588720758582,-0.2081411279241418,-21.0163467851271,20556,0.0392195238958515,-0.2507804761041484,-15.311540649877728,0.29000000000000004,2.1191297286923634,8.265422889476188,2.348248942183153,2.3945697198165883,0.2822719726753731
US2000_USD,1m,EMA 9 pullback en tendencia,Largo,EMAs 9>21>50 alineadas,,12,57345,0.0324514266804129,-0.2575485733195871,-39.91244099669318,27956,0.0408973295403099,-0.24910267045969,-24.69782201658277,0.29000000000000004,1.5452495915936009,5.029015055087438,1.6863869883184546,4.054854024953369,0.1119014713117686
US2000_USD,1m,EMA 9 pullback en tendencia,Largo,EMAs 9>21>50 alineadas,,24,57345,0.0741843390292241,-0.2158156609707758,-24.010874201193136,27956,0.0364694097281218,-0.2535305902718782,-18.295891391383584,0.29000000000000004,2.1523989070459013,8.253482736688712,2.316937452949173,2.6317942887209664,0.2558080656180141
US2000_USD,1m,EMA 9 pullback en tendencia,Largo,Lado del VWAP a favor,Hora: cierre 14:00-15:45,24,12357,0.1567950760014883,-0.1332049239985117,-6.561937521278382,5846,0.1520331138378538,-0.1379668861621461,-5.285072568990279,0.29000000000000004,2.256548703609434,7.7240349791975955,1.9959668000672284,5.8239050099187875,0.5406726758672009
US2000_USD,1m,EMA 9 pullback en tendencia,Largo,Lado del VWAP a favor,Día a favor (vs apertura),24,40744,0.0801018543194722,-0.2098981456805277,-20.22367770393062,20139,0.0539999869558909,-0.2360000130441091,-14.468186501864016,0.29000000000000004,2.094982010088645,7.7178103693676015,2.314818153307769,3.3105162677682975,0.2762132907568007
US2000_USD,1m,EMA 9 pullback en tendencia,Largo,Régimen 15m a favor,Día a favor (vs apertura),24,26932,0.0742757817920915,-0.2157242182079085,-19.70287225026867,13297,0.0459834240321477,-0.2440165759678522,-13.735476916271317,0.29000000000000004,1.7968162442095155,6.783875505938722,2.0485776008585206,2.5883662075804668,0.25612338548997066
US2000_USD,1m,EMA 9 pullback en tendencia,Largo,Régimen 15m a favor,Gap a favor,24,21949,0.0917397259720865,-0.1982602740279134,-17.26337422084338,9249,0.0494071373953434,-0.2405928626046566,-11.51743280426944,0.29000000000000004,1.701442929741099,7.988172255581454,2.008974582284501,2.3651715135757394,0.31634388266236724
US2000_USD,1m,EMA 9 pullback en tendencia,Largo,Hora: cierre 14:00-15:45,RSI(14) a favor de 50,24,16000,0.138201171875,-0.151798828125,-8.072464297088336,7941,0.1080335178238335,-0.1819664821761664,-8.029406932887262,0.29000000000000004,2.3786047251646285,7.349358618618823,2.019507770828417,4.7670596618947245,0.47655576508620684
US2000_USD,1m,EMA 9 pullback en tendencia,Largo,Hora: cierre 14:00-15:45,Día a favor (vs apertura),24,10471,0.1513967928441499,-0.1386032071558501,-6.199148839683208,5254,0.1733725453040243,-0.1166274546959757,-4.4198073849042485,0.29000000000000004,2.287890819428204,6.771353072921717,1.9126807571421307,6.570264763746178,0.5220579063591375
US2000_USD,1m,EMA 9 pullback en tendencia,Largo,Hora: cierre 14:00-15:45,Gap a favor,24,9062,0.2542770072551417,-0.0357229927448583,-1.503964119303407,4187,0.0875358572432156,-0.2024641427567844,-6.618407548689947,0.29000000000000004,2.2611136359402577,10.70524796192022,1.9794570949418338,2.8614843619766357,0.8768172663970402
US2000_USD,1m,EMA 9 pullback en tendencia,Largo,Hora: cierre 14:00-15:45,Mercado hermano a favor del VWAP,12,12231,0.0753894163731629,-0.214610583626837,-15.167835839689676,5367,0.078103074197643,-0.211896925802357,-10.48513294890551,0.29000000000000004,1.5647987805837933,5.328228795959317,1.4805276141764088,3.864714476529745,0.2599635047350445
US2000_USD,1m,EMA 9 pullback en tendencia,Largo,Hora: cierre 14:00-15:45,Mercado hermano a favor del VWAP,24,12231,0.1707629709911993,-0.1192370290088006,-5.821029766776372,5367,0.1375724574985152,-0.1524275425014848,-5.420612470756205,0.29000000000000004,2.2653865060730407,8.33647353901761,2.060064819438962,4.892337477275575,0.5888378310041354
US2000_USD,1m,EMA 9 pullback en tendencia,Largo,Hora: cierre 14:00-15:45,,24,16001,0.138324091713262,-0.1516759082867379,-8.0662593611927,7941,0.1080335178238335,-0.1819664821761664,-8.029406932887262,0.29000000000000004,2.3785812156059642,7.3561979108196685,2.019507770828417,4.7670596618947245,0.4769796265974551
US2000_USD,1m,EMA 9 pullback en tendencia,Largo,Volatilidad alta,Gap a favor,24,19042,0.1266073606154733,-0.1633926393845266,-10.1958648645876,9252,0.0541531125343675,-0.2358468874656324,-9.333012849551638,0.29000000000000004,2.2113867238133276,7.900426509786356,2.430670540486346,2.1429652965003254,0.4365771055705976
US2000_USD,1m,EMA 9 pullback en tendencia,Largo,RSI(14) a favor de 50,Día a favor (vs apertura),24,41885,0.083256288318741,-0.206743711681259,-19.75069457781455,20795,0.0601559711666341,-0.2298440288333659,-14.326887108343923,0.29000000000000004,2.1422946125545064,7.953661607861045,2.313453896761206,3.7497071913144535,0.2870906493749689
US2000_USD,1m,EMA 9 pullback en tendencia,Largo,RSI(14) a favor de 50,Gap a favor,12,32592,0.0429889883079772,-0.2470110116920228,-31.18229051701709,14705,0.0371407372332965,-0.2528592627667035,-19.023838023716216,0.29000000000000004,1.4300914390306125,5.426863819833855,1.6118077597149019,2.7942791633444495,0.14823789071716273
US2000_USD,1m,EMA 9 pullback en tendencia,Largo,RSI(14) a favor de 50,Gap a favor,24,32592,0.1208698710917724,-0.1691301289082276,-15.25293887187083,14705,0.0527055031505015,-0.2372944968494985,-12.85396568598482,0.29000000000000004,2.0018104678841318,10.900605156010295,2.238633738413208,2.854995534889257,0.4167926589371462
US2000_USD,1m,EMA 9 pullback en tendencia,Largo,RSI(14) a favor de 50,Mercado hermano a favor del VWAP,12,45783,0.0389200013141562,-0.2510799986858438,-34.91674044245184,20555,0.0426317813013105,-0.2473682186986895,-20.76611932736676,0.29000000000000004,1.5386170712121277,5.412456551772701,1.707840455779618,3.578861756366389,0.13420690108329722
US2000_USD,1m,EMA 9 pullback en tendencia,Largo,RSI(14) a favor de 50,Mercado hermano a favor del VWAP,24,45783,0.0818146813799267,-0.2081853186200732,-21.02055891211309,20555,0.0389857717860617,-0.2510142282139382,-15.326627864422663,0.29000000000000004,2.1191317764802973,8.260862683410611,2.3480669033921,2.380424489973582,0.28211959096526446
US2000_USD,1m,EMA 9 pullback en tendencia,Largo,RSI(14) a favor de 50,,12,57344,0.0324362622840063,-0.2575637377159936,-39.91420519936755,27954,0.0409182469169495,-0.2490817530830505,-24.694558626722024,0.29000000000000004,1.5452587981270167,5.0265912437251465,1.6864078915886387,4.056732518083664,0.11184918028967687
US2000_USD,1m,EMA 9 pullback en tendencia,Largo,RSI(14) a favor de 50,,24,57344,0.0741489236908299,-0.21585107630917,-24.014582017723875,27954,0.036384123456728,-0.253615876543272,-18.3025042598001,0.29000000000000004,2.1524009664307737,8.249462731188316,2.316796567240779,2.6257053920764197,0.2556859437614824
US2000_USD,1m,EMA 9 pullback en tendencia,Largo,Día a favor (vs apertura),Gap a favor,24,23375,0.1186425141523228,-0.1713574858476771,-13.654051884702923,11002,0.0545883580914975,-0.2354116419085024,-11.242193656310706,0.29000000000000004,1.9187453597486321,9.45363452290273,2.196406370001396,2.606892709593244,0.4091121177666303
US2000_USD,1m,EMA 9 pullback en tendencia,Largo,Día a favor (vs apertura),Mercado hermano a favor del VWAP,24,37500,0.0753463256835937,-0.2146536743164062,-19.727072731443155,16960,0.0544800632404831,-0.2355199367595169,-13.11737499325148,0.29000000000000004,2.1071299253248448,6.924467757380718,2.338264659985952,3.0342884301602338,0.2598149161503231
US2000_USD,1m,EMA 9 pullback en tendencia,Largo,Día a favor (vs apertura),,24,41886,0.0833045570771707,-0.2066954429228292,-19.74634484882728,20797,0.0602683296465911,-0.2297316703534088,-14.319403402703298,0.29000000000000004,2.1422918158497923,7.958378221907785,2.3136427063765637,3.756584903113404,0.28725709336955413
US2000_USD,1m,EMA 9 pullback en tendencia,Largo,Gap a favor,Mercado hermano a favor del VWAP,12,26045,0.0452171778262382,-0.2447828221737618,-27.794477702485636,10781,0.0348585302340344,-0.2551414697659656,-16.28778815364255,0.29000000000000004,1.4212962200479065,5.134297536485469,1.626479013529188,2.2253080078283425,0.15592130284909722
US2000_USD,1m,EMA 9 pullback en tendencia,Largo,Gap a favor,Mercado hermano a favor del VWAP,24,26045,0.1216915769937698,-0.1683084230062302,-13.732667395232095,10781,0.0578247953485153,-0.2321752046514847,-10.62918464662942,0.29000000000000004,1.9779400765063673,9.929092803601746,2.2680123156598166,2.6472698832570916,0.4196261275647234
US2000_USD,1m,EMA 9 pullback en tendencia,Largo,Gap a favor,,12,32592,0.0429889883079772,-0.2470110116920228,-31.18229051701709,14705,0.0371407372332965,-0.2528592627667035,-19.023838023716216,0.29000000000000004,1.4300914390306125,5.426863819833855,1.6118077597149019,2.7942791633444495,0.14823789071716273
US2000_USD,1m,EMA 9 pullback en tendencia,Largo,Gap a favor,,24,32592,0.1208698710917724,-0.1691301289082276,-15.25293887187083,14705,0.0527055031505015,-0.2372944968494985,-12.85396568598482,0.29000000000000004,2.0018104678841318,10.900605156010295,2.238633738413208,2.854995534889257,0.4167926589371462
US2000_USD,1m,EMA 9 pullback en tendencia,Largo,Mercado hermano a favor del VWAP,,12,45784,0.038938853283685,-0.251061146716315,-34.91476138098831,20556,0.0426822505727494,-0.2473177494272506,-20.76270622828097,0.29000000000000004,1.538605555751971,5.415177890449849,1.7078142427209426,3.5832407170782203,0.13427190787477586
US2000_USD,1m,EMA 9 pullback en tendencia,Largo,Mercado hermano a favor del VWAP,,24,45784,0.0818588720758582,-0.2081411279241418,-21.0163467851271,20556,0.0392195238958515,-0.2507804761041484,-15.311540649877728,0.29000000000000004,2.1191297286923634,8.265422889476188,2.348248942183153,2.3945697198165883,0.2822719726753731
US2000_USD,1m,EMA 9 pullback en tendencia,Largo,(ninguna),,12,57345,0.0324514266804129,-0.2575485733195871,-39.91244099669318,27956,0.0408973295403099,-0.24910267045969,-24.69782201658277,0.29000000000000004,1.5452495915936009,5.029015055087438,1.6863869883184546,4.054854024953369,0.1119014713117686
US2000_USD,1m,EMA 9 pullback en tendencia,Largo,(ninguna),,24,57345,0.0741843390292241,-0.2158156609707758,-24.010874201193136,27956,0.0364694097281218,-0.2535305902718782,-18.295891391383584,0.29000000000000004,2.1523989070459013,8.253482736688712,2.316937452949173,2.6317942887209664,0.2558080656180141
US2000_USD,1m,Ruptura Keltner,Largo,EMAs 9>21>50 alineadas,Gap a favor,24,8595,0.1169639387679973,-0.1730360612320026,-8.04270570411034,4092,0.077310854854938,-0.212689145145062,-6.167560834916601,0.29000000000000004,1.9946072069118974,5.436476829204449,2.2059704791221484,2.24186053402974,0.4033239267861975
US2000_USD,1m,Ruptura Keltner,Largo,Volatilidad alta,Gap a favor,24,7006,0.1390922997224477,-0.1509077002775523,-5.509617083015494,3582,0.0838567157619695,-0.2061432842380304,-4.973157742631666,0.29000000000000004,2.292582910667659,5.078238613783341,2.4808456621202764,2.0230233393475983,0.4796286197325782
US2000_USD,1m,RSI(2) extremo,Largo,Lado del VWAP a favor,Gap a favor,6,8142,0.0532271428062534,-0.2367728571937465,-25.252467167174736,3390,0.042416102766639,-0.247583897233361,-14.274247452587328,0.29000000000000004,0.8460453616117177,5.676819091715278,1.0098782592569555,2.4454657739501644,0.18354187174570136
US2000_USD,1m,RSI(2) extremo,Largo,Lado del VWAP a favor,Gap a favor,12,8142,0.0801691005166114,-0.2098308994833886,-15.21379426688398,3390,0.0606377435644819,-0.2293622564355181,-9.20168608284393,0.29000000000000004,1.244507311011414,5.812662505015971,1.4512906203721703,2.4326996504292637,0.2764451741952117
US2000_USD,1m,RSI(2) extremo,Largo,Régimen 15m a favor,Hora: cierre 14:00-15:45,6,5127,0.0697098864619904,-0.2202901135380096,-16.61453179751666,2191,0.0721135803250513,-0.2178864196749487,-9.929050151561126,0.29000000000000004,0.9493766767607728,5.257599202354474,1.027173122796154,3.286204604785609,0.24037891883444965
US2000_USD,1m,RSI(2) extremo,Largo,Bias diario a favor,Hora: cierre 14:00-15:45,3,6606,0.0436710608283426,-0.2463289391716574,-28.970150997942422,3275,0.039339441197519,-0.2506605588024809,-19.083442298756434,0.29000000000000004,0.6910889713338558,5.136047882525783,0.7516833655352816,2.9950142924150587,0.15058986492531928
US2000_USD,1m,RSI(2) extremo,Largo,Hora: cierre 14:00-15:45,ADX > 25,3,4762,0.0925497466002828,-0.1974502533997172,-13.96006503832252,2163,0.0874985947522971,-0.2025014052477028,-10.39481059364616,0.29000000000000004,0.976034006359623,6.543422758767992,0.9060240389599494,4.491481521067854,0.3191370572423544
US2000_USD,1m,RSI(2) extremo,Largo,Hora: cierre 14:00-15:45,ADX > 25,6,4762,0.1222694073340213,-0.1677305926659787,-8.09118634416305,2163,0.1184916150167591,-0.1715083849832409,-6.247602957576094,0.29000000000000004,1.43052276599262,5.898176016703519,1.2767333276624422,4.316340361429035,0.4216186459793837
US2000_USD,1m,RSI(2) extremo,Largo,Hora: cierre 14:00-15:45,ADX > 25,12,4762,0.1415863806136963,-0.1484136193863037,-5.278901321763934,2163,0.1557095722087378,-0.1342904277912621,-3.4343848047572987,0.29000000000000004,1.9401035401010838,5.036064310378164,1.8185463018203463,3.9821646080402475,0.48822889866791824
US2000_USD,1m,RSI(2) extremo,Largo,Hora: cierre 14:00-15:45,Volatilidad alta,3,3779,0.1118563157157564,-0.1781436842842435,-9.608635567620809,958,0.1431861192547951,-0.1468138807452048,-4.020457392475021,0.29000000000000004,1.1397173351247119,6.033256682479551,1.1302497226648072,3.9211121505386233,0.3857114335026082
US2000_USD,1m,RSI(2) extremo,Largo,Hora: cierre 14:00-15:45,,3,10904,0.062558684205624,-0.2274413157943759,-27.84525002035238,5014,0.0486125299357112,-0.2413874700642888,-20.46924902516439,0.29000000000000004,0.8529256180222881,7.658952361253199,0.835035575219924,4.12226028439801,0.21571960070904822
US2000_USD,1m,RSI(2) extremo,Largo,Hora: cierre 14:00-15:45,,6,10904,0.0739112316643763,-0.2160887683356237,-18.25210675235566,5014,0.073477965310412,-0.2165220346895879,-13.438330310933738,0.29000000000000004,1.2362665407378082,6.24296996519966,1.140903605612057,4.560372665222006,0.2548663160840562
US2000_USD,1m,RSI(2) extremo,Largo,Gap a favor,Mercado hermano a favor del VWAP,6,8101,0.0534373340952795,-0.2365626659047205,-24.259791662438356,3529,0.0420926386724284,-0.2479073613275715,-13.524406630966608,0.29000000000000004,0.8776643437076087,5.480064181681705,1.0889226516195907,2.296333430874038,0.18426666929406724
US2000_USD,1m,RSI(2) extremo,Largo,(ninguna),,3,40599,0.0216546063940056,-0.2683453936059944,-63.31009723591037,19044,0.0261385332158422,-0.2638614667841578,-38.85124744732108,0.29000000000000004,0.8540412201716941,5.108920328339244,0.9372384365672295,3.848665870979225,0.07467105653105378
US2000_USD,1m,Martillo / estrella,Largo,Lado del VWAP a favor,,12,21462,0.0591864055761163,-0.2308135944238836,-22.37348385490435,10363,0.0370302701863752,-0.2529697298136248,-15.375330238398044,0.29000000000000004,1.5113423936069887,5.7371234692319995,1.6748921745331216,2.250674945781434,0.20409105371074582
US2000_USD,1m,Martillo / estrella,Largo,Hora: cierre 14:00-15:45,Gap a favor,24,6145,0.1762347327683202,-0.1137652672316797,-3.954859024608533,2809,0.1392490907087153,-0.1507509092912847,-3.9727581969571553,0.29000000000000004,2.2549640771833714,6.126505393943102,2.011146361376259,3.6696492852521803,0.607705975063173
US2000_USD,1m,Martillo / estrella,Largo,Hora: cierre 14:00-15:45,Mercado hermano a favor del VWAP,24,6081,0.1450803857397786,-0.1449196142602214,-5.215062688422233,2626,0.1314817197615194,-0.1585182802384806,-4.064966299785706,0.29000000000000004,2.1669811713074516,5.220848194743659,1.9983417571453985,3.371653786959905,0.5002771922061331
US2000_USD,1m,Divergencia SMT,Largo,Lado del VWAP a favor,Gap a favor,24,1562,0.2860668148182418,-0.0039331851817582,-0.0790953613245868,891,0.207932391953388,-0.0820676080466119,-0.9597479999755196,0.29000000000000004,1.965322810072079,5.7527314467578785,2.552427481021637,2.4316865333036692,0.9864372924766958
US2000_USD,1m,EMA 9 pullback en tendencia,Corto,Sobre/bajo EMA 200,Lado del VWAP a favor,24,39412,0.0654343682764073,-0.2245656317235927,-17.6249000779613,19512,0.045067746896341,-0.244932253103659,-12.586388791158132,0.29000000000000004,2.5294777564525783,5.135577486566202,2.7182896297658194,2.3159064483793954,0.22563575267726654
US2000_USD,1m,EMA 9 pullback en tendencia,Corto,EMAs 9>21>50 alineadas,Lado del VWAP a favor,12,40637,0.0480791988354497,-0.2419208011645502,-26.19902625016981,20131,0.033170389587848,-0.256829610412152,-18.429455601634054,0.29000000000000004,1.8614393116731975,5.206779186880684,1.9772667391196557,2.3802248549812255,0.1657903408118955
US2000_USD,1m,EMA 9 pullback en tendencia,Corto,Lado del VWAP a favor,Hora: mediodía 11:00-14:00,24,18191,0.0825787747085183,-0.2074212252914817,-13.020898905755285,9515,0.132083202047343,-0.157916797952657,-6.390998826837545,0.29000000000000004,2.1485255137588557,5.183895118398552,2.4102605239166675,5.34549585777814,0.28475439554661475
US2000_USD,1m,EMA 9 pullback en tendencia,Corto,Lado del VWAP a favor,RSI(14) a favor de 50,12,40635,0.0480421158049076,-0.2419578841950924,-26.20200944511603,20130,0.0330377600528207,-0.2569622399471793,-18.43889186097819,0.29000000000000004,1.861466870874026,5.202558190121086,1.9772263042375058,2.3706972863722227,0.1656624682927848
US2000_USD,1m,EMA 9 pullback en tendencia,Corto,Lado del VWAP a favor,,12,40637,0.0480791988354497,-0.2419208011645502,-26.19902625016981,20131,0.033170389587848,-0.256829610412152,-18.429455601634054,0.29000000000000004,1.8614393116731975,5.206779186880684,1.9772667391196557,2.3802248549812255,0.1657903408118955
US2000_USD,1m,Retroceso a VWAP en tendencia,Corto,ADX > 25,Mercado hermano a favor del VWAP,3,736,0.2456670844036599,-0.04433291559634,-0.996657749004956,316,0.1412183544303797,-0.1487816455696202,-2.2889871608282024,0.29000000000000004,1.2067551292853027,5.522894220983201,1.1554457047041309,2.1726268648720306,0.8471278772539995
US2000_USD,1m,Falsa ruptura rango apertura,Corto,EMAs 9>21>50 alineadas,Hora: mediodía 11:00-14:00,24,1160,0.3135548821811018,0.0235548821811018,0.4159105862475555,624,0.2830398755195813,-0.0069601244804187,-0.0796500791445648,0.29000000000000004,1.9289010798446122,5.536465598344384,2.1828459640286257,3.239043863314099,1.0812237316589715
US2000_USD,1m,RSI(2) extremo,Corto,Sobre/bajo EMA 200,Bias diario a favor,6,3152,0.1606650957601324,-0.1293349042398675,-5.1347516827127295,1221,0.1204987946931306,-0.1695012053068694,-4.06935323542192,0.29000000000000004,1.4141302236373408,6.37859807185169,1.4554766175929612,2.8929125262630806,0.5540175715866634
US2000_USD,1m,RSI(2) extremo,Corto,Sobre/bajo EMA 200,Gap a favor,6,5627,0.0735861407263528,-0.2164138592736472,-15.19966708044406,2818,0.0501264324418359,-0.239873567558164,-10.285736566533798,0.29000000000000004,1.0680447552755215,5.1682680791759585,1.2379910115679917,2.1494126441916497,0.2537453128494924
US2000_USD,1m,RSI(2) extremo,Corto,EMAs 9>21>50 alineadas,Bias diario a favor,6,2016,0.1710267445397755,-0.1189732554602245,-3.5466689631707995,739,0.119439854189572,-0.170560145810428,-2.9836380478945794,0.29000000000000004,1.5061698672547503,5.098416819687303,1.5540093987043437,2.089381969637128,0.589747394964743
US2000_USD,1m,RSI(2) extremo,Corto,Lado del VWAP a favor,Régimen 15m a favor,6,6170,0.0867924719614186,-0.2032075280385814,-13.77599684789047,3107,0.0587066660212825,-0.2312933339787174,-9.524285731859427,0.29000000000000004,1.158668873130346,5.88390022604928,1.353634226804556,2.417445638978022,0.29928438607385716
US2000_USD,1m,RSI(2) extremo,Corto,Lado del VWAP a favor,Régimen 1h a favor,6,4334,0.1019248874384409,-0.188075112561559,-9.56293392141466,2347,0.0816683677800117,-0.2083316322199883,-7.299291380221203,0.29000000000000004,1.2947461522122814,5.182508999974186,1.3827098628090855,2.8614051866300305,0.35146512909807204
US2000_USD,1m,RSI(2) extremo,Corto,Lado del VWAP a favor,Bias diario a favor,6,3244,0.1930847544264411,-0.0969152455735589,-3.9006545484229114,1233,0.1332369245171837,-0.1567630754828163,-4.040725689194675,0.29000000000000004,1.4151257497600735,7.77129461033012,1.362278632658343,3.4343155235232046,0.6658094980222106
US2000_USD,1m,RSI(2) extremo,Corto,Lado del VWAP a favor,ADX > 25,6,5110,0.113420484210647,-0.176579515789353,-10.725567956381758,2447,0.0810063482548784,-0.2089936517451216,-8.090830528066121,0.29000000000000004,1.1768753669249734,6.889242535347175,1.2777826140635407,3.1360217401580703,0.3911051179677482
US2000_USD,1m,RSI(2) extremo,Corto,Lado del VWAP a favor,ADX > 25,12,5110,0.1642789836965661,-0.1257210163034338,-5.407059480463996,2447,0.0929853020758837,-0.1970146979241163,-5.405726871398052,0.29000000000000004,1.6621001401198614,7.06537588030337,1.802857965039673,2.5513484596477944,0.5664792541260899
US2000_USD,1m,RSI(2) extremo,Corto,Lado del VWAP a favor,Gap a favor,6,5538,0.090692566292688,-0.199307433707312,-14.075212844690595,2786,0.058418772328439,-0.2315812276715609,-10.553446557817702,0.29000000000000004,1.0537679898409764,6.404764489995859,1.158242756109535,2.6622166137571246,0.3127329872161655
US2000_USD,1m,RSI(2) extremo,Corto,Régimen 15m a favor,Mercado hermano a favor del VWAP,6,5782,0.0961420302653304,-0.1938579697346696,-12.221487157016291,2797,0.0854225090498748,-0.2045774909501251,-7.879896297205775,0.29000000000000004,1.2061425759809852,6.061131196955221,1.373041231619352,3.2902960615752126,0.3315242422942427
US2000_USD,1m,RSI(2) extremo,Corto,Régimen 15m a favor,Mercado hermano a favor del VWAP,12,5782,0.1247054225059992,-0.1652945774940008,-7.168546743968344,2797,0.0970279173975464,-0.1929720826024535,-5.106822186951186,0.29000000000000004,1.7533415671030748,5.408263622519755,1.9984347852507651,2.5677513277413166,0.43001869829654893
US2000_USD,1m,RSI(2) extremo,Corto,Régimen 1h a favor,ADX > 25,6,5745,0.1017034970541639,-0.1882965029458361,-9.300064449372409,3039,0.0776956450903874,-0.2123043549096125,-7.42836182547605,0.29000000000000004,1.534621621127188,5.023189823139503,1.5755464203206404,2.7185093034991614,0.3507017139798755
US2000_USD,1m,RSI(2) extremo,Corto,Régimen 1h a favor,ADX > 25,12,5745,0.1712688343124456,-0.1187311656875544,-4.2457118070605535,3039,0.1213723747853426,-0.1686276252146574,-4.212515995951716,0.29000000000000004,2.119625993088458,6.124408092946652,2.206746827566714,3.032024376783199,0.5905821872842951
US2000_USD,1m,RSI(2) extremo,Corto,Régimen 1h a favor,Gap a favor,12,6806,0.1472361091302136,-0.1427638908697863,-5.823996785896583,3377,0.0850385101652724,-0.2049614898347276,-5.407648956732388,0.29000000000000004,2.0222890085321907,6.006439171123482,2.2025679143026173,2.243633236410033,0.5077107211386676
US2000_USD,1m,RSI(2) extremo,Corto,Régimen 1h a favor,Mercado hermano a favor del VWAP,6,4286,0.1179152438421422,-0.1720847561578577,-8.513293530748905,2333,0.0950931658624223,-0.1949068341375777,-6.69616594946487,0.29000000000000004,1.3233382828793017,5.8334457100728585,1.4059122938225714,3.266994829054079,0.4066042891108351
US2000_USD,1m,RSI(2) extremo,Corto,Régimen 1h a favor,Mercado hermano a favor del VWAP,12,4286,0.1481311564906089,-0.141868843509391,-4.824267101142199,2333,0.0862594192446019,-0.2037405807553981,-4.792264653378299,0.29000000000000004,1.925226215623614,5.037217807900766,2.053497200649246,2.0289427090773273,0.5107970913469272
US2000_USD,1m,RSI(2) extremo,Corto,Bias diario a favor,Hora: mediodía 11:00-14:00,12,5778,0.1207965337186175,-0.1692034662813825,-7.238241268174411,2206,0.0811462125665797,-0.2088537874334202,-5.504421661348497,0.29000000000000004,1.7769081092451045,5.16747366132844,1.7821055147753382,2.138639551031657,0.41653977144350857
US2000_USD,1m,RSI(2) extremo,Corto,Bias diario a favor,ADX > 25,6,5234,0.1172756826235312,-0.1727243173764688,-7.974640702125455,1970,0.1427458632415926,-0.1472541367584074,-4.459116302636324,0.29000000000000004,1.5669647222787313,5.414590407561054,1.4657227118246896,4.322597788602628,0.40439890559838343
US2000_USD,1m,RSI(2) extremo,Corto,Bias diario a favor,ADX > 25,12,5234,0.166162335603894,-0.123837664396106,-4.032757528351184,1970,0.0990314309367068,-0.1909685690632931,-4.203975147521981,0.29000000000000004,2.221608360314407,5.411054973482609,2.016205833888416,2.180074325966548,0.5729735710479104
US2000_USD,1m,RSI(2) extremo,Corto,Bias diario a favor,Día a favor (vs apertura),6,4238,0.1515030980166425,-0.1384969019833574,-6.357772597215517,1477,0.0894847293923493,-0.2005152706076506,-5.324704452472851,0.29000000000000004,1.4181283687019872,6.9548288168872725,1.447245450739559,2.3762765577894625,0.5224244759194568
US2000_USD,1m,RSI(2) extremo,Corto,Bias diario a favor,Gap a favor,6,5270,0.1125764734604779,-0.1774235265395221,-8.211686040972866,2229,0.0910648638595642,-0.1989351361404358,-6.457111055721884,0.29000000000000004,1.5684987548157645,5.210372455602352,1.4545487244342012,2.9558174117632876,0.3881947360706134
US2000_USD,1m,RSI(2) extremo,Corto,Bias diario a favor,Mercado hermano a favor del VWAP,3,3249,0.1024021701689462,-0.1875978298310538,-10.265455056368944,1201,0.0736359938495264,-0.2163640061504736,-7.4532867754084995,0.29000000000000004,1.0416563359006492,5.603502324577274,1.0060247985441981,2.5366057364044394,0.3531109316170558
US2000_USD,1m,RSI(2) extremo,Corto,Bias diario a favor,Mercado hermano a favor del VWAP,6,3249,0.2079838699617911,-0.0820161300382089,-3.2880433290944326,1201,0.1388409032511969,-0.1511590967488031,-3.8777977505555934,0.29000000000000004,1.4217937369655762,8.338115634918655,1.3508920238120454,3.561789888221605,0.7171857584889347
US2000_USD,1m,RSI(2) extremo,Corto,Hora: cierre 14:00-15:45,ADX > 25,12,4702,0.1299922071787105,-0.1600077928212895,-6.62333083738955,2241,0.0737210996764837,-0.2162789003235163,-6.064249084749223,0.29000000000000004,1.656555528361783,5.3808716391001195,1.6883327684260612,2.0670676176506,0.4482489902714154
US2000_USD,1m,RSI(2) extremo,Corto,ADX > 25,Volatilidad alta,3,12514,0.0439948956387595,-0.2460051043612404,-29.48986813237789,6203,0.0500175774952643,-0.2399824225047356,-18.729040610430364,0.29000000000000004,0.9331884676532296,5.273889231906355,1.0091710704375714,3.9035410609111065,0.1517065366853776
US2000_USD,1m,RSI(2) extremo,Corto,ADX > 25,Volatilidad alta,6,12514,0.0779478058792901,-0.2120521941207098,-18.55179957258566,6203,0.0428951004522761,-0.2471048995477239,-14.127254375914363,0.29000000000000004,1.2786591834828116,6.819415747107213,1.3776042756319893,2.4523592882166527,0.2687855375147934
US2000_USD,1m,RSI(2) extremo,Corto,ADX > 25,Gap a favor,3,8120,0.0661682429572044,-0.2238317570427956,-22.66334219642003,4019,0.0541755275721572,-0.2358244724278427,-15.296623813038238,0.29000000000000004,0.889970809301734,6.6996459862854385,0.9773548857762976,3.5140655955362514,0.22816635502484273
US2000_USD,1m,RSI(2) extremo,Corto,ADX > 25,Gap a favor,6,8120,0.0963616544977197,-0.1936383455022803,-14.310091739202086,4019,0.0505065234569389,-0.2394934765430611,-11.29974124496377,0.29000000000000004,1.2193460056167418,7.121234755579059,1.34364392484285,2.382990361507773,0.3322815672335162
US2000_USD,1m,RSI(2) extremo,Corto,ADX > 25,Gap a favor,12,8120,0.1830442719858855,-0.1069557280141144,-5.55109864618098,4019,0.0764188099690532,-0.2135811900309467,-7.158420313974041,0.29000000000000004,1.7362134558604956,9.500162630634827,1.891493312833041,2.5612646955142897,0.6311871447789155
US2000_USD,1m,RSI(2) extremo,Corto,ADX > 25,Gap a favor,24,8120,0.1836457200825508,-0.1063542799174492,-3.955817657096302,4019,0.1217806726642199,-0.1682193273357801,-4.126898462745002,0.29000000000000004,2.42268372306061,6.830651128629662,2.584110682394498,2.987626206629848,0.6332611037329338
US2000_USD,1m,RSI(2) extremo,Corto,ADX > 25,Mercado hermano a favor del VWAP,6,4914,0.1213280099846262,-0.1686719900153738,-9.850454433105932,2397,0.067392539421021,-0.2226074605789789,-8.445634549042605,0.29000000000000004,1.2003399994949266,7.085563131756789,1.2904507883763903,2.556844940423521,0.4183724482228489
US2000_USD,1m,RSI(2) extremo,Corto,ADX > 25,,3,18686,0.0390052113558028,-0.2509947886441972,-40.68295580076021,8673,0.0361536290562305,-0.2538463709437695,-24.94392626346652,0.29000000000000004,0.8433549101429023,6.322232019872347,0.947743507881091,3.5525954299937514,0.1345007288131131
US2000_USD,1m,RSI(2) extremo,Corto,ADX > 25,,6,18686,0.065821434820437,-0.2241785651795629,-26.406388937947835,8673,0.0414506192439899,-0.24854938075601,-17.830201004324554,0.29000000000000004,1.160494914851148,7.753223002966634,1.298198549476502,2.973545420334718,0.22697046489805858
US2000_USD,1m,RSI(2) extremo,Corto,ADX > 25,,12,18686,0.1029747504947094,-0.1870252495052906,-15.756900250222378,8673,0.0421556375794491,-0.2478443624205508,-12.668569863570436,0.29000000000000004,1.6225109234792565,8.675635381471709,1.8219486269540526,2.1547863126796045,0.3550853465334807
US2000_USD,1m,RSI(2) extremo,Corto,Volatilidad alta,Gap a favor,3,11818,0.0432096808306516,-0.2467903191693484,-29.143889962415468,6092,0.0484060887357395,-0.2415939112642605,-18.96872735831111,0.29000000000000004,0.9205610469018825,5.10270495081887,0.9940946529331242,3.8006003334500784,0.14899889941604
US2000_USD,1m,RSI(2) extremo,Corto,Gap a favor,Mercado hermano a favor del VWAP,6,5319,0.0822550570478473,-0.2077449429521526,-14.089941810746607,2799,0.0690689877383663,-0.2209310122616336,-9.787567126817011,0.29000000000000004,1.0753163676433315,5.578807122687663,1.194217354242068,3.05985722398266,0.28363812775119757
US2000_USD,1m,RSI(2) extremo,Corto,Gap a favor,,3,18905,0.038008990586671,-0.251991009413329,-41.75149178157854,9202,0.0310983871330621,-0.2589016128669379,-26.946624909770872,0.29000000000000004,0.829853422794527,6.297574115045192,0.9216615995828668,3.2367375548338364,0.13106548478162414
US2000_USD,1m,RSI(2) extremo,Corto,(ninguna),,3,42577,0.025041883704129,-0.2649581162958709,-69.06708813990141,19372,0.0228829313944175,-0.2671170686055825,-41.38406897241288,0.29000000000000004,0.7915778071073257,6.527710919603908,0.8983709107237654,3.545220139098871,0.08635132311768619
US2000_USD,1m,RSI(2) extremo,Corto,(ninguna),,6,42577,0.0421297957803839,-0.2478702042196161,-46.59716891329097,19372,0.0183598520143844,-0.2716401479856155,-30.426535117286363,0.29000000000000004,1.0976207842725012,7.919988674885847,1.2425923900632552,2.0564952795322045,0.14527515786339273
US2000_USD,1m,Martillo / estrella,Corto,Sobre/bajo EMA 200,Hora: mediodía 11:00-14:00,24,9006,0.123978433729727,-0.1660215662702729,-7.571633334593586,4411,0.1211438400624858,-0.1688561599375142,-4.661360410921233,0.29000000000000004,2.0808506164551908,5.654200611928486,2.405873308647963,3.344237487712692,0.4275118404473344
US2000_USD,1m,Martillo / estrella,Corto,EMAs 9>21>50 alineadas,Hora: mediodía 11:00-14:00,24,6892,0.1361453808537072,-0.1538546191462928,-6.233929452173155,3429,0.091661579513661,-0.1983384204863389,-4.812245513482227,0.29000000000000004,2.048902492345258,5.516381010792076,2.4134750669605265,2.2239666106632696,0.46946683053002475
US2000_USD,3m,EMA 9 pullback en tendencia,Largo,Sobre/bajo EMA 200,EMAs 9>21>50 alineadas,12,19601,0.1297290818155204,-0.1602709181844796,-9.083515725890283,9347,0.0898370633625762,-0.2001629366374238,-7.164719486229246,0.29000000000000004,2.4702440785903432,7.352526385480586,2.7009751830749402,3.2156670424224716,0.4473416614328289
US2000_USD,3m,EMA 9 pullback en tendencia,Largo,Sobre/bajo EMA 200,EMAs 9>21>50 alineadas,24,19601,0.1859236357619668,-0.1040763642380331,-4.316069990805196,9347,0.187972864110393,-0.1020271358896069,-2.703321772097669,0.29000000000000004,3.3760024098140664,7.710294558890579,3.6488337349132074,4.980548867538535,0.6411159853860924
US2000_USD,3m,EMA 9 pullback en tendencia,Largo,Sobre/bajo EMA 200,Lado del VWAP a favor,12,19120,0.1281780705791138,-0.1618219294208862,-9.120727390985923,9146,0.0835853841928848,-0.2064146158071151,-7.342162762525414,0.29000000000000004,2.453306693027486,7.224467310694163,2.6886361664535205,2.9731300417498105,0.44199334682453023
US2000_USD,3m,EMA 9 pullback en tendencia,Largo,Sobre/bajo EMA 200,Lado del VWAP a favor,24,19120,0.1864363410981629,-0.1035636589018371,-4.257321142441612,9146,0.1812021875704713,-0.1087978124295286,-2.8614307199045066,0.29000000000000004,3.3636818984467984,7.664072369526773,3.6362398865504937,4.765697898235689,0.6428839348212513
US2000_USD,3m,EMA 9 pullback en tendencia,Largo,Sobre/bajo EMA 200,Régimen 15m a favor,12,13054,0.1037544518165828,-0.1862455481834172,-10.10129004940207,6080,0.080219911274157,-0.2097800887258429,-6.846612036514156,0.29000000000000004,2.1065940982502425,5.627269064621489,2.389133044538725,2.61814461722115,0.35777397178132
US2000_USD,3m,EMA 9 pullback en tendencia,Largo,Sobre/bajo EMA 200,Régimen 15m a favor,24,13054,0.1649180699110725,-0.1250819300889275,-4.9633337418238845,6080,0.1183944200214586,-0.1716055799785413,-4.217875884588614,0.29000000000000004,2.8793396613140843,6.544058126095029,3.1724106488460966,2.910004261754253,0.5686829996933533
US2000_USD,3m,EMA 9 pullback en tendencia,Largo,Sobre/bajo EMA 200,ADX > 25,24,8694,0.2025905632824631,-0.0874094367175369,-2.5058142774539163,4069,0.2469632572259385,-0.0430367427740615,-0.7330842671234901,0.29000000000000004,3.252514640320528,5.807774824028547,3.744806140343122,4.20675141193594,0.6985881492498727
US2000_USD,3m,EMA 9 pullback en tendencia,Largo,Sobre/bajo EMA 200,Volatilidad alta,12,14822,0.1315303108113414,-0.1584696891886585,-7.320325509808123,8163,0.0728727988164009,-0.217127201183599,-6.995411430079377,0.29000000000000004,2.6355376063484535,6.075891828114744,2.8043090285347447,2.347818269674414,0.45355279590117714
US2000_USD,3m,EMA 9 pullback en tendencia,Largo,Sobre/bajo EMA 200,Volatilidad alta,24,14822,0.1935242938699389,-0.0964757061300611,-3.2729612670906856,8163,0.1658265378915342,-0.1241734621084658,-2.971910750711019,0.29000000000000004,3.588645049057168,6.565357678994211,3.7750084247736884,3.968816382703076,0.6673251512756514
US2000_USD,3m,EMA 9 pullback en tendencia,Largo,Sobre/bajo EMA 200,RSI(14) a favor de 50,12,19600,0.1297665171720543,-0.1602334828279456,-9.080951164733865,9347,0.0898370633625762,-0.2001629366374238,-7.164719486229246,0.29000000000000004,2.4703015343844568,7.354289406056045,2.7009751830749402,3.2156670424224716,0.4474707488691527
US2000_USD,3m,EMA 9 pullback en tendencia,Largo,Sobre/bajo EMA 200,RSI(14) a favor de 50,24,19600,0.1859947017747528,-0.1040052982252471,-4.312921550477525,9347,0.187972864110393,-0.1020271358896069,-2.703321772097669,0.29000000000000004,3.3760738703727253,7.71288166321746,3.6488337349132074,4.980548867538535,0.6413610406025958
US2000_USD,3m,EMA 9 pullback en tendencia,Largo,Sobre/bajo EMA 200,Día a favor (vs apertura),12,17614,0.1261238729668161,-0.1638761270331838,-8.855424870692941,8718,0.096475907929804,-0.193524092070196,-6.695995950445654,0.29000000000000004,2.456039146268913,6.815394662288424,2.6985364501481897,3.3380975045691685,0.43490990678212443
US2000_USD,3m,EMA 9 pullback en tendencia,Largo,Sobre/bajo EMA 200,Día a favor (vs apertura),24,17614,0.1840766516042592,-0.1059233483957408,-4.244541102480871,8718,0.1813404759728435,-0.1086595240271565,-2.802192287544261,0.29000000000000004,3.311997143438718,7.376286017906384,3.620581243598868,4.676542509644244,0.6347470744974455
US2000_USD,3m,EMA 9 pullback en tendencia,Largo,Sobre/bajo EMA 200,Gap a favor,12,11999,0.1814867552642733,-0.1085132447357267,-5.049901126178196,5156,0.0763810707488848,-0.2136189292511152,-5.9391186585177405,0.29000000000000004,2.3538154086021255,8.445883007438418,2.582701328973541,2.1235769883904005,0.6258163974630113
US2000_USD,3m,EMA 9 pullback en tendencia,Largo,Sobre/bajo EMA 200,Gap a favor,24,11999,0.2831749193210762,-0.0068250806789237,-0.2309292802464189,5156,0.1797180886042959,-0.110281911395704,-2.241101032767,0.29000000000000004,3.2374369131204888,9.581334401598056,3.5334528723307117,3.652152822531587,0.9764652390381936
US2000_USD,3m,EMA 9 pullback en tendencia,Largo,Sobre/bajo EMA 200,Mercado hermano a favor del VWAP,12,17836,0.1281634149168553,-0.1618365850831447,-8.856071709608894,8019,0.0921393157924733,-0.1978606842075266,-6.630138538070583,0.29000000000000004,2.4405309138752442,7.013398067370871,2.6723725991250467,3.0875079147426416,0.44194281005812164
US2000_USD,3m,EMA 9 pullback en tendencia,Largo,Sobre/bajo EMA 200,Mercado hermano a favor del VWAP,24,17836,0.1763887664185802,-0.1136112335814198,-4.522381604617521,8019,0.1520179627705488,-0.1379820372294511,-3.420316132428437,0.29000000000000004,3.355079391212667,7.021289069455371,3.612571161455318,3.768240424066117,0.6082371255813109
US2000_USD,3m,EMA 9 pullback en tendencia,Largo,Sobre/bajo EMA 200,,12,19601,0.1297290818155204,-0.1602709181844796,-9.083515725890283,9347,0.0898370633625762,-0.2001629366374238,-7.164719486229246,0.29000000000000004,2.4702440785903432,7.352526385480586,2.7009751830749402,3.2156670424224716,0.4473416614328289
US2000_USD,3m,EMA 9 pullback en tendencia,Largo,Sobre/bajo EMA 200,,24,19601,0.1859236357619668,-0.1040763642380331,-4.316069990805196,9347,0.187972864110393,-0.1020271358896069,-2.703321772097669,0.29000000000000004,3.3760024098140664,7.710294558890579,3.6488337349132074,4.980548867538535,0.6411159853860924
US2000_USD,3m,EMA 9 pullback en tendencia,Largo,EMAs 9>21>50 alineadas,Lado del VWAP a favor,12,20336,0.1291272773412529,-0.1608727226587471,-9.281527629122724,9744,0.0820417983582845,-0.2079582016417154,-7.558297034996475,0.29000000000000004,2.4716997679468564,7.449978918169728,2.715943527512247,2.981831331401608,0.4452664735905272
US2000_USD,3m,EMA 9 pullback en tendencia,Largo,EMAs 9>21>50 alineadas,Lado del VWAP a favor,24,20336,0.1889733660418062,-0.1010266339581937,-4.267814556198316,9744,0.1818804435542064,-0.1081195564457936,-2.8862256673965656,0.29000000000000004,3.3756942932427485,7.983075855627893,3.6977931059296907,4.855254884871902,0.6516322966958834
US2000_USD,3m,EMA 9 pullback en tendencia,Largo,EMAs 9>21>50 alineadas,Régimen 15m a favor,12,13352,0.1052460416196134,-0.1847539583803866,-10.180723207351958,6303,0.0769844375942011,-0.2130155624057988,-7.121778882101701,0.29000000000000004,2.0969510070892476,5.799501281551303,2.3746330126149333,2.5738313938978785,0.3629173848952186
US2000_USD,3m,EMA 9 pullback en tendencia,Largo,EMAs 9>21>50 alineadas,Régimen 15m a favor,24,13352,0.1672022884087765,-0.1227977115912234,-4.946919420431743,6303,0.1167130274336129,-0.1732869725663871,-4.355578010953228,0.29000000000000004,2.8683265911565163,6.735762718636224,3.158593747451704,2.933588649815397,0.5765596152026775
US2000_USD,3m,EMA 9 pullback en tendencia,Largo,EMAs 9>21>50 alineadas,ADX > 25,12,9056,0.1405128842950288,-0.1494871157049712,-5.789204082688266,4274,0.1094750639541047,-0.1805249360458952,-4.2557727355403765,0.29000000000000004,2.4572713076691213,5.441658029154369,2.7731670460708955,2.580812394133578,0.4845271872242372
US2000_USD,3m,EMA 9 pullback en tendencia,Largo,EMAs 9>21>50 alineadas,ADX > 25,24,9056,0.2158999560999786,-0.0741000439000214,-2.165219114753541,4274,0.2099205948897037,-0.0800794051102962,-1.3970482761429148,0.29000000000000004,3.256752984216615,6.308642845783646,3.747370929185823,3.6622300679385127,0.7444826072413054
US2000_USD,3m,EMA 9 pullback en tendencia,Largo,EMAs 9>21>50 alineadas,Volatilidad alta,12,16199,0.141330171009664,-0.148669828990336,-7.132558573481592,8991,0.073292802350962,-0.2167071976490379,-7.318287603954559,0.29000000000000004,2.652904386055226,6.7804323834402505,2.8078109407080314,2.4751268657574195,0.4873454172747034
US2000_USD,3m,EMA 9 pullback en tendencia,Largo,EMAs 9>21>50 alineadas,Volatilidad alta,24,16199,0.1903336190155931,-0.0996663809844068,-3.53648407742372,8991,0.1598421338004671,-0.1301578661995329,-3.238911680743205,0.29000000000000004,3.5869149931953115,6.753649589748709,3.8104416297525536,3.9775894408686083,0.6563228241917002
US2000_USD,3m,EMA 9 pullback en tendencia,Largo,EMAs 9>21>50 alineadas,RSI(14) a favor de 50,12,21325,0.1359096871450945,-0.1540903128549055,-9.051212593694864,10227,0.0885546590921244,-0.2014453409078756,-7.502524480085026,0.29000000000000004,2.4860685020522655,7.983288820051522,2.7153382296206208,3.2980832153774227,0.4686540936037741
US2000_USD,3m,EMA 9 pullback en tendencia,Largo,EMAs 9>21>50 alineadas,RSI(14) a favor de 50,24,21325,0.1851724625975417,-0.1048275374024582,-4.53072978049627,10227,0.1793060108773039,-0.1106939891226961,-3.032605617258619,0.29000000000000004,3.378716420349141,8.00330153323663,3.6913245533338297,4.912321076368693,0.6385257330949713
US2000_USD,3m,EMA 9 pullback en tendencia,Largo,EMAs 9>21>50 alineadas,Día a favor (vs apertura),6,18146,0.0687583301922169,-0.2212416698077831,-16.81536582696116,8936,0.0519027709960937,-0.2380972290039062,-11.277449648632563,0.29000000000000004,1.7723564122350295,5.225943543264841,1.9957908370464943,2.458369167006771,0.23709769031798927
US2000_USD,3m,EMA 9 pullback en tendencia,Largo,EMAs 9>21>50 alineadas,Día a favor (vs apertura),12,18146,0.1299366614107232,-0.1600633385892767,-8.728066135356558,8936,0.1101304330031788,-0.1798695669968211,-6.284725098915188,0.29000000000000004,2.4703830339354886,7.085293760555123,2.7054716244998795,3.848007798126894,0.4480574531404247
US2000_USD,3m,EMA 9 pullback en tendencia,Largo,EMAs 9>21>50 alineadas,Día a favor (vs apertura),24,18146,0.188193574441014,-0.101806425558986,-4.12351452773054,8936,0.2005016152732801,-0.0894983847267198,-2.3290052341707064,0.29000000000000004,3.3258152000552235,7.62249469001777,3.6325894115006463,5.217628372367,0.6489433601414275
US2000_USD,3m,EMA 9 pullback en tendencia,Largo,EMAs 9>21>50 alineadas,Gap a favor,24,12498,0.2610867055135071,-0.0289132944864928,-0.9997046155815182,5486,0.1467292276647375,-0.1432707723352625,-3.0101360824988665,0.29000000000000004,3.2333010442992722,9.027320794963696,3.5253267307862037,3.0827986430984717,0.9002989845293348
US2000_USD,3m,EMA 9 pullback en tendencia,Largo,EMAs 9>21>50 alineadas,Mercado hermano a favor del VWAP,12,19090,0.1351713409343897,-0.1548286590656103,-8.73681275041403,8620,0.0790866577431663,-0.2109133422568337,-7.29754855656194,0.29000000000000004,2.4485066551012085,7.627571678869159,2.6833708235424054,2.736378452313164,0.4661080721875506
US2000_USD,3m,EMA 9 pullback en tendencia,Largo,EMAs 9>21>50 alineadas,Mercado hermano a favor del VWAP,24,19090,0.1843932082354554,-0.1056067917645446,-4.345107312177979,8620,0.1351345195017945,-0.1548654804982055,-3.940256054518404,0.29000000000000004,3.358105273645913,7.586711650195436,3.6490835925715723,3.4382394767925777,0.6358386490877772
US2000_USD,3m,EMA 9 pullback en tendencia,Largo,EMAs 9>21>50 alineadas,,12,21326,0.1358749917688685,-0.1541250082311314,-9.053656322565796,10227,0.0885546590921244,-0.2014453409078756,-7.502524480085026,0.29000000000000004,2.4860153770637,7.981608516523104,2.7153382296206208,3.2980832153774227,0.4685344543754085
US2000_USD,3m,EMA 9 pullback en tendencia,Largo,EMAs 9>21>50 alineadas,,24,21326,0.1851071834698365,-0.1048928165301634,-4.533745743723047,10227,0.1793060108773039,-0.1106939891226961,-3.032605617258619,0.29000000000000004,3.378650651759398,8.000823440064654,3.6913245533338297,4.912321076368693,0.6383006326546086
US2000_USD,3m,EMA 9 pullback en tendencia,Largo,Lado del VWAP a favor,Régimen 15m a favor,12,12938,0.1040940720361652,-0.1859059279638347,-10.156964373464495,6111,0.062427349087455,-0.227572650912545,-7.478808124869211,0.29000000000000004,2.0819144646539063,5.687176265653322,2.3787227116689706,2.0515741399379546,0.35894507598677655
US2000_USD,3m,EMA 9 pullback en tendencia,Largo,Lado del VWAP a favor,Régimen 15m a favor,24,12938,0.1708859125085141,-0.1191140874914858,-4.749090914509826,6111,0.1038159567212301,-0.1861840432787698,-4.586517541683215,0.29000000000000004,2.852897824567591,6.81323890064569,3.1733322138766558,2.55743563316869,0.5892617672707382
US2000_USD,3m,EMA 9 pullback en tendencia,Largo,Lado del VWAP a favor,ADX > 25,24,8736,0.206112931499551,-0.0838870685004489,-2.424287098106816,4148,0.2155763484472938,-0.0744236515527061,-1.2856590174585478,0.29000000000000004,3.234203035377485,5.956542879844007,3.728245893820334,3.7240537188069704,0.7107342465501758
US2000_USD,3m,EMA 9 pullback en tendencia,Largo,Lado del VWAP a favor,Volatilidad alta,12,15410,0.1326271745309204,-0.1573728254690795,-7.402370829003185,8534,0.0637768105541986,-0.2262231894458014,-7.430898355145374,0.29000000000000004,2.6391265990718513,6.238405677438219,2.8123678174069178,2.094917845533931,0.45733508458938066
US2000_USD,3m,EMA 9 pullback en tendencia,Largo,Lado del VWAP a favor,Volatilidad alta,24,15410,0.1955690536152458,-0.0944309463847542,-3.2638081786167983,8534,0.1584315741400208,-0.1315684258599792,-3.180964356092617,0.29000000000000004,3.591625407943365,6.759435345199923,3.8209310010184914,3.830441741055658,0.6743760469491233
US2000_USD,3m,EMA 9 pullback en tendencia,Largo,Lado del VWAP a favor,RSI(14) a favor de 50,12,20335,0.1291633300180953,-0.1608366699819046,-9.279011341333696,9744,0.0820417983582845,-0.2079582016417154,-7.558297034996475,0.29000000000000004,2.4717551947888907,7.451708644907749,2.715943527512247,2.981831331401608,0.4453907931658458
US2000_USD,3m,EMA 9 pullback en tendencia,Largo,Lado del VWAP a favor,RSI(14) a favor de 50,24,20335,0.1890420133779697,-0.1009579866220302,-4.264722796796926,9744,0.1818804435542064,-0.1081195564457936,-2.8862256673965656,0.29000000000000004,3.3757631001236823,7.985616700377938,3.6977931059296907,4.855254884871902,0.6518690116481712
US2000_USD,3m,EMA 9 pullback en tendencia,Largo,Lado del VWAP a favor,Día a favor (vs apertura),12,17803,0.1219194113642407,-0.1680805886357592,-9.158431631415525,8765,0.0987095991135731,-0.1912904008864268,-6.6672309255314,0.29000000000000004,2.4487421036322767,6.643185882348036,2.686109049308598,3.4404219386186616,0.4204117633249679
US2000_USD,3m,EMA 9 pullback en tendencia,Largo,Lado del VWAP a favor,Día a favor (vs apertura),24,17803,0.1802723291100648,-0.1097276708899351,-4.41747724724362,8765,0.1924786930552089,-0.0975213069447911,-2.523567061154031,0.29000000000000004,3.3142741953412775,7.25750310466465,3.6179338581868623,4.980787327256454,0.6216287210691889
US2000_USD,3m,EMA 9 pullback en tendencia,Largo,Lado del VWAP a favor,Gap a favor,24,11930,0.2757763641178358,-0.0142236358821642,-0.4813106135639277,5197,0.1379185130280991,-0.1520814869719008,-3.085952134867084,0.29000000000000004,3.2277910222133777,9.331938199179245,3.5527407959743007,2.798565020576065,0.950952979716675
US2000_USD,3m,EMA 9 pullback en tendencia,Largo,Lado del VWAP a favor,Mercado hermano a favor del VWAP,12,18595,0.1322539602117084,-0.1577460397882915,-8.798199439210574,8368,0.0784798908415989,-0.211520109158401,-7.19259304332159,0.29000000000000004,2.444909308454591,7.376392587285713,2.6901531750257868,2.6686536762573465,0.4560481386610634
US2000_USD,3m,EMA 9 pullback en tendencia,Largo,Lado del VWAP a favor,Mercado hermano a favor del VWAP,24,18595,0.1852566158236211,-0.1047433841763789,-4.258485826794759,8368,0.1389133679479303,-0.1510866320520696,-3.7750822132472304,0.29000000000000004,3.3540496462932676,7.531861596875567,3.661090478058057,3.4709184882867086,0.6388159166331762
US2000_USD,3m,EMA 9 pullback en tendencia,Largo,Lado del VWAP a favor,,12,20336,0.1291272773412529,-0.1608727226587471,-9.281527629122724,9744,0.0820417983582845,-0.2079582016417154,-7.558297034996475,0.29000000000000004,2.4716997679468564,7.449978918169728,2.715943527512247,2.981831331401608,0.4452664735905272
US2000_USD,3m,EMA 9 pullback en tendencia,Largo,Lado del VWAP a favor,,24,20336,0.1889733660418062,-0.1010266339581937,-4.267814556198316,9744,0.1818804435542064,-0.1081195564457936,-2.8862256673965656,0.29000000000000004,3.3756942932427485,7.983075855627893,3.6977931059296907,4.855254884871902,0.6516322966958834
US2000_USD,3m,EMA 9 pullback en tendencia,Largo,Régimen 15m a favor,Volatilidad alta,24,9517,0.1617899200577338,-0.1282100799422662,-4.118063683483139,5339,0.1059766941960105,-0.1840233058039895,-4.110425097890401,0.29000000000000004,3.037240254216848,5.196636601766533,3.271267431453965,2.3671418232140775,0.557896276061151
US2000_USD,3m,EMA 9 pullback en tendencia,Largo,Régimen 15m a favor,RSI(14) a favor de 50,12,13351,0.1052991649772547,-0.1847008350227452,-10.177077220106131,6303,0.0769844375942011,-0.2130155624057988,-7.121778882101701,0.29000000000000004,2.0970205529375385,5.8020188866728635,2.3746330126149333,2.5738313938978785,0.3631005688870851
US2000_USD,3m,EMA 9 pullback en tendencia,Largo,Régimen 15m a favor,RSI(14) a favor de 50,24,13351,0.1673052149688284,-0.1226947850311716,-4.942445306828954,6303,0.1167130274336129,-0.1732869725663871,-4.355578010953228,0.29000000000000004,2.868409352741467,6.739462270711958,3.158593747451704,2.933588649815397,0.5769145343752702
US2000_USD,3m,EMA 9 pullback en tendencia,Largo,Régimen 15m a favor,Día a favor (vs apertura),12,11857,0.10007634001638,-0.1899236599836199,-9.798793087631704,5852,0.0918823054451202,-0.1981176945548797,-6.333141860659067,0.29000000000000004,2.110541487770264,5.163271120999665,2.393074439467974,2.93716155023782,0.3450908276426896
US2000_USD,3m,EMA 9 pullback en tendencia,Largo,Régimen 15m a favor,Día a favor (vs apertura),24,11857,0.1731314043416797,-0.1168685956583202,-4.483880997712582,5852,0.129745087066254,-0.1602549129337459,-3.845485219332631,0.29000000000000004,2.83812263565828,6.6425082774551525,3.187956339181986,3.113369852196535,0.5970048425575162
US2000_USD,3m,EMA 9 pullback en tendencia,Largo,Régimen 15m a favor,Gap a favor,12,9070,0.1444704470061414,-0.1455295529938585,-6.7769592420741365,3755,0.0868224528753328,-0.2031775471246671,-5.245539837624301,0.29000000000000004,2.0451255064072766,6.727639238238912,2.373506874814744,2.241540179035484,0.498173955193591
US2000_USD,3m,EMA 9 pullback en tendencia,Largo,Régimen 15m a favor,Gap a favor,24,9070,0.2131809053768002,-0.0768190946231998,-2.652424584209488,3755,0.1264602762722619,-0.163539723727738,-3.1658950718157977,0.29000000000000004,2.758225589418194,7.360751608424885,3.165422708315348,2.4480900193847703,0.7351065702648282
US2000_USD,3m,EMA 9 pullback en tendencia,Largo,Régimen 15m a favor,Mercado hermano a favor del VWAP,24,12024,0.1617824201653658,-0.1282175798346341,-4.906666053170734,5288,0.0874504516416887,-0.2025495483583113,-4.691921926706351,0.29000000000000004,2.8654019884114694,6.191134710614622,3.1392523317517966,2.025729975127719,0.5578704143633302
US2000_USD,3m,EMA 9 pullback en tendencia,Largo,Régimen 15m a favor,,12,13352,0.1052460416196134,-0.1847539583803866,-10.180723207351958,6303,0.0769844375942011,-0.2130155624057988,-7.121778882101701,0.29000000000000004,2.0969510070892476,5.799501281551303,2.3746330126149333,2.5738313938978785,0.3629173848952186
US2000_USD,3m,EMA 9 pullback en tendencia,Largo,Régimen 15m a favor,,24,13352,0.1672022884087765,-0.1227977115912234,-4.946919420431743,6303,0.1167130274336129,-0.1732869725663871,-4.355578010953228,0.29000000000000004,2.8683265911565163,6.735762718636224,3.158593747451704,2.933588649815397,0.5765596152026775
US2000_USD,3m,EMA 9 pullback en tendencia,Largo,Hora: cierre 14:00-15:45,Gap a favor,6,3638,0.1598957013533363,-0.1301042986466637,-4.364441321400445,1589,0.1149684168993864,-0.1750315831006136,-4.485008018386613,0.29000000000000004,1.7980192386884235,5.3638151341642955,1.555661649890765,2.9459498824195656,0.5513644874252975
US2000_USD,3m,EMA 9 pullback en tendencia,Largo,Hora: cierre 14:00-15:45,Gap a favor,12,3638,0.3356436571621383,0.0456436571621383,1.0608607479824286,1589,0.3299297047081498,0.0399297047081497,0.745670179531336,0.29000000000000004,2.5950958386210408,7.801109799938361,2.1345742776500773,6.161296306612405,1.1573919212487527
US2000_USD,3m,EMA 9 pullback en tendencia,Largo,Hora: cierre 14:00-15:45,Gap a favor,24,3638,0.4983615969615431,0.208361596961543,3.550286946271711,1589,0.5596068414072333,0.2696068414072332,3.729380885370086,0.29000000000000004,3.5398557852376857,8.491616008022111,2.8817487701800424,7.740853484181926,1.7184882653846312
US2000_USD,3m,EMA 9 pullback en tendencia,Largo,ADX > 25,Volatilidad alta,12,7031,0.1589952364972977,-0.1310047635027023,-4.19439031519409,3825,0.109883993310866,-0.180116006689134,-3.909282677020036,0.29000000000000004,2.618947511730776,5.090563597044341,2.849515045851788,2.38494956349634,0.5482594361975781
US2000_USD,3m,EMA 9 pullback en tendencia,Largo,ADX > 25,Volatilidad alta,24,7031,0.2376688671152752,-0.0523311328847248,-1.2725825045636583,3825,0.2184693021088643,-0.0715306978911356,-1.144867428858675,0.29000000000000004,3.4481229040488537,5.779604329159263,3.8641411500366627,3.496658016262978,0.81954781763888
US2000_USD,3m,EMA 9 pullback en tendencia,Largo,ADX > 25,RSI(14) a favor de 50,12,9056,0.1405128842950288,-0.1494871157049712,-5.789204082688266,4274,0.1094750639541047,-0.1805249360458952,-4.2557727355403765,0.29000000000000004,2.4572713076691213,5.441658029154369,2.7731670460708955,2.580812394133578,0.4845271872242372
US2000_USD,3m,EMA 9 pullback en tendencia,Largo,ADX > 25,RSI(14) a favor de 50,24,9056,0.2158999560999786,-0.0741000439000214,-2.165219114753541,4274,0.2099205948897037,-0.0800794051102962,-1.3970482761429148,0.29000000000000004,3.256752984216615,6.308642845783646,3.747370929185823,3.6622300679385127,0.7444826072413054
US2000_USD,3m,EMA 9 pullback en tendencia,Largo,ADX > 25,Día a favor (vs apertura),12,8164,0.1403858945511066,-0.1496141054488934,-5.564273527504661,3922,0.1485349975150194,-0.1414650024849806,-3.1907572891880744,0.29000000000000004,2.4294925266126777,5.221068657544555,2.776572616346684,3.3502217346717895,0.4840892915555399
US2000_USD,3m,EMA 9 pullback en tendencia,Largo,ADX > 25,Día a favor (vs apertura),24,8164,0.223774436640424,-0.066225563359576,-1.8546376846072128,3922,0.2736458163186034,-0.0163541836813966,-0.2744842501421796,0.29000000000000004,3.226399037136779,6.266771953176127,3.7313435425362185,4.592798280858135,0.7716359884152552
US2000_USD,3m,EMA 9 pullback en tendencia,Largo,ADX > 25,Mercado hermano a favor del VWAP,24,8474,0.1855934292521149,-0.1044065707478851,-2.987561827297076,3810,0.1566724722153871,-0.1333275277846129,-2.2777716096586333,0.29000000000000004,3.217030361054707,5.310698748737618,3.6130347497825537,2.6765973625772492,0.639977342248672
US2000_USD,3m,EMA 9 pullback en tendencia,Largo,ADX > 25,,12,9056,0.1405128842950288,-0.1494871157049712,-5.789204082688266,4274,0.1094750639541047,-0.1805249360458952,-4.2557727355403765,0.29000000000000004,2.4572713076691213,5.441658029154369,2.7731670460708955,2.580812394133578,0.4845271872242372
US2000_USD,3m,EMA 9 pullback en tendencia,Largo,ADX > 25,,24,9056,0.2158999560999786,-0.0741000439000214,-2.165219114753541,4274,0.2099205948897037,-0.0800794051102962,-1.3970482761429148,0.29000000000000004,3.256752984216615,6.308642845783646,3.747370929185823,3.6622300679385127,0.7444826072413054
US2000_USD,3m,EMA 9 pullback en tendencia,Largo,Volatilidad alta,RSI(14) a favor de 50,12,16198,0.1413761849667734,-0.1486238150332265,-7.1299282154908,8991,0.073292802350962,-0.2167071976490379,-7.318287603954559,0.29000000000000004,2.6529798106431004,6.782237758919685,2.8078109407080314,2.4751268657574195,0.487504086092322
US2000_USD,3m,EMA 9 pullback en tendencia,Largo,Volatilidad alta,RSI(14) a favor de 50,24,16198,0.1904198829885441,-0.0995801170114559,-3.533221578767749,8991,0.1598421338004671,-0.1301578661995329,-3.238911680743205,0.29000000000000004,3.587008909531589,6.7563250555746395,3.8104416297525536,3.9775894408686083,0.6566202861673933
US2000_USD,3m,EMA 9 pullback en tendencia,Largo,Volatilidad alta,Día a favor (vs apertura),12,13778,0.1348723036264504,-0.1551276963735496,-6.911457008598783,7801,0.0969780016183822,-0.1930219983816177,-6.067111469824465,0.29000000000000004,2.6345886869545456,6.009011607574124,2.80995892989942,3.048234661710847,0.46507690905672544
US2000_USD,3m,EMA 9 pullback en tendencia,Largo,Volatilidad alta,Día a favor (vs apertura),24,13778,0.1960213946783935,-0.0939786053216064,-3.128202476969593,7801,0.1876269603230956,-0.1023730396769044,-2.4034893291523747,0.29000000000000004,3.526364739292841,6.5248320112174145,3.761997817430595,4.405060144947457,0.6759358437185982
US2000_USD,3m,EMA 9 pullback en tendencia,Largo,Volatilidad alta,Gap a favor,24,9117,0.2787447401446131,-0.0112552598553869,-0.311506496004591,4763,0.1076370678152228,-0.1823629321847772,-3.446918919018656,0.29000000000000004,3.449962670785356,7.714686146548668,3.651285475515533,2.034493748236388,0.9611887591193554
US2000_USD,3m,EMA 9 pullback en tendencia,Largo,Volatilidad alta,Mercado hermano a favor del VWAP,24,14376,0.1859909422741244,-0.1040090577258756,-3.492059932912027,7578,0.100638378764495,-0.1893616212355049,-4.39189250220616,0.29000000000000004,3.571153394726321,6.244566882932559,3.753337017235831,2.3341210232894674,0.6413480768073254
US2000_USD,3m,EMA 9 pullback en tendencia,Largo,Volatilidad alta,,12,16199,0.141330171009664,-0.148669828990336,-7.132558573481592,8991,0.073292802350962,-0.2167071976490379,-7.318287603954559,0.29000000000000004,2.652904386055226,6.7804323834402505,2.8078109407080314,2.4751268657574195,0.4873454172747034
US2000_USD,3m,EMA 9 pullback en tendencia,Largo,Volatilidad alta,,24,16199,0.1903336190155931,-0.0996663809844068,-3.53648407742372,8991,0.1598421338004671,-0.1301578661995329,-3.238911680743205,0.29000000000000004,3.5869149931953115,6.753649589748709,3.8104416297525536,3.9775894408686083,0.6563228241917002
US2000_USD,3m,EMA 9 pullback en tendencia,Largo,RSI(14) a favor de 50,Día a favor (vs apertura),6,18145,0.0687400197680576,-0.2212599802319423,-16.81584703774769,8936,0.0519027709960937,-0.2380972290039062,-11.277449648632563,0.29000000000000004,1.7724035339946551,5.224269009604359,1.9957908370464943,2.458369167006771,0.23703455092433653
US2000_USD,3m,EMA 9 pullback en tendencia,Largo,RSI(14) a favor de 50,Día a favor (vs apertura),12,18145,0.12997711005044,-0.16002288994956,-8.725400871113212,8936,0.1101304330031788,-0.1798695669968211,-6.284725098915188,0.29000000000000004,2.4704450976450976,7.087126033134145,2.7054716244998795,3.848007798126894,0.4481969312084137
US2000_USD,3m,EMA 9 pullback en tendencia,Largo,RSI(14) a favor de 50,Día a favor (vs apertura),24,18145,0.1882704641510875,-0.1017295358489124,-4.120193137108147,8936,0.2005016152732801,-0.0894983847267198,-2.3290052341707064,0.29000000000000004,3.325890716373859,7.625225730583821,3.6325894115006463,5.217628372367,0.6492084970727154
US2000_USD,3m,EMA 9 pullback en tendencia,Largo,RSI(14) a favor de 50,Gap a favor,24,12497,0.261204178260595,-0.0287958217394049,-0.9955714312899449,5486,0.1467292276647375,-0.1432707723352625,-3.0101360824988665,0.29000000000000004,3.2334037347984483,9.030734387897647,3.5253267307862037,3.0827986430984717,0.9007040629675689
US2000_USD,3m,EMA 9 pullback en tendencia,Largo,RSI(14) a favor de 50,Mercado hermano a favor del VWAP,12,19090,0.1351713409343897,-0.1548286590656103,-8.73681275041403,8620,0.0790866577431663,-0.2109133422568337,-7.29754855656194,0.29000000000000004,2.4485066551012085,7.627571678869159,2.6833708235424054,2.736378452313164,0.4661080721875506
US2000_USD,3m,EMA 9 pullback en tendencia,Largo,RSI(14) a favor de 50,Mercado hermano a favor del VWAP,24,19090,0.1843932082354554,-0.1056067917645446,-4.345107312177979,8620,0.1351345195017945,-0.1548654804982055,-3.940256054518404,0.29000000000000004,3.358105273645913,7.586711650195436,3.6490835925715723,3.4382394767925777,0.6358386490877772
US2000_USD,3m,EMA 9 pullback en tendencia,Largo,RSI(14) a favor de 50,,12,21325,0.1359096871450945,-0.1540903128549055,-9.051212593694864,10227,0.0885546590921244,-0.2014453409078756,-7.502524480085026,0.29000000000000004,2.4860685020522655,7.983288820051522,2.7153382296206208,3.2980832153774227,0.4686540936037741
US2000_USD,3m,EMA 9 pullback en tendencia,Largo,RSI(14) a favor de 50,,24,21325,0.1851724625975417,-0.1048275374024582,-4.53072978049627,10227,0.1793060108773039,-0.1106939891226961,-3.032605617258619,0.29000000000000004,3.378716420349141,8.00330153323663,3.6913245533338297,4.912321076368693,0.6385257330949713
US2000_USD,3m,EMA 9 pullback en tendencia,Largo,Día a favor (vs apertura),Gap a favor,24,10410,0.2695560158501441,-0.0204439841498559,-0.6687815214592899,4719,0.153623367118795,-0.136376632881205,-2.716307321465965,0.29000000000000004,3.1189372363617647,8.817952561366788,3.448943246977589,3.0598224053275187,0.9295035029315313
US2000_USD,3m,EMA 9 pullback en tendencia,Largo,Día a favor (vs apertura),Mercado hermano a favor del VWAP,12,16595,0.1237040502186746,-0.1662959497813253,-8.805359554828478,7658,0.1068037047526891,-0.1831962952473108,-6.007658897084009,0.29000000000000004,2.43289410327223,6.550121286756135,2.6685116394011468,3.502473814947113,0.4265656904092227
US2000_USD,3m,EMA 9 pullback en tendencia,Largo,Día a favor (vs apertura),Mercado hermano a favor del VWAP,24,16595,0.1786955288355161,-0.1113044711644838,-4.325087418528876,7658,0.1488113941303212,-0.1411886058696788,-3.451674843379084,0.29000000000000004,3.3151741632817204,6.943780204226615,3.5795419266346755,3.63803114538798,0.6161914787431588
US2000_USD,3m,EMA 9 pullback en tendencia,Largo,Día a favor (vs apertura),,6,18146,0.0687583301922169,-0.2212416698077831,-16.81536582696116,8936,0.0519027709960937,-0.2380972290039062,-11.277449648632563,0.29000000000000004,1.7723564122350295,5.225943543264841,1.9957908370464943,2.458369167006771,0.23709769031798927
US2000_USD,3m,EMA 9 pullback en tendencia,Largo,Día a favor (vs apertura),,12,18146,0.1299366614107232,-0.1600633385892767,-8.728066135356558,8936,0.1101304330031788,-0.1798695669968211,-6.284725098915188,0.29000000000000004,2.4703830339354886,7.085293760555123,2.7054716244998795,3.848007798126894,0.4480574531404247
US2000_USD,3m,EMA 9 pullback en tendencia,Largo,Día a favor (vs apertura),,24,18146,0.188193574441014,-0.101806425558986,-4.12351452773054,8936,0.2005016152732801,-0.0894983847267198,-2.3290052341707064,0.29000000000000004,3.3258152000552235,7.62249469001777,3.6325894115006463,5.217628372367,0.6489433601414275
US2000_USD,3m,EMA 9 pullback en tendencia,Largo,Gap a favor,Mercado hermano a favor del VWAP,24,11109,0.2688525257665167,-0.0211474742334832,-0.6936351964418656,4556,0.119901032485493,-0.170098967514507,-3.2836416087674025,0.29000000000000004,3.2134005661350606,8.818337947360321,3.4965342363078333,2.314605579072423,0.927077675056954
US2000_USD,3m,EMA 9 pullback en tendencia,Largo,Gap a favor,,24,12498,0.2610867055135071,-0.0289132944864928,-0.9997046155815182,5486,0.1467292276647375,-0.1432707723352625,-3.0101360824988665,0.29000000000000004,3.2333010442992722,9.027320794963696,3.5253267307862037,3.0827986430984717,0.9002989845293348
US2000_USD,3m,EMA 9 pullback en tendencia,Largo,Mercado hermano a favor del VWAP,,12,19090,0.1351713409343897,-0.1548286590656103,-8.73681275041403,8620,0.0790866577431663,-0.2109133422568337,-7.29754855656194,0.29000000000000004,2.4485066551012085,7.627571678869159,2.6833708235424054,2.736378452313164,0.4661080721875506
US2000_USD,3m,EMA 9 pullback en tendencia,Largo,Mercado hermano a favor del VWAP,,24,19090,0.1843932082354554,-0.1056067917645446,-4.345107312177979,8620,0.1351345195017945,-0.1548654804982055,-3.940256054518404,0.29000000000000004,3.358105273645913,7.586711650195436,3.6490835925715723,3.4382394767925777,0.6358386490877772
US2000_USD,3m,EMA 9 pullback en tendencia,Largo,(ninguna),,12,21326,0.1358749917688685,-0.1541250082311314,-9.053656322565796,10227,0.0885546590921244,-0.2014453409078756,-7.502524480085026,0.29000000000000004,2.4860153770637,7.981608516523104,2.7153382296206208,3.2980832153774227,0.4685344543754085
US2000_USD,3m,EMA 9 pullback en tendencia,Largo,(ninguna),,24,21326,0.1851071834698365,-0.1048928165301634,-4.533745743723047,10227,0.1793060108773039,-0.1106939891226961,-3.032605617258619,0.29000000000000004,3.378650651759398,8.000823440064654,3.6913245533338297,4.912321076368693,0.6383006326546086
US2000_USD,3m,Ruptura Keltner,Largo,Hora: cierre 14:00-15:45,Gap a favor,24,1097,0.5750421960460347,0.2850421960460346,2.5650145058389717,495,0.3897547249842171,0.0997547249842171,0.7100762611757772,0.29000000000000004,3.6806340843291214,5.17464289423789,3.1255833251639684,2.7743605923045114,1.9829041242966712
US2000_USD,3m,Ruptura Donchian 20,Largo,EMAs 9>21>50 alineadas,Gap a favor,24,4310,0.3252668765747353,0.0352668765747353,0.6478314956407492,2230,0.171954099372898,-0.118045900627102,-1.483160418770428,0.29000000000000004,3.573909695558592,5.974958590031794,3.758505711813838,2.160477514935795,1.121609919223225
US2000_USD,3m,Ruptura Donchian 20,Largo,Hora: cierre 14:00-15:45,Gap a favor,24,1546,0.6362708364390464,0.3462708364390463,3.1153345919657767,822,0.2455419090252433,-0.0444580909747567,-0.4013831028537616,0.29000000000000004,4.370347428784442,5.724410888892412,3.1756134527873208,2.216837726593985,2.194037367031194
US2000_USD,3m,EMA 9 pullback en tendencia,Corto,Sobre/bajo EMA 200,Régimen 15m a favor,12,8789,0.1953808824307195,-0.0946191175692805,-2.799751561587015,4476,0.1424936630344476,-0.1475063369655524,-2.908648556961181,0.29000000000000004,3.1683206660415064,5.781262230533139,3.3928484970168213,2.8098046218722783,0.6737271807955844
US2000_USD,3m,EMA 9 pullback en tendencia,Corto,Sobre/bajo EMA 200,Régimen 15m a favor,24,8789,0.33393022530938,0.0439302253093799,0.9141577329172316,4476,0.1683889189610213,-0.1216110810389787,-1.7628428968701324,0.29000000000000004,4.505178735596588,6.948858003152185,4.615349331464673,2.4409223827796804,1.151483535549586
US2000_USD,3m,EMA 9 pullback en tendencia,Corto,Sobre/bajo EMA 200,Régimen 1h a favor,12,6613,0.2889408634773599,-0.0010591365226401,-0.0252532329630941,3552,0.1523727038959125,-0.1376272961040875,-2.286934695931377,0.29000000000000004,3.4106269579877777,6.889282714718347,3.5866359129932057,2.531957199746883,0.9963478050943444
US2000_USD,3m,EMA 9 pullback en tendencia,Corto,Sobre/bajo EMA 200,Régimen 1h a favor,24,6613,0.4996443753809967,0.2096443753809966,3.5325112494471416,3552,0.1618867307095914,-0.1281132692904086,-1.5840203277132627,0.29000000000000004,4.826128962898674,8.419016124562106,4.820253092758388,2.0016027508419367,1.722911639244816
US2000_USD,3m,EMA 9 pullback en tendencia,Corto,Sobre/bajo EMA 200,Gap a favor,24,8810,0.3100668449271956,0.0200668449271956,0.461644694177077,4713,0.120977623913411,-0.169022376086589,-2.8274069509423696,0.29000000000000004,4.07999095502079,7.133194795703777,4.103974004440557,2.0237141535984486,1.0691960169903296
US2000_USD,3m,EMA 9 pullback en tendencia,Corto,EMAs 9>21>50 alineadas,Régimen 15m a favor,12,8984,0.1985475535065811,-0.0914524464934188,-2.7397725718709047,4605,0.1538933670093648,-0.1361066329906352,-2.7229640677188622,0.29000000000000004,3.1638485494757322,5.948174840227461,3.3919715218915827,3.0788073984285846,0.6846467362295899
US2000_USD,3m,EMA 9 pullback en tendencia,Corto,EMAs 9>21>50 alineadas,Régimen 15m a favor,24,8984,0.3384061560286864,0.0484061560286863,1.019341460792083,4605,0.1841932199418091,-0.1058067800581908,-1.5605501656079064,0.29000000000000004,4.501070122124746,7.126189181865438,4.6009824975375215,2.7166761877259487,1.1669177794092633
US2000_USD,3m,EMA 9 pullback en tendencia,Corto,EMAs 9>21>50 alineadas,Régimen 1h a favor,12,6983,0.290845171455734,0.0008451714557339,0.0206692695392319,3766,0.1800908409276669,-0.109909159072333,-1.8888417318088735,0.29000000000000004,3.4169664396993893,7.1128256902412526,3.570906455713865,3.0949476707110817,1.0029143843301171
US2000_USD,3m,EMA 9 pullback en tendencia,Corto,EMAs 9>21>50 alineadas,Régimen 1h a favor,24,6983,0.4852288890905816,0.1952288890905815,3.387004334650485,3766,0.2075872598527532,-0.0824127401472467,-1.0583074980301177,0.29000000000000004,4.816697268703897,8.418182156867713,4.7788416378585366,2.665742617041653,1.6732030658295916
US2000_USD,3m,EMA 9 pullback en tendencia,Corto,EMAs 9>21>50 alineadas,Gap a favor,12,9127,0.1711115422796887,-0.1188884577203113,-3.861483550739226,4926,0.0883657600257244,-0.2016342399742755,-4.589449189345175,0.29000000000000004,2.9413691244240265,5.557683382595969,3.083549469839875,2.0113159638346705,0.5900398009644438
US2000_USD,3m,EMA 9 pullback en tendencia,Corto,EMAs 9>21>50 alineadas,Gap a favor,24,9127,0.3070851344065427,0.0170851344065426,0.400818522898611,4926,0.1602330085856615,-0.1297669914143385,-2.2166785799650057,0.29000000000000004,4.072251966701938,7.204240074916672,4.108740518874077,2.737098811215398,1.058914256574285
US2000_USD,3m,EMA 9 pullback en tendencia,Corto,Lado del VWAP a favor,Régimen 15m a favor,12,8609,0.1918076825260991,-0.0981923174739008,-2.9101179286808136,4407,0.1721312728684479,-0.1178687271315521,-2.3142230783676605,0.29000000000000004,3.1307131357590983,5.684589081282065,3.381153585621283,3.3796086025122567,0.6614058018141347
US2000_USD,3m,EMA 9 pullback en tendencia,Corto,Lado del VWAP a favor,Régimen 15m a favor,24,8609,0.3351150851228093,0.0451150851228093,0.9345383237684974,4407,0.1993373025158838,-0.0906626974841162,-1.311119985362928,0.29000000000000004,4.479205825402343,6.941755491931256,4.590476033743717,2.882719447021744,1.15556925904417
US2000_USD,3m,EMA 9 pullback en tendencia,Corto,Lado del VWAP a favor,Régimen 1h a favor,12,6673,0.2851026510166904,-0.0048973489833096,-0.1184449692416502,3559,0.1764394315851977,-0.1135605684148023,-1.904793418283781,0.29000000000000004,3.377574955562113,6.895358048909953,3.556670804071513,2.9594838481400987,0.9831125897127254
US2000_USD,3m,EMA 9 pullback en tendencia,Corto,Lado del VWAP a favor,Régimen 1h a favor,24,6673,0.4799653768860988,0.1899653768860987,3.235519412083052,3559,0.1963843624053895,-0.0936156375946105,-1.174450937226446,0.29000000000000004,4.79613066271129,8.174843855750916,4.75529555481593,2.4637315347078936,1.6550530237451682
US2000_USD,3m,EMA 9 pullback en tendencia,Corto,Lado del VWAP a favor,Gap a favor,12,8522,0.1780864229450705,-0.1119135770549295,-3.554184390776572,4590,0.1068578117553444,-0.1831421882446555,-4.0240357213321785,0.29000000000000004,2.9067895276641704,5.655721149275197,3.0834216287724945,2.347900588762588,0.6140911136036913
US2000_USD,3m,EMA 9 pullback en tendencia,Corto,Lado del VWAP a favor,Gap a favor,24,8522,0.3246432888314803,0.0346432888314802,0.7876289983964121,4590,0.1779920656956359,-0.1120079343043641,-1.8477887548940355,0.29000000000000004,4.0603940461949914,7.38089474305638,4.1067929787264195,2.9363253549435555,1.1194596166602768
US2000_USD,3m,EMA 9 pullback en tendencia,Corto,Régimen 15m a favor,Régimen 1h a favor,12,5632,0.3415186513553966,0.0515186513553965,1.1384303203794586,2965,0.2039390010737247,-0.0860609989262753,-1.2916436853235571,0.29000000000000004,3.3961694788544476,7.5466879945287815,3.628072913288274,3.060811822016243,1.1776505219151605
US2000_USD,3m,EMA 9 pullback en tendencia,Corto,Régimen 15m a favor,Régimen 1h a favor,24,5632,0.5367455699227073,0.2467455699227072,3.778581999718429,2965,0.2218086332736087,-0.0681913667263912,-0.762356161708139,0.29000000000000004,4.900629113962103,8.219548377601523,4.870615302805791,2.4797446717071456,1.8508467928369214
US2000_USD,3m,EMA 9 pullback en tendencia,Corto,Régimen 15m a favor,Volatilidad alta,12,8019,0.180728244936099,-0.109271755063901,-3.046600249082445,4416,0.1219539918761322,-0.1680460081238677,-3.2997060666724294,0.29000000000000004,3.2118300127076456,5.03887501135644,3.3842892741231987,2.3946556740102576,0.6232008446072378
US2000_USD,3m,EMA 9 pullback en tendencia,Corto,Régimen 15m a favor,RSI(14) a favor de 50,12,8982,0.1986584524300337,-0.0913415475699663,-2.735849801103288,4605,0.1538933670093648,-0.1361066329906352,-2.7229640677188622,0.29000000000000004,3.164190628876046,5.950191364470606,3.3919715218915827,3.0788073984285846,0.6850291463104609
US2000_USD,3m,EMA 9 pullback en tendencia,Corto,Régimen 15m a favor,RSI(14) a favor de 50,24,8982,0.3378859838274639,0.0478859838274638,1.0082172165603485,4605,0.1841932199418091,-0.1058067800581908,-1.5605501656079064,0.29000000000000004,4.501329768255185,7.114032936165804,4.6009824975375215,2.7166761877259487,1.1651240821636684
US2000_USD,3m,EMA 9 pullback en tendencia,Corto,Régimen 15m a favor,Día a favor (vs apertura),12,8151,0.238121215236244,-0.051878784763756,-1.507077500770832,4207,0.1444667764477359,-0.1455332235522641,-2.7837055541615072,0.29000000000000004,3.1078471748238194,6.917415810199677,3.3909790690947905,2.7633069492544395,0.8211076387456688
US2000_USD,3m,EMA 9 pullback en tendencia,Corto,Régimen 15m a favor,Día a favor (vs apertura),24,8151,0.4066530222279091,0.1166530222279091,2.390098046574148,4207,0.1591132118437277,-0.1308867881562723,-1.8441665557279123,0.29000000000000004,4.406418323538776,8.331893812073595,4.60343404132032,2.2418707647276874,1.4022518007858933
US2000_USD,3m,EMA 9 pullback en tendencia,Corto,Régimen 15m a favor,Gap a favor,24,5571,0.3863910708601182,0.0963910708601182,1.6398502344482788,2804,0.1942470403608684,-0.0957529596391316,-1.176977158050432,0.29000000000000004,4.3873188501063165,6.573466634250747,4.307975023526797,2.3876476548116012,1.3323830029659247
US2000_USD,3m,EMA 9 pullback en tendencia,Corto,Régimen 15m a favor,Mercado hermano a favor del VWAP,12,8024,0.2009972318457226,-0.0890027681542774,-2.529056056631012,3933,0.1495193415490719,-0.140480658450928,-2.6015168827350665,0.29000000000000004,3.1523941916216267,5.711432094834933,3.3865060728284724,2.768901396281658,0.6930939029162847
US2000_USD,3m,EMA 9 pullback en tendencia,Corto,Régimen 15m a favor,Mercado hermano a favor del VWAP,24,8024,0.306022043123559,0.0160220431235589,0.3185074113570298,3933,0.1762483326678902,-0.1137516673321097,-1.558323124882241,0.29000000000000004,4.506027251529706,6.0835118231677505,4.577857068457116,2.414486389165946,1.0552484245639966
US2000_USD,3m,EMA 9 pullback en tendencia,Corto,Régimen 15m a favor,,12,8984,0.1985475535065811,-0.0914524464934188,-2.7397725718709047,4605,0.1538933670093648,-0.1361066329906352,-2.7229640677188622,0.29000000000000004,3.1638485494757322,5.948174840227461,3.3919715218915827,3.0788073984285846,0.6846467362295899
US2000_USD,3m,EMA 9 pullback en tendencia,Corto,Régimen 15m a favor,,24,8984,0.3384061560286864,0.0484061560286863,1.019341460792083,4605,0.1841932199418091,-0.1058067800581908,-1.5605501656079064,0.29000000000000004,4.501070122124746,7.126189181865438,4.6009824975375215,2.7166761877259487,1.1669177794092633
US2000_USD,3m,EMA 9 pullback en tendencia,Corto,Régimen 1h a favor,Hora: apertura 9:35-11:00,12,1621,0.5888905510499403,0.2988905510499402,3.0261616856620592,885,0.4076240841278248,0.1176240841278248,0.7903330947940527,0.29000000000000004,3.9765968558660636,5.962309669461538,4.427491356442657,2.738884696192301,2.0306570725860005
US2000_USD,3m,EMA 9 pullback en tendencia,Corto,Régimen 1h a favor,Hora: apertura 9:35-11:00,24,1621,1.0004034307104508,0.7104034307104508,5.629205055025135,885,0.8243035095559675,0.5343035095559675,2.853621958054682,0.29000000000000004,5.081003435091199,7.927152102275049,5.570102974338879,4.402461434186129,3.44966700244983
US2000_USD,3m,EMA 9 pullback en tendencia,Corto,Régimen 1h a favor,Volatilidad alta,12,6235,0.2788375793310194,-0.0111624206689806,-0.2542019975557027,3592,0.1471818953686142,-0.1428181046313857,-2.4039440842464592,0.29000000000000004,3.4673497848287735,6.349972981802613,3.5606318098475667,2.477396318854428,0.9615088942448943
US2000_USD,3m,EMA 9 pullback en tendencia,Corto,Régimen 1h a favor,RSI(14) a favor de 50,12,6981,0.29101430042957,0.0010143004295699,0.0247984527171098,3766,0.1800908409276669,-0.109909159072333,-1.8888417318088735,0.29000000000000004,3.417439573998257,7.1149574217035685,3.570906455713865,3.0949476707110817,1.0034975876881722
US2000_USD,3m,EMA 9 pullback en tendencia,Corto,Régimen 1h a favor,RSI(14) a favor de 50,24,6981,0.4846016807758335,0.1946016807758334,3.375345565986773,3766,0.2075872598527532,-0.0824127401472467,-1.0583074980301177,0.29000000000000004,4.8171166553995635,8.40536488665095,4.7788416378585366,2.665742617041653,1.6710402785373566
US2000_USD,3m,EMA 9 pullback en tendencia,Corto,Régimen 1h a favor,Día a favor (vs apertura),12,6236,0.3504054746695097,0.0604054746695096,1.4261871149224292,3322,0.1553760875355113,-0.1346239124644886,-2.166683687575262,0.29000000000000004,3.344666699277191,8.273153645528494,3.5811829517585396,2.500676351916758,1.2082947402396886
US2000_USD,3m,EMA 9 pullback en tendencia,Corto,Régimen 1h a favor,Gap a favor,12,3928,0.2912298074322174,0.0012298074322174,0.0228038650968408,2034,0.2109858720117379,-0.079014127988262,-1.013877870868067,0.29000000000000004,3.3799820178144286,5.400166779679384,3.514751149788543,2.7072868124328524,1.004240715283508
US2000_USD,3m,EMA 9 pullback en tendencia,Corto,Régimen 1h a favor,Gap a favor,24,3928,0.5556653910401882,0.2656653910401881,3.456958127695424,2034,0.2924927417976432,0.0024927417976431,0.0242829548115574,0.29000000000000004,4.816444959774112,7.230569184470295,4.629682820258483,2.849307553031055,1.9160875553109935
US2000_USD,3m,EMA 9 pullback en tendencia,Corto,Régimen 1h a favor,Mercado hermano a favor del VWAP,12,6340,0.3008088072767769,0.0108088072767768,0.2533602745609554,3203,0.1700460795421284,-0.1199539204578715,-1.9154826336025887,0.29000000000000004,3.3969087544719274,7.051009426890672,3.5441712398047276,2.7153786306596475,1.037271749230265
US2000_USD,3m,EMA 9 pullback en tendencia,Corto,Régimen 1h a favor,,12,6983,0.290845171455734,0.0008451714557339,0.0206692695392319,3766,0.1800908409276669,-0.109909159072333,-1.8888417318088735,0.29000000000000004,3.4169664396993893,7.1128256902412526,3.570906455713865,3.0949476707110817,1.0029143843301171
US2000_USD,3m,EMA 9 pullback en tendencia,Corto,Régimen 1h a favor,,24,6983,0.4852288890905816,0.1952288890905815,3.387004334650485,3766,0.2075872598527532,-0.0824127401472467,-1.0583074980301177,0.29000000000000004,4.816697268703897,8.418182156867713,4.7788416378585366,2.665742617041653,1.6732030658295916
US2000_USD,3m,EMA 9 pullback en tendencia,Corto,Volatilidad alta,Gap a favor,24,8081,0.2962804755838831,0.006280475583883,0.1367455491395016,4736,0.132003539317363,-0.157996460682637,-2.641309835053428,0.29000000000000004,4.128686292135924,6.450950376592619,4.116554378577288,2.206772513475227,1.0216568123582175
US2000_USD,3m,EMA 9 pullback en tendencia,Corto,RSI(14) a favor de 50,Gap a favor,12,9125,0.1712146899079623,-0.1187853100920377,-3.857300679556486,4926,0.0883657600257244,-0.2016342399742755,-4.589449189345175,0.29000000000000004,2.9416816983775607,5.559833444222368,3.083549469839875,2.0113159638346705,0.5903954824412492
US2000_USD,3m,EMA 9 pullback en tendencia,Corto,RSI(14) a favor de 50,Gap a favor,24,9125,0.3065662490635702,0.0165662490635701,0.3885857126157247,4926,0.1602330085856615,-0.1297669914143385,-2.2166785799650057,0.29000000000000004,4.072431559974626,7.190961810314879,4.108740518874077,2.737098811215398,1.0571249967709317
US2000_USD,3m,EMA 9 pullback en tendencia,Corto,Gap a favor,,12,9127,0.1711115422796887,-0.1188884577203113,-3.861483550739226,4926,0.0883657600257244,-0.2016342399742755,-4.589449189345175,0.29000000000000004,2.9413691244240265,5.557683382595969,3.083549469839875,2.0113159638346705,0.5900398009644438
US2000_USD,3m,EMA 9 pullback en tendencia,Corto,Gap a favor,,24,9127,0.3070851344065427,0.0170851344065426,0.400818522898611,4926,0.1602330085856615,-0.1297669914143385,-2.2166785799650057,0.29000000000000004,4.072251966701938,7.204240074916672,4.108740518874077,2.737098811215398,1.058914256574285
US2000_USD,3m,Barrido de la noche (ON),Corto,Hora: mediodía 11:00-14:00,RSI(14) a favor de 50,24,745,0.6862720463899958,0.3962720463899958,2.9012117818772665,399,0.4135752895422149,0.1235752895422148,0.6072085656525736,0.29000000000000004,3.7281393890610235,5.0243779865314835,4.065183884011339,2.032173740256448,2.366455332379296
US2000_USD,5m,EMA 9 pullback en tendencia,Largo,Sobre/bajo EMA 200,EMAs 9>21>50 alineadas,6,12229,0.1015102091068745,-0.1884897908931255,-9.323532543485358,5780,0.0782760356124297,-0.2117239643875703,-6.592664025483061,0.29000000000000004,2.2356448527270327,5.0211405807149525,2.4415914340874547,2.437360388240453,0.3500352038168086
US2000_USD,5m,EMA 9 pullback en tendencia,Largo,Sobre/bajo EMA 200,EMAs 9>21>50 alineadas,12,12229,0.1534320364326728,-0.1365679635673272,-4.867284286785229,5780,0.1919053127196421,-0.0980946872803579,-2.2351227901506205,0.29000000000000004,3.102827221125614,5.4683200987326765,3.3366297630445705,4.372631687838017,0.5290759876988717
US2000_USD,5m,EMA 9 pullback en tendencia,Largo,Sobre/bajo EMA 200,EMAs 9>21>50 alineadas,24,12229,0.2046986579193157,-0.0853013420806842,-2.2871342856749743,5780,0.3119096063000108,0.0219096063000107,0.3803686910823238,0.29000000000000004,4.124389498083957,5.48846369047849,4.379189419773411,5.4150059594763285,0.7058574411010886
US2000_USD,5m,EMA 9 pullback en tendencia,Largo,Sobre/bajo EMA 200,Lado del VWAP a favor,6,11858,0.1045131004566405,-0.1854868995433594,-9.123417832840786,5598,0.0712204170295194,-0.2187795829704805,-6.764061944109507,0.29000000000000004,2.2139173302469306,5.140614710898764,2.420001644420141,2.201939074625537,0.36039000157462237
US2000_USD,5m,EMA 9 pullback en tendencia,Largo,Sobre/bajo EMA 200,Lado del VWAP a favor,12,11858,0.1575032383942407,-0.1324967616057593,-4.6853803028949,5598,0.1733418826164199,-0.1166581173835801,-2.6356318767575053,0.29000000000000004,3.0794002395185878,5.569664962909235,3.3116669899161204,3.9162760521737923,0.5431146151525541
US2000_USD,5m,EMA 9 pullback en tendencia,Largo,Sobre/bajo EMA 200,Lado del VWAP a favor,24,11858,0.2089636010169822,-0.0810363989830178,-2.1554808414685103,5598,0.2981006203910716,0.0081006203910715,0.1389319158133319,0.29000000000000004,4.093942041042641,5.558206487565735,4.362472511559528,5.112656598712208,0.7205641414378695
US2000_USD,5m,EMA 9 pullback en tendencia,Largo,Sobre/bajo EMA 200,Régimen 15m a favor,24,8480,0.2445852063736825,-0.0454147936263174,-1.1579786421990796,3932,0.2587921359895568,-0.0312078640104431,-0.503185640387507,0.29000000000000004,3.611559064353732,6.236391769365057,3.889041347072986,4.172681816082645,0.8433972633575257
US2000_USD,5m,EMA 9 pullback en tendencia,Largo,Sobre/bajo EMA 200,Volatilidad alta,12,10709,0.166152764595638,-0.123847235404362,-4.037757236848656,5484,0.1870654417075526,-0.1029345582924473,-2.282669419282749,0.29000000000000004,3.1740997547993564,5.417032729701282,3.3393881955741236,4.148349886315889,0.5729405675711654
US2000_USD,5m,EMA 9 pullback en tendencia,Largo,Sobre/bajo EMA 200,Volatilidad alta,24,10709,0.205045330501068,-0.084954669498932,-2.0990158842148725,5484,0.3063341247870225,0.0163341247870224,0.2736125671482305,0.29000000000000004,4.188379148875541,5.066153611618025,4.420878215775905,5.131396226057782,0.7070528637967861
US2000_USD,5m,EMA 9 pullback en tendencia,Largo,Sobre/bajo EMA 200,RSI(14) a favor de 50,6,12228,0.1016311221236608,-0.1883688778763391,-9.316956358662733,5779,0.078164130516336,-0.2118358694836639,-6.595047356830836,0.29000000000000004,2.2356962814614727,5.026800287729531,2.441787850460076,2.4334695706502893,0.3504521452540027
US2000_USD,5m,EMA 9 pullback en tendencia,Largo,Sobre/bajo EMA 200,RSI(14) a favor de 50,12,12228,0.1535571955917004,-0.1364428044082996,-4.862474337698454,5779,0.191813070069838,-0.098186929930162,-2.236842448846377,0.29000000000000004,3.102923224073214,5.472387687805153,3.336911067164459,4.369783408860377,0.5295075710058633
US2000_USD,5m,EMA 9 pullback en tendencia,Largo,Sobre/bajo EMA 200,RSI(14) a favor de 50,24,12228,0.2048280096381639,-0.085171990361836,-2.283493045479188,5779,0.3118381292313765,0.0218381292313765,0.3790624894435245,0.29000000000000004,4.124533335508876,5.491515855635912,4.379564920228333,5.412832588243014,0.7063034815109098
US2000_USD,5m,EMA 9 pullback en tendencia,Largo,Sobre/bajo EMA 200,Gap a favor,12,7630,0.2344829554326568,-0.0555170445673431,-1.6274812570282633,3335,0.1426120374871158,-0.1473879625128842,-2.6556962962204644,0.29000000000000004,2.9797004861634355,6.8738640183977235,3.205025774772491,2.5696417352799736,0.8085619152850233
US2000_USD,5m,EMA 9 pullback en tendencia,Largo,Sobre/bajo EMA 200,Gap a favor,24,7630,0.3667062901888106,0.0767062901888105,1.6926786765538764,3335,0.2999032222170165,0.0099032222170164,0.1369023091548257,0.29000000000000004,3.9583913129061123,8.092112347408563,4.1774731752283945,4.145867147556747,1.264504448926933
US2000_USD,5m,EMA 9 pullback en tendencia,Largo,Sobre/bajo EMA 200,Mercado hermano a favor del VWAP,12,10965,0.1551484671130443,-0.1348515328869557,-4.569133332344103,4882,0.1835433666162049,-0.1064566333837951,-2.2692318932157804,0.29000000000000004,3.0904831076446366,5.256848160135935,3.2778776310060196,3.9124143613683824,0.5349947141829113
US2000_USD,5m,EMA 9 pullback en tendencia,Largo,Sobre/bajo EMA 200,,6,12229,0.1015102091068745,-0.1884897908931255,-9.323532543485358,5780,0.0782760356124297,-0.2117239643875703,-6.592664025483061,0.29000000000000004,2.2356448527270327,5.0211405807149525,2.4415914340874547,2.437360388240453,0.3500352038168086
US2000_USD,5m,EMA 9 pullback en tendencia,Largo,Sobre/bajo EMA 200,,12,12229,0.1534320364326728,-0.1365679635673272,-4.867284286785229,5780,0.1919053127196421,-0.0980946872803579,-2.2351227901506205,0.29000000000000004,3.102827221125614,5.4683200987326765,3.3366297630445705,4.372631687838017,0.5290759876988717
US2000_USD,5m,EMA 9 pullback en tendencia,Largo,Sobre/bajo EMA 200,,24,12229,0.2046986579193157,-0.0853013420806842,-2.2871342856749743,5780,0.3119096063000108,0.0219096063000107,0.3803686910823238,0.29000000000000004,4.124389498083957,5.48846369047849,4.379189419773411,5.4150059594763285,0.7058574411010886
US2000_USD,5m,EMA 9 pullback en tendencia,Largo,EMAs 9>21>50 alineadas,Lado del VWAP a favor,12,12658,0.1473175666026734,-0.1426824333973265,-5.158515497150613,5927,0.1514937785537846,-0.1385062214462154,-3.217315556315259,0.29000000000000004,3.1119192100841606,5.326093284421427,3.3143096879670444,3.5189992574834483,0.5079916089747358
US2000_USD,5m,EMA 9 pullback en tendencia,Largo,EMAs 9>21>50 alineadas,Lado del VWAP a favor,24,12658,0.186150943673529,-0.1038490563264709,-2.82487812299619,5927,0.2668467226087976,-0.0231532773912023,-0.408758843670834,0.29000000000000004,4.136046234553672,5.063635115809994,4.360765936802135,4.711037488471079,0.6418998057707895
US2000_USD,5m,EMA 9 pullback en tendencia,Largo,EMAs 9>21>50 alineadas,Régimen 15m a favor,24,8566,0.244608930524977,-0.045391069475023,-1.1645912076888938,4007,0.243864481663924,-0.0461355183360759,-0.7539942890800346,0.29000000000000004,3.6073305805791365,6.275891119250333,3.8732632844144352,3.985485220836493,0.8434790707757827
US2000_USD,5m,EMA 9 pullback en tendencia,Largo,EMAs 9>21>50 alineadas,Volatilidad alta,12,11514,0.1556013649653411,-0.1343986350346589,-4.482251311667979,5843,0.1604596082017211,-0.1295403917982789,-2.9594518433764976,0.29000000000000004,3.21744971107243,5.189371320872197,3.345891641135393,3.6658255906738995,0.5365564309149693
US2000_USD,5m,EMA 9 pullback en tendencia,Largo,EMAs 9>21>50 alineadas,RSI(14) a favor de 50,12,13098,0.147428371903004,-0.142571628096996,-5.18610299469747,6138,0.1662082665904254,-0.1237917334095746,-2.900888172931381,0.29000000000000004,3.1462589545898116,5.3627690953306235,3.3432903816090156,3.8948610017468206,0.5083736962172551
US2000_USD,5m,EMA 9 pullback en tendencia,Largo,EMAs 9>21>50 alineadas,RSI(14) a favor de 50,24,13098,0.1874931290015353,-0.1025068709984647,-2.809902685901009,6138,0.2746162402121008,-0.0153837597878991,-0.2751636996590632,0.29000000000000004,4.175074126418491,5.139533005326922,4.380107727007094,4.911960514533177,0.6465280310397769
US2000_USD,5m,EMA 9 pullback en tendencia,Largo,EMAs 9>21>50 alineadas,Gap a favor,12,7864,0.2197085135101908,-0.0702914864898092,-2.080525781352505,3406,0.1387317991228714,-0.1512682008771286,-2.7392513988185883,0.29000000000000004,2.9960660143817477,6.503052497073859,3.2228349991417145,2.5122350408373446,0.757615563828244
US2000_USD,5m,EMA 9 pullback en tendencia,Largo,EMAs 9>21>50 alineadas,Gap a favor,24,7864,0.3406282892547328,0.0506282892547327,1.1217054288181794,3406,0.3039707221917663,0.0139707221917663,0.1938955557153808,0.29000000000000004,4.0025446314115065,7.546859806849309,4.205070911760712,4.218720499310612,1.1745803077749406
US2000_USD,5m,EMA 9 pullback en tendencia,Largo,EMAs 9>21>50 alineadas,Mercado hermano a favor del VWAP,12,11689,0.1459251454066389,-0.144074854593361,-4.990343150533828,5169,0.1625554901554036,-0.1274445098445964,-2.7902267406347,0.29000000000000004,3.1213786769587717,5.054431961260711,3.2838620204134683,3.5589345984511933,0.5031901565746169
US2000_USD,5m,EMA 9 pullback en tendencia,Largo,EMAs 9>21>50 alineadas,,12,13099,0.1473119933602099,-0.14268800663979,-5.190686068117687,6139,0.1662992858638163,-0.1237007141361836,-2.8992209300792027,0.29000000000000004,3.1461670498907264,5.358896866026133,3.3430256766946647,3.8976199418122097,0.5079723908972754
US2000_USD,5m,EMA 9 pullback en tendencia,Largo,EMAs 9>21>50 alineadas,,24,13099,0.1873736918468549,-0.102626308153145,-2.8133763785942705,6139,0.2746896005876873,-0.0153103994123127,-0.2738959093063029,0.29000000000000004,4.174937134404596,5.136623621160523,4.3797547391996705,4.914068921640562,0.6461161787822582
US2000_USD,5m,EMA 9 pullback en tendencia,Largo,Lado del VWAP a favor,Régimen 15m a favor,12,8295,0.1565969291259324,-0.1334030708740676,-4.463192250166757,3880,0.1168588697295828,-0.1731411302704172,-3.625076340288216,0.29000000000000004,2.7222526410885237,5.239176249057688,2.975082095343428,2.4466879888557207,0.5399894107790771
US2000_USD,5m,EMA 9 pullback en tendencia,Largo,Lado del VWAP a favor,Régimen 15m a favor,24,8295,0.2539799925359779,-0.036020007464022,-0.9173240616392602,3880,0.2021618715266591,-0.0878381284733408,-1.4134897859644795,0.29000000000000004,3.5762610141062865,6.468126320099252,3.8708492859861092,3.2531856664173273,0.8757930777102686
US2000_USD,5m,EMA 9 pullback en tendencia,Largo,Lado del VWAP a favor,Volatilidad alta,12,11103,0.1557191953373032,-0.1342808046626967,-4.445625253034369,5638,0.1450429255339049,-0.144957074466095,-3.2845488043734195,0.29000000000000004,3.1827406735377397,5.155384560828594,3.313799529086778,3.2864940838512777,0.5369627425424247
US2000_USD,5m,EMA 9 pullback en tendencia,Largo,Lado del VWAP a favor,RSI(14) a favor de 50,12,12657,0.1474380004911746,-0.1425619995088254,-5.153803016314017,5926,0.1513970047084616,-0.1386029952915383,-3.219028413124632,0.29000000000000004,3.112012642624984,5.330076838629658,3.3145809443497196,3.516166867775146,0.5084068982454295
US2000_USD,5m,EMA 9 pullback en tendencia,Largo,Lado del VWAP a favor,RSI(14) a favor de 50,24,12657,0.1862744456964278,-0.1037255543035721,-2.8213116649527685,5926,0.2667694143294644,-0.0232305856705355,-0.4100548664049084,0.29000000000000004,4.136186282018864,5.0666228785614145,4.361129795076742,4.708882423594212,0.6423256748152681
US2000_USD,5m,EMA 9 pullback en tendencia,Largo,Lado del VWAP a favor,Gap a favor,24,7572,0.3556302932602227,0.0656302932602226,1.4369898931479197,3258,0.2816951557344421,-0.0083048442655578,-0.1130100724927129,0.29000000000000004,3.9742568723341205,7.786604504202356,4.194593498264175,3.833231419211588,1.2263113560697334
US2000_USD,5m,EMA 9 pullback en tendencia,Largo,Lado del VWAP a favor,Mercado hermano a favor del VWAP,12,11475,0.1450957813138276,-0.1449042186861724,-5.003225632318184,5084,0.1519838658774771,-0.1380161341225229,-3.0078547577636754,0.29000000000000004,3.102467836120002,5.009839870727312,3.27171728223767,3.3122605338087356,0.5003302803925089
US2000_USD,5m,EMA 9 pullback en tendencia,Largo,Lado del VWAP a favor,,12,12658,0.1473175666026734,-0.1426824333973265,-5.158515497150613,5927,0.1514937785537846,-0.1385062214462154,-3.217315556315259,0.29000000000000004,3.1119192100841606,5.326093284421427,3.3143096879670444,3.5189992574834483,0.5079916089747358
US2000_USD,5m,EMA 9 pullback en tendencia,Largo,Lado del VWAP a favor,,24,12658,0.186150943673529,-0.1038490563264709,-2.82487812299619,5927,0.2668467226087976,-0.0231532773912023,-0.408758843670834,0.29000000000000004,4.136046234553672,5.063635115809994,4.360765936802135,4.711037488471079,0.6418998057707895
US2000_USD,5m,EMA 9 pullback en tendencia,Largo,Régimen 15m a favor,Volatilidad alta,24,7242,0.2303944450490088,-0.0596055549509912,-1.391381034240402,3755,0.2619765605494757,-0.0280234394505243,-0.4378338342817309,0.29000000000000004,3.6456075650106357,5.378130637305686,3.9220857865733576,4.093080801156654,0.7944636036172716
US2000_USD,5m,EMA 9 pullback en tendencia,Largo,Régimen 15m a favor,RSI(14) a favor de 50,24,8566,0.244608930524977,-0.045391069475023,-1.1645912076888938,4006,0.2437443840343001,-0.0462556159656999,-0.7557698448819744,0.29000000000000004,3.6073305805791365,6.275891119250333,3.873739227206288,3.9825359897716366,0.8434790707757827
US2000_USD,5m,EMA 9 pullback en tendencia,Largo,Régimen 15m a favor,Día a favor (vs apertura),24,7786,0.2362369485419543,-0.0537630514580457,-1.3403993350937884,3818,0.2511943099759773,-0.0388056900240227,-0.6165156549132749,0.29000000000000004,3.5392146761136614,5.889767045632112,3.8892804749122334,3.9907865168602425,0.8146101673860492
US2000_USD,5m,EMA 9 pullback en tendencia,Largo,Régimen 15m a favor,Gap a favor,24,5866,0.3252408495544371,0.035240849554437,0.7742489923035603,2435,0.3401360169083675,0.0501360169083675,0.6398808532820042,0.29000000000000004,3.486075189588218,7.145610937514181,3.866341363033186,4.341121176998488,1.1215201708773692
US2000_USD,5m,EMA 9 pullback en tendencia,Largo,Régimen 15m a favor,Mercado hermano a favor del VWAP,24,7650,0.2527361222809436,-0.0372638777190564,-0.9044162646937816,3327,0.2467123753393166,-0.0432876246606834,-0.6520418608346744,0.29000000000000004,3.6037146866567644,6.134054576655849,3.829258433558056,3.7162306217578203,0.8715038699342882
US2000_USD,5m,EMA 9 pullback en tendencia,Largo,Régimen 15m a favor,,24,8566,0.244608930524977,-0.045391069475023,-1.1645912076888938,4007,0.243864481663924,-0.0461355183360759,-0.7539942890800346,0.29000000000000004,3.6073305805791365,6.275891119250333,3.8732632844144352,3.985485220836493,0.8434790707757827
US2000_USD,5m,EMA 9 pullback en tendencia,Largo,Hora: cierre 14:00-15:45,Gap a favor,6,2346,0.2325298312578258,-0.0574701687421742,-1.2484193019376253,954,0.1447371316905791,-0.1452628683094209,-2.3876510659756915,0.29000000000000004,2.2296977801309024,5.0512245913337175,1.8791348367164535,2.3790096587598693,0.8018270043373302
US2000_USD,5m,EMA 9 pullback en tendencia,Largo,Hora: cierre 14:00-15:45,Gap a favor,12,2346,0.4039613507491141,0.1139613507491141,1.74591332033181,954,0.3475879853126637,0.0575879853126637,0.6720967513970983,0.29000000000000004,3.1615416942329095,6.188778024619819,2.646514491156058,4.056623173826012,1.392970174996945
US2000_USD,5m,EMA 9 pullback en tendencia,Largo,Hora: cierre 14:00-15:45,Gap a favor,24,2346,0.5562060031744526,0.2662060031744525,3.454690445294633,954,0.6298076381723337,0.3398076381723336,3.395602062376881,0.29000000000000004,3.7322670440872208,7.218167666651268,3.090939719175236,6.293490418817804,1.917951735084319
US2000_USD,5m,EMA 9 pullback en tendencia,Largo,Volatilidad alta,RSI(14) a favor de 50,12,11513,0.1557344853966032,-0.1342655146033967,-4.4774669098884265,5842,0.1603629775995752,-0.1296370224004247,-2.961159786567955,0.29000000000000004,3.2175577320517386,5.193411034482811,3.346169841713117,3.6629999033409155,0.5370154668848386
US2000_USD,5m,EMA 9 pullback en tendencia,Largo,Volatilidad alta,Gap a favor,12,6727,0.2376622471781742,-0.0523377528218257,-1.399090918112844,3211,0.1403556355654877,-0.1496443644345122,-2.652999811002292,0.29000000000000004,3.068173030765031,6.353178607748914,3.196268831742489,2.4883227379491473,0.819524990269566
US2000_USD,5m,EMA 9 pullback en tendencia,Largo,Volatilidad alta,Gap a favor,24,6727,0.3342490890183101,0.04424908901831,0.894353021800951,3211,0.3136886363829901,0.02368863638299,0.3155154679180394,0.29000000000000004,4.05794418459466,6.755770331769826,4.254412140888255,4.1781052859598296,1.1525830655803795
US2000_USD,5m,EMA 9 pullback en tendencia,Largo,Volatilidad alta,,12,11514,0.1556013649653411,-0.1343986350346589,-4.482251311667979,5843,0.1604596082017211,-0.1295403917982789,-2.9594518433764976,0.29000000000000004,3.21744971107243,5.189371320872197,3.345891641135393,3.6658255906738995,0.5365564309149693
US2000_USD,5m,EMA 9 pullback en tendencia,Largo,RSI(14) a favor de 50,Gap a favor,12,7864,0.2197085135101908,-0.0702914864898092,-2.080525781352505,3406,0.1387317991228714,-0.1512682008771286,-2.7392513988185883,0.29000000000000004,2.9960660143817477,6.503052497073859,3.2228349991417145,2.5122350408373446,0.757615563828244
US2000_USD,5m,EMA 9 pullback en tendencia,Largo,RSI(14) a favor de 50,Gap a favor,24,7864,0.3406282892547328,0.0506282892547327,1.1217054288181794,3406,0.3039707221917663,0.0139707221917663,0.1938955557153808,0.29000000000000004,4.0025446314115065,7.546859806849309,4.205070911760712,4.218720499310612,1.1745803077749406
US2000_USD,5m,EMA 9 pullback en tendencia,Largo,RSI(14) a favor de 50,Mercado hermano a favor del VWAP,12,11688,0.1460554447996543,-0.1439445552003457,-4.985454180072439,5169,0.1625554901554036,-0.1274445098445964,-2.7902267406347,0.29000000000000004,3.1214804148591453,5.058563880970103,3.2838620204134683,3.5589345984511933,0.5036394648263941
US2000_USD,5m,EMA 9 pullback en tendencia,Largo,RSI(14) a favor de 50,,12,13098,0.147428371903004,-0.142571628096996,-5.18610299469747,6138,0.1662082665904254,-0.1237917334095746,-2.900888172931381,0.29000000000000004,3.1462589545898116,5.3627690953306235,3.3432903816090156,3.8948610017468206,0.5083736962172551
US2000_USD,5m,EMA 9 pullback en tendencia,Largo,RSI(14) a favor de 50,,24,13098,0.1874931290015353,-0.1025068709984647,-2.809902685901009,6138,0.2746162402121008,-0.0153837597878991,-0.2751636996590632,0.29000000000000004,4.175074126418491,5.139533005326922,4.380107727007094,4.911960514533177,0.6465280310397769
US2000_USD,5m,EMA 9 pullback en tendencia,Largo,Día a favor (vs apertura),Gap a favor,24,6820,0.3082836878264754,0.0182836878264753,0.4029660179374008,3119,0.2592953666351895,-0.0307046333648104,-0.4096427369615409,0.29000000000000004,3.7470333734985246,6.7944635271340665,4.1860686294177265,3.459362709460614,1.0630471994016393
US2000_USD,5m,EMA 9 pullback en tendencia,Largo,Gap a favor,Mercado hermano a favor del VWAP,12,6946,0.2268894326264666,-0.0631105673735333,-1.7916516713489437,2806,0.1201479443463783,-0.1698520556536217,-2.8276074318049926,0.29000000000000004,2.9357285408130505,6.4411848616512275,3.1819659372102285,2.0001596038538607,0.7823773538843675
US2000_USD,5m,EMA 9 pullback en tendencia,Largo,Gap a favor,Mercado hermano a favor del VWAP,24,6946,0.3322243244271096,0.0422243244271095,0.8948556419700092,2806,0.3075648530075062,0.0175648530075062,0.2244383614662598,0.29000000000000004,3.932575947266524,7.0407949717817475,4.145636922480072,3.9299703575154656,1.1456011187141708
US2000_USD,5m,EMA 9 pullback en tendencia,Largo,Gap a favor,,12,7864,0.2197085135101908,-0.0702914864898092,-2.080525781352505,3406,0.1387317991228714,-0.1512682008771286,-2.7392513988185883,0.29000000000000004,2.9960660143817477,6.503052497073859,3.2228349991417145,2.5122350408373446,0.757615563828244
US2000_USD,5m,EMA 9 pullback en tendencia,Largo,Gap a favor,,24,7864,0.3406282892547328,0.0506282892547327,1.1217054288181794,3406,0.3039707221917663,0.0139707221917663,0.1938955557153808,0.29000000000000004,4.0025446314115065,7.546859806849309,4.205070911760712,4.218720499310612,1.1745803077749406
US2000_USD,5m,EMA 9 pullback en tendencia,Largo,Mercado hermano a favor del VWAP,,12,11689,0.1459251454066389,-0.144074854593361,-4.990343150533828,5169,0.1625554901554036,-0.1274445098445964,-2.7902267406347,0.29000000000000004,3.1213786769587717,5.054431961260711,3.2838620204134683,3.5589345984511933,0.5031901565746169
US2000_USD,5m,EMA 9 pullback en tendencia,Largo,(ninguna),,12,13099,0.1473119933602099,-0.14268800663979,-5.190686068117687,6139,0.1662992858638163,-0.1237007141361836,-2.8992209300792027,0.29000000000000004,3.1461670498907264,5.358896866026133,3.3430256766946647,3.8976199418122097,0.5079723908972754
US2000_USD,5m,EMA 9 pullback en tendencia,Largo,(ninguna),,24,13099,0.1873736918468549,-0.102626308153145,-2.8133763785942705,6139,0.2746896005876873,-0.0153103994123127,-0.2738959093063029,0.29000000000000004,4.174937134404596,5.136623621160523,4.3797547391996705,4.914068921640562,0.6461161787822582
US2000_USD,5m,Ruptura Donchian 20,Largo,Sobre/bajo EMA 200,Gap a favor,24,3283,0.4477242903487188,0.1577242903487187,2.124847019721408,1696,0.24447293551463,-0.04552706448537,-0.403261353185864,0.29000000000000004,4.253107455033342,6.031700138900551,4.649389916917684,2.1654479133973297,1.543876863271444
US2000_USD,5m,Ruptura Donchian 20,Largo,EMAs 9>21>50 alineadas,Gap a favor,24,2887,0.4491967418262361,0.1591967418262361,2.0473099729594377,1502,0.3100838692940662,0.0200838692940661,0.1680541949575885,0.29000000000000004,4.178053194056348,5.776782607558232,4.631620792124527,2.594664118778391,1.5489542821594346
US2000_USD,5m,Ruptura Donchian 20,Largo,Gap a favor,Mercado hermano a favor del VWAP,24,3368,0.4274220228761505,0.1374220228761505,1.8327407828463176,1692,0.2420048274046985,-0.0479951725953014,-0.4239337460925845,0.29000000000000004,4.351523512814618,5.700351053031568,4.656930411878467,2.1375902514038856,1.4738690444005187
US2000_USD,5m,EMA 9 pullback en tendencia,Corto,Sobre/bajo EMA 200,Gap a favor,24,5926,0.4417623055773814,0.1517623055773814,2.1740075145345426,3157,0.2062274303321488,-0.0837725696678512,-0.9794698600351154,0.29000000000000004,5.373827214823748,6.3282813759945205,4.805604789025975,2.4112135168314994,1.5233182950944184
US2000_USD,5m,EMA 9 pullback en tendencia,Corto,EMAs 9>21>50 alineadas,Gap a favor,24,6118,0.4378018436887054,0.1478018436887054,2.1608100710674667,3220,0.2043310508964965,-0.0856689491035035,-1.0157621653014957,0.29000000000000004,5.350175059274649,6.400506308750132,4.785852868281936,2.422718533014751,1.509661529961053
US2000_USD,5m,EMA 9 pullback en tendencia,Corto,Lado del VWAP a favor,Gap a favor,24,5687,0.4387710917408948,0.1487710917408947,2.0869226712069686,3035,0.2091087177911346,-0.0808912822088653,-0.9416501649263234,0.29000000000000004,5.37593250065805,6.154968200536506,4.732509346830841,2.434221008972631,1.513003764623775
US2000_USD,5m,EMA 9 pullback en tendencia,Corto,Volatilidad alta,Gap a favor,24,5841,0.4207568528655865,0.1307568528655864,1.8560035392721044,3174,0.2208554629041627,-0.0691445370958373,-0.8106005612401235,0.29000000000000004,5.384300155294053,5.972353960631695,4.8056754178809,2.5891497680420423,1.450885699536505
US2000_USD,5m,EMA 9 pullback en tendencia,Corto,RSI(14) a favor de 50,Gap a favor,24,6118,0.4378018436887054,0.1478018436887054,2.1608100710674667,3220,0.2043310508964965,-0.0856689491035035,-1.0157621653014957,0.29000000000000004,5.350175059274649,6.400506308750132,4.785852868281936,2.422718533014751,1.509661529961053
US2000_USD,5m,EMA 9 pullback en tendencia,Corto,Día a favor (vs apertura),Gap a favor,24,5410,0.4834180454670171,0.193418045467017,2.721903635741379,2948,0.2031576293779681,-0.0868423706220319,-1.0109323492109443,0.29000000000000004,5.226643482275419,6.8029709035812145,4.66415866695596,2.364958695347857,1.6669587774724726
US2000_USD,5m,EMA 9 pullback en tendencia,Corto,Gap a favor,,24,6118,0.4378018436887054,0.1478018436887054,2.1608100710674667,3220,0.2043310508964965,-0.0856689491035035,-1.0157621653014957,0.29000000000000004,5.350175059274649,6.400506308750132,4.785852868281936,2.422718533014751,1.509661529961053
