inst,tf,trigger,exit,exec,period,n,days,net_pts,t_clu,pts_per_day,win
NAS100_USD,1m,EMA 9 pullback en tendencia,"stop 1,5 / obj 3 ATR",mercado,descubrimiento,1467,143,-0.631182210540477,-8.703722141555112,-6.475134985055103,30.811179277436946
NAS100_USD,1m,EMA 9 pullback en tendencia,"stop 1,5 / obj 3 ATR",límite,descubrimiento,1240,142,-0.4949133208922788,-5.888694406604072,-4.321778295115673,33.70967741935484
NAS100_USD,1m,EMA 9 pullback en tendencia,stop 2 / obj 3 ATR,mercado,descubrimiento,1274,143,-0.6260460051908209,-6.791502591482557,-5.5775007735182225,36.891679748822604
NAS100_USD,1m,EMA 9 pullback en tendencia,stop 2 / obj 3 ATR,límite,descubrimiento,1122,142,-0.4781003861185056,-4.6599000718438655,-3.7776664311617134,39.750445632798574
NAS100_USD,1m,EMA 9 pullback en tendencia,"stop 2 ATR, cierre de sesión",mercado,descubrimiento,437,143,-0.4909023546790595,-1.236317707259474,-1.5001701328304127,19.679633867276888
NAS100_USD,1m,EMA 9 pullback en tendencia,"stop 2 ATR, cierre de sesión",límite,descubrimiento,421,142,-0.5238773782576084,-1.3121771899240924,-1.5531857482144589,18.52731591448931
NAS100_USD,1m,EMA 9 pullback en tendencia,"stop 1,5 / obj 3 ATR",mercado,validacion,1137,105,-0.489066066706299,-3.27236460649877,-5.295886836619637,34.212840809146876
NAS100_USD,1m,EMA 9 pullback en tendencia,"stop 1,5 / obj 3 ATR",límite,validacion,1023,104,-0.530029967872979,-3.223096522285884,-5.213660164750552,34.31085043988269
NAS100_USD,1m,EMA 9 pullback en tendencia,stop 2 / obj 3 ATR,mercado,validacion,981,105,-0.40907231196229943,-2.191232526611107,-3.8219041717620543,40.87665647298675
NAS100_USD,1m,EMA 9 pullback en tendencia,stop 2 / obj 3 ATR,límite,validacion,901,104,-0.44332240950916313,-2.0985865185736037,-3.8407066439207305,40.95449500554939
NAS100_USD,1m,EMA 9 pullback en tendencia,"stop 2 ATR, cierre de sesión",mercado,validacion,313,105,0.7260121560325362,0.7832064185594521,2.16420766512556,20.12779552715655
NAS100_USD,1m,EMA 9 pullback en tendencia,"stop 2 ATR, cierre de sesión",límite,validacion,308,104,0.4889838597991266,0.5390241350489646,1.4481445078666442,19.805194805194805
NAS100_USD,1m,Recupera VWAP,"stop 1,5 / obj 3 ATR",mercado,descubrimiento,715,141,-0.5648837770532087,-4.211192793248152,-2.8644815644896755,30.76923076923077
NAS100_USD,1m,Recupera VWAP,"stop 1,5 / obj 3 ATR",límite,descubrimiento,562,140,-0.469954842037369,-3.0364393256936273,-1.8865330087500098,33.27402135231316
NAS100_USD,1m,Recupera VWAP,stop 2 / obj 3 ATR,mercado,descubrimiento,632,141,-0.6507849940016301,-4.107964900854999,-2.9169937319789376,35.60126582278481
NAS100_USD,1m,Recupera VWAP,stop 2 / obj 3 ATR,límite,descubrimiento,512,140,-0.5212674958864206,-3.0337863394179645,-1.9063496992417668,38.4765625
NAS100_USD,1m,Recupera VWAP,"stop 2 ATR, cierre de sesión",mercado,descubrimiento,429,141,-0.4333358941933995,-0.976172383817774,-1.3184475078650242,19.114219114219114
NAS100_USD,1m,Recupera VWAP,"stop 2 ATR, cierre de sesión",límite,descubrimiento,365,140,-0.33354624304052144,-0.6990498196601996,-0.8696027050699309,19.726027397260275
NAS100_USD,1m,Recupera VWAP,"stop 1,5 / obj 3 ATR",mercado,validacion,502,101,-0.7161711898814177,-3.131258503616383,-3.559583537826452,33.266932270916335
NAS100_USD,1m,Recupera VWAP,"stop 1,5 / obj 3 ATR",límite,validacion,428,98,-0.7524618374827852,-2.9024219183121835,-3.2862619024758373,33.41121495327103
NAS100_USD,1m,Recupera VWAP,stop 2 / obj 3 ATR,mercado,validacion,432,101,-0.6132386898276929,-2.2010911042017325,-2.622961524807558,40.0462962962963
NAS100_USD,1m,Recupera VWAP,stop 2 / obj 3 ATR,límite,validacion,377,98,-0.7236109200143662,-2.2771217139957756,-2.7836869065858783,39.787798408488065
NAS100_USD,1m,Recupera VWAP,"stop 2 ATR, cierre de sesión",mercado,validacion,277,101,0.6990695174420373,0.7198891872409444,1.9172500626875675,19.855595667870034
NAS100_USD,1m,Recupera VWAP,"stop 2 ATR, cierre de sesión",límite,validacion,258,98,0.14787160148916914,0.15904219823886093,0.38929462432862894,18.6046511627907
NAS100_USD,1m,Retroceso a VWAP en tendencia,"stop 1,5 / obj 3 ATR",mercado,descubrimiento,219,114,0.04163933265699104,0.15508132371428116,0.07999134957790384,40.63926940639269
NAS100_USD,1m,Retroceso a VWAP en tendencia,"stop 1,5 / obj 3 ATR",límite,descubrimiento,176,105,-0.04498610543933697,-0.14752344373362794,-0.07540528149831721,38.63636363636363
NAS100_USD,1m,Retroceso a VWAP en tendencia,stop 2 / obj 3 ATR,mercado,descubrimiento,215,114,0.18077488106350773,0.6211071502543482,0.3409350827074926,47.44186046511628
NAS100_USD,1m,Retroceso a VWAP en tendencia,stop 2 / obj 3 ATR,límite,descubrimiento,173,105,0.12550560828578122,0.3915586192418423,0.2067854307946681,45.08670520231214
NAS100_USD,1m,Retroceso a VWAP en tendencia,"stop 2 ATR, cierre de sesión",mercado,descubrimiento,156,114,-0.3815366199383281,-0.6353936430692722,-0.5221027430735016,23.717948717948715
NAS100_USD,1m,Retroceso a VWAP en tendencia,"stop 2 ATR, cierre de sesión",límite,descubrimiento,137,105,-0.1922029079311891,-0.2938028402307302,-0.2507790322530753,24.817518248175183
NAS100_USD,1m,Retroceso a VWAP en tendencia,"stop 1,5 / obj 3 ATR",mercado,validacion,171,84,-0.10368368772038926,-0.24452109962113638,-0.2110703642879353,38.01169590643275
NAS100_USD,1m,Retroceso a VWAP en tendencia,"stop 1,5 / obj 3 ATR",límite,validacion,146,81,-0.3681129569876757,-0.7823088260833738,-0.6635122434592674,36.3013698630137
NAS100_USD,1m,Retroceso a VWAP en tendencia,stop 2 / obj 3 ATR,mercado,validacion,164,84,0.01439340754253218,0.029089428711574643,0.02810141472589616,44.51219512195122
NAS100_USD,1m,Retroceso a VWAP en tendencia,stop 2 / obj 3 ATR,límite,validacion,143,81,-0.12649484014178403,-0.23603189999862595,-0.2233180511145076,43.35664335664335
NAS100_USD,1m,Retroceso a VWAP en tendencia,"stop 2 ATR, cierre de sesión",mercado,validacion,123,84,1.0807758529011953,0.761396747782681,1.582564641748179,21.138211382113823
NAS100_USD,1m,Retroceso a VWAP en tendencia,"stop 2 ATR, cierre de sesión",límite,validacion,112,81,0.515646145599234,0.33940671817861284,0.7129922013223977,19.642857142857142
NAS100_USD,1m,Rechazo banda VWAP 2σ,"stop 1,5 / obj 3 ATR",mercado,descubrimiento,597,116,-0.5919310323956423,-4.523784367574898,-3.0464036753465384,33.66834170854271
NAS100_USD,1m,Rechazo banda VWAP 2σ,"stop 1,5 / obj 3 ATR",límite,descubrimiento,488,110,-0.5802287537909919,-3.633675969973624,-2.5741057440909456,32.78688524590164
NAS100_USD,1m,Rechazo banda VWAP 2σ,stop 2 / obj 3 ATR,mercado,descubrimiento,532,116,-0.693830020109511,-4.232755173950198,-3.182048023260861,39.473684210526315
NAS100_USD,1m,Rechazo banda VWAP 2σ,stop 2 / obj 3 ATR,límite,descubrimiento,442,110,-0.6356170377310575,-3.3635697565888494,-2.554024824337522,38.68778280542987
NAS100_USD,1m,Rechazo banda VWAP 2σ,"stop 2 ATR, cierre de sesión",mercado,descubrimiento,478,116,-0.7104695019362894,-1.681318601013347,-2.927624326944365,17.573221757322173
NAS100_USD,1m,Rechazo banda VWAP 2σ,"stop 2 ATR, cierre de sesión",límite,descubrimiento,391,110,-0.7714083343515642,-1.627666239541586,-2.7420059884678327,17.902813299232736
NAS100_USD,1m,Rechazo banda VWAP 2σ,"stop 1,5 / obj 3 ATR",mercado,validacion,465,80,-0.9713470123531907,-3.5280305271908956,-5.64595450930292,28.602150537634408
NAS100_USD,1m,Rechazo banda VWAP 2σ,"stop 1,5 / obj 3 ATR",límite,validacion,410,79,-0.8794078701879855,-3.053377606523346,-4.564015528823722,30.24390243902439
NAS100_USD,1m,Rechazo banda VWAP 2σ,stop 2 / obj 3 ATR,mercado,validacion,389,80,-0.9286476783090374,-2.6669891620002466,-4.515549335777694,34.96143958868895
NAS100_USD,1m,Rechazo banda VWAP 2σ,stop 2 / obj 3 ATR,límite,validacion,352,79,-0.6862747734243151,-1.9983936424496582,-3.0578319018399864,37.5
NAS100_USD,1m,Rechazo banda VWAP 2σ,"stop 2 ATR, cierre de sesión",mercado,validacion,343,80,-1.1328102404452562,-1.353364683779976,-4.856923905909036,15.160349854227405
NAS100_USD,1m,Rechazo banda VWAP 2σ,"stop 2 ATR, cierre de sesión",límite,validacion,312,79,-0.9059566963941637,-1.086738230199739,-3.577955560442773,16.98717948717949
NAS100_USD,1m,Rechazo banda VWAP 1σ,"stop 1,5 / obj 3 ATR",mercado,descubrimiento,793,132,-0.759461224079131,-6.577019691573614,-4.562520838596598,29.88650693568726
NAS100_USD,1m,Rechazo banda VWAP 1σ,"stop 1,5 / obj 3 ATR",límite,descubrimiento,635,127,-0.7863649696956457,-6.040967125089435,-3.9318248484782288,30.393700787401574
NAS100_USD,1m,Rechazo banda VWAP 1σ,stop 2 / obj 3 ATR,mercado,descubrimiento,677,132,-0.8451173362738994,-6.201002887595674,-4.334427550435075,36.1890694239291
NAS100_USD,1m,Rechazo banda VWAP 1σ,stop 2 / obj 3 ATR,límite,descubrimiento,559,127,-0.8130079870573722,-5.27295290819053,-3.578515470591111,37.2093023255814
NAS100_USD,1m,Rechazo banda VWAP 1σ,"stop 2 ATR, cierre de sesión",mercado,descubrimiento,501,132,-0.5821408878781352,-1.4483881513652335,-2.2094892789920135,17.764471057884233
NAS100_USD,1m,Rechazo banda VWAP 1σ,"stop 2 ATR, cierre de sesión",límite,descubrimiento,424,127,-0.45835432084100963,-1.031425432474933,-1.5302537955636857,18.39622641509434
NAS100_USD,1m,Rechazo banda VWAP 1σ,"stop 1,5 / obj 3 ATR",mercado,validacion,566,92,-1.0889139334957498,-4.3661077286016,-6.6991878952021136,29.681978798586574
NAS100_USD,1m,Rechazo banda VWAP 1σ,"stop 1,5 / obj 3 ATR",límite,validacion,498,90,-1.1167077603589166,-4.136471229543715,-6.179116273986006,29.31726907630522
NAS100_USD,1m,Rechazo banda VWAP 1σ,stop 2 / obj 3 ATR,mercado,validacion,482,92,-1.1517013134550775,-3.8014975295810616,-6.033913403101602,35.477178423236516
NAS100_USD,1m,Rechazo banda VWAP 1σ,stop 2 / obj 3 ATR,límite,validacion,436,90,-1.1829185119189385,-3.6983671509895593,-5.730583013296191,36.23853211009174
NAS100_USD,1m,Rechazo banda VWAP 1σ,"stop 2 ATR, cierre de sesión",mercado,validacion,339,92,-0.42750271541177587,-0.48826311768135183,-1.5752545709194785,17.404129793510325
NAS100_USD,1m,Rechazo banda VWAP 1σ,"stop 2 ATR, cierre de sesión",límite,validacion,313,90,-0.9154686744982408,-1.0332752826615297,-3.1837966124216597,16.93290734824281
NAS100_USD,1m,Barrido de swing (liquidez),"stop 1,5 / obj 3 ATR",mercado,descubrimiento,957,141,-0.6394169344049992,-6.023255647767056,-4.339872384578611,31.03448275862069
NAS100_USD,1m,Barrido de swing (liquidez),"stop 1,5 / obj 3 ATR",límite,descubrimiento,748,141,-0.6237489236628289,-5.253518397705049,-3.3089659212751488,31.684491978609625
NAS100_USD,1m,Barrido de swing (liquidez),stop 2 / obj 3 ATR,mercado,descubrimiento,916,141,-0.7198644988271313,-6.1182830240986235,-4.676566531387604,36.572052401746724
NAS100_USD,1m,Barrido de swing (liquidez),stop 2 / obj 3 ATR,límite,descubrimiento,723,141,-0.605975625359992,-4.54322005491659,-3.107236717271449,38.72752420470263
NAS100_USD,1m,Barrido de swing (liquidez),"stop 2 ATR, cierre de sesión",mercado,descubrimiento,494,141,-0.5764092310720116,-1.5739361853382012,-2.019476313117544,17.611336032388664
NAS100_USD,1m,Barrido de swing (liquidez),"stop 2 ATR, cierre de sesión",límite,descubrimiento,445,141,-0.6750990372025548,-1.7771218623168215,-2.1306317131569994,17.303370786516854
NAS100_USD,1m,Barrido de swing (liquidez),"stop 1,5 / obj 3 ATR",mercado,validacion,773,105,-0.7862626958942004,-4.095368306251904,-5.78839108501159,30.91849935316947
NAS100_USD,1m,Barrido de swing (liquidez),"stop 1,5 / obj 3 ATR",límite,validacion,666,105,-0.9527359075284887,-4.469463184347484,-6.043067756323556,30.78078078078078
NAS100_USD,1m,Barrido de swing (liquidez),stop 2 / obj 3 ATR,mercado,validacion,720,105,-0.7139161727825815,-2.9358601281784797,-4.895425184794844,38.88888888888889
NAS100_USD,1m,Barrido de swing (liquidez),stop 2 / obj 3 ATR,límite,validacion,631,105,-0.8521796137330632,-3.306670275873003,-5.121193678719647,38.51030110935024
NAS100_USD,1m,Barrido de swing (liquidez),"stop 2 ATR, cierre de sesión",mercado,validacion,384,105,-0.7354542585710641,-0.9849516811118177,-2.689661288488463,16.145833333333336
NAS100_USD,1m,Barrido de swing (liquidez),"stop 2 ATR, cierre de sesión",límite,validacion,369,105,-0.6690780721059658,-0.8631392703661006,-2.3513315105438224,17.344173441734416
NAS100_USD,1m,Barrido del día anterior,"stop 1,5 / obj 3 ATR",mercado,descubrimiento,254,67,-0.57259689909736,-2.3947799241166,-2.1707404831452153,33.07086614173229
NAS100_USD,1m,Barrido del día anterior,"stop 1,5 / obj 3 ATR",límite,descubrimiento,207,64,-0.2622344405178873,-0.9827356593436107,-0.8481645185500417,36.71497584541063
NAS100_USD,1m,Barrido del día anterior,stop 2 / obj 3 ATR,mercado,descubrimiento,221,67,-0.4458372638775746,-1.5237371781246123,-1.47059754204394,40.27149321266968
NAS100_USD,1m,Barrido del día anterior,stop 2 / obj 3 ATR,límite,descubrimiento,185,64,-0.2827459629161865,-0.9273326211605355,-0.8173125490546016,42.7027027027027
NAS100_USD,1m,Barrido del día anterior,"stop 2 ATR, cierre de sesión",mercado,descubrimiento,175,67,-0.587107910564972,-0.8535457978167643,-1.533490811177166,18.857142857142858
NAS100_USD,1m,Barrido del día anterior,"stop 2 ATR, cierre de sesión",límite,descubrimiento,144,64,-0.14847956001758802,-0.1788924474361555,-0.3340790100395731,20.833333333333336
NAS100_USD,1m,Barrido del día anterior,"stop 1,5 / obj 3 ATR",mercado,validacion,177,42,-1.1661902463368592,-2.2488573492766872,-4.914658895276763,28.8135593220339
NAS100_USD,1m,Barrido del día anterior,"stop 1,5 / obj 3 ATR",límite,validacion,158,42,-1.1303539314601911,-2.0521167139172185,-4.2522838373978615,27.848101265822784
NAS100_USD,1m,Barrido del día anterior,stop 2 / obj 3 ATR,mercado,validacion,152,42,-1.212871860046141,-1.8917501768586567,-4.389441017309844,34.868421052631575
NAS100_USD,1m,Barrido del día anterior,stop 2 / obj 3 ATR,límite,validacion,139,42,-1.2731809398253164,-1.8412586617817184,-4.2136226341837855,34.53237410071942
NAS100_USD,1m,Barrido del día anterior,"stop 2 ATR, cierre de sesión",mercado,validacion,111,42,-0.4633911811553918,-0.2851377315646534,-1.2246766930535355,18.91891891891892
NAS100_USD,1m,Barrido del día anterior,"stop 2 ATR, cierre de sesión",límite,validacion,106,42,-0.19531289586483733,-0.11333973895488365,-0.4929325467064942,18.867924528301888
NAS100_USD,1m,Barrido de la noche (ON),"stop 1,5 / obj 3 ATR",mercado,descubrimiento,280,74,-0.8209544424712629,-3.734986636004979,-3.1063141066480218,30.0
NAS100_USD,1m,Barrido de la noche (ON),"stop 1,5 / obj 3 ATR",límite,descubrimiento,231,71,-0.6918977183955034,-2.99702882562666,-2.251103844357201,30.735930735930733
NAS100_USD,1m,Barrido de la noche (ON),stop 2 / obj 3 ATR,mercado,descubrimiento,237,74,-0.806680135837583,-3.1507232599425627,-2.583556651263611,36.708860759493675
NAS100_USD,1m,Barrido de la noche (ON),stop 2 / obj 3 ATR,límite,descubrimiento,206,71,-0.7461223751017133,-2.614040480306881,-2.164805764379619,36.407766990291265
NAS100_USD,1m,Barrido de la noche (ON),"stop 2 ATR, cierre de sesión",mercado,descubrimiento,187,74,-0.8393973122306013,-1.35419176757172,-2.1211796944205736,21.390374331550802
NAS100_USD,1m,Barrido de la noche (ON),"stop 2 ATR, cierre de sesión",límite,descubrimiento,164,71,-0.7439462464030125,-1.1096328284437713,-1.7184110480294936,21.951219512195124
NAS100_USD,1m,Barrido de la noche (ON),"stop 1,5 / obj 3 ATR",mercado,validacion,195,51,-0.39887689462075276,-0.7854832839486889,-1.5251175382558195,31.794871794871792
NAS100_USD,1m,Barrido de la noche (ON),"stop 1,5 / obj 3 ATR",límite,validacion,175,51,0.05830171135492771,0.10907345983821848,0.2000548919041637,34.285714285714285
NAS100_USD,1m,Barrido de la noche (ON),stop 2 / obj 3 ATR,mercado,validacion,165,51,-0.011876322428388595,-0.020605201655614993,-0.03842339609184545,40.60606060606061
NAS100_USD,1m,Barrido de la noche (ON),stop 2 / obj 3 ATR,límite,validacion,154,51,0.19820239714212365,0.32232401901924296,0.5984935129389616,41.55844155844156
NAS100_USD,1m,Barrido de la noche (ON),"stop 2 ATR, cierre de sesión",mercado,validacion,128,51,-1.1498299375176257,-1.2366256826143796,-2.8858476863187468,17.1875
NAS100_USD,1m,Barrido de la noche (ON),"stop 2 ATR, cierre de sesión",límite,validacion,121,51,-1.2381137410471186,-1.335142642662515,-2.9374855424843402,18.181818181818183
NAS100_USD,1m,Ruptura rango apertura 15m,"stop 1,5 / obj 3 ATR",mercado,descubrimiento,403,115,-0.7366602497124475,-4.136651877077004,-2.5815137446444902,29.776674937965257
NAS100_USD,1m,Ruptura rango apertura 15m,"stop 1,5 / obj 3 ATR",límite,descubrimiento,328,111,-0.6018179320344084,-2.9035292131854344,-1.7783448802458193,32.01219512195122
NAS100_USD,1m,Ruptura rango apertura 15m,stop 2 / obj 3 ATR,mercado,descubrimiento,354,115,-0.7665219237407047,-3.7335463493492824,-2.359554443514865,35.87570621468927
NAS100_USD,1m,Ruptura rango apertura 15m,stop 2 / obj 3 ATR,límite,descubrimiento,299,111,-0.6217142616626025,-2.611760158276857,-1.6747077859199833,37.45819397993311
NAS100_USD,1m,Ruptura rango apertura 15m,"stop 2 ATR, cierre de sesión",mercado,descubrimiento,300,115,-1.0055019323031118,-2.281686172179281,-2.6230485190515958,16.666666666666664
NAS100_USD,1m,Ruptura rango apertura 15m,"stop 2 ATR, cierre de sesión",límite,descubrimiento,252,111,-0.832090356425636,-1.6576356948078397,-1.889069998371714,17.857142857142858
NAS100_USD,1m,Ruptura rango apertura 15m,"stop 1,5 / obj 3 ATR",mercado,validacion,284,86,-1.0097411262317406,-2.969214241654939,-3.334493951742027,31.690140845070424
NAS100_USD,1m,Ruptura rango apertura 15m,"stop 1,5 / obj 3 ATR",límite,validacion,252,80,-0.9217209885517749,-2.6533215264781336,-2.9034211139380908,32.53968253968254
NAS100_USD,1m,Ruptura rango apertura 15m,stop 2 / obj 3 ATR,mercado,validacion,254,86,-0.9014444306140669,-2.240471646497563,-2.662405643906663,37.40157480314961
NAS100_USD,1m,Ruptura rango apertura 15m,stop 2 / obj 3 ATR,límite,validacion,232,80,-0.8978541172783874,-2.0409675664647984,-2.6037769401073234,37.5
NAS100_USD,1m,Ruptura rango apertura 15m,"stop 2 ATR, cierre de sesión",mercado,validacion,193,86,0.7565094196734594,0.6669018940674146,1.6977478836857867,22.797927461139896
NAS100_USD,1m,Ruptura rango apertura 15m,"stop 2 ATR, cierre de sesión",límite,validacion,175,80,0.12127437400817712,0.10402496118084444,0.26528769314288747,21.714285714285715
NAS100_USD,1m,Falsa ruptura rango apertura,"stop 1,5 / obj 3 ATR",mercado,descubrimiento,327,97,-0.5008731512119274,-2.199432441656261,-1.6885105200649513,34.5565749235474
NAS100_USD,1m,Falsa ruptura rango apertura,"stop 1,5 / obj 3 ATR",límite,descubrimiento,268,94,-0.7255181644834705,-3.165126731345358,-2.068498596612448,31.343283582089555
NAS100_USD,1m,Falsa ruptura rango apertura,stop 2 / obj 3 ATR,mercado,descubrimiento,290,97,-0.6117407555826737,-2.4775341892653606,-1.8289156610203647,39.310344827586206
NAS100_USD,1m,Falsa ruptura rango apertura,stop 2 / obj 3 ATR,límite,descubrimiento,236,94,-0.7436297120179165,-2.5374806731136696,-1.8669852344279607,38.983050847457626
NAS100_USD,1m,Falsa ruptura rango apertura,"stop 2 ATR, cierre de sesión",mercado,descubrimiento,225,97,-0.5313724138471835,-0.8797076957157713,-1.2325648774805802,22.22222222222222
NAS100_USD,1m,Falsa ruptura rango apertura,"stop 2 ATR, cierre de sesión",límite,descubrimiento,193,94,-0.5553423803705017,-0.8037097992789342,-1.1402242490585832,21.761658031088082
NAS100_USD,1m,Falsa ruptura rango apertura,"stop 1,5 / obj 3 ATR",mercado,validacion,258,70,-0.8563528635936203,-2.0351663945560934,-3.156271982959343,31.3953488372093
NAS100_USD,1m,Falsa ruptura rango apertura,"stop 1,5 / obj 3 ATR",límite,validacion,229,70,-1.1102516578014239,-2.563250415475891,-3.6321089948075156,30.567685589519648
NAS100_USD,1m,Falsa ruptura rango apertura,stop 2 / obj 3 ATR,mercado,validacion,220,70,-0.9264283950762402,-1.9808461490386549,-2.9116320988110407,37.72727272727273
NAS100_USD,1m,Falsa ruptura rango apertura,stop 2 / obj 3 ATR,límite,validacion,202,70,-1.0838232596321922,-2.1647451032731544,-3.12760426351004,37.12871287128713
NAS100_USD,1m,Falsa ruptura rango apertura,"stop 2 ATR, cierre de sesión",mercado,validacion,169,70,-0.14368876578538514,-0.12622255816148628,-0.3469057345390013,18.34319526627219
NAS100_USD,1m,Falsa ruptura rango apertura,"stop 2 ATR, cierre de sesión",límite,validacion,155,70,-0.006623240286288848,-0.005400006488612801,-0.014665746348211023,18.064516129032256
NAS100_USD,1m,Reentrada Bollinger,"stop 1,5 / obj 3 ATR",mercado,descubrimiento,1415,142,-0.6431375446862954,-8.292704383588687,-6.408729758669774,31.166077738515902
NAS100_USD,1m,Reentrada Bollinger,"stop 1,5 / obj 3 ATR",límite,descubrimiento,1085,142,-0.5602979354924311,-6.364886079643607,-4.281149718375266,32.165898617511516
NAS100_USD,1m,Reentrada Bollinger,stop 2 / obj 3 ATR,mercado,descubrimiento,1315,142,-0.6545739708653869,-7.361884585279442,-6.061723744281577,37.41444866920152
NAS100_USD,1m,Reentrada Bollinger,stop 2 / obj 3 ATR,límite,descubrimiento,1018,142,-0.5964552607306779,-5.441626433680588,-4.27599616495655,38.50687622789784
NAS100_USD,1m,Reentrada Bollinger,"stop 2 ATR, cierre de sesión",mercado,descubrimiento,628,142,-0.8957273273900844,-2.9389174710277914,-3.961385645077275,17.038216560509554
NAS100_USD,1m,Reentrada Bollinger,"stop 2 ATR, cierre de sesión",límite,descubrimiento,554,142,-0.7734827263260551,-2.2669363129909375,-3.017672044962215,17.870036101083034
NAS100_USD,1m,Reentrada Bollinger,"stop 1,5 / obj 3 ATR",mercado,validacion,1026,105,-0.823365317073022,-4.843608973781242,-8.04545538397067,31.871345029239766
NAS100_USD,1m,Reentrada Bollinger,"stop 1,5 / obj 3 ATR",límite,validacion,875,105,-0.808155984572001,-4.370128909987657,-6.734633204766674,32.0
NAS100_USD,1m,Reentrada Bollinger,stop 2 / obj 3 ATR,mercado,validacion,951,105,-0.7508762524205719,-3.95648530962811,-6.800793486209179,38.48580441640379
NAS100_USD,1m,Reentrada Bollinger,stop 2 / obj 3 ATR,límite,validacion,810,105,-0.540462773994164,-2.6915763725093056,-4.169284256526407,40.370370370370374
NAS100_USD,1m,Reentrada Bollinger,"stop 2 ATR, cierre de sesión",mercado,validacion,449,105,-1.1112171705687819,-1.6546942403031504,-4.7517762817655536,15.812917594654788
NAS100_USD,1m,Reentrada Bollinger,"stop 2 ATR, cierre de sesión",límite,validacion,403,105,-0.5608429924134394,-0.762636364581434,-2.152568818501105,16.87344913151365
NAS100_USD,1m,Ruptura squeeze Bollinger,"stop 1,5 / obj 3 ATR",mercado,descubrimiento,453,139,-0.6159186901767254,-5.443221320755897,-2.007274580216235,31.346578366445915
NAS100_USD,1m,Ruptura squeeze Bollinger,"stop 1,5 / obj 3 ATR",límite,descubrimiento,361,137,-0.3167053794431547,-2.394860974462502,-0.8345302334232032,37.396121883656505
NAS100_USD,1m,Ruptura squeeze Bollinger,stop 2 / obj 3 ATR,mercado,descubrimiento,436,139,-0.5446058713104696,-3.975232250228038,-1.7082601431033433,38.53211009174312
NAS100_USD,1m,Ruptura squeeze Bollinger,stop 2 / obj 3 ATR,límite,descubrimiento,354,137,-0.2802691441302895,-1.8878432452288336,-0.7241991023512591,43.22033898305085
NAS100_USD,1m,Ruptura squeeze Bollinger,"stop 2 ATR, cierre de sesión",mercado,descubrimiento,269,139,-0.24651995307893967,-0.5764167823581147,-0.4770781825772286,19.702602230483272
NAS100_USD,1m,Ruptura squeeze Bollinger,"stop 2 ATR, cierre de sesión",límite,descubrimiento,229,137,0.19552448472601888,0.39558332569116345,0.3268255985566301,21.397379912663755
NAS100_USD,1m,Ruptura squeeze Bollinger,"stop 1,5 / obj 3 ATR",mercado,validacion,361,104,-0.5001447106662539,-2.110834065915537,-1.7360792360626696,36.288088642659275
NAS100_USD,1m,Ruptura squeeze Bollinger,"stop 1,5 / obj 3 ATR",límite,validacion,316,104,-0.40738329430924825,-1.525675289025468,-1.237818471170408,36.708860759493675
NAS100_USD,1m,Ruptura squeeze Bollinger,stop 2 / obj 3 ATR,mercado,validacion,354,104,-0.40037007190413276,-1.492258388421217,-1.3627981293659903,43.22033898305085
NAS100_USD,1m,Ruptura squeeze Bollinger,stop 2 / obj 3 ATR,límite,validacion,308,104,-0.24394877165943704,-0.776592810871775,-0.7224636699144866,44.15584415584416
NAS100_USD,1m,Ruptura squeeze Bollinger,"stop 2 ATR, cierre de sesión",mercado,validacion,215,104,0.9585258920802558,1.0247010511376653,1.9815679499736059,23.25581395348837
NAS100_USD,1m,Ruptura squeeze Bollinger,"stop 2 ATR, cierre de sesión",límite,validacion,202,104,1.0156360052599718,1.0232688793341798,1.9726776256010992,22.772277227722775
NAS100_USD,1m,Ruptura Keltner,"stop 1,5 / obj 3 ATR",mercado,descubrimiento,1321,144,-0.724723655797605,-9.820069497872243,-6.648332981309974,29.144587433762304
NAS100_USD,1m,Ruptura Keltner,"stop 1,5 / obj 3 ATR",límite,descubrimiento,1109,144,-0.5942862306982704,-7.176555085279525,-4.576829373919319,32.01082055906222
NAS100_USD,1m,Ruptura Keltner,stop 2 / obj 3 ATR,mercado,descubrimiento,1205,144,-0.6925887298880818,-7.911716379306405,-5.795620968855129,35.518672199170126
NAS100_USD,1m,Ruptura Keltner,stop 2 / obj 3 ATR,límite,descubrimiento,1026,144,-0.5061348582917526,-5.393091845275852,-3.606210865328738,38.98635477582846
NAS100_USD,1m,Ruptura Keltner,"stop 2 ATR, cierre de sesión",mercado,descubrimiento,457,144,-0.4580120418995159,-1.1494986211257554,-1.4535521051949916,19.25601750547046
NAS100_USD,1m,Ruptura Keltner,"stop 2 ATR, cierre de sesión",límite,descubrimiento,433,144,-0.2308323837593008,-0.5684650676877055,-0.6941001539428976,20.323325635103924
NAS100_USD,1m,Ruptura Keltner,"stop 1,5 / obj 3 ATR",mercado,validacion,893,105,-0.6566674640237425,-3.688174202178323,-5.584800432125734,33.70660694288914
NAS100_USD,1m,Ruptura Keltner,"stop 1,5 / obj 3 ATR",límite,validacion,799,105,-0.5678930130858317,-2.9190608499500033,-4.321395404338853,34.4180225281602
NAS100_USD,1m,Ruptura Keltner,stop 2 / obj 3 ATR,mercado,validacion,818,105,-0.5626989485144952,-2.5360537043971227,-4.383692760808163,40.95354523227384
NAS100_USD,1m,Ruptura Keltner,stop 2 / obj 3 ATR,límite,validacion,752,105,-0.5117631386727698,-2.352872461173791,-3.6651988598278367,40.42553191489361
NAS100_USD,1m,Ruptura Keltner,"stop 2 ATR, cierre de sesión",mercado,validacion,329,105,0.2466303698560102,0.26582466914423997,0.7727751588821653,20.364741641337385
NAS100_USD,1m,Ruptura Keltner,"stop 2 ATR, cierre de sesión",límite,validacion,312,105,0.5005900440307818,0.526086534854392,1.4874675594057516,21.153846153846153
NAS100_USD,1m,Ruptura Donchian 20,"stop 1,5 / obj 3 ATR",mercado,descubrimiento,1367,144,-0.7960993487859351,-9.47459956303442,-7.557415345766482,29.04169714703731
NAS100_USD,1m,Ruptura Donchian 20,"stop 1,5 / obj 3 ATR",límite,descubrimiento,1199,144,-0.6848442436557106,-8.298211025946994,-5.702279500994424,30.692243536280234
NAS100_USD,1m,Ruptura Donchian 20,stop 2 / obj 3 ATR,mercado,descubrimiento,1277,144,-0.751754368280376,-8.258564983081987,-6.6665995020419455,35.39545810493344
NAS100_USD,1m,Ruptura Donchian 20,stop 2 / obj 3 ATR,límite,descubrimiento,1130,144,-0.6116536260495159,-6.664454945413919,-4.799781926638563,37.34513274336283
NAS100_USD,1m,Ruptura Donchian 20,"stop 2 ATR, cierre de sesión",mercado,descubrimiento,441,144,-0.3934722700356915,-0.9620344658669435,-1.2050088269843053,19.27437641723356
NAS100_USD,1m,Ruptura Donchian 20,"stop 2 ATR, cierre de sesión",límite,descubrimiento,423,144,-0.20706020962825372,-0.48295412691336426,-0.6082393657829953,20.33096926713948
NAS100_USD,1m,Ruptura Donchian 20,"stop 1,5 / obj 3 ATR",mercado,validacion,1036,105,-0.6244718351707039,-4.137553125841719,-6.161455440350945,33.78378378378378
NAS100_USD,1m,Ruptura Donchian 20,"stop 1,5 / obj 3 ATR",límite,validacion,951,105,-0.5828502235791158,-3.2827294895848373,-5.2789577392737055,34.59516298633018
NAS100_USD,1m,Ruptura Donchian 20,stop 2 / obj 3 ATR,mercado,validacion,969,105,-0.60697989367849,-3.1990844594778522,-5.601557304518636,40.35087719298245
NAS100_USD,1m,Ruptura Donchian 20,stop 2 / obj 3 ATR,límite,validacion,901,105,-0.49634638119749114,-2.478424770198469,-4.2591246615137095,41.28745837957825
NAS100_USD,1m,Ruptura Donchian 20,"stop 2 ATR, cierre de sesión",mercado,validacion,332,105,0.4503169689551852,0.4988653797413351,1.4238593685059189,20.481927710843372
NAS100_USD,1m,Ruptura Donchian 20,"stop 2 ATR, cierre de sesión",límite,validacion,324,105,0.3580804499579009,0.4055073895177402,1.1049339598700942,20.679012345679013
NAS100_USD,1m,Estocástico cruza en extremo,"stop 1,5 / obj 3 ATR",mercado,descubrimiento,2143,143,-0.6189690928702809,-10.938258890547036,-9.27587948266442,31.357909472701824
NAS100_USD,1m,Estocástico cruza en extremo,"stop 1,5 / obj 3 ATR",límite,descubrimiento,1652,143,-0.5240038350657457,-7.260759153315401,-6.053526821878405,32.99031476997579
NAS100_USD,1m,Estocástico cruza en extremo,stop 2 / obj 3 ATR,mercado,descubrimiento,1906,143,-0.6300992682810725,-8.344371351713605,-8.398386051354715,37.46065057712487
NAS100_USD,1m,Estocástico cruza en extremo,stop 2 / obj 3 ATR,límite,descubrimiento,1508,143,-0.6080479567658049,-7.0457672117234855,-6.412142089530307,38.262599469496024
NAS100_USD,1m,Estocástico cruza en extremo,"stop 2 ATR, cierre de sesión",mercado,descubrimiento,649,143,-0.650770256313598,-2.034376238398394,-2.9534957786540215,17.873651771956855
NAS100_USD,1m,Estocástico cruza en extremo,"stop 2 ATR, cierre de sesión",límite,descubrimiento,613,143,-0.6398094452613721,-1.8448921913919907,-2.742679649966581,18.43393148450245
NAS100_USD,1m,Estocástico cruza en extremo,"stop 1,5 / obj 3 ATR",mercado,validacion,1553,105,-0.7352243545089165,-5.176754768463326,-10.874318310022357,32.00257566001288
NAS100_USD,1m,Estocástico cruza en extremo,"stop 1,5 / obj 3 ATR",límite,validacion,1303,105,-0.8595400450326613,-5.584805715293455,-10.666482654071979,31.158864159631623
NAS100_USD,1m,Estocástico cruza en extremo,stop 2 / obj 3 ATR,mercado,validacion,1399,105,-0.7775179875928101,-4.585621481718902,-10.359501568022297,38.027162258756256
NAS100_USD,1m,Estocástico cruza en extremo,stop 2 / obj 3 ATR,límite,validacion,1186,105,-0.8706631443854358,-4.79206441619393,-9.834347516582161,37.85834738617201
NAS100_USD,1m,Estocástico cruza en extremo,"stop 2 ATR, cierre de sesión",mercado,validacion,495,105,-0.6221534546938849,-0.8680795256608493,-2.9330091435568866,16.969696969696972
NAS100_USD,1m,Estocástico cruza en extremo,"stop 2 ATR, cierre de sesión",límite,validacion,462,105,-0.715685534632059,-1.0078003536768938,-3.149016352381059,17.316017316017316
NAS100_USD,1m,MACD histograma cruza 0,"stop 1,5 / obj 3 ATR",mercado,descubrimiento,1879,144,-0.6756306717549958,-9.671524339531288,-8.816041890469702,29.590207557211283
NAS100_USD,1m,MACD histograma cruza 0,"stop 1,5 / obj 3 ATR",límite,descubrimiento,1422,144,-0.5547969314829023,-6.517673543673431,-5.47861969839366,32.63009845288326
NAS100_USD,1m,MACD histograma cruza 0,stop 2 / obj 3 ATR,mercado,descubrimiento,1757,144,-0.680841662626612,-8.396935722122334,-8.307213897464983,35.571997723392144
NAS100_USD,1m,MACD histograma cruza 0,stop 2 / obj 3 ATR,límite,descubrimiento,1349,144,-0.5783536582544504,-6.02233177890035,-5.418049201286483,38.25055596738325
NAS100_USD,1m,MACD histograma cruza 0,"stop 2 ATR, cierre de sesión",mercado,descubrimiento,589,144,-0.5316635096821993,-1.4356787563774047,-2.17465143890844,19.015280135823428
NAS100_USD,1m,MACD histograma cruza 0,"stop 2 ATR, cierre de sesión",límite,descubrimiento,555,144,-0.5146355554649411,-1.3964719999093516,-1.9834912033544603,18.55855855855856
NAS100_USD,1m,MACD histograma cruza 0,"stop 1,5 / obj 3 ATR",mercado,validacion,1358,105,-0.789026616867052,-5.8159854318836,-10.204744244813872,31.958762886597935
NAS100_USD,1m,MACD histograma cruza 0,"stop 1,5 / obj 3 ATR",límite,validacion,1170,105,-0.8818476681271108,-5.544474191726939,-9.826302587702092,31.880341880341877
NAS100_USD,1m,MACD histograma cruza 0,stop 2 / obj 3 ATR,mercado,validacion,1278,105,-0.7620521157746714,-5.288476116385435,-9.275262894857429,37.8716744913928
NAS100_USD,1m,MACD histograma cruza 0,stop 2 / obj 3 ATR,límite,validacion,1107,105,-0.8699098182995202,-5.104830034744514,-9.171334941500655,37.94037940379404
NAS100_USD,1m,MACD histograma cruza 0,"stop 2 ATR, cierre de sesión",mercado,validacion,441,105,-0.5039752531484111,-0.7193119209529109,-2.1166960632233263,18.140589569160998
NAS100_USD,1m,MACD histograma cruza 0,"stop 2 ATR, cierre de sesión",límite,validacion,439,105,-0.9516971679374674,-1.3715055700586898,-3.9790005402337925,16.856492027334852
NAS100_USD,1m,RSI(2) extremo,"stop 1,5 / obj 3 ATR",mercado,descubrimiento,2097,144,-0.6279231303935948,-9.712956606240327,-9.144130586356725,30.472103004291846
NAS100_USD,1m,RSI(2) extremo,"stop 1,5 / obj 3 ATR",límite,descubrimiento,1532,143,-0.4839884182627942,-6.917433018321973,-5.185106690759445,33.68146214099217
NAS100_USD,1m,RSI(2) extremo,stop 2 / obj 3 ATR,mercado,descubrimiento,1823,144,-0.538782613668478,-6.901172566832388,-6.820838227205802,38.014262205156335
NAS100_USD,1m,RSI(2) extremo,stop 2 / obj 3 ATR,límite,descubrimiento,1376,143,-0.4737833073665935,-5.317785740595078,-4.558921894660369,39.89825581395349
NAS100_USD,1m,RSI(2) extremo,"stop 2 ATR, cierre de sesión",mercado,descubrimiento,651,144,-0.4839126267008334,-1.4382314145509034,-2.1876883332100174,17.81874039938556
NAS100_USD,1m,RSI(2) extremo,"stop 2 ATR, cierre de sesión",límite,descubrimiento,589,143,-0.33475751769562945,-0.9269462894027097,-1.3788264190400403,18.675721561969443
NAS100_USD,1m,RSI(2) extremo,"stop 1,5 / obj 3 ATR",mercado,validacion,1395,105,-0.6859090982671223,-4.291812000803157,-9.112792305548911,32.32974910394265
NAS100_USD,1m,RSI(2) extremo,"stop 1,5 / obj 3 ATR",límite,validacion,1141,105,-0.7565389069363666,-3.7302620184663695,-8.221056122041851,31.551270815074496
NAS100_USD,1m,RSI(2) extremo,stop 2 / obj 3 ATR,mercado,validacion,1226,105,-0.6935783581476963,-3.6874667732912156,-8.098353019895958,38.743882544861336
NAS100_USD,1m,RSI(2) extremo,stop 2 / obj 3 ATR,límite,validacion,1012,105,-0.6277365873100272,-2.8876461759849,-6.050185012930929,38.43873517786561
NAS100_USD,1m,RSI(2) extremo,"stop 2 ATR, cierre de sesión",mercado,validacion,486,105,-0.913853174717819,-1.3630603041639784,-4.229834694408191,15.637860082304528
NAS100_USD,1m,RSI(2) extremo,"stop 2 ATR, cierre de sesión",límite,validacion,452,105,-0.7486817851530693,-1.0486769038879267,-3.2228968275160694,16.150442477876105
NAS100_USD,1m,RSI(7) sale de 30/70,"stop 1,5 / obj 3 ATR",mercado,descubrimiento,1792,142,-0.7029253938202047,-10.802030326668707,-8.870720462857795,30.245535714285715
NAS100_USD,1m,RSI(7) sale de 30/70,"stop 1,5 / obj 3 ATR",límite,descubrimiento,1359,141,-0.6174703393463177,-7.479909689739533,-5.951363057954934,32.37674760853569
NAS100_USD,1m,RSI(7) sale de 30/70,stop 2 / obj 3 ATR,mercado,descubrimiento,1607,142,-0.7467491780739769,-9.42645512716336,-8.450886825104794,36.58991910392035
NAS100_USD,1m,RSI(7) sale de 30/70,stop 2 / obj 3 ATR,límite,descubrimiento,1239,141,-0.7094413159353468,-7.3927102393800395,-6.234026882580813,37.77239709443099
NAS100_USD,1m,RSI(7) sale de 30/70,"stop 2 ATR, cierre de sesión",mercado,descubrimiento,668,142,-0.7640690608652783,-2.4381237154753954,-3.5943530468873655,17.514970059880238
NAS100_USD,1m,RSI(7) sale de 30/70,"stop 2 ATR, cierre de sesión",límite,descubrimiento,617,141,-0.8053809651292916,-2.3487863203812416,-3.524255712657964,16.85575364667747
NAS100_USD,1m,RSI(7) sale de 30/70,"stop 1,5 / obj 3 ATR",mercado,validacion,1286,105,-0.7844698938110933,-5.46775165822439,-9.607888413724439,31.104199066874028
NAS100_USD,1m,RSI(7) sale de 30/70,"stop 1,5 / obj 3 ATR",límite,validacion,1092,105,-0.8085407869119302,-5.315935503278739,-8.408824183884073,31.318681318681318
NAS100_USD,1m,RSI(7) sale de 30/70,stop 2 / obj 3 ATR,mercado,validacion,1140,105,-0.8248018716929244,-5.182146363051655,-8.954991749808894,36.92982456140351
NAS100_USD,1m,RSI(7) sale de 30/70,stop 2 / obj 3 ATR,límite,validacion,985,105,-0.6996753349764039,-4.057116251749891,-6.56362099954055,38.98477157360406
NAS100_USD,1m,RSI(7) sale de 30/70,"stop 2 ATR, cierre de sesión",mercado,validacion,483,105,-0.709928062194119,-1.0914172481846616,-3.265669086092947,16.977225672877847
NAS100_USD,1m,RSI(7) sale de 30/70,"stop 2 ATR, cierre de sesión",límite,validacion,437,105,-0.3064821654653638,-0.4357663516138967,-1.2755495838891808,17.84897025171625
NAS100_USD,1m,CCI sale de ±100,"stop 1,5 / obj 3 ATR",mercado,descubrimiento,2145,142,-0.6800834414091991,-11.375222368551194,-10.273091421286844,30.023310023310025
NAS100_USD,1m,CCI sale de ±100,"stop 1,5 / obj 3 ATR",límite,descubrimiento,1632,142,-0.5695758342560305,-6.719718136124341,-6.546110996520014,32.35294117647059
NAS100_USD,1m,CCI sale de ±100,stop 2 / obj 3 ATR,mercado,descubrimiento,1893,142,-0.7099557954989235,-9.603615435610983,-9.464410710418749,36.3972530375066
NAS100_USD,1m,CCI sale de ±100,stop 2 / obj 3 ATR,límite,descubrimiento,1469,142,-0.5770359198604011,-5.884377776865583,-5.969477227288235,38.529611980939414
NAS100_USD,1m,CCI sale de ±100,"stop 2 ATR, cierre de sesión",mercado,descubrimiento,655,142,-0.6447846990505255,-1.940023367834057,-2.97418294280348,17.099236641221374
NAS100_USD,1m,CCI sale de ±100,"stop 2 ATR, cierre de sesión",límite,descubrimiento,619,142,-0.6353369817209931,-1.7700923614057986,-2.7695323358119346,16.80129240710824
NAS100_USD,1m,CCI sale de ±100,"stop 1,5 / obj 3 ATR",mercado,validacion,1525,105,-0.6325253819363973,-4.720335245229416,-9.186678166219103,32.85245901639344
NAS100_USD,1m,CCI sale de ±100,"stop 1,5 / obj 3 ATR",límite,validacion,1278,105,-0.7615334567656129,-5.03443719463854,-9.268950073775745,32.3943661971831
NAS100_USD,1m,CCI sale de ±100,stop 2 / obj 3 ATR,mercado,validacion,1344,105,-0.6946305233186869,-4.363960221468251,-8.891270698479193,38.61607142857143
NAS100_USD,1m,CCI sale de ±100,stop 2 / obj 3 ATR,límite,validacion,1140,105,-0.7994837552309024,-4.1853907911620665,-8.68010934250694,38.771929824561404
NAS100_USD,1m,CCI sale de ±100,"stop 2 ATR, cierre de sesión",mercado,validacion,457,105,-0.41721721890197266,-0.5526004251172169,-1.8158882765543,17.505470459518598
NAS100_USD,1m,CCI sale de ±100,"stop 2 ATR, cierre de sesión",límite,validacion,461,105,-0.6499254122732037,-0.8872357072144945,-2.853482048170923,17.136659436008678
NAS100_USD,1m,Supertrend cambia,"stop 1,5 / obj 3 ATR",mercado,descubrimiento,775,144,-0.783958222504589,-7.137805466477618,-4.219219600285115,29.935483870967744
NAS100_USD,1m,Supertrend cambia,"stop 1,5 / obj 3 ATR",límite,descubrimiento,621,143,-0.617172293554571,-4.98006639704894,-2.680167792289431,31.561996779388085
NAS100_USD,1m,Supertrend cambia,stop 2 / obj 3 ATR,mercado,descubrimiento,775,144,-0.7215563712273917,-6.101697716844934,-3.883376303480754,35.74193548387097
NAS100_USD,1m,Supertrend cambia,stop 2 / obj 3 ATR,límite,descubrimiento,621,143,-0.6084608964586092,-4.099953731977264,-2.6423371797258484,37.03703703703704
NAS100_USD,1m,Supertrend cambia,"stop 2 ATR, cierre de sesión",mercado,descubrimiento,470,144,-0.47565475955923214,-1.2228100498098298,-1.5524842846724938,18.085106382978726
NAS100_USD,1m,Supertrend cambia,"stop 2 ATR, cierre de sesión",límite,descubrimiento,404,143,-0.17888061994373433,-0.41140897052050446,-0.5053690241767039,18.316831683168317
NAS100_USD,1m,Supertrend cambia,"stop 1,5 / obj 3 ATR",mercado,validacion,517,105,-0.6172384882457498,-2.7598718408511465,-3.039164746886216,32.688588007736946
NAS100_USD,1m,Supertrend cambia,"stop 1,5 / obj 3 ATR",límite,validacion,458,105,-0.620123337541092,-2.478706217383791,-2.704918938988763,32.751091703056765
NAS100_USD,1m,Supertrend cambia,stop 2 / obj 3 ATR,mercado,validacion,517,105,-0.5771800289993373,-2.38077576983903,-2.841924523739594,38.297872340425535
NAS100_USD,1m,Supertrend cambia,stop 2 / obj 3 ATR,límite,validacion,458,105,-0.41606370476135446,-1.5553054360660465,-1.814830255054289,39.519650655021834
NAS100_USD,1m,Supertrend cambia,"stop 2 ATR, cierre de sesión",mercado,validacion,337,105,-0.5394992413082128,-0.74633453033798,-1.73153566019874,17.804154302670625
NAS100_USD,1m,Supertrend cambia,"stop 2 ATR, cierre de sesión",límite,validacion,310,105,-0.1809245790973776,-0.2293594958365232,-0.5341582811446386,18.70967741935484
NAS100_USD,1m,ADX>25 + cruce DI,"stop 1,5 / obj 3 ATR",mercado,descubrimiento,337,138,-0.6205023080198981,-3.5302252435963566,-1.5152846217587368,32.93768545994065
NAS100_USD,1m,ADX>25 + cruce DI,"stop 1,5 / obj 3 ATR",límite,descubrimiento,266,125,-0.46310312411838783,-2.0127708397753765,-0.9854834481239293,33.45864661654135
NAS100_USD,1m,ADX>25 + cruce DI,stop 2 / obj 3 ATR,mercado,descubrimiento,330,138,-0.5332094713593925,-2.898034506846658,-1.2750661271637644,39.39393939393939
NAS100_USD,1m,ADX>25 + cruce DI,stop 2 / obj 3 ATR,límite,descubrimiento,263,125,-0.4553384199341872,-1.9303946488600867,-0.9580320355415299,39.92395437262358
NAS100_USD,1m,ADX>25 + cruce DI,"stop 2 ATR, cierre de sesión",mercado,descubrimiento,276,138,-0.3080845420775184,-0.6377831870696477,-0.6161690841550368,19.92753623188406
NAS100_USD,1m,ADX>25 + cruce DI,"stop 2 ATR, cierre de sesión",límite,descubrimiento,227,125,0.04320600337394346,0.07583102701025071,0.07846210212708132,20.704845814977972
NAS100_USD,1m,ADX>25 + cruce DI,"stop 1,5 / obj 3 ATR",mercado,validacion,231,98,-0.24425784315897886,-0.607116057061066,-0.5757506303033073,36.36363636363637
NAS100_USD,1m,ADX>25 + cruce DI,"stop 1,5 / obj 3 ATR",límite,validacion,197,93,-0.41221944172370906,-0.9749944912131338,-0.8731960217158139,36.04060913705584
NAS100_USD,1m,ADX>25 + cruce DI,stop 2 / obj 3 ATR,mercado,validacion,228,98,-0.1659226205265273,-0.3679544841363446,-0.3860240559188594,42.98245614035088
NAS100_USD,1m,ADX>25 + cruce DI,stop 2 / obj 3 ATR,límite,validacion,192,93,-0.2360172279179109,-0.4772040913146896,-0.48726137376600964,42.70833333333333
NAS100_USD,1m,ADX>25 + cruce DI,"stop 2 ATR, cierre de sesión",mercado,validacion,187,98,0.5055869923555822,0.46888801697593446,0.9647425262295294,21.92513368983957
NAS100_USD,1m,ADX>25 + cruce DI,"stop 2 ATR, cierre de sesión",límite,validacion,166,93,-0.19265699530223468,-0.18454933646928903,-0.34388237871151567,20.481927710843372
NAS100_USD,1m,Envolvente,"stop 1,5 / obj 3 ATR",mercado,descubrimiento,1550,142,-0.7375862108891986,-9.832088549220137,-8.051117090691957,29.161290322580648
NAS100_USD,1m,Envolvente,"stop 1,5 / obj 3 ATR",límite,descubrimiento,1254,142,-0.788239844635343,-8.829721393737913,-6.9609349660050714,29.346092503987244
NAS100_USD,1m,Envolvente,stop 2 / obj 3 ATR,mercado,descubrimiento,1438,142,-0.7851903961331521,-8.776587526235296,-7.951435138306146,34.840055632823365
NAS100_USD,1m,Envolvente,stop 2 / obj 3 ATR,límite,descubrimiento,1172,142,-0.749516558291154,-7.003224583324017,-6.1861507487129055,36.00682593856656
NAS100_USD,1m,Envolvente,"stop 2 ATR, cierre de sesión",mercado,descubrimiento,556,142,-0.7069034152751352,-1.9327040003875506,-2.7678753443167268,18.525179856115106
NAS100_USD,1m,Envolvente,"stop 2 ATR, cierre de sesión",límite,descubrimiento,540,142,-0.8629781062073187,-2.367907645952551,-3.2817477278306484,17.22222222222222
NAS100_USD,1m,Envolvente,"stop 1,5 / obj 3 ATR",mercado,validacion,1561,105,-0.7254883561968317,-5.454072339238221,-10.785593562126232,33.055733504163996
NAS100_USD,1m,Envolvente,"stop 1,5 / obj 3 ATR",límite,validacion,1396,105,-0.7106716656795928,-4.835123447832867,-9.448549002749635,33.022922636103154
NAS100_USD,1m,Envolvente,stop 2 / obj 3 ATR,mercado,validacion,1415,105,-0.7518938923556182,-4.745362989562915,-10.13266531126857,39.01060070671378
NAS100_USD,1m,Envolvente,stop 2 / obj 3 ATR,límite,validacion,1282,105,-0.7582504690437424,-4.410634601684558,-9.257877155372169,38.84555382215289
NAS100_USD,1m,Envolvente,"stop 2 ATR, cierre de sesión",mercado,validacion,462,105,-0.6870622146697304,-0.9149575836986946,-3.0230737445468137,16.883116883116884
NAS100_USD,1m,Envolvente,"stop 2 ATR, cierre de sesión",límite,validacion,450,105,-0.9112267210748493,-1.2401186129962212,-3.905257376035068,17.333333333333336
NAS100_USD,1m,Martillo / estrella,"stop 1,5 / obj 3 ATR",mercado,descubrimiento,2302,142,-0.6658811506269081,-9.176714580008024,-10.794777526360159,30.49522154648132
NAS100_USD,1m,Martillo / estrella,"stop 1,5 / obj 3 ATR",límite,descubrimiento,1948,142,-0.5083463416329635,-5.823384554880613,-6.973652630288823,33.572895277207394
NAS100_USD,1m,Martillo / estrella,stop 2 / obj 3 ATR,mercado,descubrimiento,2086,142,-0.6124779492245188,-6.91245870715463,-8.997387338608073,36.91275167785235
NAS100_USD,1m,Martillo / estrella,stop 2 / obj 3 ATR,límite,descubrimiento,1796,142,-0.547731332663439,-5.601134438195872,-6.927644179320679,38.641425389755014
NAS100_USD,1m,Martillo / estrella,"stop 2 ATR, cierre de sesión",mercado,descubrimiento,612,142,-0.5916750078107808,-1.7965573755338025,-2.5500359491563227,17.647058823529413
NAS100_USD,1m,Martillo / estrella,"stop 2 ATR, cierre de sesión",límite,descubrimiento,616,142,-0.7540349435883688,-2.325048541531142,-3.27102482570729,17.045454545454543
NAS100_USD,1m,Martillo / estrella,"stop 1,5 / obj 3 ATR",mercado,validacion,1733,105,-0.5137372336770112,-3.860012171007195,-8.4791107234501,33.929601846508945
NAS100_USD,1m,Martillo / estrella,"stop 1,5 / obj 3 ATR",límite,validacion,1564,105,-0.5009277413492033,-3.3093969384644812,-7.461437975906228,33.50383631713555
NAS100_USD,1m,Martillo / estrella,stop 2 / obj 3 ATR,mercado,validacion,1570,105,-0.5543670969707948,-3.542040314766843,-8.289108021372837,39.80891719745223
NAS100_USD,1m,Martillo / estrella,stop 2 / obj 3 ATR,límite,validacion,1420,105,-0.5295388218046921,-3.2299730558843125,-7.161382161549169,40.28169014084507
NAS100_USD,1m,Martillo / estrella,"stop 2 ATR, cierre de sesión",mercado,validacion,453,105,-0.1315829029672783,-0.17099853717825564,-0.567686238515972,17.880794701986755
NAS100_USD,1m,Martillo / estrella,"stop 2 ATR, cierre de sesión",límite,validacion,454,105,-0.1358153778025785,-0.1757193754585479,-0.5872398240225775,17.841409691629956
NAS100_USD,1m,Ruptura de inside bar,"stop 1,5 / obj 3 ATR",mercado,descubrimiento,2274,144,-0.7523820942629812,-13.36108892485655,-11.881367238569577,28.62796833773087
NAS100_USD,1m,Ruptura de inside bar,"stop 1,5 / obj 3 ATR",límite,descubrimiento,1885,142,-0.6803737126405414,-9.340222242628235,-9.03172146709451,30.079575596816976
NAS100_USD,1m,Ruptura de inside bar,stop 2 / obj 3 ATR,mercado,descubrimiento,2066,144,-0.7404527917028267,-11.059052393657515,-10.623440747625278,34.89835430784124
NAS100_USD,1m,Ruptura de inside bar,stop 2 / obj 3 ATR,límite,descubrimiento,1721,142,-0.5765156140374544,-6.970300336849933,-6.98720684336943,37.8849506101104
NAS100_USD,1m,Ruptura de inside bar,"stop 2 ATR, cierre de sesión",mercado,descubrimiento,592,144,-0.7815321112001279,-2.3450104057228023,-3.21296534604497,17.736486486486484
NAS100_USD,1m,Ruptura de inside bar,"stop 2 ATR, cierre de sesión",límite,descubrimiento,583,142,-0.8007532698416988,-2.330454003647758,-3.287599692378242,17.32418524871355
NAS100_USD,1m,Ruptura de inside bar,"stop 1,5 / obj 3 ATR",mercado,validacion,1372,105,-0.5673877474474501,-4.086020093987809,-7.413866566646681,33.23615160349854
NAS100_USD,1m,Ruptura de inside bar,"stop 1,5 / obj 3 ATR",límite,validacion,1213,105,-0.7367470053337118,-4.981249873798502,-8.511182071140881,31.90436933223413
NAS100_USD,1m,Ruptura de inside bar,stop 2 / obj 3 ATR,mercado,validacion,1263,105,-0.5932256348437046,-3.582421615757855,-7.135656921977133,38.79651623119557
NAS100_USD,1m,Ruptura de inside bar,stop 2 / obj 3 ATR,límite,validacion,1129,105,-0.7763855840275034,-4.273463442122191,-8.347993565400488,37.73250664304694
NAS100_USD,1m,Ruptura de inside bar,"stop 2 ATR, cierre de sesión",mercado,validacion,384,105,0.19766121506691206,0.24416441077295478,0.7228753008161356,20.052083333333336
NAS100_USD,1m,Ruptura de inside bar,"stop 2 ATR, cierre de sesión",límite,validacion,390,105,-0.35037909244880117,-0.45168233883322895,-1.3014080576669758,19.230769230769234
NAS100_USD,1m,Clímax de volumen (reversión),"stop 1,5 / obj 3 ATR",mercado,descubrimiento,60,40,-0.2963576448957042,-0.7618665963450376,-0.4445364673435563,31.666666666666664
NAS100_USD,1m,Clímax de volumen (reversión),"stop 1,5 / obj 3 ATR",límite,descubrimiento,50,36,-0.47709388172626405,-1.2130291429672553,-0.6626303912864778,26.0
NAS100_USD,1m,Clímax de volumen (reversión),stop 2 / obj 3 ATR,mercado,descubrimiento,60,40,-0.611956276098897,-1.5402008161379215,-0.9179344141483454,33.33333333333333
NAS100_USD,1m,Clímax de volumen (reversión),stop 2 / obj 3 ATR,límite,descubrimiento,50,36,-0.8241787414550891,-1.9415732003926054,-1.1446926964654014,26.0
NAS100_USD,1m,Clímax de volumen (reversión),"stop 2 ATR, cierre de sesión",mercado,descubrimiento,59,40,0.12557091389668668,0.11248946221228301,0.18521709799761282,18.64406779661017
NAS100_USD,1m,Clímax de volumen (reversión),"stop 2 ATR, cierre de sesión",límite,descubrimiento,49,36,-0.7603120404847039,-0.7622241486479724,-1.0348691662152916,16.3265306122449
NAS100_USD,1m,Clímax de volumen (reversión),"stop 1,5 / obj 3 ATR",mercado,validacion,20,19,-2.6480995130539213,-3.0056405888729136,-2.787473171635707,15.0
NAS100_USD,1m,Clímax de volumen (reversión),"stop 1,5 / obj 3 ATR",límite,validacion,17,16,-2.9505091877544625,-3.089990445070501,-3.1349160119891164,11.76470588235294
NAS100_USD,1m,Clímax de volumen (reversión),stop 2 / obj 3 ATR,mercado,validacion,20,19,-3.5623435282707527,-3.5354573248886774,-3.7498352929165817,15.0
NAS100_USD,1m,Clímax de volumen (reversión),stop 2 / obj 3 ATR,límite,validacion,17,16,-3.740168757999671,-3.3549475861309794,-3.9739293053746505,17.647058823529413
NAS100_USD,1m,Clímax de volumen (reversión),"stop 2 ATR, cierre de sesión",mercado,validacion,20,19,-4.602920188903816,-5.405035007876194,-4.8451791462145435,5.0
NAS100_USD,1m,Clímax de volumen (reversión),"stop 2 ATR, cierre de sesión",límite,validacion,17,16,-5.134959809920377,-7.499815621445249,-5.455894798040401,5.88235294117647
NAS100_USD,1m,Divergencia SMT,"stop 1,5 / obj 3 ATR",mercado,descubrimiento,564,132,-0.8087308032187166,-5.676898870619454,-3.455486159207244,29.609929078014186
NAS100_USD,1m,Divergencia SMT,"stop 1,5 / obj 3 ATR",límite,descubrimiento,442,129,-0.9652226961845723,-5.892382475631275,-3.307197145066519,28.054298642533936
NAS100_USD,1m,Divergencia SMT,stop 2 / obj 3 ATR,mercado,descubrimiento,525,132,-0.9650047833351839,-5.49375936553383,-3.838087206446754,34.095238095238095
NAS100_USD,1m,Divergencia SMT,stop 2 / obj 3 ATR,límite,descubrimiento,414,129,-0.9169948711487381,-4.457066400712692,-2.942913772523857,35.26570048309179
NAS100_USD,1m,Divergencia SMT,"stop 2 ATR, cierre de sesión",mercado,descubrimiento,392,132,-1.028514918198394,-2.588862440235007,-3.054377635861897,16.3265306122449
NAS100_USD,1m,Divergencia SMT,"stop 2 ATR, cierre de sesión",límite,descubrimiento,324,129,-1.1308200351250026,-2.7768061557029293,-2.840199157988379,16.358024691358025
NAS100_USD,1m,Divergencia SMT,"stop 1,5 / obj 3 ATR",mercado,validacion,365,96,-0.23861151092672117,-0.7549746039994886,-0.9072208488359711,35.89041095890411
NAS100_USD,1m,Divergencia SMT,"stop 1,5 / obj 3 ATR",límite,validacion,310,94,-0.5452108739460702,-1.528115161601154,-1.7980358608859761,33.87096774193548
NAS100_USD,1m,Divergencia SMT,stop 2 / obj 3 ATR,mercado,validacion,345,96,-0.31968010335728464,-0.8703796896777843,-1.1488503714402416,41.449275362318836
NAS100_USD,1m,Divergencia SMT,stop 2 / obj 3 ATR,límite,validacion,296,94,-0.3622788598408653,-0.9270998860663067,-1.1407930054563418,41.55405405405405
NAS100_USD,1m,Divergencia SMT,"stop 2 ATR, cierre de sesión",mercado,validacion,232,96,-0.45668917750490634,-0.4818433023202078,-1.1036655123035237,18.53448275862069
NAS100_USD,1m,Divergencia SMT,"stop 2 ATR, cierre de sesión",límite,validacion,207,94,-0.46309780406492257,-0.4840073588221504,-1.0198004834195635,17.874396135265698
NAS100_USD,1m,Vela de impulso,"stop 1,5 / obj 3 ATR",mercado,descubrimiento,290,130,-0.8146909606867775,-4.686804577153783,-1.8173875276858882,28.965517241379313
NAS100_USD,1m,Vela de impulso,"stop 1,5 / obj 3 ATR",límite,descubrimiento,246,123,-0.6534574466023005,-3.224362093224454,-1.306914893204601,30.48780487804878
NAS100_USD,1m,Vela de impulso,stop 2 / obj 3 ATR,mercado,descubrimiento,289,130,-0.8542392700188634,-4.537635290522289,-1.8990396079650116,33.910034602076124
NAS100_USD,1m,Vela de impulso,stop 2 / obj 3 ATR,límite,descubrimiento,244,123,-0.682305340639879,-3.129807853692542,-1.3535162854969958,36.0655737704918
NAS100_USD,1m,Vela de impulso,"stop 2 ATR, cierre de sesión",mercado,descubrimiento,230,130,-1.4924716987817173,-3.4989717339199404,-2.6405268516907303,12.173913043478262
NAS100_USD,1m,Vela de impulso,"stop 2 ATR, cierre de sesión",límite,descubrimiento,205,123,-1.3994645348990826,-3.10110636528007,-2.332440891498471,13.170731707317074
NAS100_USD,1m,Vela de impulso,"stop 1,5 / obj 3 ATR",mercado,validacion,196,84,-0.19150552238737428,-0.4785773975823708,-0.44684621890387327,35.714285714285715
NAS100_USD,1m,Vela de impulso,"stop 1,5 / obj 3 ATR",límite,validacion,180,82,-0.22647991882431076,-0.526800563110685,-0.49715104132165777,36.11111111111111
NAS100_USD,1m,Vela de impulso,stop 2 / obj 3 ATR,mercado,validacion,193,84,-0.20828817977806816,-0.47786129986642306,-0.4785668892519899,41.45077720207254
NAS100_USD,1m,Vela de impulso,stop 2 / obj 3 ATR,límite,validacion,178,82,-0.10239070077961411,-0.21467362956076178,-0.2222627407167233,42.69662921348314
NAS100_USD,1m,Vela de impulso,"stop 2 ATR, cierre de sesión",mercado,validacion,141,84,1.601834275705583,1.1844601027446147,2.6887932485058,26.24113475177305
NAS100_USD,1m,Vela de impulso,"stop 2 ATR, cierre de sesión",límite,validacion,133,82,1.8086818987265485,1.2673018299861487,2.9335938113491578,27.819548872180448
NAS100_USD,3m,EMA 9 pullback en tendencia,"stop 1,5 / obj 3 ATR",mercado,descubrimiento,537,133,-0.5409687516187622,-2.4715443253763523,-2.184212177588536,35.00931098696462
NAS100_USD,3m,EMA 9 pullback en tendencia,"stop 1,5 / obj 3 ATR",límite,descubrimiento,493,132,-0.40081552167934725,-1.8220044738756485,-1.496985243847865,36.308316430020284
NAS100_USD,3m,EMA 9 pullback en tendencia,stop 2 / obj 3 ATR,mercado,descubrimiento,464,133,-0.4214010689793015,-1.6309225271550756,-1.4701510977924503,41.5948275862069
NAS100_USD,3m,EMA 9 pullback en tendencia,stop 2 / obj 3 ATR,límite,descubrimiento,444,132,-0.33641028511631027,-1.328521609402369,-1.1315618681184982,42.34234234234234
NAS100_USD,3m,EMA 9 pullback en tendencia,"stop 2 ATR, cierre de sesión",mercado,descubrimiento,235,133,-0.5105541087211548,-0.8418337674733669,-0.9021068838306118,28.936170212765955
NAS100_USD,3m,EMA 9 pullback en tendencia,"stop 2 ATR, cierre de sesión",límite,descubrimiento,227,132,-0.5009160237165331,-0.8129871258502072,-0.8614237680579774,29.955947136563875
NAS100_USD,3m,EMA 9 pullback en tendencia,"stop 1,5 / obj 3 ATR",mercado,validacion,412,97,-0.34567396620522933,-0.7200067503096267,-1.4682234440881905,37.62135922330097
NAS100_USD,3m,EMA 9 pullback en tendencia,"stop 1,5 / obj 3 ATR",límite,validacion,395,96,-0.2226139629943403,-0.48272957322997684,-0.9159637019037961,39.24050632911392
NAS100_USD,3m,EMA 9 pullback en tendencia,stop 2 / obj 3 ATR,mercado,validacion,360,97,-0.17473310430843503,-0.30524050684896925,-0.6484939953715115,44.72222222222222
NAS100_USD,3m,EMA 9 pullback en tendencia,stop 2 / obj 3 ATR,límite,validacion,347,96,-0.026550689416921167,-0.04598686858017713,-0.09596967945491297,46.68587896253602
NAS100_USD,3m,EMA 9 pullback en tendencia,"stop 2 ATR, cierre de sesión",mercado,validacion,173,97,1.0262071209835666,0.7335275134367472,1.8302456900016189,31.79190751445087
NAS100_USD,3m,EMA 9 pullback en tendencia,"stop 2 ATR, cierre de sesión",límite,validacion,170,96,1.2316059687558185,0.8628360003206932,2.180968903005095,32.35294117647059
NAS100_USD,3m,Recupera VWAP,"stop 1,5 / obj 3 ATR",mercado,descubrimiento,390,141,-0.36447545589544755,-1.2816748677003091,-1.00812360141294,36.666666666666664
NAS100_USD,3m,Recupera VWAP,"stop 1,5 / obj 3 ATR",límite,descubrimiento,357,138,-0.24400551506116727,-0.8072042322211811,-0.6312316585278023,37.53501400560224
NAS100_USD,3m,Recupera VWAP,stop 2 / obj 3 ATR,mercado,descubrimiento,349,141,-0.3645206665241209,-1.0888184429707146,-0.902253280971051,42.40687679083094
NAS100_USD,3m,Recupera VWAP,stop 2 / obj 3 ATR,límite,descubrimiento,323,138,-0.24531403362935006,-0.7179794422346835,-0.5741770497266672,43.034055727554176
NAS100_USD,3m,Recupera VWAP,"stop 2 ATR, cierre de sesión",mercado,descubrimiento,267,141,-0.2226145417502732,-0.3300241931682117,-0.4215466854420067,29.962546816479403
NAS100_USD,3m,Recupera VWAP,"stop 2 ATR, cierre de sesión",límite,descubrimiento,247,138,-0.2526640384303348,-0.3611985428600249,-0.4522320108137152,29.959514170040485
NAS100_USD,3m,Recupera VWAP,"stop 1,5 / obj 3 ATR",mercado,validacion,276,92,-1.0571909363719096,-2.157357719587478,-3.171572809115729,34.05797101449276
NAS100_USD,3m,Recupera VWAP,"stop 1,5 / obj 3 ATR",límite,validacion,262,92,-0.970761036963874,-1.9364787416376046,-2.7645586052666844,33.969465648854964
NAS100_USD,3m,Recupera VWAP,stop 2 / obj 3 ATR,mercado,validacion,246,92,-1.036993203802815,-1.7387102769972735,-2.7728296536466575,39.43089430894309
NAS100_USD,3m,Recupera VWAP,stop 2 / obj 3 ATR,límite,validacion,233,92,-0.9407148897392091,-1.5017609443922584,-2.382462709882997,40.343347639484975
NAS100_USD,3m,Recupera VWAP,"stop 2 ATR, cierre de sesión",mercado,validacion,187,92,-0.5815304521570726,-0.43707695513057077,-1.1820238538410062,24.598930481283425
NAS100_USD,3m,Recupera VWAP,"stop 2 ATR, cierre de sesión",límite,validacion,176,92,-0.1938119384375373,-0.1349288679078985,-0.3707706648370279,25.0
NAS100_USD,3m,Retroceso a VWAP en tendencia,"stop 1,5 / obj 3 ATR",mercado,descubrimiento,122,81,-1.0384335462187109,-2.1236355874360955,-1.5640604029467005,29.508196721311474
NAS100_USD,3m,Retroceso a VWAP en tendencia,"stop 1,5 / obj 3 ATR",límite,descubrimiento,112,79,-1.1142851045089108,-2.1908723350887462,-1.5797459709493418,28.57142857142857
NAS100_USD,3m,Retroceso a VWAP en tendencia,stop 2 / obj 3 ATR,mercado,descubrimiento,117,81,-0.9370638205454883,-1.5484422082561209,-1.3535366296768165,37.60683760683761
NAS100_USD,3m,Retroceso a VWAP en tendencia,stop 2 / obj 3 ATR,límite,descubrimiento,107,79,-0.7114007201150155,-1.1511661862519977,-0.9635427474975526,38.31775700934579
NAS100_USD,3m,Retroceso a VWAP en tendencia,"stop 2 ATR, cierre de sesión",mercado,descubrimiento,95,81,-1.583551012340355,-1.747196057891075,-1.857251187312762,24.210526315789473
NAS100_USD,3m,Retroceso a VWAP en tendencia,"stop 2 ATR, cierre de sesión",límite,descubrimiento,87,79,-0.9591203536110479,-0.9860165591410569,-1.0562464653691286,26.436781609195403
NAS100_USD,3m,Retroceso a VWAP en tendencia,"stop 1,5 / obj 3 ATR",mercado,validacion,94,57,-1.0540331892510637,-1.0618364614143128,-1.7382301717473683,29.78723404255319
NAS100_USD,3m,Retroceso a VWAP en tendencia,"stop 1,5 / obj 3 ATR",límite,validacion,87,57,-0.7321334538788768,-0.6675543872457018,-1.1174668506572332,31.03448275862069
NAS100_USD,3m,Retroceso a VWAP en tendencia,stop 2 / obj 3 ATR,mercado,validacion,89,57,-1.073240605365023,-0.9484004836243309,-1.6757616469734566,34.831460674157306
NAS100_USD,3m,Retroceso a VWAP en tendencia,stop 2 / obj 3 ATR,límite,validacion,85,57,-1.3352687347636614,-1.1338280548910518,-1.9911902185072143,32.94117647058823
NAS100_USD,3m,Retroceso a VWAP en tendencia,"stop 2 ATR, cierre de sesión",mercado,validacion,75,57,0.09315017636616192,0.040024379848786866,0.12256602153442359,24.0
NAS100_USD,3m,Retroceso a VWAP en tendencia,"stop 2 ATR, cierre de sesión",límite,validacion,71,57,-0.19570181201881123,-0.08321741812255483,-0.2437689237427298,23.943661971830984
NAS100_USD,3m,Rechazo banda VWAP 2σ,"stop 1,5 / obj 3 ATR",mercado,descubrimiento,447,124,-0.7724488921880159,-2.919064859685691,-2.7845536678067995,33.1096196868009
NAS100_USD,3m,Rechazo banda VWAP 2σ,"stop 1,5 / obj 3 ATR",límite,descubrimiento,399,123,-0.6438128791954837,-2.268479425680921,-2.088466169097545,33.583959899749374
NAS100_USD,3m,Rechazo banda VWAP 2σ,stop 2 / obj 3 ATR,mercado,descubrimiento,388,124,-0.7865094585209695,-2.5797116505756756,-2.4610134669849693,38.91752577319588
NAS100_USD,3m,Rechazo banda VWAP 2σ,stop 2 / obj 3 ATR,límite,descubrimiento,348,123,-0.7598498860652353,-2.3030875624624185,-2.1498191898431047,39.08045977011494
NAS100_USD,3m,Rechazo banda VWAP 2σ,"stop 2 ATR, cierre de sesión",mercado,descubrimiento,363,124,-1.1272194251541263,-2.144374314318141,-3.299843962346354,25.068870523415974
NAS100_USD,3m,Rechazo banda VWAP 2σ,"stop 2 ATR, cierre de sesión",límite,descubrimiento,323,123,-0.9074647485656298,-1.6074554401447156,-2.3830171852577107,25.386996904024766
NAS100_USD,3m,Rechazo banda VWAP 2σ,"stop 1,5 / obj 3 ATR",mercado,validacion,322,82,-1.1722015289416305,-2.0510011351857624,-4.603035272185427,30.124223602484474
NAS100_USD,3m,Rechazo banda VWAP 2σ,"stop 1,5 / obj 3 ATR",límite,validacion,299,80,-1.3050371992946936,-2.2567134065402374,-4.877576532363918,29.76588628762542
NAS100_USD,3m,Rechazo banda VWAP 2σ,stop 2 / obj 3 ATR,mercado,validacion,280,82,-1.9087687032563383,-2.77347926286386,-6.517746791607008,32.5
NAS100_USD,3m,Rechazo banda VWAP 2σ,stop 2 / obj 3 ATR,límite,validacion,260,80,-1.934797337788805,-2.7572815973138862,-6.288091347813617,33.84615384615385
NAS100_USD,3m,Rechazo banda VWAP 2σ,"stop 2 ATR, cierre de sesión",mercado,validacion,259,82,-1.805733637275842,-1.4861569075478531,-5.703475756761501,20.463320463320464
NAS100_USD,3m,Rechazo banda VWAP 2σ,"stop 2 ATR, cierre de sesión",límite,validacion,239,80,-1.9499269629123304,-1.5779285070657245,-5.825406801700587,20.502092050209207
NAS100_USD,3m,Rechazo banda VWAP 1σ,"stop 1,5 / obj 3 ATR",mercado,descubrimiento,433,131,-0.6289945191654256,-2.4882376351604534,-2.0790429526612924,34.8729792147806
NAS100_USD,3m,Rechazo banda VWAP 1σ,"stop 1,5 / obj 3 ATR",límite,descubrimiento,386,127,-0.7378451225362255,-2.7639318367218517,-2.2425843881809686,33.67875647668394
NAS100_USD,3m,Rechazo banda VWAP 1σ,stop 2 / obj 3 ATR,mercado,descubrimiento,378,131,-0.6731086416219255,-2.2342464968282894,-1.9422524162831134,41.269841269841265
NAS100_USD,3m,Rechazo banda VWAP 1σ,stop 2 / obj 3 ATR,límite,descubrimiento,339,127,-0.736218746643848,-2.3334666375834843,-1.965182323718618,40.707964601769916
NAS100_USD,3m,Rechazo banda VWAP 1σ,"stop 2 ATR, cierre de sesión",mercado,descubrimiento,308,131,-0.4089920866024942,-0.7299711108976695,-0.9615997150654062,29.22077922077922
NAS100_USD,3m,Rechazo banda VWAP 1σ,"stop 2 ATR, cierre de sesión",límite,descubrimiento,279,127,-0.4429577687307925,-0.7319498995710877,-0.9731119486290639,29.39068100358423
NAS100_USD,3m,Rechazo banda VWAP 1σ,"stop 1,5 / obj 3 ATR",mercado,validacion,304,90,-0.85011454224587,-1.7342429047562626,-2.871498009363828,34.21052631578947
NAS100_USD,3m,Rechazo banda VWAP 1σ,"stop 1,5 / obj 3 ATR",límite,validacion,290,89,-0.9912494660246028,-1.945652425754024,-3.2299139904172454,33.793103448275865
NAS100_USD,3m,Rechazo banda VWAP 1σ,stop 2 / obj 3 ATR,mercado,validacion,272,90,-0.8579071401673217,-1.5026731907721134,-2.5927860236167946,39.705882352941174
NAS100_USD,3m,Rechazo banda VWAP 1σ,stop 2 / obj 3 ATR,límite,validacion,262,89,-0.9836408315724086,-1.6672557725991206,-2.895661773842371,39.31297709923664
NAS100_USD,3m,Rechazo banda VWAP 1σ,"stop 2 ATR, cierre de sesión",mercado,validacion,212,90,-0.866811745346709,-0.7105857101219244,-2.041823222372248,25.471698113207548
NAS100_USD,3m,Rechazo banda VWAP 1σ,"stop 2 ATR, cierre de sesión",límite,validacion,204,89,-0.9502077200833362,-0.7686714662767483,-2.1780042123258494,25.49019607843137
NAS100_USD,3m,Barrido de swing (liquidez),"stop 1,5 / obj 3 ATR",mercado,descubrimiento,336,134,-1.1308191235221596,-3.558868674476521,-2.8354867574884,30.357142857142854
NAS100_USD,3m,Barrido de swing (liquidez),"stop 1,5 / obj 3 ATR",límite,descubrimiento,291,126,-1.101236610314284,-3.359817924920567,-2.5433321714401327,31.27147766323024
NAS100_USD,3m,Barrido de swing (liquidez),stop 2 / obj 3 ATR,mercado,descubrimiento,324,134,-1.3558555679556732,-3.621049812001772,-3.27833734341521,34.25925925925926
NAS100_USD,3m,Barrido de swing (liquidez),stop 2 / obj 3 ATR,límite,descubrimiento,282,126,-1.3838239113489768,-3.5391331011229865,-3.0971297063524714,35.1063829787234
NAS100_USD,3m,Barrido de swing (liquidez),"stop 2 ATR, cierre de sesión",mercado,descubrimiento,253,134,-1.3298125836217856,-2.015186957954492,-2.5107655496739683,24.110671936758894
NAS100_USD,3m,Barrido de swing (liquidez),"stop 2 ATR, cierre de sesión",límite,descubrimiento,229,126,-1.3653403538283297,-1.9779248769980236,-2.4814519129102184,24.017467248908297
NAS100_USD,3m,Barrido de swing (liquidez),"stop 1,5 / obj 3 ATR",mercado,validacion,277,101,-0.9576982832127207,-1.5946319491047236,-2.626558657920036,30.324909747292416
NAS100_USD,3m,Barrido de swing (liquidez),"stop 1,5 / obj 3 ATR",límite,validacion,264,101,-0.8760160962289143,-1.4493686057064705,-2.289784647568647,31.818181818181817
NAS100_USD,3m,Barrido de swing (liquidez),stop 2 / obj 3 ATR,mercado,validacion,262,101,-1.1858842847911544,-1.8244643269421446,-3.0762542833196282,35.11450381679389
NAS100_USD,3m,Barrido de swing (liquidez),stop 2 / obj 3 ATR,límite,validacion,250,101,-0.9881104434967185,-1.5206759620754111,-2.445817929447323,38.4
NAS100_USD,3m,Barrido de swing (liquidez),"stop 2 ATR, cierre de sesión",mercado,validacion,194,101,-0.3614983049864647,-0.26944290667051185,-0.6943630808650906,25.257731958762886
NAS100_USD,3m,Barrido de swing (liquidez),"stop 2 ATR, cierre de sesión",límite,validacion,189,101,-0.16441542105699816,-0.12065666278334371,-0.3076684611858679,27.513227513227513
NAS100_USD,3m,Barrido del día anterior,"stop 1,5 / obj 3 ATR",mercado,descubrimiento,161,70,-0.02652282374245544,-0.060112259512296436,-0.061002494607647506,39.130434782608695
NAS100_USD,3m,Barrido del día anterior,"stop 1,5 / obj 3 ATR",límite,descubrimiento,141,68,0.09852519627159022,0.19121506279583794,0.20429489226903264,39.71631205673759
NAS100_USD,3m,Barrido del día anterior,stop 2 / obj 3 ATR,mercado,descubrimiento,143,70,-0.050463006212996486,-0.0928451270012642,-0.10308871269226424,44.75524475524475
NAS100_USD,3m,Barrido del día anterior,stop 2 / obj 3 ATR,límite,descubrimiento,129,68,0.028047280348556837,0.04821252375299916,0.053207340661232824,44.96124031007752
NAS100_USD,3m,Barrido del día anterior,"stop 2 ATR, cierre de sesión",mercado,descubrimiento,124,70,-0.5377901442589406,-0.5218328860563581,-0.9526568269729804,29.03225806451613
NAS100_USD,3m,Barrido del día anterior,"stop 2 ATR, cierre de sesión",límite,descubrimiento,112,68,-0.385662391781817,-0.36023966721202466,-0.6352086452876985,29.464285714285715
NAS100_USD,3m,Barrido del día anterior,"stop 1,5 / obj 3 ATR",mercado,validacion,105,40,-1.2264521760032343,-1.0595072667636973,-3.2194369620084897,31.428571428571427
NAS100_USD,3m,Barrido del día anterior,"stop 1,5 / obj 3 ATR",límite,validacion,99,39,-1.3214916438767401,-1.0756133078771903,-3.3545557113794175,29.292929292929294
NAS100_USD,3m,Barrido del día anterior,stop 2 / obj 3 ATR,mercado,validacion,89,40,-1.361589556061843,-0.949147519633436,-3.0295367622376004,35.95505617977528
NAS100_USD,3m,Barrido del día anterior,stop 2 / obj 3 ATR,límite,validacion,87,39,-1.4385519175694017,-0.9758565625519579,-3.209077354577896,36.7816091954023
NAS100_USD,3m,Barrido del día anterior,"stop 2 ATR, cierre de sesión",mercado,validacion,73,40,0.10744290809105908,0.04085855503118924,0.1960833072661828,26.027397260273972
NAS100_USD,3m,Barrido del día anterior,"stop 2 ATR, cierre de sesión",límite,validacion,71,39,-0.288690634176778,-0.11018637251982004,-0.5255650006808009,25.352112676056336
NAS100_USD,3m,Barrido de la noche (ON),"stop 1,5 / obj 3 ATR",mercado,descubrimiento,169,71,-0.4035256229914133,-0.7594823144115924,-0.9605046519091387,37.278106508875744
NAS100_USD,3m,Barrido de la noche (ON),"stop 1,5 / obj 3 ATR",límite,descubrimiento,156,69,-0.6413013217540838,-1.1887667455405988,-1.4498986404874938,35.256410256410255
NAS100_USD,3m,Barrido de la noche (ON),stop 2 / obj 3 ATR,mercado,descubrimiento,148,71,-0.6000009443308808,-1.0092104738071235,-1.2507061938164838,42.567567567567565
NAS100_USD,3m,Barrido de la noche (ON),stop 2 / obj 3 ATR,límite,descubrimiento,132,69,-0.5070697325648624,-0.8300336433283152,-0.9700464449066933,43.18181818181818
NAS100_USD,3m,Barrido de la noche (ON),"stop 2 ATR, cierre de sesión",mercado,descubrimiento,127,71,-0.9650751699612851,-1.0326278871434584,-1.726261219508214,31.496062992125985
NAS100_USD,3m,Barrido de la noche (ON),"stop 2 ATR, cierre de sesión",límite,descubrimiento,112,69,-0.6702471950224448,-0.6496595635122485,-1.087937475978461,32.142857142857146
NAS100_USD,3m,Barrido de la noche (ON),"stop 1,5 / obj 3 ATR",mercado,validacion,125,48,0.581290595436079,0.6388153689431466,1.5137775922814558,35.199999999999996
NAS100_USD,3m,Barrido de la noche (ON),"stop 1,5 / obj 3 ATR",límite,validacion,116,48,0.8063578439169861,0.8144139995850244,1.9486981227993831,37.06896551724138
NAS100_USD,3m,Barrido de la noche (ON),stop 2 / obj 3 ATR,mercado,validacion,110,48,0.8881894579800577,0.88986748589183,2.0354341745376323,42.72727272727273
NAS100_USD,3m,Barrido de la noche (ON),stop 2 / obj 3 ATR,límite,validacion,104,48,0.9012700942846388,0.8376599848643582,1.9527518709500506,43.269230769230774
NAS100_USD,3m,Barrido de la noche (ON),"stop 2 ATR, cierre de sesión",mercado,validacion,84,48,-0.5774850209553982,-0.3642423705047381,-1.0105987866719468,27.380952380952383
NAS100_USD,3m,Barrido de la noche (ON),"stop 2 ATR, cierre de sesión",límite,validacion,80,48,-0.5637486362457085,-0.33498640823515846,-0.9395810604095142,27.500000000000004
NAS100_USD,3m,Ruptura rango apertura 15m,"stop 1,5 / obj 3 ATR",mercado,descubrimiento,239,111,-0.8613320698299133,-2.4637114300450573,-1.8545798620662097,31.799163179916317
NAS100_USD,3m,Ruptura rango apertura 15m,"stop 1,5 / obj 3 ATR",límite,descubrimiento,206,107,-0.46418841006686373,-1.216934414774254,-0.8936711446147096,35.43689320388349
NAS100_USD,3m,Ruptura rango apertura 15m,stop 2 / obj 3 ATR,mercado,descubrimiento,215,111,-1.0017328021138159,-2.488098798115491,-1.940293265355589,38.604651162790695
NAS100_USD,3m,Ruptura rango apertura 15m,stop 2 / obj 3 ATR,límite,descubrimiento,188,107,-0.5463436349275249,-1.264528426124215,-0.959930872582941,40.42553191489361
NAS100_USD,3m,Ruptura rango apertura 15m,"stop 2 ATR, cierre de sesión",mercado,descubrimiento,200,111,-1.1022288737297041,-1.6472662934581377,-1.9859979706841515,26.5
NAS100_USD,3m,Ruptura rango apertura 15m,"stop 2 ATR, cierre de sesión",límite,descubrimiento,169,107,-0.501234986514031,-0.6567107368898387,-0.791670212344591,28.994082840236686
NAS100_USD,3m,Ruptura rango apertura 15m,"stop 1,5 / obj 3 ATR",mercado,validacion,174,84,-0.5294249811391691,-0.7889631108622415,-1.0966660323597075,39.6551724137931
NAS100_USD,3m,Ruptura rango apertura 15m,"stop 1,5 / obj 3 ATR",límite,validacion,152,81,-0.7365993363292546,-0.9722252252032596,-1.3822604829882308,38.15789473684211
NAS100_USD,3m,Ruptura rango apertura 15m,stop 2 / obj 3 ATR,mercado,validacion,151,84,-0.15420198945810773,-0.17749699148939474,-0.27719643343064604,45.6953642384106
NAS100_USD,3m,Ruptura rango apertura 15m,stop 2 / obj 3 ATR,límite,validacion,138,81,-0.30572257007377934,-0.32978523267831117,-0.520860674940513,44.927536231884055
NAS100_USD,3m,Ruptura rango apertura 15m,"stop 2 ATR, cierre de sesión",mercado,validacion,130,84,1.8471310292757326,1.0906117307957344,2.8586551643553,36.15384615384615
NAS100_USD,3m,Ruptura rango apertura 15m,"stop 2 ATR, cierre de sesión",límite,validacion,121,81,1.4736575536491405,0.8961124058636848,2.2013896789079754,37.1900826446281
NAS100_USD,3m,Falsa ruptura rango apertura,"stop 1,5 / obj 3 ATR",mercado,descubrimiento,213,94,-0.411472649249671,-0.9816794051238295,-0.9323795137253182,37.08920187793427
NAS100_USD,3m,Falsa ruptura rango apertura,"stop 1,5 / obj 3 ATR",límite,descubrimiento,180,90,-0.5956822973489745,-1.3148614970593917,-1.191364594697949,36.666666666666664
NAS100_USD,3m,Falsa ruptura rango apertura,stop 2 / obj 3 ATR,mercado,descubrimiento,189,94,-0.642466727892551,-1.2354823661464638,-1.2917682082094908,41.269841269841265
NAS100_USD,3m,Falsa ruptura rango apertura,stop 2 / obj 3 ATR,límite,descubrimiento,162,90,-1.0251592343236122,-1.7840837872651734,-1.8452866217825021,41.358024691358025
NAS100_USD,3m,Falsa ruptura rango apertura,"stop 2 ATR, cierre de sesión",mercado,descubrimiento,163,94,-0.7218967718580775,-0.8404638654302004,-1.2517997214134748,30.67484662576687
NAS100_USD,3m,Falsa ruptura rango apertura,"stop 2 ATR, cierre de sesión",límite,descubrimiento,145,90,-0.9868739167575127,-1.1252396335177843,-1.5899635325537704,31.724137931034484
NAS100_USD,3m,Falsa ruptura rango apertura,"stop 1,5 / obj 3 ATR",mercado,validacion,165,70,-1.3031957635012572,-1.902158251743573,-3.0718185853958206,29.09090909090909
NAS100_USD,3m,Falsa ruptura rango apertura,"stop 1,5 / obj 3 ATR",límite,validacion,160,70,-0.9593362504243969,-1.3157360684140604,-2.1927685723986214,31.25
NAS100_USD,3m,Falsa ruptura rango apertura,stop 2 / obj 3 ATR,mercado,validacion,142,70,-0.818851729849687,-0.9089334363385463,-1.661099223409365,35.91549295774648
NAS100_USD,3m,Falsa ruptura rango apertura,stop 2 / obj 3 ATR,límite,validacion,139,70,-0.48625111031018137,-0.5280318703889224,-0.9655557761873601,39.568345323741006
NAS100_USD,3m,Falsa ruptura rango apertura,"stop 2 ATR, cierre de sesión",mercado,validacion,123,70,-0.507428232053418,-0.3141490543291376,-0.8916238934652917,24.390243902439025
NAS100_USD,3m,Falsa ruptura rango apertura,"stop 2 ATR, cierre de sesión",límite,validacion,119,70,-0.03204200969020885,-0.018799118722541967,-0.05447141647335505,26.05042016806723
NAS100_USD,3m,Reentrada Bollinger,"stop 1,5 / obj 3 ATR",mercado,descubrimiento,503,136,-0.6588877672585051,-2.7588319608230383,-2.4369157862575594,33.00198807157058
NAS100_USD,3m,Reentrada Bollinger,"stop 1,5 / obj 3 ATR",límite,descubrimiento,443,134,-0.5985453388357265,-2.459062534034697,-1.9787730231658718,33.63431151241535
NAS100_USD,3m,Reentrada Bollinger,stop 2 / obj 3 ATR,mercado,descubrimiento,469,136,-0.8601683263331271,-3.169737845928266,-2.9663157724282105,37.73987206823028
NAS100_USD,3m,Reentrada Bollinger,stop 2 / obj 3 ATR,límite,descubrimiento,412,134,-0.7673735515585203,-2.8805650434137924,-2.3593873376276893,38.349514563106794
NAS100_USD,3m,Reentrada Bollinger,"stop 2 ATR, cierre de sesión",mercado,descubrimiento,343,136,-1.31318196242474,-2.63808001736892,-3.311922155232984,26.239067055393583
NAS100_USD,3m,Reentrada Bollinger,"stop 2 ATR, cierre de sesión",límite,descubrimiento,318,134,-1.2161615374703036,-2.393559479084876,-2.886114693399676,26.10062893081761
NAS100_USD,3m,Reentrada Bollinger,"stop 1,5 / obj 3 ATR",mercado,validacion,352,99,-0.41805853041058855,-0.9308554004050577,-1.4864303303487592,35.79545454545455
NAS100_USD,3m,Reentrada Bollinger,"stop 1,5 / obj 3 ATR",límite,validacion,329,98,-0.4404621722488105,-0.918573785838288,-1.478694435406721,35.56231003039514
NAS100_USD,3m,Reentrada Bollinger,stop 2 / obj 3 ATR,mercado,validacion,319,99,-0.6181371132034543,-1.102423088068979,-1.991775142544464,40.12539184952978
NAS100_USD,3m,Reentrada Bollinger,stop 2 / obj 3 ATR,límite,validacion,298,98,-0.8646318366863652,-1.409209960145899,-2.6291866054340494,38.59060402684564
NAS100_USD,3m,Reentrada Bollinger,"stop 2 ATR, cierre de sesión",mercado,validacion,247,99,-1.286001491739678,-1.2258839819887228,-3.208508772320207,23.88663967611336
NAS100_USD,3m,Reentrada Bollinger,"stop 2 ATR, cierre de sesión",límite,validacion,237,98,-1.3087437820836971,-1.1975217156477629,-3.1650232281003694,23.20675105485232
NAS100_USD,3m,Ruptura squeeze Bollinger,"stop 1,5 / obj 3 ATR",mercado,descubrimiento,132,90,-0.4729215163173124,-1.1726603349271285,-0.6936182239320582,31.060606060606062
NAS100_USD,3m,Ruptura squeeze Bollinger,"stop 1,5 / obj 3 ATR",límite,descubrimiento,118,87,-0.6625682528998867,-1.5565636949014732,-0.8986557912895016,27.966101694915253
NAS100_USD,3m,Ruptura squeeze Bollinger,stop 2 / obj 3 ATR,mercado,descubrimiento,126,90,-0.5284210160611196,-1.2010097729072948,-0.7397894224855674,36.507936507936506
NAS100_USD,3m,Ruptura squeeze Bollinger,stop 2 / obj 3 ATR,límite,descubrimiento,112,87,-0.5110246293246717,-1.1122754460976525,-0.6578707871765889,34.82142857142857
NAS100_USD,3m,Ruptura squeeze Bollinger,"stop 2 ATR, cierre de sesión",mercado,descubrimiento,111,90,-1.4971095746701886,-2.6394784663887347,-1.8464351420932326,20.72072072072072
NAS100_USD,3m,Ruptura squeeze Bollinger,"stop 2 ATR, cierre de sesión",límite,descubrimiento,100,87,-1.090198009848591,-1.7487336578814439,-1.253101160745507,24.0
NAS100_USD,3m,Ruptura squeeze Bollinger,"stop 1,5 / obj 3 ATR",mercado,validacion,64,52,0.33833075482397995,0.33346309745614733,0.416407082860283,43.75
NAS100_USD,3m,Ruptura squeeze Bollinger,"stop 1,5 / obj 3 ATR",límite,validacion,59,51,0.6623913399243605,0.6217653774768495,0.7662958638340641,45.76271186440678
NAS100_USD,3m,Ruptura squeeze Bollinger,stop 2 / obj 3 ATR,mercado,validacion,61,52,0.9518607037965622,0.869200142908511,1.1166058256075055,54.09836065573771
NAS100_USD,3m,Ruptura squeeze Bollinger,stop 2 / obj 3 ATR,límite,validacion,57,51,0.8188127141249409,0.7053002176376949,0.9151436216690516,50.877192982456144
NAS100_USD,3m,Ruptura squeeze Bollinger,"stop 2 ATR, cierre de sesión",mercado,validacion,55,52,1.601893748370053,0.8455931723317409,1.6943106953914022,40.0
NAS100_USD,3m,Ruptura squeeze Bollinger,"stop 2 ATR, cierre de sesión",límite,validacion,54,51,2.2981787081118084,1.1809505374343994,2.4333656909419146,44.44444444444444
NAS100_USD,3m,Ruptura Keltner,"stop 1,5 / obj 3 ATR",mercado,descubrimiento,430,139,-0.5458703929878983,-2.000736570283258,-1.6886638056460161,34.418604651162795
NAS100_USD,3m,Ruptura Keltner,"stop 1,5 / obj 3 ATR",límite,descubrimiento,373,137,-0.29219080193752356,-0.9424779065167241,-0.7955267819174912,37.26541554959786
NAS100_USD,3m,Ruptura Keltner,stop 2 / obj 3 ATR,mercado,descubrimiento,391,139,-0.38931579781920045,-1.2009222546865794,-1.095125733433866,42.45524296675192
NAS100_USD,3m,Ruptura Keltner,stop 2 / obj 3 ATR,límite,descubrimiento,350,137,-0.11636752234186531,-0.33493403667078203,-0.2972892906544004,45.42857142857143
NAS100_USD,3m,Ruptura Keltner,"stop 2 ATR, cierre de sesión",mercado,descubrimiento,238,139,-0.4792431220287049,-0.7121565481223864,-0.8205745542649767,28.15126050420168
NAS100_USD,3m,Ruptura Keltner,"stop 2 ATR, cierre de sesión",límite,descubrimiento,214,137,-0.24557383996304402,-0.35195371196021935,-0.38359709308095924,30.373831775700932
NAS100_USD,3m,Ruptura Keltner,"stop 1,5 / obj 3 ATR",mercado,validacion,299,101,0.2526772160593889,0.4808311492198706,0.7480246297203691,42.14046822742475
NAS100_USD,3m,Ruptura Keltner,"stop 1,5 / obj 3 ATR",límite,validacion,282,100,0.1347559470234075,0.23865782467680605,0.38001177060600916,40.78014184397163
NAS100_USD,3m,Ruptura Keltner,stop 2 / obj 3 ATR,mercado,validacion,282,101,0.6481358480791666,1.0821988307309753,1.8096466253299501,48.226950354609926
NAS100_USD,3m,Ruptura Keltner,stop 2 / obj 3 ATR,límite,validacion,268,100,0.5700086291156478,0.9532690194091081,1.527623126029936,47.76119402985074
NAS100_USD,3m,Ruptura Keltner,"stop 2 ATR, cierre de sesión",mercado,validacion,164,101,1.4190055114466988,0.9584707926132029,2.3041277611609763,34.146341463414636
NAS100_USD,3m,Ruptura Keltner,"stop 2 ATR, cierre de sesión",límite,validacion,160,100,1.5584335535764549,1.0331991419056346,2.4934936857223278,35.625
NAS100_USD,3m,Ruptura Donchian 20,"stop 1,5 / obj 3 ATR",mercado,descubrimiento,482,141,-0.802122252907497,-3.2508154091288377,-2.7420065666766917,32.15767634854772
NAS100_USD,3m,Ruptura Donchian 20,"stop 1,5 / obj 3 ATR",límite,descubrimiento,442,141,-0.7217627710279263,-2.6911481636530334,-2.2625471262010173,33.710407239819006
NAS100_USD,3m,Ruptura Donchian 20,stop 2 / obj 3 ATR,mercado,descubrimiento,448,141,-0.764407909368827,-2.565131642156638,-2.4287570453704572,38.839285714285715
NAS100_USD,3m,Ruptura Donchian 20,stop 2 / obj 3 ATR,límite,descubrimiento,424,141,-0.7595144956741685,-2.4416322126699455,-2.2839301146514006,40.09433962264151
NAS100_USD,3m,Ruptura Donchian 20,"stop 2 ATR, cierre de sesión",mercado,descubrimiento,254,141,-0.9116689344090698,-1.4777188867158617,-1.6422972293610194,27.559055118110237
NAS100_USD,3m,Ruptura Donchian 20,"stop 2 ATR, cierre de sesión",límite,descubrimiento,247,141,-0.9649066141259856,-1.5511633998635976,-1.6902974020504855,26.720647773279353
NAS100_USD,3m,Ruptura Donchian 20,"stop 1,5 / obj 3 ATR",mercado,validacion,370,102,0.0029152004783208484,0.005675181358085224,0.010574746833124647,41.891891891891895
NAS100_USD,3m,Ruptura Donchian 20,"stop 1,5 / obj 3 ATR",límite,validacion,353,102,-0.09224943446033435,-0.1761892823893232,-0.31925539573037276,41.07648725212464
NAS100_USD,3m,Ruptura Donchian 20,stop 2 / obj 3 ATR,mercado,validacion,342,102,0.5808561956673213,1.0318501405912088,1.9475766560610186,50.0
NAS100_USD,3m,Ruptura Donchian 20,stop 2 / obj 3 ATR,límite,validacion,334,102,0.36879997517533014,0.6521908414675018,1.2076391343976496,48.80239520958084
NAS100_USD,3m,Ruptura Donchian 20,"stop 2 ATR, cierre de sesión",mercado,validacion,186,102,1.0241240224530543,0.7147910523632517,1.8675202762379226,31.72043010752688
NAS100_USD,3m,Ruptura Donchian 20,"stop 2 ATR, cierre de sesión",límite,validacion,185,102,0.8730218320279457,0.6358461561887442,1.5834219502467644,32.972972972972975
NAS100_USD,3m,Estocástico cruza en extremo,"stop 1,5 / obj 3 ATR",mercado,descubrimiento,686,142,-0.9395494998717799,-4.764025038756135,-4.538950400789021,31.924198250728864
NAS100_USD,3m,Estocástico cruza en extremo,"stop 1,5 / obj 3 ATR",límite,descubrimiento,594,138,-0.9970447058228139,-4.601413778467354,-4.291627212019938,31.64983164983165
NAS100_USD,3m,Estocástico cruza en extremo,stop 2 / obj 3 ATR,mercado,descubrimiento,632,142,-1.2207328005304803,-5.247733840893855,-5.433120633346927,36.075949367088604
NAS100_USD,3m,Estocástico cruza en extremo,stop 2 / obj 3 ATR,límite,descubrimiento,531,138,-0.9961482341231147,-4.168516379300987,-3.8330051617345937,37.85310734463277
NAS100_USD,3m,Estocástico cruza en extremo,"stop 2 ATR, cierre de sesión",mercado,descubrimiento,391,142,-1.3035516344982652,-2.813759619215915,-3.589356965414237,25.31969309462916
NAS100_USD,3m,Estocástico cruza en extremo,"stop 2 ATR, cierre de sesión",límite,descubrimiento,353,138,-1.1130244768375008,-2.254550249092035,-2.8470843501712886,27.47875354107649
NAS100_USD,3m,Estocástico cruza en extremo,"stop 1,5 / obj 3 ATR",mercado,validacion,485,104,-1.1427584099278059,-2.466259678381306,-5.329209892451787,32.16494845360825
NAS100_USD,3m,Estocástico cruza en extremo,"stop 1,5 / obj 3 ATR",límite,validacion,450,102,-1.0817464295493264,-2.2050310100996158,-4.77241071859997,32.22222222222222
NAS100_USD,3m,Estocástico cruza en extremo,stop 2 / obj 3 ATR,mercado,validacion,432,104,-1.2155951572237225,-2.260044482958939,-5.04939526846777,38.425925925925924
NAS100_USD,3m,Estocástico cruza en extremo,stop 2 / obj 3 ATR,límite,validacion,403,102,-1.1697926772143652,-2.0226333070770686,-4.621827930562639,38.21339950372209
NAS100_USD,3m,Estocástico cruza en extremo,"stop 2 ATR, cierre de sesión",mercado,validacion,287,104,-0.4920141750096468,-0.43352290338644434,-1.3577698868054675,26.82926829268293
NAS100_USD,3m,Estocástico cruza en extremo,"stop 2 ATR, cierre de sesión",límite,validacion,278,102,-0.6848769265113162,-0.5921663029878026,-1.8666253487269204,26.258992805755394
NAS100_USD,3m,MACD histograma cruza 0,"stop 1,5 / obj 3 ATR",mercado,descubrimiento,610,144,-0.5687979829799972,-2.652553884182294,-2.4094914556791545,34.42622950819672
NAS100_USD,3m,MACD histograma cruza 0,"stop 1,5 / obj 3 ATR",límite,descubrimiento,535,143,-0.45295160338143353,-1.9812458798065449,-1.6946091455179508,34.953271028037385
NAS100_USD,3m,MACD histograma cruza 0,stop 2 / obj 3 ATR,mercado,descubrimiento,573,144,-0.7643825829549208,-3.1153839907541045,-3.041605694674789,39.09249563699825
NAS100_USD,3m,MACD histograma cruza 0,stop 2 / obj 3 ATR,límite,descubrimiento,501,143,-0.5651506373744288,-2.1250172316883553,-1.9800032819901316,41.31736526946108
NAS100_USD,3m,MACD histograma cruza 0,"stop 2 ATR, cierre de sesión",mercado,descubrimiento,354,144,-1.0352846295146607,-1.9843697242245324,-2.545074714223541,26.55367231638418
NAS100_USD,3m,MACD histograma cruza 0,"stop 2 ATR, cierre de sesión",límite,descubrimiento,324,143,-0.8711084756586263,-1.583158684620951,-1.973700322471293,27.77777777777778
NAS100_USD,3m,MACD histograma cruza 0,"stop 1,5 / obj 3 ATR",mercado,validacion,451,105,-0.6134953788008833,-1.5993876185859959,-2.63510872227808,36.58536585365854
NAS100_USD,3m,MACD histograma cruza 0,"stop 1,5 / obj 3 ATR",límite,validacion,421,105,-0.40434602558471755,-0.9654234615857883,-1.6212350168682483,38.47980997624703
NAS100_USD,3m,MACD histograma cruza 0,stop 2 / obj 3 ATR,mercado,validacion,424,105,-0.6517233490381704,-1.471412210574646,-2.6317209523065164,42.21698113207547
NAS100_USD,3m,MACD histograma cruza 0,stop 2 / obj 3 ATR,límite,validacion,396,105,-0.3876876610698205,-0.8129954823488602,-1.4621363217490373,44.44444444444444
NAS100_USD,3m,MACD histograma cruza 0,"stop 2 ATR, cierre de sesión",mercado,validacion,262,105,-1.0089690861811167,-0.9768814276248506,-2.5176181007566916,27.099236641221374
NAS100_USD,3m,MACD histograma cruza 0,"stop 2 ATR, cierre de sesión",límite,validacion,245,105,-0.43077222065049364,-0.38917565950792,-1.0051351815178184,28.97959183673469
NAS100_USD,3m,RSI(2) extremo,"stop 1,5 / obj 3 ATR",mercado,descubrimiento,623,141,-0.939834626021389,-4.60964331106846,-4.152602638378194,30.497592295345104
NAS100_USD,3m,RSI(2) extremo,"stop 1,5 / obj 3 ATR",límite,descubrimiento,538,134,-0.9088193275117473,-3.920176124889155,-3.6488417776217914,31.59851301115242
NAS100_USD,3m,RSI(2) extremo,stop 2 / obj 3 ATR,mercado,descubrimiento,551,141,-1.142566639109226,-4.944721630906204,-4.464923532972932,35.57168784029038
NAS100_USD,3m,RSI(2) extremo,stop 2 / obj 3 ATR,límite,descubrimiento,480,134,-1.002340444078043,-3.8729260717562966,-3.590473232518363,37.291666666666664
NAS100_USD,3m,RSI(2) extremo,"stop 2 ATR, cierre de sesión",mercado,descubrimiento,380,141,-1.1731248674267163,-2.4067530465498446,-3.161613117887604,25.263157894736842
NAS100_USD,3m,RSI(2) extremo,"stop 2 ATR, cierre de sesión",límite,descubrimiento,348,134,-1.0725426366959445,-1.997705639669192,-2.785409235598423,25.862068965517242
NAS100_USD,3m,RSI(2) extremo,"stop 1,5 / obj 3 ATR",mercado,validacion,443,100,-1.0800926798084272,-2.774606556961149,-4.784810571551333,32.95711060948081
NAS100_USD,3m,RSI(2) extremo,"stop 1,5 / obj 3 ATR",límite,validacion,397,100,-1.0840063319698692,-2.535219395905816,-4.303505137920381,31.98992443324937
NAS100_USD,3m,RSI(2) extremo,stop 2 / obj 3 ATR,mercado,validacion,386,100,-1.3564711386057917,-2.7848254625317748,-5.235978595018356,37.30569948186528
NAS100_USD,3m,RSI(2) extremo,stop 2 / obj 3 ATR,límite,validacion,348,100,-1.4970621387848866,-2.8630731851944553,-5.209776242971405,35.3448275862069
NAS100_USD,3m,RSI(2) extremo,"stop 2 ATR, cierre de sesión",mercado,validacion,269,100,-0.923840459837774,-0.8859733916829122,-2.485130836963612,25.650557620817843
NAS100_USD,3m,RSI(2) extremo,"stop 2 ATR, cierre de sesión",límite,validacion,261,100,-1.5218487854661473,-1.504188794722129,-3.9720253300666446,23.754789272030653
NAS100_USD,3m,RSI(7) sale de 30/70,"stop 1,5 / obj 3 ATR",mercado,descubrimiento,586,137,-0.8081936858721552,-4.1521846190656255,-3.456945254898416,32.593856655290104
NAS100_USD,3m,RSI(7) sale de 30/70,"stop 1,5 / obj 3 ATR",límite,descubrimiento,490,134,-0.911905512481317,-4.143214964494979,-3.3345798590734725,31.428571428571427
NAS100_USD,3m,RSI(7) sale de 30/70,stop 2 / obj 3 ATR,mercado,descubrimiento,527,137,-0.9199154197830336,-3.9062040970951886,-3.5386527461726915,37.571157495256166
NAS100_USD,3m,RSI(7) sale de 30/70,stop 2 / obj 3 ATR,límite,descubrimiento,446,134,-1.0635964369560014,-4.065671542170013,-3.540029931958035,36.54708520179372
NAS100_USD,3m,RSI(7) sale de 30/70,"stop 2 ATR, cierre de sesión",mercado,descubrimiento,380,137,-1.4537078581985665,-3.3283906609316745,-4.032182380404783,26.57894736842105
NAS100_USD,3m,RSI(7) sale de 30/70,"stop 2 ATR, cierre de sesión",límite,descubrimiento,340,134,-1.3464377211121945,-2.919700095159038,-3.4163345162548215,26.47058823529412
NAS100_USD,3m,RSI(7) sale de 30/70,"stop 1,5 / obj 3 ATR",mercado,validacion,418,100,-1.2160862863919355,-2.9778247195674346,-5.08324067711829,31.100478468899524
NAS100_USD,3m,RSI(7) sale de 30/70,"stop 1,5 / obj 3 ATR",límite,validacion,383,100,-1.218332656307578,-2.942305600837768,-4.666214073658024,31.070496083550914
NAS100_USD,3m,RSI(7) sale de 30/70,stop 2 / obj 3 ATR,mercado,validacion,369,100,-1.5364107040854982,-2.97433268684116,-5.669355498075488,36.043360433604335
NAS100_USD,3m,RSI(7) sale de 30/70,stop 2 / obj 3 ATR,límite,validacion,349,100,-1.6783350689705037,-3.3547496096828047,-5.857389390707058,35.53008595988539
NAS100_USD,3m,RSI(7) sale de 30/70,"stop 2 ATR, cierre de sesión",mercado,validacion,280,100,-1.4613798565523966,-1.3639553534308517,-4.09186359834671,23.57142857142857
NAS100_USD,3m,RSI(7) sale de 30/70,"stop 2 ATR, cierre de sesión",límite,validacion,268,100,-1.232727668000693,-1.1223580271679463,-3.3037101502418573,25.0
NAS100_USD,3m,CCI sale de ±100,"stop 1,5 / obj 3 ATR",mercado,descubrimiento,711,142,-0.9344426278575063,-5.061597912180916,-4.678793721173852,31.364275668073137
NAS100_USD,3m,CCI sale de ±100,"stop 1,5 / obj 3 ATR",límite,descubrimiento,603,140,-0.8293926329656194,-4.007847731312812,-3.5723125548447747,32.33830845771145
NAS100_USD,3m,CCI sale de ±100,stop 2 / obj 3 ATR,mercado,descubrimiento,621,142,-0.9795328353338194,-4.240609121450219,-4.283731624945788,37.35909822866345
NAS100_USD,3m,CCI sale de ±100,stop 2 / obj 3 ATR,límite,descubrimiento,537,140,-0.9183581330700699,-3.545647159390568,-3.5225594104187676,37.61638733705773
NAS100_USD,3m,CCI sale de ±100,"stop 2 ATR, cierre de sesión",mercado,descubrimiento,384,142,-0.9554410781711332,-1.912636642766342,-2.583727986040248,27.083333333333332
NAS100_USD,3m,CCI sale de ±100,"stop 2 ATR, cierre de sesión",límite,descubrimiento,360,140,-0.8630365868409402,-1.696565066467356,-2.2192369375909893,28.055555555555557
NAS100_USD,3m,CCI sale de ±100,"stop 1,5 / obj 3 ATR",mercado,validacion,507,105,-1.1595452629132692,-2.698331393560409,-5.598947126638357,32.938856015779095
NAS100_USD,3m,CCI sale de ±100,"stop 1,5 / obj 3 ATR",límite,validacion,470,104,-1.3793315847376633,-3.0875250117471813,-6.233517738718286,32.76595744680851
NAS100_USD,3m,CCI sale de ±100,stop 2 / obj 3 ATR,mercado,validacion,452,105,-1.4491462693277875,-2.810094401062501,-6.238229654630095,37.83185840707964
NAS100_USD,3m,CCI sale de ±100,stop 2 / obj 3 ATR,límite,validacion,419,104,-1.637074510408205,-3.1029792754812755,-6.595521344817671,38.66348448687351
NAS100_USD,3m,CCI sale de ±100,"stop 2 ATR, cierre de sesión",mercado,validacion,299,105,-1.0611075292861574,-0.9526650774400606,-3.021630011967248,25.418060200668897
NAS100_USD,3m,CCI sale de ±100,"stop 2 ATR, cierre de sesión",límite,validacion,284,104,-1.17006374782239,-1.0512810800668408,-3.1951740805919115,26.408450704225352
NAS100_USD,3m,Supertrend cambia,"stop 1,5 / obj 3 ATR",mercado,descubrimiento,225,134,-0.55421528593699,-1.5781493383047216,-0.9305853681777817,35.11111111111111
NAS100_USD,3m,Supertrend cambia,"stop 1,5 / obj 3 ATR",límite,descubrimiento,197,127,-0.7966288995621763,-2.137154487410874,-1.2357156945964467,35.025380710659896
NAS100_USD,3m,Supertrend cambia,stop 2 / obj 3 ATR,mercado,descubrimiento,225,134,-0.3434326696395874,-0.9080818974747633,-0.5766593333500535,43.111111111111114
NAS100_USD,3m,Supertrend cambia,stop 2 / obj 3 ATR,límite,descubrimiento,197,127,-0.3470994409570836,-0.8332784737005067,-0.538414093453114,44.16243654822335
NAS100_USD,3m,Supertrend cambia,"stop 2 ATR, cierre de sesión",mercado,descubrimiento,201,134,-0.6260578053507654,-0.9140386125574567,-0.939086708026148,28.35820895522388
NAS100_USD,3m,Supertrend cambia,"stop 2 ATR, cierre de sesión",límite,descubrimiento,178,127,-1.0380812910165684,-1.6196493488562953,-1.4549485811098362,28.651685393258425
NAS100_USD,3m,Supertrend cambia,"stop 1,5 / obj 3 ATR",mercado,validacion,151,93,0.3590363552238911,0.46528858151763025,0.5829515014925544,41.72185430463576
NAS100_USD,3m,Supertrend cambia,"stop 1,5 / obj 3 ATR",límite,validacion,139,88,0.42674338388785776,0.5175416063106264,0.6740605722774117,42.44604316546763
NAS100_USD,3m,Supertrend cambia,stop 2 / obj 3 ATR,mercado,validacion,151,93,0.3022702883411065,0.3796270774703713,0.4907829412850223,46.35761589403973
NAS100_USD,3m,Supertrend cambia,stop 2 / obj 3 ATR,límite,validacion,139,88,0.41827568699129325,0.49901317701205267,0.6606854601339746,46.76258992805755
NAS100_USD,3m,Supertrend cambia,"stop 2 ATR, cierre de sesión",mercado,validacion,133,93,0.8271818716723297,0.5257305300280107,1.182959020778708,33.83458646616541
NAS100_USD,3m,Supertrend cambia,"stop 2 ATR, cierre de sesión",límite,validacion,124,88,1.2407286801646067,0.7445424355476332,1.7482995038683093,34.67741935483871
NAS100_USD,3m,ADX>25 + cruce DI,"stop 1,5 / obj 3 ATR",mercado,descubrimiento,129,88,-0.5308804949124587,-1.091719056841538,-0.7782225436784905,38.759689922480625
NAS100_USD,3m,ADX>25 + cruce DI,"stop 1,5 / obj 3 ATR",límite,descubrimiento,111,78,-0.4834256607132918,-0.9131233214797956,-0.6879519017842999,41.44144144144144
NAS100_USD,3m,ADX>25 + cruce DI,stop 2 / obj 3 ATR,mercado,descubrimiento,127,88,-0.6983223669172195,-1.2008230271296512,-1.0078061431646235,43.30708661417323
NAS100_USD,3m,ADX>25 + cruce DI,stop 2 / obj 3 ATR,límite,descubrimiento,109,78,-0.7461325102989703,-1.1770888022265171,-1.0426723541357406,44.95412844036697
NAS100_USD,3m,ADX>25 + cruce DI,"stop 2 ATR, cierre de sesión",mercado,descubrimiento,117,88,-0.22432375321021092,-0.2319279159979179,-0.2982486264272122,30.76923076923077
NAS100_USD,3m,ADX>25 + cruce DI,"stop 2 ATR, cierre de sesión",límite,descubrimiento,101,78,-0.31539608133901675,-0.31432558530570953,-0.4083974899389832,30.693069306930692
NAS100_USD,3m,ADX>25 + cruce DI,"stop 1,5 / obj 3 ATR",mercado,validacion,92,69,-2.757679253298309,-3.079926270114766,-3.6769056710644117,29.347826086956523
NAS100_USD,3m,ADX>25 + cruce DI,"stop 1,5 / obj 3 ATR",límite,validacion,87,68,-2.667885015476715,-2.7589426217378747,-3.4133234756834443,31.03448275862069
NAS100_USD,3m,ADX>25 + cruce DI,stop 2 / obj 3 ATR,mercado,validacion,89,69,-3.6110793041379345,-3.20968360943825,-4.657768957511249,33.70786516853933
NAS100_USD,3m,ADX>25 + cruce DI,stop 2 / obj 3 ATR,límite,validacion,84,68,-3.408925828195769,-2.8317845209658534,-4.211026023065362,35.714285714285715
NAS100_USD,3m,ADX>25 + cruce DI,"stop 2 ATR, cierre de sesión",mercado,validacion,86,69,-3.21080742769465,-1.9725711217974735,-4.001875924373042,25.581395348837212
NAS100_USD,3m,ADX>25 + cruce DI,"stop 2 ATR, cierre de sesión",límite,validacion,81,68,-2.5315453976760853,-1.365465923579117,-3.01551731193769,25.925925925925924
NAS100_USD,3m,Envolvente,"stop 1,5 / obj 3 ATR",mercado,descubrimiento,624,142,-0.8423913684028833,-3.777981745853199,-3.7017761541084453,32.371794871794876
NAS100_USD,3m,Envolvente,"stop 1,5 / obj 3 ATR",límite,descubrimiento,550,140,-0.49142267331210066,-2.0638618905361374,-1.9305890737261098,35.81818181818181
NAS100_USD,3m,Envolvente,stop 2 / obj 3 ATR,mercado,descubrimiento,592,142,-1.1776534501362457,-4.545543277318854,-4.90965382028632,35.641891891891895
NAS100_USD,3m,Envolvente,stop 2 / obj 3 ATR,límite,descubrimiento,530,140,-0.8396482867114933,-3.0990280141522777,-3.1786685139792246,39.24528301886793
NAS100_USD,3m,Envolvente,"stop 2 ATR, cierre de sesión",mercado,descubrimiento,339,142,-1.1969613905149932,-2.245375210466436,-2.857534587215371,26.548672566371685
NAS100_USD,3m,Envolvente,"stop 2 ATR, cierre de sesión",límite,descubrimiento,319,140,-0.9852532068390114,-1.7491266761311763,-2.2449698070117474,28.213166144200624
NAS100_USD,3m,Envolvente,"stop 1,5 / obj 3 ATR",mercado,validacion,536,105,-0.7066773650139152,-1.7058542939976598,-3.6074196918805574,36.007462686567166
NAS100_USD,3m,Envolvente,"stop 1,5 / obj 3 ATR",límite,validacion,498,105,-0.909822676363718,-2.110781746760469,-4.315158979325063,34.738955823293175
NAS100_USD,3m,Envolvente,stop 2 / obj 3 ATR,mercado,validacion,500,105,-1.0189512857914016,-2.227498735259339,-4.852148979959055,40.0
NAS100_USD,3m,Envolvente,stop 2 / obj 3 ATR,límite,validacion,459,105,-1.2695881203628556,-2.5435895808023226,-5.549913783300483,38.99782135076253
NAS100_USD,3m,Envolvente,"stop 2 ATR, cierre de sesión",mercado,validacion,268,105,-0.7092430620051124,-0.5996534109915379,-1.8102584820701917,27.238805970149254
NAS100_USD,3m,Envolvente,"stop 2 ATR, cierre de sesión",límite,validacion,262,105,-0.8248605196712593,-0.6711014659320133,-2.058223391941618,26.33587786259542
NAS100_USD,3m,Martillo / estrella,"stop 1,5 / obj 3 ATR",mercado,descubrimiento,780,143,-0.6421915373664642,-3.4375758789468445,-3.5028629310898047,34.1025641025641
NAS100_USD,3m,Martillo / estrella,"stop 1,5 / obj 3 ATR",límite,descubrimiento,693,143,-0.5681392761793977,-2.694666408672617,-2.753290338407851,35.064935064935064
NAS100_USD,3m,Martillo / estrella,stop 2 / obj 3 ATR,mercado,descubrimiento,717,143,-0.7612839074314383,-3.3851500897602405,-3.817066864533855,39.05160390516039
NAS100_USD,3m,Martillo / estrella,stop 2 / obj 3 ATR,límite,descubrimiento,641,143,-0.6909587505827026,-2.9039090224072033,-3.0972346791854015,40.09360374414976
NAS100_USD,3m,Martillo / estrella,"stop 2 ATR, cierre de sesión",mercado,descubrimiento,376,143,-0.9885597073017206,-1.8525897817428174,-2.5992898597583705,26.595744680851062
NAS100_USD,3m,Martillo / estrella,"stop 2 ATR, cierre de sesión",límite,descubrimiento,361,143,-0.919005623946881,-1.7267155250064514,-2.3200072045092592,26.869806094182824
NAS100_USD,3m,Martillo / estrella,"stop 1,5 / obj 3 ATR",mercado,validacion,603,105,-1.003801808764486,-2.778440903247936,-5.7646903874760484,34.32835820895522
NAS100_USD,3m,Martillo / estrella,"stop 1,5 / obj 3 ATR",límite,validacion,568,105,-1.1212946398577217,-2.9975258071443287,-6.065670051801771,34.154929577464785
NAS100_USD,3m,Martillo / estrella,stop 2 / obj 3 ATR,mercado,validacion,538,105,-0.8604379525415049,-1.9168665140083199,-4.4087201758793295,41.07806691449814
NAS100_USD,3m,Martillo / estrella,stop 2 / obj 3 ATR,límite,validacion,509,105,-1.111766129017812,-2.408938029724093,-5.389418663524442,40.27504911591356
NAS100_USD,3m,Martillo / estrella,"stop 2 ATR, cierre de sesión",mercado,validacion,274,105,-0.09490264262596253,-0.08110018512673134,-0.2476507055191784,27.37226277372263
NAS100_USD,3m,Martillo / estrella,"stop 2 ATR, cierre de sesión",límite,validacion,275,105,-0.35367607203397255,-0.3069149452873186,-0.92629447437469,27.27272727272727
NAS100_USD,3m,Ruptura de inside bar,"stop 1,5 / obj 3 ATR",mercado,descubrimiento,639,144,-0.4726316929982843,-2.259734659975281,-2.0973031376798863,35.52425665101722
NAS100_USD,3m,Ruptura de inside bar,"stop 1,5 / obj 3 ATR",límite,descubrimiento,573,144,-0.5325514798076956,-2.3356788951962555,-2.119111096734789,34.72949389179756
NAS100_USD,3m,Ruptura de inside bar,stop 2 / obj 3 ATR,mercado,descubrimiento,590,144,-0.5669151788848941,-2.2430938559163054,-2.3227774690422742,40.847457627118644
NAS100_USD,3m,Ruptura de inside bar,stop 2 / obj 3 ATR,límite,descubrimiento,533,144,-0.5978751211072401,-2.1921673132462662,-2.212968330209437,39.9624765478424
NAS100_USD,3m,Ruptura de inside bar,"stop 2 ATR, cierre de sesión",mercado,descubrimiento,314,144,-0.6438549930123021,-1.062018798385371,-1.4039615819851587,28.662420382165603
NAS100_USD,3m,Ruptura de inside bar,"stop 2 ATR, cierre de sesión",límite,descubrimiento,298,144,-0.4460790550948784,-0.7059536889196278,-0.9231358223491234,29.53020134228188
NAS100_USD,3m,Ruptura de inside bar,"stop 1,5 / obj 3 ATR",mercado,validacion,429,105,-1.0531660834948329,-2.775232462002041,-4.3029357125646035,35.1981351981352
NAS100_USD,3m,Ruptura de inside bar,"stop 1,5 / obj 3 ATR",límite,validacion,397,105,-1.2357445595546748,-3.0033641971155234,-4.672291334697198,34.5088161209068
NAS100_USD,3m,Ruptura de inside bar,stop 2 / obj 3 ATR,mercado,validacion,407,105,-0.9759830943489711,-2.4927877981189654,-3.783096375238393,42.50614250614251
NAS100_USD,3m,Ruptura de inside bar,stop 2 / obj 3 ATR,límite,validacion,379,105,-1.221857046326112,-2.8352123270184877,-4.410322100548538,41.16094986807388
NAS100_USD,3m,Ruptura de inside bar,"stop 2 ATR, cierre de sesión",mercado,validacion,215,105,-0.6506044183775649,-0.5719318562488356,-1.332189999535014,30.697674418604652
NAS100_USD,3m,Ruptura de inside bar,"stop 2 ATR, cierre de sesión",límite,validacion,215,105,-0.793107906164136,-0.69443175989088,-1.623982855478945,30.23255813953488
NAS100_USD,3m,Clímax de volumen (reversión),"stop 1,5 / obj 3 ATR",mercado,descubrimiento,37,31,-1.2251304330052628,-1.3164656584147152,-1.462252452296604,27.027027027027028
NAS100_USD,3m,Clímax de volumen (reversión),"stop 1,5 / obj 3 ATR",límite,descubrimiento,34,29,-0.4674577776123439,-0.476770041689556,-0.5480539461661963,29.411764705882355
NAS100_USD,3m,Clímax de volumen (reversión),stop 2 / obj 3 ATR,mercado,descubrimiento,37,31,-0.5347118158598276,-0.5469115082222747,-0.6382044253810846,37.83783783783784
NAS100_USD,3m,Clímax de volumen (reversión),stop 2 / obj 3 ATR,límite,descubrimiento,34,29,-0.7069996602394999,-0.6609700098186657,-0.8288961533842413,35.294117647058826
NAS100_USD,3m,Clímax de volumen (reversión),"stop 2 ATR, cierre de sesión",mercado,descubrimiento,37,31,-0.16977466505928349,-0.09347465631996395,-0.20263427765140288,24.324324324324326
NAS100_USD,3m,Clímax de volumen (reversión),"stop 2 ATR, cierre de sesión",límite,descubrimiento,34,29,-0.9980584803749702,-0.514065561981354,-1.1701375287154823,20.588235294117645
NAS100_USD,3m,Clímax de volumen (reversión),"stop 1,5 / obj 3 ATR",mercado,validacion,31,28,0.7325275151960198,0.46483103002629256,0.8110126061098791,45.16129032258064
NAS100_USD,3m,Clímax de volumen (reversión),"stop 1,5 / obj 3 ATR",límite,validacion,28,25,-0.3025909466402867,-0.18925971682368356,-0.3389018602371211,39.285714285714285
NAS100_USD,3m,Clímax de volumen (reversión),stop 2 / obj 3 ATR,mercado,validacion,31,28,0.30044060830147074,0.1653502275478684,0.3326306734766283,48.38709677419355
NAS100_USD,3m,Clímax de volumen (reversión),stop 2 / obj 3 ATR,límite,validacion,28,25,-0.7828145725386483,-0.4181319517240021,-0.8767523212432861,42.857142857142854
NAS100_USD,3m,Clímax de volumen (reversión),"stop 2 ATR, cierre de sesión",mercado,validacion,31,28,-0.4521790812091858,-0.15597900627494982,-0.50062683991017,22.58064516129032
NAS100_USD,3m,Clímax de volumen (reversión),"stop 2 ATR, cierre de sesión",límite,validacion,28,25,-0.5659344775335675,-0.17995381068394373,-0.6338466148375956,21.428571428571427
NAS100_USD,3m,Divergencia SMT,"stop 1,5 / obj 3 ATR",mercado,descubrimiento,286,124,-1.127554110776298,-3.8034115009338816,-2.6006489974356555,28.671328671328673
NAS100_USD,3m,Divergencia SMT,"stop 1,5 / obj 3 ATR",límite,descubrimiento,238,118,-1.0964070654716846,-3.352728237794953,-2.2113973015445842,29.411764705882355
NAS100_USD,3m,Divergencia SMT,stop 2 / obj 3 ATR,mercado,descubrimiento,253,124,-1.222480821892211,-3.312896251717087,-2.4942552253123336,34.387351778656125
NAS100_USD,3m,Divergencia SMT,stop 2 / obj 3 ATR,límite,descubrimiento,213,118,-1.2241788374985965,-3.082587354118063,-2.209746545654246,34.74178403755869
NAS100_USD,3m,Divergencia SMT,"stop 2 ATR, cierre de sesión",mercado,descubrimiento,213,124,-1.7069955097117848,-3.0121943319677955,-2.932177770714598,22.535211267605636
NAS100_USD,3m,Divergencia SMT,"stop 2 ATR, cierre de sesión",límite,descubrimiento,182,118,-1.706397299976137,-2.7274681080500587,-2.6319009203021775,22.52747252747253
NAS100_USD,3m,Divergencia SMT,"stop 1,5 / obj 3 ATR",mercado,validacion,178,91,-1.1791954996210905,-1.6954070804844796,-2.306558230028067,29.775280898876407
NAS100_USD,3m,Divergencia SMT,"stop 1,5 / obj 3 ATR",límite,validacion,171,89,-1.0685873686221727,-1.5007015218372934,-2.0531285397122647,31.57894736842105
NAS100_USD,3m,Divergencia SMT,stop 2 / obj 3 ATR,mercado,validacion,171,91,-1.2834757616645482,-1.506519802766117,-2.411806101589426,36.25730994152047
NAS100_USD,3m,Divergencia SMT,stop 2 / obj 3 ATR,límite,validacion,162,89,-1.256002384350634,-1.422454622228518,-2.2862065872449744,37.65432098765432
NAS100_USD,3m,Divergencia SMT,"stop 2 ATR, cierre de sesión",mercado,validacion,151,91,0.13069688373842164,0.08611416215878813,0.21687065323628207,28.47682119205298
NAS100_USD,3m,Divergencia SMT,"stop 2 ATR, cierre de sesión",límite,validacion,145,89,0.23441105053340722,0.15059029639133123,0.3819056441274612,28.965517241379313
NAS100_USD,3m,Vela de impulso,"stop 1,5 / obj 3 ATR",mercado,descubrimiento,127,90,-0.5465371846214094,-1.0364593251244463,-0.7712246938546555,34.645669291338585
NAS100_USD,3m,Vela de impulso,"stop 1,5 / obj 3 ATR",límite,descubrimiento,112,80,-0.014593445083919148,-0.02557577912532459,-0.020430823117486806,38.392857142857146
NAS100_USD,3m,Vela de impulso,stop 2 / obj 3 ATR,mercado,descubrimiento,126,90,-0.7270011304862952,-1.2238386533017118,-1.0178015826808133,38.095238095238095
NAS100_USD,3m,Vela de impulso,stop 2 / obj 3 ATR,límite,descubrimiento,112,80,-0.0718624450266323,-0.11562871776435937,-0.10060742303728523,41.964285714285715
NAS100_USD,3m,Vela de impulso,"stop 2 ATR, cierre de sesión",mercado,descubrimiento,110,90,-1.2679331974549768,-1.2424562783179962,-1.5496961302227494,22.727272727272727
NAS100_USD,3m,Vela de impulso,"stop 2 ATR, cierre de sesión",límite,descubrimiento,98,80,-0.2092295563950865,-0.18462860336552042,-0.25630620658398096,26.53061224489796
NAS100_USD,3m,Vela de impulso,"stop 1,5 / obj 3 ATR",mercado,validacion,95,71,2.9129312053479457,2.7397467359804497,3.8975840071557024,54.736842105263165
NAS100_USD,3m,Vela de impulso,"stop 1,5 / obj 3 ATR",límite,validacion,88,66,3.02792014506729,2.751549371731442,4.03722686008972,54.54545454545454
NAS100_USD,3m,Vela de impulso,stop 2 / obj 3 ATR,mercado,validacion,95,71,2.5856515668567805,2.275896260333327,3.4596746317097766,57.89473684210527
NAS100_USD,3m,Vela de impulso,stop 2 / obj 3 ATR,límite,validacion,88,66,2.9373781290921275,2.5355311563024805,3.9165041721228366,60.22727272727273
NAS100_USD,3m,Vela de impulso,"stop 2 ATR, cierre de sesión",mercado,validacion,82,71,3.0095420895553118,1.336467270522016,3.4758091738526136,31.70731707317073
NAS100_USD,3m,Vela de impulso,"stop 2 ATR, cierre de sesión",límite,validacion,75,66,2.253704532623294,1.025201312463501,2.5610278779810156,33.33333333333333
NAS100_USD,5m,EMA 9 pullback en tendencia,"stop 1,5 / obj 3 ATR",mercado,descubrimiento,363,121,-0.5388484653362572,-1.7063224870582578,-1.6165453960087715,37.1900826446281
NAS100_USD,5m,EMA 9 pullback en tendencia,"stop 1,5 / obj 3 ATR",límite,descubrimiento,334,120,-0.6355081934771837,-1.9056398078046517,-1.7688311385114945,36.227544910179645
NAS100_USD,5m,EMA 9 pullback en tendencia,stop 2 / obj 3 ATR,mercado,descubrimiento,316,121,-0.5010396849505504,-1.2856526854716595,-1.3085003342510242,42.405063291139236
NAS100_USD,5m,EMA 9 pullback en tendencia,stop 2 / obj 3 ATR,límite,descubrimiento,296,120,-0.50688953979595,-1.2632677820090397,-1.2503275314966766,42.9054054054054
NAS100_USD,5m,EMA 9 pullback en tendencia,"stop 2 ATR, cierre de sesión",mercado,descubrimiento,190,121,-0.8643300380204939,-1.2044292328543071,-1.357212456395817,31.57894736842105
NAS100_USD,5m,EMA 9 pullback en tendencia,"stop 2 ATR, cierre de sesión",límite,descubrimiento,183,120,-0.8812412811758803,-1.209281555613933,-1.3438929537932176,31.147540983606557
NAS100_USD,5m,EMA 9 pullback en tendencia,"stop 1,5 / obj 3 ATR",mercado,validacion,272,88,0.8386779263615575,1.3537731903961086,2.592277226935723,42.64705882352941
NAS100_USD,5m,EMA 9 pullback en tendencia,"stop 1,5 / obj 3 ATR",límite,validacion,257,88,0.9069808458075928,1.3064851998446458,2.6487963337789924,42.023346303501945
NAS100_USD,5m,EMA 9 pullback en tendencia,stop 2 / obj 3 ATR,mercado,validacion,241,88,0.9799356394288781,1.3067039185826486,2.6836873761631774,48.96265560165975
NAS100_USD,5m,EMA 9 pullback en tendencia,stop 2 / obj 3 ATR,límite,validacion,231,88,0.8839065579624746,1.0687200886496955,2.320254714651496,47.61904761904761
NAS100_USD,5m,EMA 9 pullback en tendencia,"stop 2 ATR, cierre de sesión",mercado,validacion,127,88,2.3595779846972285,1.3596095527907361,3.4053000460971363,38.582677165354326
NAS100_USD,5m,EMA 9 pullback en tendencia,"stop 2 ATR, cierre de sesión",límite,validacion,127,88,2.461131509645707,1.4061686773788118,3.551860246875054,38.582677165354326
NAS100_USD,5m,Recupera VWAP,"stop 1,5 / obj 3 ATR",mercado,descubrimiento,303,137,0.09244825356077856,0.24244909688482313,0.20446584546653943,39.273927392739274
NAS100_USD,5m,Recupera VWAP,"stop 1,5 / obj 3 ATR",límite,descubrimiento,273,132,0.16320014999900145,0.4010625891518657,0.33752758295248025,39.56043956043956
NAS100_USD,5m,Recupera VWAP,stop 2 / obj 3 ATR,mercado,descubrimiento,269,137,0.08707707335957987,0.19329141411067002,0.17097615134107289,45.72490706319702
NAS100_USD,5m,Recupera VWAP,stop 2 / obj 3 ATR,límite,descubrimiento,245,132,0.2635527622456506,0.5616974181643389,0.48916989962260904,46.93877551020408
NAS100_USD,5m,Recupera VWAP,"stop 2 ATR, cierre de sesión",mercado,descubrimiento,225,137,-0.06760083474053166,-0.08450766533206173,-0.1110232687344498,33.33333333333333
NAS100_USD,5m,Recupera VWAP,"stop 2 ATR, cierre de sesión",límite,descubrimiento,202,132,-0.03818452594303289,-0.04670903413500708,-0.05843389576130791,34.65346534653465
NAS100_USD,5m,Recupera VWAP,"stop 1,5 / obj 3 ATR",mercado,validacion,222,96,-0.5071095734029033,-0.7423534871395648,-1.1726908884942138,36.486486486486484
NAS100_USD,5m,Recupera VWAP,"stop 1,5 / obj 3 ATR",límite,validacion,209,93,-1.1037105419989277,-1.6001957659181416,-2.480381755675009,32.057416267942585
NAS100_USD,5m,Recupera VWAP,stop 2 / obj 3 ATR,mercado,validacion,203,96,-0.7303132684359888,-0.9026577858440198,-1.5443082655469347,41.37931034482759
NAS100_USD,5m,Recupera VWAP,stop 2 / obj 3 ATR,límite,validacion,190,93,-1.2598800619024946,-1.5384615870834666,-2.573948513564236,37.89473684210527
NAS100_USD,5m,Recupera VWAP,"stop 2 ATR, cierre de sesión",mercado,validacion,165,96,0.4897352449821762,0.3088910107283983,0.8417324523131153,30.303030303030305
NAS100_USD,5m,Recupera VWAP,"stop 2 ATR, cierre de sesión",límite,validacion,155,93,0.29214944470314225,0.1774753442776758,0.4869157411719038,29.03225806451613
NAS100_USD,5m,Retroceso a VWAP en tendencia,"stop 1,5 / obj 3 ATR",mercado,descubrimiento,101,77,-0.6826700122049534,-0.9317911662571331,-0.8954502757493545,33.663366336633665
NAS100_USD,5m,Retroceso a VWAP en tendencia,"stop 1,5 / obj 3 ATR",límite,descubrimiento,96,75,-0.9334447347869467,-1.2627436463095218,-1.1948092605272917,32.29166666666667
NAS100_USD,5m,Retroceso a VWAP en tendencia,stop 2 / obj 3 ATR,mercado,descubrimiento,98,77,-1.1240469287852848,-1.3684032588878396,-1.4306051820903622,36.734693877551024
NAS100_USD,5m,Retroceso a VWAP en tendencia,stop 2 / obj 3 ATR,límite,descubrimiento,95,75,-1.2996787846715767,-1.5864149809650838,-1.6462597939173305,35.78947368421053
NAS100_USD,5m,Retroceso a VWAP en tendencia,"stop 2 ATR, cierre de sesión",mercado,descubrimiento,87,77,-3.138280641621572,-3.7493548569892186,-3.5458495561178798,25.287356321839084
NAS100_USD,5m,Retroceso a VWAP en tendencia,"stop 2 ATR, cierre de sesión",límite,descubrimiento,84,75,-3.0610005844207087,-3.4936100528019147,-3.428320654551194,25.0
NAS100_USD,5m,Retroceso a VWAP en tendencia,"stop 1,5 / obj 3 ATR",mercado,validacion,67,53,-3.3934323143603136,-2.9853752444327792,-4.28981066154983,26.865671641791046
NAS100_USD,5m,Retroceso a VWAP en tendencia,"stop 1,5 / obj 3 ATR",límite,validacion,65,52,-3.0144839704953834,-2.478841806337931,-3.768104963119229,27.692307692307693
NAS100_USD,5m,Retroceso a VWAP en tendencia,stop 2 / obj 3 ATR,mercado,validacion,65,53,-3.570372634300803,-2.6695983246587094,-4.378758891123626,33.84615384615385
NAS100_USD,5m,Retroceso a VWAP en tendencia,stop 2 / obj 3 ATR,límite,validacion,63,52,-3.4256528233724954,-2.460949062302533,-4.1503101513936,33.33333333333333
NAS100_USD,5m,Retroceso a VWAP en tendencia,"stop 2 ATR, cierre de sesión",mercado,validacion,60,53,-2.043435387611392,-0.9344517350776611,-2.3133230803147837,30.0
NAS100_USD,5m,Retroceso a VWAP en tendencia,"stop 2 ATR, cierre de sesión",límite,validacion,59,52,-2.133055242441482,-0.9798639087933584,-2.420197294308605,30.508474576271187
NAS100_USD,5m,Rechazo banda VWAP 2σ,"stop 1,5 / obj 3 ATR",mercado,descubrimiento,399,131,-0.39398701173022227,-1.1569328788015523,-1.2000062418347992,35.08771929824561
NAS100_USD,5m,Rechazo banda VWAP 2σ,"stop 1,5 / obj 3 ATR",límite,descubrimiento,365,123,-0.5044247058972896,-1.4368979092003529,-1.496870062215534,34.52054794520548
NAS100_USD,5m,Rechazo banda VWAP 2σ,stop 2 / obj 3 ATR,mercado,descubrimiento,341,131,-0.30713303487671395,-0.7416206842490594,-0.7994837014729729,42.22873900293255
NAS100_USD,5m,Rechazo banda VWAP 2σ,stop 2 / obj 3 ATR,límite,descubrimiento,313,123,-0.379584672809027,-0.901247272237572,-0.965934980400207,41.853035143769965
NAS100_USD,5m,Rechazo banda VWAP 2σ,"stop 2 ATR, cierre de sesión",mercado,descubrimiento,327,131,-0.5370549584018378,-0.8372284127483743,-1.3405875679190913,28.74617737003058
NAS100_USD,5m,Rechazo banda VWAP 2σ,"stop 2 ATR, cierre de sesión",límite,descubrimiento,301,123,-0.6506592566784885,-1.0265352302631698,-1.5922637094327237,29.2358803986711
NAS100_USD,5m,Rechazo banda VWAP 2σ,"stop 1,5 / obj 3 ATR",mercado,validacion,288,86,-2.024448877076294,-2.778958655868664,-6.779549727883402,28.819444444444443
NAS100_USD,5m,Rechazo banda VWAP 2σ,"stop 1,5 / obj 3 ATR",límite,validacion,271,85,-2.13978360262303,-2.9126001185671666,-6.822133603656955,27.67527675276753
NAS100_USD,5m,Rechazo banda VWAP 2σ,stop 2 / obj 3 ATR,mercado,validacion,244,86,-2.1644867558948135,-2.4894080681614597,-6.141101958585285,34.42622950819672
NAS100_USD,5m,Rechazo banda VWAP 2σ,stop 2 / obj 3 ATR,límite,validacion,232,85,-2.089429901797186,-2.325191928122559,-5.7029145554934955,34.91379310344828
NAS100_USD,5m,Rechazo banda VWAP 2σ,"stop 2 ATR, cierre de sesión",mercado,validacion,221,86,-1.6161630867833054,-1.2090973858106013,-4.153163281152448,24.8868778280543
NAS100_USD,5m,Rechazo banda VWAP 2σ,"stop 2 ATR, cierre de sesión",límite,validacion,210,85,-2.3556471615746015,-1.8008904528929661,-5.819834163890192,23.333333333333332
NAS100_USD,5m,Rechazo banda VWAP 1σ,"stop 1,5 / obj 3 ATR",mercado,descubrimiento,333,127,-0.6768179023945959,-1.7439487866806496,-1.7746485157275624,34.53453453453454
NAS100_USD,5m,Rechazo banda VWAP 1σ,"stop 1,5 / obj 3 ATR",límite,descubrimiento,301,120,-0.8098760311389619,-2.0207759514011494,-2.031439044773563,34.55149501661129
NAS100_USD,5m,Rechazo banda VWAP 1σ,stop 2 / obj 3 ATR,mercado,descubrimiento,298,127,-0.9227391902232291,-2.078517976358009,-2.1651675487127737,38.92617449664429
NAS100_USD,5m,Rechazo banda VWAP 1σ,stop 2 / obj 3 ATR,límite,descubrimiento,277,120,-1.0166753805070976,-2.250039990250106,-2.3468256700038834,38.98916967509025
NAS100_USD,5m,Rechazo banda VWAP 1σ,"stop 2 ATR, cierre de sesión",mercado,descubrimiento,262,127,-1.0310180289144666,-1.5447537298659137,-2.1269820753983484,30.15267175572519
NAS100_USD,5m,Rechazo banda VWAP 1σ,"stop 2 ATR, cierre de sesión",límite,descubrimiento,244,120,-1.3573624196599714,-2.069297242408022,-2.7599702533086083,29.918032786885245
NAS100_USD,5m,Rechazo banda VWAP 1σ,"stop 1,5 / obj 3 ATR",mercado,validacion,237,83,-1.6728598979958047,-2.6604519891882275,-4.7767204316265754,32.91139240506329
NAS100_USD,5m,Rechazo banda VWAP 1σ,"stop 1,5 / obj 3 ATR",límite,validacion,219,77,-1.9314561715409186,-3.132403566122097,-5.4933623580189765,31.05022831050228
NAS100_USD,5m,Rechazo banda VWAP 1σ,stop 2 / obj 3 ATR,mercado,validacion,210,83,-1.8457777157283983,-2.586860669894882,-4.670040003650165,38.095238095238095
NAS100_USD,5m,Rechazo banda VWAP 1σ,stop 2 / obj 3 ATR,límite,validacion,197,77,-2.4928282531990105,-3.5471059977452506,-6.3777554010416235,35.025380710659896
NAS100_USD,5m,Rechazo banda VWAP 1σ,"stop 2 ATR, cierre de sesión",mercado,validacion,169,83,-0.9737381472390005,-0.6753765332031185,-1.9826716491974832,29.585798816568047
NAS100_USD,5m,Rechazo banda VWAP 1σ,"stop 2 ATR, cierre de sesión",límite,validacion,161,77,-2.1953657019952892,-1.6007011984426986,-4.5903101041719685,27.32919254658385
NAS100_USD,5m,Barrido de swing (liquidez),"stop 1,5 / obj 3 ATR",mercado,descubrimiento,230,118,-0.8382322606314782,-1.9418551152120527,-1.6338425419088134,33.91304347826087
NAS100_USD,5m,Barrido de swing (liquidez),"stop 1,5 / obj 3 ATR",límite,descubrimiento,214,113,-0.8229264781853892,-1.8841356030099385,-1.5584625339086131,34.57943925233645
NAS100_USD,5m,Barrido de swing (liquidez),stop 2 / obj 3 ATR,mercado,descubrimiento,220,118,-1.3454809939861299,-2.807252053553635,-2.508523887092785,37.72727272727273
NAS100_USD,5m,Barrido de swing (liquidez),stop 2 / obj 3 ATR,límite,descubrimiento,201,113,-1.4898590545749262,-2.9951707104707377,-2.650103274066904,36.81592039800995
NAS100_USD,5m,Barrido de swing (liquidez),"stop 2 ATR, cierre de sesión",mercado,descubrimiento,190,118,-1.4923105691608607,-2.112563472436135,-2.4028729503437587,30.526315789473685
NAS100_USD,5m,Barrido de swing (liquidez),"stop 2 ATR, cierre de sesión",límite,descubrimiento,178,113,-1.9233986950992168,-2.779468358650104,-3.029778475466023,28.651685393258425
NAS100_USD,5m,Barrido de swing (liquidez),"stop 1,5 / obj 3 ATR",mercado,validacion,169,89,-0.6146874013031567,-0.6987508794229189,-1.1672154024745336,38.46153846153847
NAS100_USD,5m,Barrido de swing (liquidez),"stop 1,5 / obj 3 ATR",límite,validacion,156,87,-0.8847445188424359,-0.9438813370763883,-1.5864384475795401,35.8974358974359
NAS100_USD,5m,Barrido de swing (liquidez),stop 2 / obj 3 ATR,mercado,validacion,160,89,-1.1121651777624921,-1.103051213145657,-1.9993980723820082,42.5
NAS100_USD,5m,Barrido de swing (liquidez),stop 2 / obj 3 ATR,límite,validacion,149,87,-1.517271212443391,-1.4264678535678632,-2.598544950046727,39.59731543624161
NAS100_USD,5m,Barrido de swing (liquidez),"stop 2 ATR, cierre de sesión",mercado,validacion,133,89,-0.3201376943660123,-0.21217074881022255,-0.4784080151761757,36.09022556390977
NAS100_USD,5m,Barrido de swing (liquidez),"stop 2 ATR, cierre de sesión",límite,validacion,125,87,-1.6344541572570923,-1.149423102710149,-2.34835367421996,34.4
NAS100_USD,5m,Barrido del día anterior,"stop 1,5 / obj 3 ATR",mercado,descubrimiento,142,70,-0.2486979157991912,-0.39355845654904187,-0.5045014863355022,37.32394366197183
NAS100_USD,5m,Barrido del día anterior,"stop 1,5 / obj 3 ATR",límite,descubrimiento,127,68,-0.3823067153532658,-0.6053181164495688,-0.7140140124980112,37.79527559055118
NAS100_USD,5m,Barrido del día anterior,stop 2 / obj 3 ATR,mercado,descubrimiento,123,70,-0.04630674172223637,-0.05861610282978601,-0.08136756045478677,43.90243902439025
NAS100_USD,5m,Barrido del día anterior,stop 2 / obj 3 ATR,límite,descubrimiento,111,68,-0.24062551206296567,-0.2974344109164238,-0.3927857623380763,44.14414414414414
NAS100_USD,5m,Barrido del día anterior,"stop 2 ATR, cierre de sesión",mercado,descubrimiento,115,70,-1.0969486663652472,-1.037436271988014,-1.8021299518857632,29.565217391304348
NAS100_USD,5m,Barrido del día anterior,"stop 2 ATR, cierre de sesión",límite,descubrimiento,105,68,-1.0192488565899047,-0.9089974397549994,-1.5738401462049998,29.523809523809526
NAS100_USD,5m,Barrido del día anterior,"stop 1,5 / obj 3 ATR",mercado,validacion,86,41,-1.4338406837263782,-1.1305674543847448,-3.007568263426062,31.3953488372093
NAS100_USD,5m,Barrido del día anterior,"stop 1,5 / obj 3 ATR",límite,validacion,84,40,-1.4406782590207543,-1.1252744057795152,-3.025424343943584,30.952380952380953
NAS100_USD,5m,Barrido del día anterior,stop 2 / obj 3 ATR,mercado,validacion,75,41,-1.8236762212117477,-1.1512697266707348,-3.335993087582465,36.0
NAS100_USD,5m,Barrido del día anterior,stop 2 / obj 3 ATR,límite,validacion,72,40,-1.508462474743519,-0.9713553224951672,-2.715232454538334,37.5
NAS100_USD,5m,Barrido del día anterior,"stop 2 ATR, cierre de sesión",mercado,validacion,65,41,-0.2372903486398943,-0.08000305567584481,-0.3761920161364178,29.230769230769234
NAS100_USD,5m,Barrido del día anterior,"stop 2 ATR, cierre de sesión",límite,validacion,62,40,-0.2814375985053585,-0.09492536279444472,-0.4362282776833057,29.03225806451613
NAS100_USD,5m,Barrido de la noche (ON),"stop 1,5 / obj 3 ATR",mercado,descubrimiento,140,71,-0.6113725103650721,-0.9524916617008078,-1.20552325987479,35.714285714285715
NAS100_USD,5m,Barrido de la noche (ON),"stop 1,5 / obj 3 ATR",límite,descubrimiento,127,68,-0.9769822360962288,-1.4540566662745833,-1.8246579997679566,34.645669291338585
NAS100_USD,5m,Barrido de la noche (ON),stop 2 / obj 3 ATR,mercado,descubrimiento,119,71,-0.2684859700563501,-0.3636513637344179,-0.44999761178458675,42.857142857142854
NAS100_USD,5m,Barrido de la noche (ON),stop 2 / obj 3 ATR,límite,descubrimiento,109,68,-0.05714356002456642,-0.07451791328980394,-0.09159776533349617,44.03669724770643
NAS100_USD,5m,Barrido de la noche (ON),"stop 2 ATR, cierre de sesión",mercado,descubrimiento,112,71,-0.8876498920576882,-0.8600161967106408,-1.4002364494431139,35.714285714285715
NAS100_USD,5m,Barrido de la noche (ON),"stop 2 ATR, cierre de sesión",límite,descubrimiento,101,68,-0.4921415253440895,-0.4358415420975121,-0.7309749126434271,36.633663366336634
NAS100_USD,5m,Barrido de la noche (ON),"stop 1,5 / obj 3 ATR",mercado,validacion,107,51,-0.8338650721255797,-0.9399535070957298,-1.74948162191053,33.64485981308411
NAS100_USD,5m,Barrido de la noche (ON),"stop 1,5 / obj 3 ATR",límite,validacion,97,50,-1.379055653896531,-1.4173066824143965,-2.67536796855927,31.958762886597935
NAS100_USD,5m,Barrido de la noche (ON),stop 2 / obj 3 ATR,mercado,validacion,90,51,-0.23385210831956987,-0.1933537884576248,-0.41268019115218213,43.333333333333336
NAS100_USD,5m,Barrido de la noche (ON),stop 2 / obj 3 ATR,límite,validacion,86,50,-0.7207075878631065,-0.5651168623512975,-1.239617051124543,40.69767441860465
NAS100_USD,5m,Barrido de la noche (ON),"stop 2 ATR, cierre de sesión",mercado,validacion,80,51,-1.1423841631412475,-0.6234396706773205,-1.7919751578686234,30.0
NAS100_USD,5m,Barrido de la noche (ON),"stop 2 ATR, cierre de sesión",límite,validacion,76,50,-1.0276447032627367,-0.5240031816727292,-1.5620199489593596,28.947368421052634
NAS100_USD,5m,Ruptura rango apertura 15m,"stop 1,5 / obj 3 ATR",mercado,descubrimiento,202,109,-1.109704882555671,-2.4629277212458947,-2.0565173052866563,30.693069306930692
NAS100_USD,5m,Ruptura rango apertura 15m,"stop 1,5 / obj 3 ATR",límite,descubrimiento,183,103,-0.8229407584080883,-1.7117282490677865,-1.4621180464920405,32.78688524590164
NAS100_USD,5m,Ruptura rango apertura 15m,stop 2 / obj 3 ATR,mercado,descubrimiento,182,109,-1.2520178963849857,-2.30898113727614,-2.090525294881352,36.81318681318682
NAS100_USD,5m,Ruptura rango apertura 15m,stop 2 / obj 3 ATR,límite,descubrimiento,171,103,-1.1598513208634618,-2.0718354273644057,-1.9255784064820578,38.59649122807017
NAS100_USD,5m,Ruptura rango apertura 15m,"stop 2 ATR, cierre de sesión",mercado,descubrimiento,176,109,-1.1266160121018265,-1.4440161433816474,-1.819123102109371,28.40909090909091
NAS100_USD,5m,Ruptura rango apertura 15m,"stop 2 ATR, cierre de sesión",límite,descubrimiento,165,103,-1.2084476148720913,-1.506143624417433,-1.9358626840183988,27.878787878787882
NAS100_USD,5m,Ruptura rango apertura 15m,"stop 1,5 / obj 3 ATR",mercado,validacion,145,83,-0.4656503881257435,-0.5189617399587074,-0.8134856178100338,39.310344827586206
NAS100_USD,5m,Ruptura rango apertura 15m,"stop 1,5 / obj 3 ATR",límite,validacion,135,75,-0.8882218703517334,-0.9619021607471749,-1.5987993666331202,36.2962962962963
NAS100_USD,5m,Ruptura rango apertura 15m,stop 2 / obj 3 ATR,mercado,validacion,130,83,-0.21899243354800357,-0.20955240421434942,-0.3430001971233791,43.84615384615385
NAS100_USD,5m,Ruptura rango apertura 15m,stop 2 / obj 3 ATR,límite,validacion,120,75,-0.6446570452054592,-0.6025815609665603,-1.0314512723287346,41.66666666666667
NAS100_USD,5m,Ruptura rango apertura 15m,"stop 2 ATR, cierre de sesión",mercado,validacion,119,83,1.9431462824845205,1.0709530785582273,2.7859567182609393,39.49579831932773
NAS100_USD,5m,Ruptura rango apertura 15m,"stop 2 ATR, cierre de sesión",límite,validacion,109,75,1.141506697278489,0.6343618983984366,1.658989733378071,36.69724770642202
NAS100_USD,5m,Falsa ruptura rango apertura,"stop 1,5 / obj 3 ATR",mercado,descubrimiento,183,93,-0.08934422314492206,-0.1713228863056398,-0.1758063745754918,40.43715846994536
NAS100_USD,5m,Falsa ruptura rango apertura,"stop 1,5 / obj 3 ATR",límite,descubrimiento,167,90,-0.14742467303475543,-0.2579934321931959,-0.2735546710756017,41.31736526946108
NAS100_USD,5m,Falsa ruptura rango apertura,stop 2 / obj 3 ATR,mercado,descubrimiento,164,93,-0.07656732754008266,-0.1234469427095295,-0.13502195394165115,45.73170731707317
NAS100_USD,5m,Falsa ruptura rango apertura,stop 2 / obj 3 ATR,límite,descubrimiento,151,90,-0.20116653110806312,-0.310083547960571,-0.33751273552575034,45.033112582781456
NAS100_USD,5m,Falsa ruptura rango apertura,"stop 2 ATR, cierre de sesión",mercado,descubrimiento,146,93,-0.6784664238968858,-0.7460542836137897,-1.0651193321391972,34.93150684931507
NAS100_USD,5m,Falsa ruptura rango apertura,"stop 2 ATR, cierre de sesión",límite,descubrimiento,135,90,-0.8191965159663375,-0.8475740174502921,-1.2287947739495062,33.33333333333333
NAS100_USD,5m,Falsa ruptura rango apertura,"stop 1,5 / obj 3 ATR",mercado,validacion,143,67,-1.8144875433061485,-2.2456726878425197,-3.8727122192952126,29.37062937062937
NAS100_USD,5m,Falsa ruptura rango apertura,"stop 1,5 / obj 3 ATR",límite,validacion,126,64,-2.2776298454829638,-2.718228660443568,-4.4840837582945845,26.190476190476193
NAS100_USD,5m,Falsa ruptura rango apertura,stop 2 / obj 3 ATR,mercado,validacion,119,67,-1.5886058166247445,-1.6335996048774866,-2.8215536146021583,36.97478991596639
NAS100_USD,5m,Falsa ruptura rango apertura,stop 2 / obj 3 ATR,límite,validacion,109,64,-2.5016640151312473,-2.4600136450733463,-4.260646525770405,32.11009174311927
NAS100_USD,5m,Falsa ruptura rango apertura,"stop 2 ATR, cierre de sesión",mercado,validacion,110,67,-0.5939174287969474,-0.3440954801352549,-0.9750883159352868,27.27272727272727
NAS100_USD,5m,Falsa ruptura rango apertura,"stop 2 ATR, cierre de sesión",límite,validacion,103,64,-1.9587563857291361,-1.2078123775942522,-3.1523735582828283,25.24271844660194
NAS100_USD,5m,Reentrada Bollinger,"stop 1,5 / obj 3 ATR",mercado,descubrimiento,320,125,-0.9313678862899529,-2.4987435747073734,-2.3843017889022793,32.5
NAS100_USD,5m,Reentrada Bollinger,"stop 1,5 / obj 3 ATR",límite,descubrimiento,293,122,-0.7613640412128855,-1.8839226200575352,-1.8285218366834053,33.44709897610921
NAS100_USD,5m,Reentrada Bollinger,stop 2 / obj 3 ATR,mercado,descubrimiento,297,125,-0.8972295711337509,-2.1161421394660143,-2.1318174610137923,40.06734006734007
NAS100_USD,5m,Reentrada Bollinger,stop 2 / obj 3 ATR,límite,descubrimiento,270,122,-0.768110913347317,-1.7448269045795726,-1.6999175951129144,39.62962962962963
NAS100_USD,5m,Reentrada Bollinger,"stop 2 ATR, cierre de sesión",mercado,descubrimiento,255,125,-1.210387810912782,-1.9755798780002716,-2.469191134262075,29.411764705882355
NAS100_USD,5m,Reentrada Bollinger,"stop 2 ATR, cierre de sesión",límite,descubrimiento,236,122,-1.1323981869018693,-1.795629219493469,-2.190540754990501,31.35593220338983
NAS100_USD,5m,Reentrada Bollinger,"stop 1,5 / obj 3 ATR",mercado,validacion,235,88,-1.697782264567431,-2.4557295582222203,-4.533850365606208,31.48936170212766
NAS100_USD,5m,Reentrada Bollinger,"stop 1,5 / obj 3 ATR",límite,validacion,215,88,-2.0263929932616502,-2.9272559878651787,-4.9508465176278955,29.767441860465116
NAS100_USD,5m,Reentrada Bollinger,stop 2 / obj 3 ATR,mercado,validacion,213,88,-1.940504514891216,-2.3806558476475725,-4.696902973543511,38.028169014084504
NAS100_USD,5m,Reentrada Bollinger,stop 2 / obj 3 ATR,límite,validacion,197,88,-2.461678400378539,-2.936798753970348,-5.510802782665593,35.53299492385787
NAS100_USD,5m,Reentrada Bollinger,"stop 2 ATR, cierre de sesión",mercado,validacion,183,88,-1.1778927193313387,-0.8571216564632532,-2.44948145042767,30.05464480874317
NAS100_USD,5m,Reentrada Bollinger,"stop 2 ATR, cierre de sesión",límite,validacion,174,88,-1.6768219290108561,-1.2250549775507238,-3.315534268726011,28.735632183908045
NAS100_USD,5m,Ruptura squeeze Bollinger,"stop 1,5 / obj 3 ATR",mercado,descubrimiento,35,29,-1.4830856418609595,-2.8675098158002754,-1.7899309470735718,28.57142857142857
NAS100_USD,5m,Ruptura squeeze Bollinger,"stop 1,5 / obj 3 ATR",límite,descubrimiento,32,27,-1.2832014173269128,-2.049798945465881,-1.5208313094244892,25.0
NAS100_USD,5m,Ruptura squeeze Bollinger,stop 2 / obj 3 ATR,mercado,descubrimiento,33,29,-1.9798389120535316,-3.0894268812425465,-2.2529201413022943,30.303030303030305
NAS100_USD,5m,Ruptura squeeze Bollinger,stop 2 / obj 3 ATR,límite,descubrimiento,31,27,-1.5861995050983868,-2.140733678134821,-1.821192024372222,29.03225806451613
NAS100_USD,5m,Ruptura squeeze Bollinger,"stop 2 ATR, cierre de sesión",mercado,descubrimiento,30,29,-2.158704482714355,-3.1302250054311176,-2.233142568325195,30.0
NAS100_USD,5m,Ruptura squeeze Bollinger,"stop 2 ATR, cierre de sesión",límite,descubrimiento,28,27,-2.0669603875705254,-2.7829770761622763,-2.1435144759990634,28.57142857142857
NAS100_USD,5m,Ruptura squeeze Bollinger,"stop 1,5 / obj 3 ATR",mercado,validacion,23,21,3.0240269515824973,1.384355399445814,3.312029518399878,52.17391304347826
NAS100_USD,5m,Ruptura squeeze Bollinger,"stop 1,5 / obj 3 ATR",límite,validacion,20,18,2.5277022314071473,1.109165696781319,2.8085580348968304,50.0
NAS100_USD,5m,Ruptura squeeze Bollinger,stop 2 / obj 3 ATR,mercado,validacion,23,21,2.9795328679291155,1.3540382952988217,3.263297902969984,52.17391304347826
NAS100_USD,5m,Ruptura squeeze Bollinger,stop 2 / obj 3 ATR,límite,validacion,20,18,3.1490956377982005,1.424536117050297,3.498995153109112,55.00000000000001
NAS100_USD,5m,Ruptura squeeze Bollinger,"stop 2 ATR, cierre de sesión",mercado,validacion,22,21,5.49125683090904,1.682274735618286,5.752745251428518,50.0
NAS100_USD,5m,Ruptura squeeze Bollinger,"stop 2 ATR, cierre de sesión",límite,validacion,19,18,5.114775953794742,1.698818005632404,5.3989301734500055,52.63157894736842
NAS100_USD,5m,Ruptura Keltner,"stop 1,5 / obj 3 ATR",mercado,descubrimiento,264,128,-0.447402836427541,-1.1243716572392708,-0.9227683501318032,34.84848484848485
NAS100_USD,5m,Ruptura Keltner,"stop 1,5 / obj 3 ATR",límite,descubrimiento,236,122,-0.6779003090019912,-1.6315801404738932,-1.3113481387251633,35.16949152542373
NAS100_USD,5m,Ruptura Keltner,stop 2 / obj 3 ATR,mercado,descubrimiento,244,128,-0.5184965507417387,-1.1024052879539123,-0.9883840498514394,39.75409836065574
NAS100_USD,5m,Ruptura Keltner,stop 2 / obj 3 ATR,límite,descubrimiento,224,122,-0.7994646796158315,-1.6454983488026824,-1.467869575688084,40.625
NAS100_USD,5m,Ruptura Keltner,"stop 2 ATR, cierre de sesión",mercado,descubrimiento,186,128,-0.7295775469913354,-0.9436573724524555,-1.0601673729717842,30.64516129032258
NAS100_USD,5m,Ruptura Keltner,"stop 2 ATR, cierre de sesión",límite,descubrimiento,177,122,-1.2423398510884454,-1.6970120393533752,-1.802411095431597,28.8135593220339
NAS100_USD,5m,Ruptura Keltner,"stop 1,5 / obj 3 ATR",mercado,validacion,195,93,0.5710075163229822,0.7173854874572895,1.1972738245481884,46.666666666666664
NAS100_USD,5m,Ruptura Keltner,"stop 1,5 / obj 3 ATR",límite,validacion,182,92,0.12847576390255672,0.14597816272574093,0.25415857641592743,43.40659340659341
NAS100_USD,5m,Ruptura Keltner,stop 2 / obj 3 ATR,mercado,validacion,187,93,0.2427502658915179,0.25388030780047727,0.48811074969584783,50.26737967914438
NAS100_USD,5m,Ruptura Keltner,stop 2 / obj 3 ATR,límite,validacion,175,92,-0.2714076087134375,-0.25931043365783657,-0.5162644730962126,47.42857142857143
NAS100_USD,5m,Ruptura Keltner,"stop 2 ATR, cierre de sesión",mercado,validacion,128,93,1.6294496834277914,0.9129623649288714,2.2426834352554548,40.625
NAS100_USD,5m,Ruptura Keltner,"stop 2 ATR, cierre de sesión",límite,validacion,126,92,0.9465295428321405,0.528751084381585,1.2963339390961925,37.301587301587304
NAS100_USD,5m,Ruptura Donchian 20,"stop 1,5 / obj 3 ATR",mercado,descubrimiento,322,131,-0.477989312617679,-1.310138662722253,-1.1749050279610127,35.09316770186335
NAS100_USD,5m,Ruptura Donchian 20,"stop 1,5 / obj 3 ATR",límite,descubrimiento,297,130,-0.7966260513472593,-2.1894717271589155,-1.819984132693354,34.00673400673401
NAS100_USD,5m,Ruptura Donchian 20,stop 2 / obj 3 ATR,mercado,descubrimiento,302,131,-0.5180637581064259,-1.1539508044930555,-1.194314923268249,40.728476821192054
NAS100_USD,5m,Ruptura Donchian 20,stop 2 / obj 3 ATR,límite,descubrimiento,278,130,-0.914786959938,-2.1748959343292134,-1.9562367297135692,40.28776978417266
NAS100_USD,5m,Ruptura Donchian 20,"stop 2 ATR, cierre de sesión",mercado,descubrimiento,203,131,-1.1387994471442018,-1.5946926690268548,-1.764704486795977,29.55665024630542
NAS100_USD,5m,Ruptura Donchian 20,"stop 2 ATR, cierre de sesión",límite,descubrimiento,198,130,-1.531148293644491,-2.3510213065724326,-2.3320566318585323,29.797979797979796
NAS100_USD,5m,Ruptura Donchian 20,"stop 1,5 / obj 3 ATR",mercado,validacion,246,98,0.3348756837651111,0.4834516693071348,0.8406063082267076,43.49593495934959
NAS100_USD,5m,Ruptura Donchian 20,"stop 1,5 / obj 3 ATR",límite,validacion,232,98,0.20165944931836727,0.28922962018126186,0.47739788001899186,42.672413793103445
NAS100_USD,5m,Ruptura Donchian 20,stop 2 / obj 3 ATR,mercado,validacion,239,98,0.2645569656683376,0.31928792637515024,0.6451950489258437,48.11715481171548
NAS100_USD,5m,Ruptura Donchian 20,stop 2 / obj 3 ATR,límite,validacion,226,98,0.2532543683474063,0.30029841621949394,0.5840355841481001,47.34513274336283
NAS100_USD,5m,Ruptura Donchian 20,"stop 2 ATR, cierre de sesión",mercado,validacion,141,98,1.4622520812014128,0.8394288751094807,2.103852484177543,37.5886524822695
NAS100_USD,5m,Ruptura Donchian 20,"stop 2 ATR, cierre de sesión",límite,validacion,140,98,0.9620074898855882,0.5725216158463952,1.3742964141222689,35.714285714285715
NAS100_USD,5m,Estocástico cruza en extremo,"stop 1,5 / obj 3 ATR",mercado,descubrimiento,395,129,-0.9956519403638773,-3.1866302836696097,-3.048701677858384,32.91139240506329
NAS100_USD,5m,Estocástico cruza en extremo,"stop 1,5 / obj 3 ATR",límite,descubrimiento,353,126,-0.9518962382257186,-2.9018700293900257,-2.666820413441894,33.14447592067989
NAS100_USD,5m,Estocástico cruza en extremo,stop 2 / obj 3 ATR,mercado,descubrimiento,351,129,-1.1699561011757285,-3.3133607963894884,-3.183368926454889,38.17663817663818
NAS100_USD,5m,Estocástico cruza en extremo,stop 2 / obj 3 ATR,límite,descubrimiento,321,126,-1.197909757875576,-3.1532677629203336,-3.051817716492539,37.69470404984423
NAS100_USD,5m,Estocástico cruza en extremo,"stop 2 ATR, cierre de sesión",mercado,descubrimiento,278,129,-1.3582007044510822,-2.4055809256480045,-2.926975161530239,29.856115107913666
NAS100_USD,5m,Estocástico cruza en extremo,"stop 2 ATR, cierre de sesión",límite,descubrimiento,255,126,-1.3560386973736236,-2.354120515876725,-2.7443640303990002,30.58823529411765
NAS100_USD,5m,Estocástico cruza en extremo,"stop 1,5 / obj 3 ATR",mercado,validacion,299,92,-2.7472091516523527,-3.9672261250410834,-8.928429742870145,28.762541806020064
NAS100_USD,5m,Estocástico cruza en extremo,"stop 1,5 / obj 3 ATR",límite,validacion,280,90,-2.7661244081173715,-3.917332173715243,-8.6057203808096,29.642857142857142
NAS100_USD,5m,Estocástico cruza en extremo,stop 2 / obj 3 ATR,mercado,validacion,264,92,-3.0170173767841346,-3.867038778847626,-8.657528124684909,34.46969696969697
NAS100_USD,5m,Estocástico cruza en extremo,stop 2 / obj 3 ATR,límite,validacion,248,90,-3.419999399300552,-4.3033300099534175,-9.4239983447393,33.87096774193548
NAS100_USD,5m,Estocástico cruza en extremo,"stop 2 ATR, cierre de sesión",mercado,validacion,218,92,-2.2512414291364515,-1.7298429680919636,-5.334463386432026,27.981651376146786
NAS100_USD,5m,Estocástico cruza en extremo,"stop 2 ATR, cierre de sesión",límite,validacion,209,90,-2.7552669454419565,-2.1213325009106687,-6.398342128859655,27.751196172248804
NAS100_USD,5m,MACD histograma cruza 0,"stop 1,5 / obj 3 ATR",mercado,descubrimiento,341,141,-0.37518919993006306,-1.0238485798655255,-0.9073724622422092,38.41642228739003
NAS100_USD,5m,MACD histograma cruza 0,"stop 1,5 / obj 3 ATR",límite,descubrimiento,292,137,-0.3009087226570558,-0.7486271162293161,-0.6413528979259876,37.67123287671233
NAS100_USD,5m,MACD histograma cruza 0,stop 2 / obj 3 ATR,mercado,descubrimiento,327,141,-0.3798979514235767,-0.9135780413320026,-0.881039929897231,43.425076452599384
NAS100_USD,5m,MACD histograma cruza 0,stop 2 / obj 3 ATR,límite,descubrimiento,278,137,-0.5405356283668209,-1.1615187890091991,-1.0968533188757386,42.086330935251794
NAS100_USD,5m,MACD histograma cruza 0,"stop 2 ATR, cierre de sesión",mercado,descubrimiento,248,141,-0.7730004406744408,-1.2193568694219774,-1.3596036119663923,34.67741935483871
NAS100_USD,5m,MACD histograma cruza 0,"stop 2 ATR, cierre de sesión",límite,descubrimiento,225,137,-1.0418153114318818,-1.5810709431978733,-1.7110105479720688,33.33333333333333
NAS100_USD,5m,MACD histograma cruza 0,"stop 1,5 / obj 3 ATR",mercado,validacion,269,102,0.008485256694947041,0.012314538982506135,0.022377784813144647,43.12267657992565
NAS100_USD,5m,MACD histograma cruza 0,"stop 1,5 / obj 3 ATR",límite,validacion,250,102,-0.16349494609833187,-0.23251458304405961,-0.4007229071037546,42.0
NAS100_USD,5m,MACD histograma cruza 0,stop 2 / obj 3 ATR,mercado,validacion,256,102,0.06571483677252621,0.0819295493180048,0.16493135503692852,47.65625
NAS100_USD,5m,MACD histograma cruza 0,stop 2 / obj 3 ATR,límite,validacion,236,102,-0.19190858430782606,-0.23079456685712232,-0.44402378330046033,46.61016949152542
NAS100_USD,5m,MACD histograma cruza 0,"stop 2 ATR, cierre de sesión",mercado,validacion,181,102,1.4002900524034014,0.8875783514618875,2.484828426323683,37.569060773480665
NAS100_USD,5m,MACD histograma cruza 0,"stop 2 ATR, cierre de sesión",límite,validacion,179,102,0.7556529444689041,0.49379332486452043,1.3260968339209198,34.63687150837989
NAS100_USD,5m,RSI(2) extremo,"stop 1,5 / obj 3 ATR",mercado,descubrimiento,403,137,-0.5844214577828669,-1.674689119165669,-1.7191375728941267,34.98759305210918
NAS100_USD,5m,RSI(2) extremo,"stop 1,5 / obj 3 ATR",límite,descubrimiento,352,129,-0.6713777507231952,-1.7135959643662968,-1.8319764980974007,34.090909090909086
NAS100_USD,5m,RSI(2) extremo,stop 2 / obj 3 ATR,mercado,descubrimiento,362,137,-0.7137389839024786,-1.8541287001414384,-1.8859380450561842,39.77900552486188
NAS100_USD,5m,RSI(2) extremo,stop 2 / obj 3 ATR,límite,descubrimiento,316,129,-0.7788219329677003,-1.924563640484573,-1.9078118668045994,38.607594936708864
NAS100_USD,5m,RSI(2) extremo,"stop 2 ATR, cierre de sesión",mercado,descubrimiento,281,137,-1.0357297804007681,-1.783003707333556,-2.1243800605300427,31.672597864768683
NAS100_USD,5m,RSI(2) extremo,"stop 2 ATR, cierre de sesión",límite,descubrimiento,258,129,-0.9657052740570161,-1.63918643235155,-1.9314105481140322,30.620155038759687
NAS100_USD,5m,RSI(2) extremo,"stop 1,5 / obj 3 ATR",mercado,validacion,280,96,-1.4255962409717688,-2.315073031570254,-4.157989036167659,32.5
NAS100_USD,5m,RSI(2) extremo,"stop 1,5 / obj 3 ATR",límite,validacion,265,95,-1.4462692837445248,-2.2862929309095605,-4.034330107287359,32.45283018867924
NAS100_USD,5m,RSI(2) extremo,stop 2 / obj 3 ATR,mercado,validacion,249,96,-1.149630966339729,-1.4689959699115949,-2.9818553189436723,41.365461847389554
NAS100_USD,5m,RSI(2) extremo,stop 2 / obj 3 ATR,límite,validacion,234,95,-1.2950763792054254,-1.6297826306896837,-3.1899776077270476,40.17094017094017
NAS100_USD,5m,RSI(2) extremo,"stop 2 ATR, cierre de sesión",mercado,validacion,200,96,-0.72196695423126,-0.5458665170549312,-1.504097821315125,30.0
NAS100_USD,5m,RSI(2) extremo,"stop 2 ATR, cierre de sesión",límite,validacion,189,95,-0.6043069874798784,-0.4311218662753385,-1.2022528487757582,30.158730158730158
NAS100_USD,5m,RSI(7) sale de 30/70,"stop 1,5 / obj 3 ATR",mercado,descubrimiento,390,127,-0.7818985106394853,-2.448469975319507,-2.4011056625936953,32.56410256410256
NAS100_USD,5m,RSI(7) sale de 30/70,"stop 1,5 / obj 3 ATR",límite,descubrimiento,352,126,-0.575271458415824,-1.642267337869166,-1.6071075663680163,35.22727272727273
NAS100_USD,5m,RSI(7) sale de 30/70,stop 2 / obj 3 ATR,mercado,descubrimiento,346,127,-0.9119915534306104,-2.486315244068141,-2.4846384054093797,38.15028901734104
NAS100_USD,5m,RSI(7) sale de 30/70,stop 2 / obj 3 ATR,límite,descubrimiento,329,126,-0.8451367956526695,-2.212786818371253,-2.206746077537526,39.209726443769
NAS100_USD,5m,RSI(7) sale de 30/70,"stop 2 ATR, cierre de sesión",mercado,descubrimiento,276,127,-1.1328813585682174,-1.8680128749953226,-2.462009881612819,30.07246376811594
NAS100_USD,5m,RSI(7) sale de 30/70,"stop 2 ATR, cierre de sesión",límite,descubrimiento,271,126,-1.2650339154739603,-2.2088653545989527,-2.7208269134400256,30.996309963099634
NAS100_USD,5m,RSI(7) sale de 30/70,"stop 1,5 / obj 3 ATR",mercado,validacion,259,86,-2.507333081477398,-3.7316558514271456,-7.551154280263328,28.957528957528954
NAS100_USD,5m,RSI(7) sale de 30/70,"stop 1,5 / obj 3 ATR",límite,validacion,243,85,-2.8248254147086183,-4.161217853807206,-8.075677362049344,27.983539094650205
NAS100_USD,5m,RSI(7) sale de 30/70,stop 2 / obj 3 ATR,mercado,validacion,226,86,-2.8768054711080313,-3.841538094244837,-7.55997716826064,34.51327433628318
NAS100_USD,5m,RSI(7) sale de 30/70,stop 2 / obj 3 ATR,límite,validacion,215,85,-3.2845224883944577,-4.439347856687172,-8.30790982358598,33.95348837209302
NAS100_USD,5m,RSI(7) sale de 30/70,"stop 2 ATR, cierre de sesión",mercado,validacion,188,86,-1.491744403128936,-1.0175324880765122,-3.2610226487004645,29.25531914893617
NAS100_USD,5m,RSI(7) sale de 30/70,"stop 2 ATR, cierre de sesión",límite,validacion,179,85,-2.149576704462159,-1.4851563318831524,-4.526755648220311,27.37430167597765
NAS100_USD,5m,CCI sale de ±100,"stop 1,5 / obj 3 ATR",mercado,descubrimiento,421,136,-1.1229951347421336,-3.5601200308994785,-3.4763305274002816,31.59144893111639
NAS100_USD,5m,CCI sale de ±100,"stop 1,5 / obj 3 ATR",límite,descubrimiento,369,132,-1.0578273346430593,-3.090210105358935,-2.957108230934007,33.06233062330624
NAS100_USD,5m,CCI sale de ±100,stop 2 / obj 3 ATR,mercado,descubrimiento,369,136,-1.3005725505229255,-3.5508020428427853,-3.528759346639408,37.12737127371274
NAS100_USD,5m,CCI sale de ±100,stop 2 / obj 3 ATR,límite,descubrimiento,335,132,-1.4189780433142365,-3.646479701274578,-3.6011942765929486,36.417910447761194
NAS100_USD,5m,CCI sale de ±100,"stop 2 ATR, cierre de sesión",mercado,descubrimiento,302,136,-1.7040559006052987,-3.1058705469757766,-3.784006485167648,29.13907284768212
NAS100_USD,5m,CCI sale de ±100,"stop 2 ATR, cierre de sesión",límite,descubrimiento,280,132,-1.790127426896763,-3.1762271560709254,-3.7972399964476793,29.642857142857142
NAS100_USD,5m,CCI sale de ±100,"stop 1,5 / obj 3 ATR",mercado,validacion,316,99,-2.079059455817259,-3.428665558683997,-6.63618977816418,31.329113924050635
NAS100_USD,5m,CCI sale de ±100,"stop 1,5 / obj 3 ATR",límite,validacion,294,98,-2.33474612414431,-3.679730654920058,-7.00423837243293,30.272108843537417
NAS100_USD,5m,CCI sale de ±100,stop 2 / obj 3 ATR,mercado,validacion,287,99,-2.81788348163046,-4.021445975777745,-8.169015749777193,34.494773519163765
NAS100_USD,5m,CCI sale de ±100,stop 2 / obj 3 ATR,límite,validacion,267,98,-3.2903358608595825,-4.518462418082291,-8.964486478056209,32.958801498127336
NAS100_USD,5m,CCI sale de ±100,"stop 2 ATR, cierre de sesión",mercado,validacion,219,99,-1.5375727096104839,-1.2075524369999169,-3.40129720610804,29.22374429223744
NAS100_USD,5m,CCI sale de ±100,"stop 2 ATR, cierre de sesión",límite,validacion,218,98,-2.2068692272956327,-1.7757885530357824,-4.909158077045387,28.440366972477065
NAS100_USD,5m,Supertrend cambia,"stop 1,5 / obj 3 ATR",mercado,descubrimiento,147,121,-0.3306269307525766,-0.5531122612086393,-0.40167073405478315,34.01360544217687
NAS100_USD,5m,Supertrend cambia,"stop 1,5 / obj 3 ATR",límite,descubrimiento,132,109,-0.2896118010535363,-0.46305247296773966,-0.35072254806483294,37.121212121212125
NAS100_USD,5m,Supertrend cambia,stop 2 / obj 3 ATR,mercado,descubrimiento,147,121,0.00833484948086894,0.013066066203979857,0.010125808873452349,40.816326530612244
NAS100_USD,5m,Supertrend cambia,stop 2 / obj 3 ATR,límite,descubrimiento,132,109,-0.02117685097636137,-0.03180103950556608,-0.0256453608154101,43.93939393939394
NAS100_USD,5m,Supertrend cambia,"stop 2 ATR, cierre de sesión",mercado,descubrimiento,144,121,-1.2469363335106083,-1.4212025658840102,-1.48395728946717,29.166666666666668
NAS100_USD,5m,Supertrend cambia,"stop 2 ATR, cierre de sesión",límite,descubrimiento,131,109,-1.7726311392456444,-2.118950358665092,-2.130409901295224,29.770992366412212
NAS100_USD,5m,Supertrend cambia,"stop 1,5 / obj 3 ATR",mercado,validacion,107,86,0.793681062493364,0.7470275143049718,0.9874869033347669,43.925233644859816
NAS100_USD,5m,Supertrend cambia,"stop 1,5 / obj 3 ATR",límite,validacion,99,80,1.0682504092804073,0.9984632813542842,1.321959881484504,45.45454545454545
NAS100_USD,5m,Supertrend cambia,stop 2 / obj 3 ATR,mercado,validacion,107,86,1.0106989539672282,0.9083562534777931,1.2574975357499234,50.467289719626166
NAS100_USD,5m,Supertrend cambia,stop 2 / obj 3 ATR,límite,validacion,99,80,0.6079200995088773,0.5271351594756938,0.7523011231422356,49.494949494949495
NAS100_USD,5m,Supertrend cambia,"stop 2 ATR, cierre de sesión",mercado,validacion,102,86,1.5634477316164495,0.8207810267214881,1.854321728196254,41.17647058823529
NAS100_USD,5m,Supertrend cambia,"stop 2 ATR, cierre de sesión",límite,validacion,95,80,1.1717558900933478,0.591360461915643,1.3914601194858505,40.0
NAS100_USD,5m,ADX>25 + cruce DI,"stop 1,5 / obj 3 ATR",mercado,descubrimiento,90,75,0.47775158180131927,0.5997206632239869,0.5733018981615831,41.11111111111111
NAS100_USD,5m,ADX>25 + cruce DI,"stop 1,5 / obj 3 ATR",límite,descubrimiento,78,68,0.8852306529497546,1.0142031266864544,1.0154116313247186,44.871794871794876
NAS100_USD,5m,ADX>25 + cruce DI,stop 2 / obj 3 ATR,mercado,descubrimiento,86,75,0.9707039139991688,1.0271210039479637,1.1130738213857134,48.837209302325576
NAS100_USD,5m,ADX>25 + cruce DI,stop 2 / obj 3 ATR,límite,descubrimiento,76,68,1.0581370861906843,1.0191426017147225,1.1826238022131177,48.68421052631579
NAS100_USD,5m,ADX>25 + cruce DI,"stop 2 ATR, cierre de sesión",mercado,descubrimiento,85,75,1.4229606117921771,1.0121480382681463,1.6126886933644675,40.0
NAS100_USD,5m,ADX>25 + cruce DI,"stop 2 ATR, cierre de sesión",límite,descubrimiento,75,68,1.30153832944234,0.858094614335846,1.4355202162966985,38.666666666666664
NAS100_USD,5m,ADX>25 + cruce DI,"stop 1,5 / obj 3 ATR",mercado,validacion,56,48,0.3091513382537396,0.21199980766363033,0.3606765612960295,42.857142857142854
NAS100_USD,5m,ADX>25 + cruce DI,"stop 1,5 / obj 3 ATR",límite,validacion,52,46,-0.10534997582434057,-0.06643455742968869,-0.11909127701881976,38.46153846153847
NAS100_USD,5m,ADX>25 + cruce DI,stop 2 / obj 3 ATR,mercado,validacion,56,48,0.02458595633507559,0.015094515332652656,0.028683615724254857,48.214285714285715
NAS100_USD,5m,ADX>25 + cruce DI,stop 2 / obj 3 ATR,límite,validacion,52,46,0.5169964075088498,0.28435974938506486,0.5844307215317432,48.07692307692308
NAS100_USD,5m,ADX>25 + cruce DI,"stop 2 ATR, cierre de sesión",mercado,validacion,52,48,2.981313169919519,1.00370269350183,3.229755934079479,36.53846153846153
NAS100_USD,5m,ADX>25 + cruce DI,"stop 2 ATR, cierre de sesión",límite,validacion,50,46,1.3235790767669555,0.46390039128903476,1.4386729095292996,34.0
NAS100_USD,5m,Envolvente,"stop 1,5 / obj 3 ATR",mercado,descubrimiento,401,138,-0.9475991702733783,-2.75849476265859,-2.753530922316121,34.1645885286783
NAS100_USD,5m,Envolvente,"stop 1,5 / obj 3 ATR",límite,descubrimiento,361,136,-0.956406701865951,-2.6588368636645217,-2.5386972012765314,35.18005540166205
NAS100_USD,5m,Envolvente,stop 2 / obj 3 ATR,mercado,descubrimiento,365,138,-0.8725153930219882,-2.185478333757452,-2.307739988790041,41.369863013698634
NAS100_USD,5m,Envolvente,stop 2 / obj 3 ATR,límite,descubrimiento,332,136,-0.8893644172025034,-2.1399955231700227,-2.1710954890531697,42.46987951807229
NAS100_USD,5m,Envolvente,"stop 2 ATR, cierre de sesión",mercado,descubrimiento,242,138,-1.049598339372426,-1.5601611406084412,-1.8405999864357037,32.64462809917356
NAS100_USD,5m,Envolvente,"stop 2 ATR, cierre de sesión",límite,descubrimiento,232,136,-1.1686231923514394,-1.711398962944953,-1.9935336810701025,31.896551724137932
NAS100_USD,5m,Envolvente,"stop 1,5 / obj 3 ATR",mercado,validacion,341,103,-1.4143784523010319,-2.156280642928818,-4.682553905190795,35.77712609970675
NAS100_USD,5m,Envolvente,"stop 1,5 / obj 3 ATR",límite,validacion,313,103,-1.6376072946828775,-2.497445149073097,-4.976418283842142,34.185303514377
NAS100_USD,5m,Envolvente,stop 2 / obj 3 ATR,mercado,validacion,323,103,-1.6938319624023923,-2.1293029746192667,-5.311725474329832,41.795665634674926
NAS100_USD,5m,Envolvente,stop 2 / obj 3 ATR,límite,validacion,302,103,-1.9901932127428412,-2.495794231099321,-5.835323788818815,39.735099337748345
NAS100_USD,5m,Envolvente,"stop 2 ATR, cierre de sesión",mercado,validacion,213,103,-0.8846398671468181,-0.6205630880196638,-1.8294008903133228,30.51643192488263
NAS100_USD,5m,Envolvente,"stop 2 ATR, cierre de sesión",límite,validacion,204,103,-0.9286234051573524,-0.6374443501864056,-1.839215287884465,31.372549019607842
NAS100_USD,5m,Martillo / estrella,"stop 1,5 / obj 3 ATR",mercado,descubrimiento,516,143,-0.9074306815978124,-2.9730501266441043,-3.2743652566746237,33.13953488372093
NAS100_USD,5m,Martillo / estrella,"stop 1,5 / obj 3 ATR",límite,descubrimiento,478,142,-0.9945854097230605,-3.0042074209736187,-3.3479706045607247,33.47280334728033
NAS100_USD,5m,Martillo / estrella,stop 2 / obj 3 ATR,mercado,descubrimiento,466,143,-0.936962699276178,-2.6927188220364005,-3.05331900603286,38.8412017167382
NAS100_USD,5m,Martillo / estrella,stop 2 / obj 3 ATR,límite,descubrimiento,430,142,-0.7409103478941693,-2.0319998016635514,-2.243601757707696,41.3953488372093
NAS100_USD,5m,Martillo / estrella,"stop 2 ATR, cierre de sesión",mercado,descubrimiento,307,143,-1.3284108736616,-2.342815043988543,-2.851903064434344,30.944625407166125
NAS100_USD,5m,Martillo / estrella,"stop 2 ATR, cierre de sesión",límite,descubrimiento,298,142,-1.3855702880244898,-2.427236340673716,-2.9077460974035065,31.543624161073826
NAS100_USD,5m,Martillo / estrella,"stop 1,5 / obj 3 ATR",mercado,validacion,353,105,-1.232282545208591,-2.1442497125253746,-4.142816556748882,34.27762039660057
NAS100_USD,5m,Martillo / estrella,"stop 1,5 / obj 3 ATR",límite,validacion,329,105,-1.2457348948916418,-2.0645176397318994,-3.9033026706604774,33.73860182370821
NAS100_USD,5m,Martillo / estrella,stop 2 / obj 3 ATR,mercado,validacion,319,105,-1.0258218199481755,-1.4876152242515535,-3.1165443863187425,40.12539184952978
NAS100_USD,5m,Martillo / estrella,stop 2 / obj 3 ATR,límite,validacion,303,105,-1.2846595266077834,-1.8701447698276297,-3.707160348211032,38.28382838283829
NAS100_USD,5m,Martillo / estrella,"stop 2 ATR, cierre de sesión",mercado,validacion,207,105,-0.06723875423561182,-0.05060292626371257,-0.132556401207349,30.434782608695656
NAS100_USD,5m,Martillo / estrella,"stop 2 ATR, cierre de sesión",límite,validacion,205,105,-0.4440325853301237,-0.3349737162150302,-0.8669207618350033,29.268292682926827
NAS100_USD,5m,Ruptura de inside bar,"stop 1,5 / obj 3 ATR",mercado,descubrimiento,378,139,-0.8246443533708144,-2.3818496580114537,-2.242558025713438,32.804232804232804
NAS100_USD,5m,Ruptura de inside bar,"stop 1,5 / obj 3 ATR",límite,descubrimiento,358,138,-0.8406155769551907,-2.4177203776399323,-2.1807273663040454,32.960893854748605
NAS100_USD,5m,Ruptura de inside bar,stop 2 / obj 3 ATR,mercado,descubrimiento,355,139,-0.6702957465950853,-1.6190371799586847,-1.7119064031744982,39.436619718309856
NAS100_USD,5m,Ruptura de inside bar,stop 2 / obj 3 ATR,límite,descubrimiento,336,138,-0.8451104988654421,-2.00592324003137,-2.057660345063685,38.98809523809524
NAS100_USD,5m,Ruptura de inside bar,"stop 2 ATR, cierre de sesión",mercado,descubrimiento,236,139,-0.9084368711810978,-1.3066766405802273,-1.5423820258902092,31.779661016949152
NAS100_USD,5m,Ruptura de inside bar,"stop 2 ATR, cierre de sesión",límite,descubrimiento,230,138,-0.9141451586847642,-1.3386584119499687,-1.523575264474607,33.47826086956522
NAS100_USD,5m,Ruptura de inside bar,"stop 1,5 / obj 3 ATR",mercado,validacion,246,100,-0.7620721829615935,-1.133505299917808,-1.87469757008552,36.58536585365854
NAS100_USD,5m,Ruptura de inside bar,"stop 1,5 / obj 3 ATR",límite,validacion,231,99,-0.8365846388267777,-1.1465565305243757,-1.952030823929148,35.064935064935064
NAS100_USD,5m,Ruptura de inside bar,stop 2 / obj 3 ATR,mercado,validacion,232,100,-1.0216029818715822,-1.3917468146497782,-2.3701189179420705,41.37931034482759
NAS100_USD,5m,Ruptura de inside bar,stop 2 / obj 3 ATR,límite,validacion,220,99,-1.0169190450148233,-1.2906263477268811,-2.2598201000329405,41.36363636363637
NAS100_USD,5m,Ruptura de inside bar,"stop 2 ATR, cierre de sesión",mercado,validacion,167,100,-0.3126772166726032,-0.22515273836383684,-0.5221709518432472,33.532934131736525
NAS100_USD,5m,Ruptura de inside bar,"stop 2 ATR, cierre de sesión",límite,validacion,164,99,-0.27692679835528694,-0.19678890048817468,-0.45874742353805115,32.31707317073171
NAS100_USD,5m,Clímax de volumen (reversión),"stop 1,5 / obj 3 ATR",mercado,descubrimiento,41,36,-0.08524359319267967,-0.08520913665201393,-0.09708298113610742,31.70731707317073
NAS100_USD,5m,Clímax de volumen (reversión),"stop 1,5 / obj 3 ATR",límite,descubrimiento,38,34,-0.5608374118804955,-0.5615984330429162,-0.6268182838664361,31.57894736842105
NAS100_USD,5m,Clímax de volumen (reversión),stop 2 / obj 3 ATR,mercado,descubrimiento,40,36,-0.44224603116512073,-0.402307055967068,-0.49138447907235633,37.5
NAS100_USD,5m,Clímax de volumen (reversión),stop 2 / obj 3 ATR,límite,descubrimiento,37,34,-0.6513587165523244,-0.5713342764613352,-0.7088315444834118,37.83783783783784
NAS100_USD,5m,Clímax de volumen (reversión),"stop 2 ATR, cierre de sesión",mercado,descubrimiento,40,36,-0.45940466165543514,-0.25069072476926213,-0.5104496240615946,22.5
NAS100_USD,5m,Clímax de volumen (reversión),"stop 2 ATR, cierre de sesión",límite,descubrimiento,37,34,-1.9080084955370176,-1.3302608630853487,-2.0763621863196953,18.91891891891892
NAS100_USD,5m,Clímax de volumen (reversión),"stop 1,5 / obj 3 ATR",mercado,validacion,32,27,-5.8140326306223695,-6.192048875543072,-6.890705339996883,6.25
NAS100_USD,5m,Clímax de volumen (reversión),"stop 1,5 / obj 3 ATR",límite,validacion,31,26,-6.308022216058538,-7.75820483500955,-7.521103411454411,3.225806451612903
NAS100_USD,5m,Clímax de volumen (reversión),stop 2 / obj 3 ATR,mercado,validacion,32,27,-6.284364502131913,-4.220129081453495,-7.448135706230415,9.375
NAS100_USD,5m,Clímax de volumen (reversión),stop 2 / obj 3 ATR,límite,validacion,31,26,-6.78723652132093,-4.7400653042363965,-8.092474313882647,6.451612903225806
NAS100_USD,5m,Clímax de volumen (reversión),"stop 2 ATR, cierre de sesión",mercado,validacion,32,27,-9.059356066584563,-17.920511808791332,-10.737014597433555,0.0
NAS100_USD,5m,Clímax de volumen (reversión),"stop 2 ATR, cierre de sesión",límite,validacion,31,26,-9.102021371164604,-17.354770617481865,-10.852410096388565,0.0
NAS100_USD,5m,Divergencia SMT,"stop 1,5 / obj 3 ATR",mercado,descubrimiento,191,103,-1.142747522711136,-2.6527031145195448,-2.119075503279874,31.413612565445025
NAS100_USD,5m,Divergencia SMT,"stop 1,5 / obj 3 ATR",límite,descubrimiento,174,100,-1.062355016497362,-2.349216823434522,-1.8484977287054098,32.18390804597701
NAS100_USD,5m,Divergencia SMT,stop 2 / obj 3 ATR,mercado,descubrimiento,178,103,-1.485592761200475,-2.89560667142575,-2.567335063045481,35.95505617977528
NAS100_USD,5m,Divergencia SMT,stop 2 / obj 3 ATR,límite,descubrimiento,166,100,-1.5092554227415405,-2.8533447731502397,-2.505364001750957,34.93975903614458
NAS100_USD,5m,Divergencia SMT,"stop 2 ATR, cierre de sesión",mercado,descubrimiento,156,103,-2.1639165756029866,-3.0181138547415918,-3.2773882115928727,26.282051282051285
NAS100_USD,5m,Divergencia SMT,"stop 2 ATR, cierre de sesión",límite,descubrimiento,146,100,-2.332520373553439,-3.1720315467432965,-3.4054797453880212,24.65753424657534
NAS100_USD,5m,Divergencia SMT,"stop 1,5 / obj 3 ATR",mercado,validacion,128,71,-1.9658267201856017,-2.3579765135609256,-3.544025636390944,26.5625
NAS100_USD,5m,Divergencia SMT,"stop 1,5 / obj 3 ATR",límite,validacion,124,70,-1.711161363701692,-1.9533793241905475,-3.0312001299858546,29.03225806451613
NAS100_USD,5m,Divergencia SMT,stop 2 / obj 3 ATR,mercado,validacion,117,71,-1.8197987898802412,-1.7209920507678862,-2.998823357971665,34.18803418803419
NAS100_USD,5m,Divergencia SMT,stop 2 / obj 3 ATR,límite,validacion,114,70,-1.6893946233548882,-1.5988470114161915,-2.7512998151779606,35.96491228070175
NAS100_USD,5m,Divergencia SMT,"stop 2 ATR, cierre de sesión",mercado,validacion,106,71,-1.657494346150835,-1.0323155409401734,-2.474569023830824,28.30188679245283
NAS100_USD,5m,Divergencia SMT,"stop 2 ATR, cierre de sesión",límite,validacion,103,70,-1.4056566738388039,-0.8732358391299172,-2.0683233915056687,29.126213592233007
NAS100_USD,5m,Vela de impulso,"stop 1,5 / obj 3 ATR",mercado,descubrimiento,126,88,-0.8464280236335026,-1.544521501400798,-1.2119310338388787,28.57142857142857
NAS100_USD,5m,Vela de impulso,"stop 1,5 / obj 3 ATR",límite,descubrimiento,112,83,-0.791923735929389,-1.3218074903566952,-1.0686199810131514,31.25
NAS100_USD,5m,Vela de impulso,stop 2 / obj 3 ATR,mercado,descubrimiento,121,88,-0.8021168935397451,-1.2039069605951123,-1.1029107286171496,35.53719008264463
NAS100_USD,5m,Vela de impulso,stop 2 / obj 3 ATR,límite,descubrimiento,109,83,-1.213600211405973,-1.756862111808624,-1.5937641330512173,35.77981651376147
NAS100_USD,5m,Vela de impulso,"stop 2 ATR, cierre de sesión",mercado,descubrimiento,106,88,-0.6668709664974675,-0.5590889642331224,-0.8032763914628586,22.641509433962266
NAS100_USD,5m,Vela de impulso,"stop 2 ATR, cierre de sesión",límite,descubrimiento,98,83,-1.372565252926887,-1.230677751245728,-1.620619214299216,21.428571428571427
NAS100_USD,5m,Vela de impulso,"stop 1,5 / obj 3 ATR",mercado,validacion,107,79,-0.13777943058547504,-0.129167177215802,-0.18661264648918768,38.31775700934579
NAS100_USD,5m,Vela de impulso,"stop 1,5 / obj 3 ATR",límite,validacion,98,74,-0.7651694358611585,-0.7083444748821222,-1.0133324961404533,33.6734693877551
NAS100_USD,5m,Vela de impulso,stop 2 / obj 3 ATR,mercado,validacion,106,79,-0.08351014627599115,-0.07007611236991589,-0.1120515886741147,43.39622641509434
NAS100_USD,5m,Vela de impulso,stop 2 / obj 3 ATR,límite,validacion,96,74,-0.6759248636662877,-0.5449287991832883,-0.8768754988103192,39.58333333333333
NAS100_USD,5m,Vela de impulso,"stop 2 ATR, cierre de sesión",mercado,validacion,94,79,-0.27116122651606867,-0.13426056316431745,-0.3226475353482336,27.659574468085108
NAS100_USD,5m,Vela de impulso,"stop 2 ATR, cierre de sesión",límite,validacion,88,74,-1.4898869362744274,-0.7387165827654311,-1.7717574377317515,23.863636363636363
SPX500_USD,1m,EMA 9 pullback en tendencia,"stop 1,5 / obj 3 ATR",mercado,descubrimiento,1134,105,-0.6159328875000826,-16.834320981130624,-6.652075185000892,24.867724867724867
SPX500_USD,1m,EMA 9 pullback en tendencia,"stop 1,5 / obj 3 ATR",límite,descubrimiento,846,105,-0.45956291576719793,-8.836292218141258,-3.7027640641814235,29.66903073286052
SPX500_USD,1m,EMA 9 pullback en tendencia,stop 2 / obj 3 ATR,mercado,descubrimiento,940,105,-0.6260667472126638,-11.988233097297293,-5.604788022665751,30.957446808510635
SPX500_USD,1m,EMA 9 pullback en tendencia,stop 2 / obj 3 ATR,límite,descubrimiento,764,105,-0.49543716895486756,-7.943913204825989,-3.6048952103001795,33.90052356020942
SPX500_USD,1m,EMA 9 pullback en tendencia,"stop 2 ATR, cierre de sesión",mercado,descubrimiento,360,105,-0.6981172701385316,-3.879869621106442,-2.3935449261892514,16.944444444444446
SPX500_USD,1m,EMA 9 pullback en tendencia,"stop 2 ATR, cierre de sesión",límite,descubrimiento,324,105,-0.5805754366774646,-2.9478134616136074,-1.7914899188904623,17.901234567901234
SPX500_USD,1m,EMA 9 pullback en tendencia,"stop 1,5 / obj 3 ATR",mercado,validacion,923,90,-0.4779952156256382,-7.931233442003651,-4.90210648913849,28.819068255687974
SPX500_USD,1m,EMA 9 pullback en tendencia,"stop 1,5 / obj 3 ATR",límite,validacion,668,90,-0.38430549405961323,-5.046515344337394,-2.8524007781313516,32.93413173652694
SPX500_USD,1m,EMA 9 pullback en tendencia,stop 2 / obj 3 ATR,mercado,validacion,782,90,-0.44669757316789493,-6.10798619992913,-3.881305580192154,36.0613810741688
SPX500_USD,1m,EMA 9 pullback en tendencia,stop 2 / obj 3 ATR,límite,validacion,612,90,-0.3713299632734745,-4.173868744406272,-2.5250437502596266,38.39869281045752
SPX500_USD,1m,EMA 9 pullback en tendencia,"stop 2 ATR, cierre de sesión",mercado,validacion,283,90,0.005713718114379549,0.01526839603640614,0.01796646918188236,19.434628975265017
SPX500_USD,1m,EMA 9 pullback en tendencia,"stop 2 ATR, cierre de sesión",límite,validacion,262,90,0.03526586337853186,0.09130295425828243,0.10266284672417052,20.229007633587788
SPX500_USD,1m,Recupera VWAP,"stop 1,5 / obj 3 ATR",mercado,descubrimiento,612,103,-0.5613831517626259,-9.182533169634173,-3.3355969794051172,27.124183006535947
SPX500_USD,1m,Recupera VWAP,"stop 1,5 / obj 3 ATR",límite,descubrimiento,392,100,-0.4317723430586708,-5.590046732416558,-1.6925475847899896,30.102040816326532
SPX500_USD,1m,Recupera VWAP,stop 2 / obj 3 ATR,mercado,descubrimiento,509,103,-0.514543317924075,-7.236592271610069,-2.5427431924597497,34.9705304518664
SPX500_USD,1m,Recupera VWAP,stop 2 / obj 3 ATR,límite,descubrimiento,351,100,-0.43331033815685177,-4.65136282782971,-1.5209192869305497,36.46723646723647
SPX500_USD,1m,Recupera VWAP,"stop 2 ATR, cierre de sesión",mercado,descubrimiento,351,103,-0.8404359199790182,-4.712767140048575,-2.864009785559567,14.814814814814813
SPX500_USD,1m,Recupera VWAP,"stop 2 ATR, cierre de sesión",límite,descubrimiento,251,100,-0.7170110868837717,-2.832251236695574,-1.799697828078267,16.733067729083665
SPX500_USD,1m,Recupera VWAP,"stop 1,5 / obj 3 ATR",mercado,validacion,482,83,-0.6875060895518189,-7.77721893304492,-3.9925052429394783,24.896265560165975
SPX500_USD,1m,Recupera VWAP,"stop 1,5 / obj 3 ATR",límite,validacion,328,77,-0.5878111856685168,-4.963232344121641,-2.5039229727178376,28.353658536585364
SPX500_USD,1m,Recupera VWAP,stop 2 / obj 3 ATR,mercado,validacion,412,83,-0.6709475234411311,-5.612102182589039,-3.3304865019005545,32.038834951456316
SPX500_USD,1m,Recupera VWAP,stop 2 / obj 3 ATR,límite,validacion,292,77,-0.5500564051572582,-3.758990424011195,-2.085928185791161,35.61643835616438
SPX500_USD,1m,Recupera VWAP,"stop 2 ATR, cierre de sesión",mercado,validacion,288,83,-0.28767710082232917,-0.7727659302404244,-0.9982048799618168,14.583333333333334
SPX500_USD,1m,Recupera VWAP,"stop 2 ATR, cierre de sesión",límite,validacion,215,77,-0.31391219116920244,-0.7498844571721506,-0.8765080662516691,15.813953488372093
SPX500_USD,1m,Retroceso a VWAP en tendencia,"stop 1,5 / obj 3 ATR",mercado,descubrimiento,188,80,-0.5558786163051115,-4.504186305745972,-1.3063147483170119,25.53191489361702
SPX500_USD,1m,Retroceso a VWAP en tendencia,"stop 1,5 / obj 3 ATR",límite,descubrimiento,128,72,-0.5867714545084173,-3.1995609717832867,-1.0431492524594086,27.34375
SPX500_USD,1m,Retroceso a VWAP en tendencia,stop 2 / obj 3 ATR,mercado,descubrimiento,178,80,-0.5393130756897878,-4.1650186048192195,-1.1999715934097779,32.02247191011236
SPX500_USD,1m,Retroceso a VWAP en tendencia,stop 2 / obj 3 ATR,límite,descubrimiento,126,72,-0.4686482827530913,-2.5247128433283943,-0.8201344948179098,35.714285714285715
SPX500_USD,1m,Retroceso a VWAP en tendencia,"stop 2 ATR, cierre de sesión",mercado,descubrimiento,132,80,-0.8219069782892934,-2.6997253463814603,-1.356146514177334,16.666666666666664
SPX500_USD,1m,Retroceso a VWAP en tendencia,"stop 2 ATR, cierre de sesión",límite,descubrimiento,100,72,-0.6185700199604003,-1.599249099238138,-0.8591250277227781,18.0
SPX500_USD,1m,Retroceso a VWAP en tendencia,"stop 1,5 / obj 3 ATR",mercado,validacion,123,61,-0.8372053721668362,-4.416608113015156,-1.6881354225659158,21.951219512195124
SPX500_USD,1m,Retroceso a VWAP en tendencia,"stop 1,5 / obj 3 ATR",límite,validacion,90,49,-0.5943271501196841,-2.6393381002862446,-1.0916212961381953,27.77777777777778
SPX500_USD,1m,Retroceso a VWAP en tendencia,stop 2 / obj 3 ATR,mercado,validacion,118,61,-0.7439477842844247,-2.9769926057367697,-1.439112107304297,28.8135593220339
SPX500_USD,1m,Retroceso a VWAP en tendencia,stop 2 / obj 3 ATR,límite,validacion,88,49,-0.666550183716139,-2.452595701642205,-1.1970697176942906,34.090909090909086
SPX500_USD,1m,Retroceso a VWAP en tendencia,"stop 2 ATR, cierre de sesión",mercado,validacion,105,61,-0.1287914338566091,-0.19343318078728433,-0.2216901730318681,14.285714285714285
SPX500_USD,1m,Retroceso a VWAP en tendencia,"stop 2 ATR, cierre de sesión",límite,validacion,77,49,-0.4097870341214301,-0.5481890686164851,-0.6439510536193901,14.285714285714285
SPX500_USD,1m,Rechazo banda VWAP 2σ,"stop 1,5 / obj 3 ATR",mercado,descubrimiento,510,90,-0.552302120105892,-10.044074319323874,-3.1297120139333883,28.235294117647058
SPX500_USD,1m,Rechazo banda VWAP 2σ,"stop 1,5 / obj 3 ATR",límite,descubrimiento,340,89,-0.39168390608009446,-4.78388538384842,-1.4963205400812598,32.35294117647059
SPX500_USD,1m,Rechazo banda VWAP 2σ,stop 2 / obj 3 ATR,mercado,descubrimiento,430,90,-0.5638183429074854,-8.322244524201668,-2.693798749446875,34.651162790697676
SPX500_USD,1m,Rechazo banda VWAP 2σ,stop 2 / obj 3 ATR,límite,descubrimiento,298,89,-0.3937563015950611,-4.109524277134232,-1.3184199761272832,38.25503355704698
SPX500_USD,1m,Rechazo banda VWAP 2σ,"stop 2 ATR, cierre de sesión",mercado,descubrimiento,383,90,-0.651462252258324,-3.7345250398811505,-2.7723338068326453,16.449086161879894
SPX500_USD,1m,Rechazo banda VWAP 2σ,"stop 2 ATR, cierre de sesión",límite,descubrimiento,259,89,-0.4875557926538849,-2.129891407098507,-1.4188421381725413,18.91891891891892
SPX500_USD,1m,Rechazo banda VWAP 2σ,"stop 1,5 / obj 3 ATR",mercado,validacion,414,71,-0.5961070844818993,-5.223130113124134,-3.475892013739526,27.77777777777778
SPX500_USD,1m,Rechazo banda VWAP 2σ,"stop 1,5 / obj 3 ATR",límite,validacion,274,69,-0.4721710700862643,-3.7197582075037934,-1.8749981623715422,28.832116788321166
SPX500_USD,1m,Rechazo banda VWAP 2σ,stop 2 / obj 3 ATR,mercado,validacion,347,71,-0.5858962328667645,-4.834676799701472,-2.863464687391089,34.5821325648415
SPX500_USD,1m,Rechazo banda VWAP 2σ,stop 2 / obj 3 ATR,límite,validacion,250,69,-0.4755509913921368,-3.1088638863070246,-1.723010838377307,35.6
SPX500_USD,1m,Rechazo banda VWAP 2σ,"stop 2 ATR, cierre de sesión",mercado,validacion,323,71,-0.7091727607980992,-2.2912705686505315,-3.2262366441941697,11.455108359133128
SPX500_USD,1m,Rechazo banda VWAP 2σ,"stop 2 ATR, cierre de sesión",límite,validacion,232,69,-0.5386929022546544,-1.4234674616129803,-1.8112572945373884,12.931034482758621
SPX500_USD,1m,Rechazo banda VWAP 1σ,"stop 1,5 / obj 3 ATR",mercado,descubrimiento,679,101,-0.6355693719708321,-8.435995866562292,-4.272788154140544,24.447717231222384
SPX500_USD,1m,Rechazo banda VWAP 1σ,"stop 1,5 / obj 3 ATR",límite,descubrimiento,454,99,-0.5130815664590209,-5.212307437409108,-2.352919506791874,28.854625550660796
SPX500_USD,1m,Rechazo banda VWAP 1σ,stop 2 / obj 3 ATR,mercado,descubrimiento,556,101,-0.6922237257777367,-7.246886776652105,-3.8106573419051646,30.035971223021583
SPX500_USD,1m,Rechazo banda VWAP 1σ,stop 2 / obj 3 ATR,límite,descubrimiento,409,99,-0.5884671399033722,-5.198834895656283,-2.431142022429083,33.251833740831295
SPX500_USD,1m,Rechazo banda VWAP 1σ,"stop 2 ATR, cierre de sesión",mercado,descubrimiento,429,101,-0.7895693224849153,-4.955225505496516,-3.353715241049789,14.918414918414918
SPX500_USD,1m,Rechazo banda VWAP 1σ,"stop 2 ATR, cierre de sesión",límite,descubrimiento,321,99,-0.6134663482395675,-3.0668309618106533,-1.989118159443446,17.75700934579439
SPX500_USD,1m,Rechazo banda VWAP 1σ,"stop 1,5 / obj 3 ATR",mercado,validacion,524,80,-0.7447103425928661,-8.457007192792501,-4.877852743983273,24.236641221374043
SPX500_USD,1m,Rechazo banda VWAP 1σ,"stop 1,5 / obj 3 ATR",límite,validacion,374,78,-0.7194832922558082,-5.916382892715064,-3.449830144918875,25.668449197860966
SPX500_USD,1m,Rechazo banda VWAP 1σ,stop 2 / obj 3 ATR,mercado,validacion,445,80,-0.7946812848294674,-6.905967281097113,-4.420414646863913,29.213483146067414
SPX500_USD,1m,Rechazo banda VWAP 1σ,stop 2 / obj 3 ATR,límite,validacion,342,78,-0.7889174857822719,-5.307346532450436,-3.4590997453530385,29.82456140350877
SPX500_USD,1m,Rechazo banda VWAP 1σ,"stop 2 ATR, cierre de sesión",mercado,validacion,350,80,-0.527187184299741,-1.7319546614764076,-2.3064439313113665,14.285714285714285
SPX500_USD,1m,Rechazo banda VWAP 1σ,"stop 2 ATR, cierre de sesión",límite,validacion,272,78,-0.43726378001710475,-1.1934511763043807,-1.5248172841622114,14.705882352941178
SPX500_USD,1m,Barrido de swing (liquidez),"stop 1,5 / obj 3 ATR",mercado,descubrimiento,530,102,-0.5996342091177996,-9.339173155651292,-3.115746380710135,24.90566037735849
SPX500_USD,1m,Barrido de swing (liquidez),"stop 1,5 / obj 3 ATR",límite,descubrimiento,376,98,-0.39054252239617987,-4.152847405279617,-1.4984080451118738,31.648936170212767
SPX500_USD,1m,Barrido de swing (liquidez),stop 2 / obj 3 ATR,mercado,descubrimiento,512,102,-0.6461836758628494,-9.003416127750334,-3.2435886474684206,30.859375
SPX500_USD,1m,Barrido de swing (liquidez),stop 2 / obj 3 ATR,límite,descubrimiento,359,98,-0.42358931445145803,-4.501665559348894,-1.5517200396742188,36.49025069637883
SPX500_USD,1m,Barrido de swing (liquidez),"stop 2 ATR, cierre de sesión",mercado,descubrimiento,309,102,-1.030174394170833,-5.816717184238907,-3.120822429399876,15.210355987055015
SPX500_USD,1m,Barrido de swing (liquidez),"stop 2 ATR, cierre de sesión",límite,descubrimiento,230,98,-0.7219425350686821,-3.11718885915323,-1.6943549292428255,18.695652173913043
SPX500_USD,1m,Barrido de swing (liquidez),"stop 1,5 / obj 3 ATR",mercado,validacion,474,90,-0.5050434755889125,-5.976425137359178,-2.659895638101606,27.637130801687764
SPX500_USD,1m,Barrido de swing (liquidez),"stop 1,5 / obj 3 ATR",límite,validacion,328,85,-0.4296252644225525,-3.646316471711481,-1.6578480791834966,31.097560975609756
SPX500_USD,1m,Barrido de swing (liquidez),stop 2 / obj 3 ATR,mercado,validacion,458,90,-0.4668664097421523,-4.506623131944507,-2.3758312851322865,34.93449781659388
SPX500_USD,1m,Barrido de swing (liquidez),stop 2 / obj 3 ATR,límite,validacion,318,85,-0.3898977481569104,-2.9257201052492947,-1.4586762813399707,39.62264150943396
SPX500_USD,1m,Barrido de swing (liquidez),"stop 2 ATR, cierre de sesión",mercado,validacion,285,90,-0.004872192290788111,-0.012831880418556244,-0.015428608920829015,16.842105263157894
SPX500_USD,1m,Barrido de swing (liquidez),"stop 2 ATR, cierre de sesión",límite,validacion,227,85,-0.17419375750461974,-0.4244130691658517,-0.4651997994535139,16.740088105726873
SPX500_USD,1m,Barrido del día anterior,"stop 1,5 / obj 3 ATR",mercado,descubrimiento,169,44,-0.6764558364336322,-4.176958021011778,-2.598205371756451,24.2603550295858
SPX500_USD,1m,Barrido del día anterior,"stop 1,5 / obj 3 ATR",límite,descubrimiento,120,39,-0.43566112863521034,-1.824611513524898,-1.3404957804160318,30.833333333333336
SPX500_USD,1m,Barrido del día anterior,stop 2 / obj 3 ATR,mercado,descubrimiento,146,44,-0.657104579120471,-3.2911536229133924,-2.180392467081563,32.19178082191781
SPX500_USD,1m,Barrido del día anterior,stop 2 / obj 3 ATR,límite,descubrimiento,108,39,-0.4832322298487044,-1.5789090802734143,-1.3381815595810276,35.18518518518518
SPX500_USD,1m,Barrido del día anterior,"stop 2 ATR, cierre de sesión",mercado,descubrimiento,122,44,-0.8628211910021187,-2.6809269059686733,-2.3923678477786017,16.39344262295082
SPX500_USD,1m,Barrido del día anterior,"stop 2 ATR, cierre de sesión",límite,descubrimiento,93,39,-0.8988261410754286,-2.3523106492869883,-2.143354644102945,13.978494623655912
SPX500_USD,1m,Barrido del día anterior,"stop 1,5 / obj 3 ATR",mercado,validacion,125,34,-0.5009725192785336,-2.6805613984506476,-1.8418107326416675,30.4
SPX500_USD,1m,Barrido del día anterior,"stop 1,5 / obj 3 ATR",límite,validacion,89,33,-0.5349076784795666,-2.744148483426913,-1.4426297995358006,31.46067415730337
SPX500_USD,1m,Barrido del día anterior,stop 2 / obj 3 ATR,mercado,validacion,115,34,-0.664166588057646,-3.044617746933542,-2.24644581254792,33.04347826086956
SPX500_USD,1m,Barrido del día anterior,stop 2 / obj 3 ATR,límite,validacion,84,33,-0.5265917166074112,-2.0585515304462505,-1.3404152786370467,38.095238095238095
SPX500_USD,1m,Barrido del día anterior,"stop 2 ATR, cierre de sesión",mercado,validacion,100,34,-0.36525253975391025,-0.6344876971680313,-1.0742721757467948,11.0
SPX500_USD,1m,Barrido del día anterior,"stop 2 ATR, cierre de sesión",límite,validacion,72,33,-0.5472242493430627,-0.9075571890895765,-1.1939438167485004,13.88888888888889
SPX500_USD,1m,Barrido de la noche (ON),"stop 1,5 / obj 3 ATR",mercado,descubrimiento,151,44,-0.3844281355632094,-2.695039702926348,-1.3192874652282869,30.4635761589404
SPX500_USD,1m,Barrido de la noche (ON),"stop 1,5 / obj 3 ATR",límite,descubrimiento,100,38,-0.34739879894257114,-1.8820378273355571,-0.9142073656383451,30.0
SPX500_USD,1m,Barrido de la noche (ON),stop 2 / obj 3 ATR,mercado,descubrimiento,131,44,-0.2220646637268717,-1.5513767870955641,-0.6611470670050044,40.458015267175576
SPX500_USD,1m,Barrido de la noche (ON),stop 2 / obj 3 ATR,límite,descubrimiento,94,38,-0.31900645250970244,-1.7489282497941447,-0.7891212246292639,36.17021276595745
SPX500_USD,1m,Barrido de la noche (ON),"stop 2 ATR, cierre de sesión",mercado,descubrimiento,109,44,-0.7655858603967529,-1.8168360620808024,-1.8965649723465015,21.100917431192663
SPX500_USD,1m,Barrido de la noche (ON),"stop 2 ATR, cierre de sesión",límite,descubrimiento,78,38,-0.8791269693007866,-1.5849203623528976,-1.8045237790910884,20.51282051282051
SPX500_USD,1m,Barrido de la noche (ON),"stop 1,5 / obj 3 ATR",mercado,validacion,152,45,-0.7018315873961654,-4.282712410741149,-2.3706311396492694,26.31578947368421
SPX500_USD,1m,Barrido de la noche (ON),"stop 1,5 / obj 3 ATR",límite,validacion,115,42,-0.44458019629769174,-1.6957190399994828,-1.217302918434156,31.30434782608696
SPX500_USD,1m,Barrido de la noche (ON),stop 2 / obj 3 ATR,mercado,validacion,126,45,-0.6137352610580574,-2.6257427865438827,-1.7184587309625607,33.33333333333333
SPX500_USD,1m,Barrido de la noche (ON),stop 2 / obj 3 ATR,límite,validacion,103,42,-0.4119979089440661,-1.436559738593429,-1.0103758243152097,38.83495145631068
SPX500_USD,1m,Barrido de la noche (ON),"stop 2 ATR, cierre de sesión",mercado,validacion,105,45,-0.7393749720709707,-1.314246197962925,-1.7252082681655982,12.380952380952381
SPX500_USD,1m,Barrido de la noche (ON),"stop 2 ATR, cierre de sesión",límite,validacion,82,42,-0.5266912625184906,-0.7625878057307981,-1.028301988726577,13.414634146341465
SPX500_USD,1m,Ruptura rango apertura 15m,"stop 1,5 / obj 3 ATR",mercado,descubrimiento,256,84,-0.3852696547843531,-3.8553261210800875,-1.1741551383904094,32.8125
SPX500_USD,1m,Ruptura rango apertura 15m,"stop 1,5 / obj 3 ATR",límite,descubrimiento,159,72,-0.26801594093161163,-1.8144327513650687,-0.5918685362239757,36.477987421383645
SPX500_USD,1m,Ruptura rango apertura 15m,stop 2 / obj 3 ATR,mercado,descubrimiento,223,84,-0.3484946372316563,-2.9327426100489276,-0.9251702869364209,40.80717488789238
SPX500_USD,1m,Ruptura rango apertura 15m,stop 2 / obj 3 ATR,límite,descubrimiento,149,72,-0.29028996195569384,-1.7028289825138558,-0.6007389490471997,42.281879194630875
SPX500_USD,1m,Ruptura rango apertura 15m,"stop 2 ATR, cierre de sesión",mercado,descubrimiento,167,84,-0.4436623033934781,-1.6878540141373854,-0.8820429126989386,21.55688622754491
SPX500_USD,1m,Ruptura rango apertura 15m,"stop 2 ATR, cierre de sesión",límite,descubrimiento,117,72,-0.43612852966684107,-1.313722429375081,-0.7087088607086167,20.51282051282051
SPX500_USD,1m,Ruptura rango apertura 15m,"stop 1,5 / obj 3 ATR",mercado,validacion,263,72,-0.633310518500472,-5.394294759996102,-2.3133425884114462,26.996197718631176
SPX500_USD,1m,Ruptura rango apertura 15m,"stop 1,5 / obj 3 ATR",límite,validacion,163,64,-0.5335695213591374,-3.3693036141125168,-1.358934874711553,31.28834355828221
SPX500_USD,1m,Ruptura rango apertura 15m,stop 2 / obj 3 ATR,mercado,validacion,224,72,-0.6172431731490141,-3.977630204189128,-1.9203120942413772,34.82142857142857
SPX500_USD,1m,Ruptura rango apertura 15m,stop 2 / obj 3 ATR,límite,validacion,152,64,-0.6428477647979037,-3.276996316533995,-1.5267634413950213,35.526315789473685
SPX500_USD,1m,Ruptura rango apertura 15m,"stop 2 ATR, cierre de sesión",mercado,validacion,185,72,0.06139585578763599,0.14092875202476915,0.1577532405654536,20.54054054054054
SPX500_USD,1m,Ruptura rango apertura 15m,"stop 2 ATR, cierre de sesión",límite,validacion,128,64,0.148579292688515,0.29567893736371764,0.29715858537703,22.65625
SPX500_USD,1m,Falsa ruptura rango apertura,"stop 1,5 / obj 3 ATR",mercado,descubrimiento,282,73,-0.7728407760735987,-6.023113929263558,-2.985494504832258,25.177304964539005
SPX500_USD,1m,Falsa ruptura rango apertura,"stop 1,5 / obj 3 ATR",límite,descubrimiento,194,64,-0.7617197187782572,-5.283751162596565,-2.308962897546592,26.288659793814436
SPX500_USD,1m,Falsa ruptura rango apertura,stop 2 / obj 3 ATR,mercado,descubrimiento,247,73,-0.7774128679997583,-5.416257329182069,-2.630424361588223,31.983805668016196
SPX500_USD,1m,Falsa ruptura rango apertura,stop 2 / obj 3 ATR,límite,descubrimiento,173,64,-0.7813737329444426,-4.83015559464755,-2.1121508718654463,32.947976878612714
SPX500_USD,1m,Falsa ruptura rango apertura,"stop 2 ATR, cierre de sesión",mercado,descubrimiento,212,73,-1.0545185680884315,-3.831780524013192,-3.0624374854074996,14.622641509433961
SPX500_USD,1m,Falsa ruptura rango apertura,"stop 2 ATR, cierre de sesión",límite,descubrimiento,147,64,-1.1263642700675423,-3.5471633766043973,-2.587117932811386,15.646258503401361
SPX500_USD,1m,Falsa ruptura rango apertura,"stop 1,5 / obj 3 ATR",mercado,validacion,207,65,-0.489391505827649,-3.5617562167207426,-1.5585237185588208,28.985507246376812
SPX500_USD,1m,Falsa ruptura rango apertura,"stop 1,5 / obj 3 ATR",límite,validacion,137,55,-0.5875559567665534,-3.5427851156629946,-1.4635484741275966,26.277372262773724
SPX500_USD,1m,Falsa ruptura rango apertura,stop 2 / obj 3 ATR,mercado,validacion,180,65,-0.543565659224993,-3.18244913450846,-1.5052587486230575,33.88888888888889
SPX500_USD,1m,Falsa ruptura rango apertura,stop 2 / obj 3 ATR,límite,validacion,122,55,-0.585760332267792,-3.057928782034107,-1.2993229188485569,32.78688524590164
SPX500_USD,1m,Falsa ruptura rango apertura,"stop 2 ATR, cierre de sesión",mercado,validacion,163,65,-0.4034998537280093,-0.9112910510724205,-1.0118534793487002,13.496932515337424
SPX500_USD,1m,Falsa ruptura rango apertura,"stop 2 ATR, cierre de sesión",límite,validacion,109,55,-0.27827585550623146,-0.48984362031967627,-0.5514921500032587,15.59633027522936
SPX500_USD,1m,Reentrada Bollinger,"stop 1,5 / obj 3 ATR",mercado,descubrimiento,998,105,-0.48085178555013736,-9.52078539607197,-4.5703817331336865,28.95791583166333
SPX500_USD,1m,Reentrada Bollinger,"stop 1,5 / obj 3 ATR",límite,descubrimiento,633,104,-0.28777957546579264,-4.220330788568927,-1.751581454517757,35.229067930489734
SPX500_USD,1m,Reentrada Bollinger,stop 2 / obj 3 ATR,mercado,descubrimiento,936,105,-0.45821980835535653,-8.779256623478677,-4.084702291624892,35.57692307692308
SPX500_USD,1m,Reentrada Bollinger,stop 2 / obj 3 ATR,límite,descubrimiento,598,104,-0.32006303939332986,-4.395205446021594,-1.8403624765116466,40.13377926421405
SPX500_USD,1m,Reentrada Bollinger,"stop 2 ATR, cierre de sesión",mercado,descubrimiento,440,105,-0.5094809922034116,-3.0716246640869356,-2.134967967328582,17.954545454545453
SPX500_USD,1m,Reentrada Bollinger,"stop 2 ATR, cierre de sesión",límite,descubrimiento,352,104,-0.42949591117826746,-2.146765388114287,-1.4536784686033668,19.602272727272727
SPX500_USD,1m,Reentrada Bollinger,"stop 1,5 / obj 3 ATR",mercado,validacion,880,90,-0.6394477379694581,-10.498764460644294,-6.252377882368035,25.0
SPX500_USD,1m,Reentrada Bollinger,"stop 1,5 / obj 3 ATR",límite,validacion,547,89,-0.5621919436450414,-6.447745797364973,-3.455269586222895,29.250457038391225
SPX500_USD,1m,Reentrada Bollinger,stop 2 / obj 3 ATR,mercado,validacion,832,90,-0.60910294229165,-8.40337197752204,-5.630818310962809,33.293269230769226
SPX500_USD,1m,Reentrada Bollinger,stop 2 / obj 3 ATR,límite,validacion,517,89,-0.5428282094163118,-5.200186430774181,-3.1532829693059914,36.36363636363637
SPX500_USD,1m,Reentrada Bollinger,"stop 2 ATR, cierre de sesión",mercado,validacion,406,90,-0.5006907000682636,-1.9423753634557401,-2.2586713803079443,14.77832512315271
SPX500_USD,1m,Reentrada Bollinger,"stop 2 ATR, cierre de sesión",límite,validacion,327,89,-0.3514068845360976,-1.145302301052872,-1.2911241712730777,17.12538226299694
SPX500_USD,1m,Ruptura squeeze Bollinger,"stop 1,5 / obj 3 ATR",mercado,descubrimiento,363,102,-0.6289917453047992,-9.90288684216172,-2.2384706229964912,22.58953168044077
SPX500_USD,1m,Ruptura squeeze Bollinger,"stop 1,5 / obj 3 ATR",límite,descubrimiento,241,94,-0.5283344552328986,-5.956043072912211,-1.3545596139481761,26.970954356846473
SPX500_USD,1m,Ruptura squeeze Bollinger,stop 2 / obj 3 ATR,mercado,descubrimiento,347,102,-0.6359216252527603,-8.200513234218127,-2.1633804310069396,27.37752161383285
SPX500_USD,1m,Ruptura squeeze Bollinger,stop 2 / obj 3 ATR,límite,descubrimiento,236,94,-0.5645163300027263,-6.519323157833463,-1.417296317879185,32.20338983050847
SPX500_USD,1m,Ruptura squeeze Bollinger,"stop 2 ATR, cierre de sesión",mercado,descubrimiento,230,102,-0.686024718129119,-3.5011632123405576,-1.5469184820558568,14.782608695652174
SPX500_USD,1m,Ruptura squeeze Bollinger,"stop 2 ATR, cierre de sesión",límite,descubrimiento,165,94,-0.6862518439870964,-3.317540929852488,-1.2045910027433073,17.575757575757574
SPX500_USD,1m,Ruptura squeeze Bollinger,"stop 1,5 / obj 3 ATR",mercado,validacion,314,90,-0.4865501830551272,-5.059096963057718,-1.6975195275478883,27.70700636942675
SPX500_USD,1m,Ruptura squeeze Bollinger,"stop 1,5 / obj 3 ATR",límite,validacion,189,82,-0.4617191670464471,-3.7019326939859853,-1.0642063728265672,29.100529100529098
SPX500_USD,1m,Ruptura squeeze Bollinger,stop 2 / obj 3 ATR,mercado,validacion,296,90,-0.4402842625049293,-4.0678649456812055,-1.4480460189051008,36.14864864864865
SPX500_USD,1m,Ruptura squeeze Bollinger,stop 2 / obj 3 ATR,límite,validacion,185,82,-0.486487984850605,-3.602503006221868,-1.0975643560653894,35.13513513513514
SPX500_USD,1m,Ruptura squeeze Bollinger,"stop 2 ATR, cierre de sesión",mercado,validacion,202,90,-0.43042383172724674,-1.3657237224696213,-0.9660623778767093,17.82178217821782
SPX500_USD,1m,Ruptura squeeze Bollinger,"stop 2 ATR, cierre de sesión",límite,validacion,145,82,-0.2863556852834025,-0.7668092304197599,-0.5063606630011386,17.93103448275862
SPX500_USD,1m,Ruptura Keltner,"stop 1,5 / obj 3 ATR",mercado,descubrimiento,941,105,-0.6092055565486179,-14.794291114482336,-5.459642178211899,25.07970244420829
SPX500_USD,1m,Ruptura Keltner,"stop 1,5 / obj 3 ATR",límite,descubrimiento,680,105,-0.4998497017516849,-9.476014017584136,-3.2371218780109117,28.823529411764703
SPX500_USD,1m,Ruptura Keltner,stop 2 / obj 3 ATR,mercado,descubrimiento,842,105,-0.5989622101279758,-12.723742170716823,-4.803106485026244,31.116389548693586
SPX500_USD,1m,Ruptura Keltner,stop 2 / obj 3 ATR,límite,descubrimiento,652,105,-0.5369093573148279,-9.140605289755136,-3.3339514378025505,33.12883435582822
SPX500_USD,1m,Ruptura Keltner,"stop 2 ATR, cierre de sesión",mercado,descubrimiento,377,105,-0.6456557721105127,-3.7121453433011746,-2.318211677006317,17.50663129973475
SPX500_USD,1m,Ruptura Keltner,"stop 2 ATR, cierre de sesión",límite,descubrimiento,332,105,-0.5560498737929839,-3.137253068213331,-1.7581767438025777,19.57831325301205
SPX500_USD,1m,Ruptura Keltner,"stop 1,5 / obj 3 ATR",mercado,validacion,854,90,-0.41028426370066345,-6.1444874141700385,-3.8931417911151844,29.97658079625293
SPX500_USD,1m,Ruptura Keltner,"stop 1,5 / obj 3 ATR",límite,validacion,611,90,-0.40363749329958365,-5.044448641264331,-2.7402500934005065,31.58756137479542
SPX500_USD,1m,Ruptura Keltner,stop 2 / obj 3 ATR,mercado,validacion,780,90,-0.4231764219433848,-5.4246429139825425,-3.6675289901760015,36.28205128205128
SPX500_USD,1m,Ruptura Keltner,stop 2 / obj 3 ATR,límite,validacion,577,90,-0.4163341933333919,-4.075108716272439,-2.6691647728151904,37.78162911611785
SPX500_USD,1m,Ruptura Keltner,"stop 2 ATR, cierre de sesión",mercado,validacion,327,90,-0.16839982320045102,-0.49558135722432134,-0.6118526909616387,17.12538226299694
SPX500_USD,1m,Ruptura Keltner,"stop 2 ATR, cierre de sesión",límite,validacion,274,90,0.06593155396245802,0.16863034803743285,0.2007249531745944,18.97810218978102
SPX500_USD,1m,Ruptura Donchian 20,"stop 1,5 / obj 3 ATR",mercado,descubrimiento,902,105,-0.6409201685879448,-13.731531649542742,-5.505809448250726,24.722838137472284
SPX500_USD,1m,Ruptura Donchian 20,"stop 1,5 / obj 3 ATR",límite,descubrimiento,663,105,-0.5891610780021208,-10.782416057888133,-3.7201313782419625,25.791855203619914
SPX500_USD,1m,Ruptura Donchian 20,stop 2 / obj 3 ATR,mercado,descubrimiento,839,105,-0.6336723553239269,-12.49081286038528,-5.063343867778806,31.108462455303933
SPX500_USD,1m,Ruptura Donchian 20,stop 2 / obj 3 ATR,límite,descubrimiento,640,105,-0.6381700380984701,-10.299076398291355,-3.889798327457341,31.093749999999996
SPX500_USD,1m,Ruptura Donchian 20,"stop 2 ATR, cierre de sesión",mercado,descubrimiento,368,105,-0.6302257544838901,-3.3177268957421866,-2.208791215714967,16.847826086956523
SPX500_USD,1m,Ruptura Donchian 20,"stop 2 ATR, cierre de sesión",límite,descubrimiento,337,105,-0.6501555539167974,-3.3320380834130527,-2.086689730190102,17.50741839762611
SPX500_USD,1m,Ruptura Donchian 20,"stop 1,5 / obj 3 ATR",mercado,validacion,861,90,-0.494994557166211,-7.377435022986991,-4.735447930223419,27.990708478513355
SPX500_USD,1m,Ruptura Donchian 20,"stop 1,5 / obj 3 ATR",límite,validacion,674,90,-0.436745018426674,-6.1292537426463785,-3.270734915773092,30.56379821958457
SPX500_USD,1m,Ruptura Donchian 20,stop 2 / obj 3 ATR,mercado,validacion,806,90,-0.5220311073260031,-6.564935113841415,-4.675078583386206,34.61538461538461
SPX500_USD,1m,Ruptura Donchian 20,stop 2 / obj 3 ATR,límite,validacion,639,90,-0.4707376819037519,-5.317887569205465,-3.342237541516639,35.68075117370892
SPX500_USD,1m,Ruptura Donchian 20,"stop 2 ATR, cierre de sesión",mercado,validacion,317,90,-0.1360796371243426,-0.39414853173169473,-0.4793027218712956,18.29652996845426
SPX500_USD,1m,Ruptura Donchian 20,"stop 2 ATR, cierre de sesión",límite,validacion,280,90,0.056218984723092176,0.14601521112409055,0.1749035080273979,18.571428571428573
SPX500_USD,1m,Estocástico cruza en extremo,"stop 1,5 / obj 3 ATR",mercado,descubrimiento,1548,105,-0.5418952129962215,-15.782228117707879,-7.989083711601437,26.421188630490956
SPX500_USD,1m,Estocástico cruza en extremo,"stop 1,5 / obj 3 ATR",límite,descubrimiento,946,105,-0.31501212647362004,-6.70195010367875,-2.838109253752805,33.086680761099366
SPX500_USD,1m,Estocástico cruza en extremo,stop 2 / obj 3 ATR,mercado,descubrimiento,1382,105,-0.5209552703511018,-11.804568690022267,-6.85676365357355,33.502170767004344
SPX500_USD,1m,Estocástico cruza en extremo,stop 2 / obj 3 ATR,límite,descubrimiento,874,105,-0.3372885708991658,-5.961459909082987,-2.8075258187225804,38.329519450800916
SPX500_USD,1m,Estocástico cruza en extremo,"stop 2 ATR, cierre de sesión",mercado,descubrimiento,475,105,-0.5434869588299838,-3.181778488623805,-2.4586314804213547,17.05263157894737
SPX500_USD,1m,Estocástico cruza en extremo,"stop 2 ATR, cierre de sesión",límite,descubrimiento,393,105,-0.40003504242302784,-2.124727388917851,-1.49727401592619,19.083969465648856
SPX500_USD,1m,Estocástico cruza en extremo,"stop 1,5 / obj 3 ATR",mercado,validacion,1374,90,-0.5701873877601189,-12.060941868894995,-8.704860786471148,26.637554585152838
SPX500_USD,1m,Estocástico cruza en extremo,"stop 1,5 / obj 3 ATR",límite,validacion,843,90,-0.4928129206256666,-6.638985298537845,-4.616014356527078,29.181494661921707
SPX500_USD,1m,Estocástico cruza en extremo,stop 2 / obj 3 ATR,mercado,validacion,1230,90,-0.5987977098837148,-10.022364338200342,-8.183568701744104,32.4390243902439
SPX500_USD,1m,Estocástico cruza en extremo,stop 2 / obj 3 ATR,límite,validacion,777,90,-0.5032906408460269,-5.509697936076802,-4.345075865970699,35.13513513513514
SPX500_USD,1m,Estocástico cruza en extremo,"stop 2 ATR, cierre de sesión",mercado,validacion,474,90,-0.4463485063832563,-1.7682252568281918,-2.3507688002851497,15.18987341772152
SPX500_USD,1m,Estocástico cruza en extremo,"stop 2 ATR, cierre de sesión",límite,validacion,386,90,-0.2506193035686563,-0.8659616993633659,-1.0748783464166813,17.616580310880828
SPX500_USD,1m,MACD histograma cruza 0,"stop 1,5 / obj 3 ATR",mercado,descubrimiento,1380,105,-0.6001586083009622,-18.29789893277969,-7.887798851955504,24.92753623188406
SPX500_USD,1m,MACD histograma cruza 0,"stop 1,5 / obj 3 ATR",límite,descubrimiento,858,105,-0.4020362548109807,-7.922410305465126,-3.285210539312585,31.585081585081586
SPX500_USD,1m,MACD histograma cruza 0,stop 2 / obj 3 ATR,mercado,descubrimiento,1274,105,-0.59092800901954,-15.92579606336781,-7.169926509437085,31.554160125588698
SPX500_USD,1m,MACD histograma cruza 0,stop 2 / obj 3 ATR,límite,descubrimiento,817,105,-0.47972323339892753,-8.650199948154523,-3.73270363511356,35.618115055079556
SPX500_USD,1m,MACD histograma cruza 0,"stop 2 ATR, cierre de sesión",mercado,descubrimiento,450,105,-0.5637167783313355,-3.3781683294158436,-2.415929049991438,18.22222222222222
SPX500_USD,1m,MACD histograma cruza 0,"stop 2 ATR, cierre de sesión",límite,descubrimiento,366,105,-0.4175788354091972,-2.117981208743443,-1.4555605119977733,19.94535519125683
SPX500_USD,1m,MACD histograma cruza 0,"stop 1,5 / obj 3 ATR",mercado,validacion,1159,90,-0.5481364739625207,-9.842455899390847,-7.058779703584016,27.437446074201898
SPX500_USD,1m,MACD histograma cruza 0,"stop 1,5 / obj 3 ATR",límite,validacion,743,90,-0.3446020885215013,-4.873997272710073,-2.8448816863497277,33.24360699865411
SPX500_USD,1m,MACD histograma cruza 0,stop 2 / obj 3 ATR,mercado,validacion,1092,90,-0.5507168491452196,-8.50280925008227,-6.682031102961998,34.065934065934066
SPX500_USD,1m,MACD histograma cruza 0,stop 2 / obj 3 ATR,límite,validacion,710,90,-0.3357131195907876,-4.310817454018439,-2.6484034989939906,39.436619718309856
SPX500_USD,1m,MACD histograma cruza 0,"stop 2 ATR, cierre de sesión",mercado,validacion,425,90,-0.35706941411074844,-1.2623545196382957,-1.6861611221896453,16.235294117647058
SPX500_USD,1m,MACD histograma cruza 0,"stop 2 ATR, cierre de sesión",límite,validacion,348,90,-0.16259634346112772,-0.5226825990197955,-0.6287058613830272,18.39080459770115
SPX500_USD,1m,RSI(2) extremo,"stop 1,5 / obj 3 ATR",mercado,descubrimiento,1690,105,-0.5198522825768368,-16.873727078865404,-8.367146262427182,25.857988165680474
SPX500_USD,1m,RSI(2) extremo,"stop 1,5 / obj 3 ATR",límite,descubrimiento,925,105,-0.30914068893323,-6.527685295739142,-2.7233822596498833,33.729729729729726
SPX500_USD,1m,RSI(2) extremo,stop 2 / obj 3 ATR,mercado,descubrimiento,1430,105,-0.5267442826749567,-15.15415928319869,-7.173755468811314,31.888111888111887
SPX500_USD,1m,RSI(2) extremo,stop 2 / obj 3 ATR,límite,descubrimiento,830,105,-0.292217997922955,-4.932628115215626,-2.3099136978671684,40.602409638554214
SPX500_USD,1m,RSI(2) extremo,"stop 2 ATR, cierre de sesión",mercado,descubrimiento,514,105,-0.5667442480599391,-3.7864979642412817,-2.7743480333600825,16.536964980544745
SPX500_USD,1m,RSI(2) extremo,"stop 2 ATR, cierre de sesión",límite,descubrimiento,401,105,-0.3507737453947061,-1.9009208803769075,-1.3396216371740681,19.45137157107232
SPX500_USD,1m,RSI(2) extremo,"stop 1,5 / obj 3 ATR",mercado,validacion,1393,90,-0.5460561367454319,-10.937918730108038,-8.451735538737628,26.346015793251976
SPX500_USD,1m,RSI(2) extremo,"stop 1,5 / obj 3 ATR",límite,validacion,769,90,-0.566590502180734,-7.274083470805465,-4.84120106863316,26.918075422626785
SPX500_USD,1m,RSI(2) extremo,stop 2 / obj 3 ATR,mercado,validacion,1200,90,-0.5551442870944748,-9.632722379352321,-7.401923827926331,33.416666666666664
SPX500_USD,1m,RSI(2) extremo,stop 2 / obj 3 ATR,límite,validacion,700,90,-0.6052384403603425,-7.3985010762444645,-4.7074100916915524,32.857142857142854
SPX500_USD,1m,RSI(2) extremo,"stop 2 ATR, cierre de sesión",mercado,validacion,454,90,-0.3801513330211757,-1.4371008581310314,-1.9176522799068196,14.977973568281937
SPX500_USD,1m,RSI(2) extremo,"stop 2 ATR, cierre de sesión",límite,validacion,394,90,-0.5870066517742817,-2.2216762146260223,-2.5697846755451885,13.959390862944163
SPX500_USD,1m,RSI(7) sale de 30/70,"stop 1,5 / obj 3 ATR",mercado,descubrimiento,1269,105,-0.5132871219973756,-13.741423347677094,-6.203441502996854,27.02915681639086
SPX500_USD,1m,RSI(7) sale de 30/70,"stop 1,5 / obj 3 ATR",límite,descubrimiento,798,105,-0.3606668488401229,-6.457322387540388,-2.7410680511849344,32.957393483709275
SPX500_USD,1m,RSI(7) sale de 30/70,stop 2 / obj 3 ATR,mercado,descubrimiento,1158,105,-0.5273472085631173,-11.947841514834222,-5.815886357296094,33.41968911917099
SPX500_USD,1m,RSI(7) sale de 30/70,stop 2 / obj 3 ATR,límite,descubrimiento,727,105,-0.3856152938091111,-6.45114711605279,-2.669926843802131,38.239339752407155
SPX500_USD,1m,RSI(7) sale de 30/70,"stop 2 ATR, cierre de sesión",mercado,descubrimiento,483,105,-0.5889302797593968,-3.5290415499041723,-2.709079286893225,17.184265010351968
SPX500_USD,1m,RSI(7) sale de 30/70,"stop 2 ATR, cierre de sesión",límite,descubrimiento,390,105,-0.5122825080003512,-2.7359717990482815,-1.9027636011441615,18.461538461538463
SPX500_USD,1m,RSI(7) sale de 30/70,"stop 1,5 / obj 3 ATR",mercado,validacion,1148,90,-0.6192763730452683,-12.508172535124443,-7.899214180621867,25.78397212543554
SPX500_USD,1m,RSI(7) sale de 30/70,"stop 1,5 / obj 3 ATR",límite,validacion,735,89,-0.5653993135609624,-7.728987425701216,-4.669308937834914,28.435374149659864
SPX500_USD,1m,RSI(7) sale de 30/70,stop 2 / obj 3 ATR,mercado,validacion,1046,90,-0.7029389192246617,-11.56255667088507,-8.169712327877734,30.688336520076483
SPX500_USD,1m,RSI(7) sale de 30/70,stop 2 / obj 3 ATR,límite,validacion,675,89,-0.6351940581710229,-7.382301495386815,-4.817483025454387,33.77777777777778
SPX500_USD,1m,RSI(7) sale de 30/70,"stop 2 ATR, cierre de sesión",mercado,validacion,467,90,-0.54010172618789,-2.101504793464722,-2.8025278458860514,14.989293361884368
SPX500_USD,1m,RSI(7) sale de 30/70,"stop 2 ATR, cierre de sesión",límite,validacion,394,89,-0.6945315508007404,-2.569238443774075,-3.0746677642190074,14.467005076142131
SPX500_USD,1m,CCI sale de ±100,"stop 1,5 / obj 3 ATR",mercado,descubrimiento,1576,105,-0.5550281745316422,-15.982209810537928,-8.33070860058922,24.746192893401016
SPX500_USD,1m,CCI sale de ±100,"stop 1,5 / obj 3 ATR",límite,descubrimiento,939,105,-0.32909131488797816,-5.90723122499015,-2.9430166159982045,32.481363152289674
SPX500_USD,1m,CCI sale de ±100,stop 2 / obj 3 ATR,mercado,descubrimiento,1397,105,-0.5404975693859041,-13.543154198192552,-7.191191470781981,31.99713672154617
SPX500_USD,1m,CCI sale de ±100,stop 2 / obj 3 ATR,límite,descubrimiento,867,105,-0.32244288981029773,-5.63225760858375,-2.6624570044336013,37.71626297577855
SPX500_USD,1m,CCI sale de ±100,"stop 2 ATR, cierre de sesión",mercado,descubrimiento,490,105,-0.6313061719524646,-4.298086424463727,-2.9460954691115018,17.346938775510203
SPX500_USD,1m,CCI sale de ±100,"stop 2 ATR, cierre de sesión",límite,descubrimiento,397,105,-0.3893034211454251,-2.1142599752337676,-1.4719376970927025,19.143576826196472
SPX500_USD,1m,CCI sale de ±100,"stop 1,5 / obj 3 ATR",mercado,validacion,1372,90,-0.6356520661103495,-16.317588625037512,-9.69016260781555,25.072886297376094
SPX500_USD,1m,CCI sale de ±100,"stop 1,5 / obj 3 ATR",límite,validacion,864,90,-0.48990247941610743,-7.1913672552817145,-4.703063802394631,30.208333333333332
SPX500_USD,1m,CCI sale de ±100,stop 2 / obj 3 ATR,mercado,validacion,1240,90,-0.6744069696914813,-13.738284987339245,-9.291829360193741,31.370967741935484
SPX500_USD,1m,CCI sale de ±100,stop 2 / obj 3 ATR,límite,validacion,803,90,-0.5626027423759499,-7.339096485350538,-5.019666690309864,35.118306351183065
SPX500_USD,1m,CCI sale de ±100,"stop 2 ATR, cierre de sesión",mercado,validacion,465,90,-0.44783734926613983,-1.694348408220517,-2.3138263045417222,15.053763440860216
SPX500_USD,1m,CCI sale de ±100,"stop 2 ATR, cierre de sesión",límite,validacion,394,90,-0.37105573257819213,-1.2912856846945913,-1.6243995403978633,15.989847715736042
SPX500_USD,1m,Supertrend cambia,"stop 1,5 / obj 3 ATR",mercado,descubrimiento,555,105,-0.6756138595374844,-10.991427334282527,-3.5711018289838465,23.063063063063062
SPX500_USD,1m,Supertrend cambia,"stop 1,5 / obj 3 ATR",límite,descubrimiento,380,102,-0.5435038973861626,-7.050266973457281,-2.0248184412425667,27.105263157894736
SPX500_USD,1m,Supertrend cambia,stop 2 / obj 3 ATR,mercado,descubrimiento,555,105,-0.6513990711736254,-10.213006763504781,-3.443109376203448,29.72972972972973
SPX500_USD,1m,Supertrend cambia,stop 2 / obj 3 ATR,límite,descubrimiento,379,102,-0.5561022478798135,-6.235566561365402,-2.066301489671072,33.24538258575198
SPX500_USD,1m,Supertrend cambia,"stop 2 ATR, cierre de sesión",mercado,descubrimiento,369,105,-0.7763877786853453,-4.253355858687859,-2.7284484793799275,14.905149051490515
SPX500_USD,1m,Supertrend cambia,"stop 2 ATR, cierre de sesión",límite,descubrimiento,263,102,-0.5637611431132737,-2.3496872293513844,-1.4536194180273627,18.250950570342205
SPX500_USD,1m,Supertrend cambia,"stop 1,5 / obj 3 ATR",mercado,validacion,532,90,-0.7156393202881646,-10.342721573059622,-4.230223537703373,23.49624060150376
SPX500_USD,1m,Supertrend cambia,"stop 1,5 / obj 3 ATR",límite,validacion,362,88,-0.5929999452236647,-5.987526605296519,-2.439386138306439,27.624309392265197
SPX500_USD,1m,Supertrend cambia,stop 2 / obj 3 ATR,mercado,validacion,531,90,-0.7077614804490597,-10.248490093560623,-4.175792734649453,30.69679849340866
SPX500_USD,1m,Supertrend cambia,stop 2 / obj 3 ATR,límite,validacion,362,88,-0.5959686485904412,-5.5010651005163815,-2.45159830442886,34.530386740331494
SPX500_USD,1m,Supertrend cambia,"stop 2 ATR, cierre de sesión",mercado,validacion,341,90,-0.4840871424689026,-1.7398713537469455,-1.8341523953543977,14.66275659824047
SPX500_USD,1m,Supertrend cambia,"stop 2 ATR, cierre de sesión",límite,validacion,258,88,-0.4109859423859209,-1.2975238287262547,-1.2049360583587225,18.217054263565892
SPX500_USD,1m,ADX>25 + cruce DI,"stop 1,5 / obj 3 ATR",mercado,descubrimiento,219,99,-0.7370145944999235,-6.5875774151470905,-1.6303656181361943,22.831050228310502
SPX500_USD,1m,ADX>25 + cruce DI,"stop 1,5 / obj 3 ATR",límite,descubrimiento,141,80,-0.733201763706005,-5.631837145041255,-1.2922681085318337,24.113475177304963
SPX500_USD,1m,ADX>25 + cruce DI,stop 2 / obj 3 ATR,mercado,descubrimiento,211,99,-0.8047212435283905,-6.494013500220048,-1.7151129533786906,29.383886255924168
SPX500_USD,1m,ADX>25 + cruce DI,stop 2 / obj 3 ATR,límite,descubrimiento,139,80,-0.6958107397539158,-4.072176149263244,-1.2089711603224287,33.093525179856115
SPX500_USD,1m,ADX>25 + cruce DI,"stop 2 ATR, cierre de sesión",mercado,descubrimiento,186,99,-0.8479428667022352,-3.4122499799939603,-1.5931047798648055,13.978494623655912
SPX500_USD,1m,ADX>25 + cruce DI,"stop 2 ATR, cierre de sesión",límite,descubrimiento,123,80,-0.4132170081720193,-1.0937777869540863,-0.6353211500644796,18.69918699186992
SPX500_USD,1m,ADX>25 + cruce DI,"stop 1,5 / obj 3 ATR",mercado,validacion,210,79,-0.9148399631040434,-7.3814475606206145,-2.4318530664791025,21.904761904761905
SPX500_USD,1m,ADX>25 + cruce DI,"stop 1,5 / obj 3 ATR",límite,validacion,145,67,-0.9616120055831683,-6.136883151438409,-2.0811006090979016,21.379310344827587
SPX500_USD,1m,ADX>25 + cruce DI,stop 2 / obj 3 ATR,mercado,validacion,207,79,-0.92573369588253,-6.1098577711035915,-2.4256566461732114,29.951690821256037
SPX500_USD,1m,ADX>25 + cruce DI,stop 2 / obj 3 ATR,límite,validacion,145,67,-1.0125641886530286,-5.2226625172450385,-2.1913702590252107,28.27586206896552
SPX500_USD,1m,ADX>25 + cruce DI,"stop 2 ATR, cierre de sesión",mercado,validacion,182,79,-0.9620647356667329,-3.173966957062641,-2.2164023024220936,12.637362637362637
SPX500_USD,1m,ADX>25 + cruce DI,"stop 2 ATR, cierre de sesión",límite,validacion,134,67,-0.9796978857802021,-2.6070922773513345,-1.9593957715604042,11.940298507462686
SPX500_USD,1m,Envolvente,"stop 1,5 / obj 3 ATR",mercado,descubrimiento,856,105,-0.6306469776460498,-12.793796925784518,-5.141274408238273,24.649532710280376
SPX500_USD,1m,Envolvente,"stop 1,5 / obj 3 ATR",límite,descubrimiento,601,101,-0.5719683827149913,-8.35052784993205,-3.403495029818908,26.955074875207984
SPX500_USD,1m,Envolvente,stop 2 / obj 3 ATR,mercado,descubrimiento,808,105,-0.6422313354702875,-10.128283620682573,-4.942123038666593,31.435643564356436
SPX500_USD,1m,Envolvente,stop 2 / obj 3 ATR,límite,descubrimiento,572,101,-0.6357470477252589,-7.8869332909284084,-3.600468428701466,31.46853146853147
SPX500_USD,1m,Envolvente,"stop 2 ATR, cierre de sesión",mercado,descubrimiento,402,105,-0.6479918300334495,-3.0717836854022544,-2.480883006413778,18.1592039800995
SPX500_USD,1m,Envolvente,"stop 2 ATR, cierre de sesión",límite,descubrimiento,328,101,-0.7630558965991182,-3.252412421127688,-2.4780429117278295,15.548780487804878
SPX500_USD,1m,Envolvente,"stop 1,5 / obj 3 ATR",mercado,validacion,903,89,-0.5067261770067285,-7.713558821505094,-5.141277953225571,30.011074197120706
SPX500_USD,1m,Envolvente,"stop 1,5 / obj 3 ATR",límite,validacion,632,89,-0.512593253898095,-5.794098720873064,-3.6399880501527644,30.37974683544304
SPX500_USD,1m,Envolvente,stop 2 / obj 3 ATR,mercado,validacion,841,89,-0.4986650253830556,-6.661948463930388,-4.712104340979211,36.74197384066588
SPX500_USD,1m,Envolvente,stop 2 / obj 3 ATR,límite,validacion,610,89,-0.5815435619334745,-6.235585663318434,-3.9858603683080833,36.39344262295082
SPX500_USD,1m,Envolvente,"stop 2 ATR, cierre de sesión",mercado,validacion,360,89,-0.2354008932246154,-0.7043582858336873,-0.9521833883242871,17.22222222222222
SPX500_USD,1m,Envolvente,"stop 2 ATR, cierre de sesión",límite,validacion,328,89,-0.39897309711067264,-1.2139193934808812,-1.4703727623854004,15.853658536585366
SPX500_USD,1m,Martillo / estrella,"stop 1,5 / obj 3 ATR",mercado,descubrimiento,1811,105,-0.5493727059090494,-13.622888080390368,-9.475371146678938,26.394257316399777
SPX500_USD,1m,Martillo / estrella,"stop 1,5 / obj 3 ATR",límite,descubrimiento,1362,105,-0.3857993436818099,-7.861330203036545,-5.00436862947262,32.305433186490454
SPX500_USD,1m,Martillo / estrella,stop 2 / obj 3 ATR,mercado,descubrimiento,1576,105,-0.549752754530479,-12.27369323898476,-8.251527058476523,32.61421319796954
SPX500_USD,1m,Martillo / estrella,stop 2 / obj 3 ATR,límite,descubrimiento,1269,105,-0.3971806478772795,-7.290867777827106,-4.800211830059693,37.03703703703704
SPX500_USD,1m,Martillo / estrella,"stop 2 ATR, cierre de sesión",mercado,descubrimiento,508,105,-0.7062582408490188,-4.678448898163824,-3.4169446319171572,15.157480314960631
SPX500_USD,1m,Martillo / estrella,"stop 2 ATR, cierre de sesión",límite,descubrimiento,456,105,-0.5655563428004612,-3.3134536584716385,-2.4561304030191455,17.324561403508774
SPX500_USD,1m,Martillo / estrella,"stop 1,5 / obj 3 ATR",mercado,validacion,1447,90,-0.60141500444188,-11.661564640209438,-9.669416793637781,26.192121630960607
SPX500_USD,1m,Martillo / estrella,"stop 1,5 / obj 3 ATR",límite,validacion,1058,90,-0.5579408772272864,-8.474148175074793,-6.558904978960766,28.733459357277884
SPX500_USD,1m,Martillo / estrella,stop 2 / obj 3 ATR,mercado,validacion,1300,90,-0.60963774268444,-9.092644909075105,-8.805878505441912,33.307692307692314
SPX500_USD,1m,Martillo / estrella,stop 2 / obj 3 ATR,límite,validacion,974,90,-0.5692041572824412,-7.266774230514335,-6.160053879923309,34.90759753593429
SPX500_USD,1m,Martillo / estrella,"stop 2 ATR, cierre de sesión",mercado,validacion,462,90,-0.5207051858860715,-1.8857936492667322,-2.6729532875485003,13.852813852813853
SPX500_USD,1m,Martillo / estrella,"stop 2 ATR, cierre de sesión",límite,validacion,382,90,-0.20551618738324728,-0.6437072078501197,-0.8723020397822274,17.015706806282722
SPX500_USD,1m,Ruptura de inside bar,"stop 1,5 / obj 3 ATR",mercado,descubrimiento,1804,105,-0.5798133467825054,-19.710078853897063,-9.961745500910855,24.944567627494457
SPX500_USD,1m,Ruptura de inside bar,"stop 1,5 / obj 3 ATR",límite,descubrimiento,1275,105,-0.4518246455169197,-11.446769599270887,-5.486442124134025,29.01960784313726
SPX500_USD,1m,Ruptura de inside bar,stop 2 / obj 3 ATR,mercado,descubrimiento,1601,105,-0.5807473107973244,-15.999245771111923,-8.855013757966823,32.042473454091194
SPX500_USD,1m,Ruptura de inside bar,stop 2 / obj 3 ATR,límite,descubrimiento,1184,105,-0.4963097521209637,-10.47713756489535,-5.596483300106867,33.192567567567565
SPX500_USD,1m,Ruptura de inside bar,"stop 2 ATR, cierre de sesión",mercado,descubrimiento,483,105,-0.6238224024259317,-3.961670368446893,-2.8695830511592857,16.77018633540373
SPX500_USD,1m,Ruptura de inside bar,"stop 2 ATR, cierre de sesión",límite,descubrimiento,410,105,-0.5355741431654969,-3.0788578831215516,-2.0912895114081307,18.29268292682927
SPX500_USD,1m,Ruptura de inside bar,"stop 1,5 / obj 3 ATR",mercado,validacion,1595,90,-0.5808702006085934,-12.597172414823957,-10.294310777452294,25.768025078369906
SPX500_USD,1m,Ruptura de inside bar,"stop 1,5 / obj 3 ATR",límite,validacion,1145,90,-0.4895324917573603,-8.000487320448247,-6.227941145135306,29.08296943231441
SPX500_USD,1m,Ruptura de inside bar,stop 2 / obj 3 ATR,mercado,validacion,1427,90,-0.5893975918820971,-10.019931310173948,-9.34522626239725,32.165381920112125
SPX500_USD,1m,Ruptura de inside bar,stop 2 / obj 3 ATR,límite,validacion,1072,90,-0.5286025191354224,-7.592441445861873,-6.296243339035255,34.42164179104478
SPX500_USD,1m,Ruptura de inside bar,"stop 2 ATR, cierre de sesión",mercado,validacion,428,90,-0.3591129139929185,-1.214981133164719,-1.7077814132107678,15.654205607476634
SPX500_USD,1m,Ruptura de inside bar,"stop 2 ATR, cierre de sesión",límite,validacion,392,90,-0.33342743997671415,-1.103978616426583,-1.4522617385652439,16.3265306122449
SPX500_USD,1m,Clímax de volumen (reversión),"stop 1,5 / obj 3 ATR",mercado,descubrimiento,60,39,-0.5259177168210333,-3.133861031816596,-0.8091041797246665,26.666666666666668
SPX500_USD,1m,Clímax de volumen (reversión),"stop 1,5 / obj 3 ATR",límite,descubrimiento,39,30,-0.5241829790518882,-2.566231171761817,-0.6814378727674545,30.76923076923077
SPX500_USD,1m,Clímax de volumen (reversión),stop 2 / obj 3 ATR,mercado,descubrimiento,60,39,-0.6007226538658136,-3.138947492611988,-0.9241886982550978,31.666666666666664
SPX500_USD,1m,Clímax de volumen (reversión),stop 2 / obj 3 ATR,límite,descubrimiento,39,30,-0.5502705354873891,-2.2398657973182856,-0.7153516961336059,38.46153846153847
SPX500_USD,1m,Clímax de volumen (reversión),"stop 2 ATR, cierre de sesión",mercado,descubrimiento,57,39,-0.7098562435936548,-1.4839806083344764,-1.0374822021753418,8.771929824561402
SPX500_USD,1m,Clímax de volumen (reversión),"stop 2 ATR, cierre de sesión",límite,descubrimiento,38,30,-0.6898263371618157,-1.6893566750476023,-0.8737800270716333,15.789473684210526
SPX500_USD,1m,Clímax de volumen (reversión),"stop 1,5 / obj 3 ATR",mercado,validacion,70,46,-0.9554534740107501,-5.431030692425578,-1.453950938712011,18.571428571428573
SPX500_USD,1m,Clímax de volumen (reversión),"stop 1,5 / obj 3 ATR",límite,validacion,46,37,-0.9903559794762913,-4.64838627218634,-1.2312533798894432,17.391304347826086
SPX500_USD,1m,Clímax de volumen (reversión),stop 2 / obj 3 ATR,mercado,validacion,69,46,-1.2047372409053512,-5.89568671637206,-1.8071058613580266,20.28985507246377
SPX500_USD,1m,Clímax de volumen (reversión),stop 2 / obj 3 ATR,límite,validacion,46,37,-1.1436746746819935,-4.5423234717041865,-1.4218658117668028,21.73913043478261
SPX500_USD,1m,Clímax de volumen (reversión),"stop 2 ATR, cierre de sesión",mercado,validacion,66,46,-1.193706639102015,-4.035387760408314,-1.7127095256681086,13.636363636363635
SPX500_USD,1m,Clímax de volumen (reversión),"stop 2 ATR, cierre de sesión",límite,validacion,45,37,-1.4995745521121546,-6.117644203631955,-1.823806887703972,11.11111111111111
SPX500_USD,1m,Divergencia SMT,"stop 1,5 / obj 3 ATR",mercado,descubrimiento,408,102,-0.3759689565850215,-5.013026446665259,-1.503875826340086,30.14705882352941
SPX500_USD,1m,Divergencia SMT,"stop 1,5 / obj 3 ATR",límite,descubrimiento,256,92,-0.31160485709319113,-2.6935394032190736,-0.8670743849549666,35.546875
SPX500_USD,1m,Divergencia SMT,stop 2 / obj 3 ATR,mercado,descubrimiento,380,102,-0.37438950684509686,-4.364707971537708,-1.3947844372660472,36.05263157894737
SPX500_USD,1m,Divergencia SMT,stop 2 / obj 3 ATR,límite,descubrimiento,248,92,-0.23140387893684733,-1.6126810698777778,-0.6237843693080233,44.354838709677416
SPX500_USD,1m,Divergencia SMT,"stop 2 ATR, cierre de sesión",mercado,descubrimiento,259,102,-0.5032691013767007,-2.126725428596394,-1.277908796632995,16.602316602316602
SPX500_USD,1m,Divergencia SMT,"stop 2 ATR, cierre de sesión",límite,descubrimiento,184,92,-0.4088531860709258,-1.366945613691971,-0.8177063721418516,18.478260869565215
SPX500_USD,1m,Divergencia SMT,"stop 1,5 / obj 3 ATR",mercado,validacion,433,89,-0.535042273233585,-5.68333009263228,-2.6030708349454192,27.713625866050805
SPX500_USD,1m,Divergencia SMT,"stop 1,5 / obj 3 ATR",límite,validacion,258,81,-0.6309626260804108,-4.629705232981287,-2.009732808996864,26.744186046511626
SPX500_USD,1m,Divergencia SMT,stop 2 / obj 3 ATR,mercado,validacion,402,89,-0.5822522455602128,-5.050808614940146,-2.629948345114669,33.582089552238806
SPX500_USD,1m,Divergencia SMT,stop 2 / obj 3 ATR,límite,validacion,249,81,-0.732675415962099,-4.547724822582312,-2.2522985009205265,32.93172690763052
SPX500_USD,1m,Divergencia SMT,"stop 2 ATR, cierre de sesión",mercado,validacion,275,89,-0.24195813166011904,-0.6827745897794859,-0.7476234405228398,15.636363636363637
SPX500_USD,1m,Divergencia SMT,"stop 2 ATR, cierre de sesión",límite,validacion,195,81,-0.4613363631260784,-1.234650036664168,-1.1106245778961146,14.358974358974358
SPX500_USD,1m,Vela de impulso,"stop 1,5 / obj 3 ATR",mercado,descubrimiento,161,78,-0.6070312268578478,-5.871019834114768,-1.2529747118476091,22.36024844720497
SPX500_USD,1m,Vela de impulso,"stop 1,5 / obj 3 ATR",límite,descubrimiento,106,64,-0.6827669746695847,-5.021841181887025,-1.1308328017964997,20.754716981132077
SPX500_USD,1m,Vela de impulso,stop 2 / obj 3 ATR,mercado,descubrimiento,161,78,-0.6163658526521332,-5.525290815720894,-1.2722423368845313,29.81366459627329
SPX500_USD,1m,Vela de impulso,stop 2 / obj 3 ATR,límite,descubrimiento,105,64,-0.6948016381263745,-4.083204500539008,-1.1399089375510831,26.666666666666668
SPX500_USD,1m,Vela de impulso,"stop 2 ATR, cierre de sesión",mercado,descubrimiento,139,78,-0.8896043101489162,-3.760031499576267,-1.5853205014192224,13.66906474820144
SPX500_USD,1m,Vela de impulso,"stop 2 ATR, cierre de sesión",límite,descubrimiento,98,64,-0.8285429322719652,-2.665506316867599,-1.2687063650414467,13.26530612244898
SPX500_USD,1m,Vela de impulso,"stop 1,5 / obj 3 ATR",mercado,validacion,185,78,-0.67740533572596,-5.086054877891562,-1.6066665014013155,24.324324324324326
SPX500_USD,1m,Vela de impulso,"stop 1,5 / obj 3 ATR",límite,validacion,133,68,-0.5963468099536711,-3.1981909059935565,-1.1663842018211508,30.075187969924812
SPX500_USD,1m,Vela de impulso,stop 2 / obj 3 ATR,mercado,validacion,183,78,-0.7898975294535232,-4.992167486792659,-1.8532211267948047,29.508196721311474
SPX500_USD,1m,Vela de impulso,stop 2 / obj 3 ATR,límite,validacion,133,68,-0.7123466847176003,-3.3517432995947947,-1.3932663098153064,33.83458646616541
SPX500_USD,1m,Vela de impulso,"stop 2 ATR, cierre de sesión",mercado,validacion,139,78,-0.7394548107222673,-2.1237474270495773,-1.3177463934666045,16.546762589928058
SPX500_USD,1m,Vela de impulso,"stop 2 ATR, cierre de sesión",límite,validacion,103,68,-0.3909712250487318,-0.8538707818258341,-0.5922064144120496,19.41747572815534
SPX500_USD,3m,EMA 9 pullback en tendencia,"stop 1,5 / obj 3 ATR",mercado,descubrimiento,395,101,-0.6263148575342119,-5.525680639879762,-2.449449195307066,28.860759493670884
SPX500_USD,3m,EMA 9 pullback en tendencia,"stop 1,5 / obj 3 ATR",límite,descubrimiento,333,101,-0.4000077216868645,-3.215596960175069,-1.3188373398190683,33.633633633633636
SPX500_USD,3m,EMA 9 pullback en tendencia,stop 2 / obj 3 ATR,mercado,descubrimiento,354,101,-0.643446370565284,-4.655826151419055,-2.255247675050599,33.61581920903955
SPX500_USD,3m,EMA 9 pullback en tendencia,stop 2 / obj 3 ATR,límite,descubrimiento,311,101,-0.4128913204462993,-2.7704653056732207,-1.2713782243445453,38.263665594855304
SPX500_USD,3m,EMA 9 pullback en tendencia,"stop 2 ATR, cierre de sesión",mercado,descubrimiento,190,101,-0.9514405435010015,-3.5476162915697915,-1.7898386461900027,25.789473684210527
SPX500_USD,3m,EMA 9 pullback en tendencia,"stop 2 ATR, cierre de sesión",límite,descubrimiento,167,101,-0.843789328243921,-2.9270204967814806,-1.3951764140270775,26.94610778443114
SPX500_USD,3m,EMA 9 pullback en tendencia,"stop 1,5 / obj 3 ATR",mercado,validacion,353,79,-0.5831344809174229,-3.555789984012848,-2.6056515413145607,30.59490084985836
SPX500_USD,3m,EMA 9 pullback en tendencia,"stop 1,5 / obj 3 ATR",límite,validacion,300,79,-0.6263945209582644,-3.754996083131106,-2.3787133707275863,31.666666666666664
SPX500_USD,3m,EMA 9 pullback en tendencia,stop 2 / obj 3 ATR,mercado,validacion,311,79,-0.6850448568610847,-3.467122887842548,-2.696822158022751,36.655948553054664
SPX500_USD,3m,EMA 9 pullback en tendencia,stop 2 / obj 3 ATR,límite,validacion,268,79,-0.776519283300904,-3.89777854104832,-2.6342679484131937,36.19402985074627
SPX500_USD,3m,EMA 9 pullback en tendencia,"stop 2 ATR, cierre de sesión",mercado,validacion,156,79,-0.09456339823895085,-0.1769154068287295,-0.18673278639590293,26.282051282051285
SPX500_USD,3m,EMA 9 pullback en tendencia,"stop 2 ATR, cierre de sesión",límite,validacion,150,79,-0.23878226621946538,-0.46708794910430185,-0.45338404978379504,25.333333333333336
SPX500_USD,3m,Recupera VWAP,"stop 1,5 / obj 3 ATR",mercado,descubrimiento,305,100,-0.5590124639526778,-3.728815147073953,-1.704988015055667,31.147540983606557
SPX500_USD,3m,Recupera VWAP,"stop 1,5 / obj 3 ATR",límite,descubrimiento,239,96,-0.46720746173519884,-2.4506432450293514,-1.1631519099449221,34.72803347280335
SPX500_USD,3m,Recupera VWAP,stop 2 / obj 3 ATR,mercado,descubrimiento,271,100,-0.4995672833523666,-3.1569262688579665,-1.3538273378849135,37.63837638376384
SPX500_USD,3m,Recupera VWAP,stop 2 / obj 3 ATR,límite,descubrimiento,215,96,-0.2518130457678553,-1.2742406435412585,-0.5639563004175926,42.7906976744186
SPX500_USD,3m,Recupera VWAP,"stop 2 ATR, cierre de sesión",mercado,descubrimiento,218,100,-0.9888286701911166,-3.624685038641346,-2.1556465010166344,24.770642201834864
SPX500_USD,3m,Recupera VWAP,"stop 2 ATR, cierre de sesión",límite,descubrimiento,174,96,-0.7573150798370141,-2.1911995721350914,-1.372633582204588,28.160919540229884
SPX500_USD,3m,Recupera VWAP,"stop 1,5 / obj 3 ATR",mercado,validacion,255,81,-0.7165217829685601,-3.2810193335224285,-2.2557167241602816,29.411764705882355
SPX500_USD,3m,Recupera VWAP,"stop 1,5 / obj 3 ATR",límite,validacion,210,76,-0.7361783593609229,-3.0208968382067702,-2.0341770456025503,28.57142857142857
SPX500_USD,3m,Recupera VWAP,stop 2 / obj 3 ATR,mercado,validacion,223,81,-0.7764911525238797,-3.07240369527525,-2.137747247071916,36.32286995515695
SPX500_USD,3m,Recupera VWAP,stop 2 / obj 3 ATR,límite,validacion,188,76,-0.8592260126484247,-3.168192582963666,-2.1254538207618925,33.51063829787234
SPX500_USD,3m,Recupera VWAP,"stop 2 ATR, cierre de sesión",mercado,validacion,172,81,-0.06541111555210462,-0.10866727570310654,-0.13889767746866657,24.418604651162788
SPX500_USD,3m,Recupera VWAP,"stop 2 ATR, cierre de sesión",límite,validacion,149,76,-0.48278154869207707,-0.8081654955288414,-0.9465059309884143,22.14765100671141
SPX500_USD,3m,Retroceso a VWAP en tendencia,"stop 1,5 / obj 3 ATR",mercado,descubrimiento,107,69,-0.7375191875595898,-2.407142055596374,-1.1436891749112479,29.906542056074763
SPX500_USD,3m,Retroceso a VWAP en tendencia,"stop 1,5 / obj 3 ATR",límite,descubrimiento,80,58,-0.531777136102314,-1.3880543601583275,-0.733485704968709,36.25
SPX500_USD,3m,Retroceso a VWAP en tendencia,stop 2 / obj 3 ATR,mercado,descubrimiento,100,69,-0.8990234135389278,-2.420649681469477,-1.3029324833897504,36.0
SPX500_USD,3m,Retroceso a VWAP en tendencia,stop 2 / obj 3 ATR,límite,descubrimiento,78,58,-0.6875762977049862,-1.5326920298424518,-0.924671572775671,42.30769230769231
SPX500_USD,3m,Retroceso a VWAP en tendencia,"stop 2 ATR, cierre de sesión",mercado,descubrimiento,83,69,-1.2413396329190385,-2.5061320314226103,-1.493205645395365,22.89156626506024
SPX500_USD,3m,Retroceso a VWAP en tendencia,"stop 2 ATR, cierre de sesión",límite,descubrimiento,68,58,-1.2412938369722994,-2.217892150417587,-1.455310015760627,23.52941176470588
SPX500_USD,3m,Retroceso a VWAP en tendencia,"stop 1,5 / obj 3 ATR",mercado,validacion,67,51,-0.5042924571215256,-1.24184436116767,-0.6625018554341611,31.343283582089555
SPX500_USD,3m,Retroceso a VWAP en tendencia,"stop 1,5 / obj 3 ATR",límite,validacion,53,40,-0.6673263638874346,-1.4517911267356576,-0.8842074321508508,30.18867924528302
SPX500_USD,3m,Retroceso a VWAP en tendencia,stop 2 / obj 3 ATR,mercado,validacion,64,51,-0.5795056951791153,-1.262121191980609,-0.7272228331659486,34.375
SPX500_USD,3m,Retroceso a VWAP en tendencia,stop 2 / obj 3 ATR,límite,validacion,51,40,-0.8813035420810422,-1.6725128173854173,-1.1236620161533288,31.372549019607842
SPX500_USD,3m,Retroceso a VWAP en tendencia,"stop 2 ATR, cierre de sesión",mercado,validacion,58,51,0.6183527088164977,0.6584812845711983,0.7032246492422916,36.206896551724135
SPX500_USD,3m,Retroceso a VWAP en tendencia,"stop 2 ATR, cierre de sesión",límite,validacion,46,40,-0.007815858384849984,-0.0076182902513286885,-0.008988237142577482,32.608695652173914
SPX500_USD,3m,Rechazo banda VWAP 2σ,"stop 1,5 / obj 3 ATR",mercado,descubrimiento,358,94,-0.6099199472559231,-4.5464504749565195,-2.3228866076342602,28.49162011173184
SPX500_USD,3m,Rechazo banda VWAP 2σ,"stop 1,5 / obj 3 ATR",límite,descubrimiento,277,91,-0.5882807028164463,-4.042425966174392,-1.7907006008808308,30.324909747292416
SPX500_USD,3m,Rechazo banda VWAP 2σ,stop 2 / obj 3 ATR,mercado,descubrimiento,294,94,-0.664355681169598,-4.231184850649205,-2.0778784070623595,34.69387755102041
SPX500_USD,3m,Rechazo banda VWAP 2σ,stop 2 / obj 3 ATR,límite,descubrimiento,238,91,-0.6820456207599952,-3.628661166041941,-1.7838116235261414,35.714285714285715
SPX500_USD,3m,Rechazo banda VWAP 2σ,"stop 2 ATR, cierre de sesión",mercado,descubrimiento,274,94,-0.864746023129377,-3.17568224694353,-2.520642663164354,24.45255474452555
SPX500_USD,3m,Rechazo banda VWAP 2σ,"stop 2 ATR, cierre de sesión",límite,descubrimiento,224,91,-0.7391386084684337,-2.262071760456295,-1.8194181131530678,25.892857142857146
SPX500_USD,3m,Rechazo banda VWAP 2σ,"stop 1,5 / obj 3 ATR",mercado,validacion,294,74,-0.9282410104582939,-4.660208772040081,-3.6878764469559244,25.170068027210885
SPX500_USD,3m,Rechazo banda VWAP 2σ,"stop 1,5 / obj 3 ATR",límite,validacion,231,71,-0.9791588683768275,-4.348877747923805,-3.185714064718974,25.108225108225106
SPX500_USD,3m,Rechazo banda VWAP 2σ,stop 2 / obj 3 ATR,mercado,validacion,254,74,-1.008590923463264,-4.265150460976832,-3.4619201967522844,31.10236220472441
SPX500_USD,3m,Rechazo banda VWAP 2σ,stop 2 / obj 3 ATR,límite,validacion,211,71,-1.0963236903805358,-4.093372372972324,-3.2580887136660994,29.85781990521327
SPX500_USD,3m,Rechazo banda VWAP 2σ,"stop 2 ATR, cierre de sesión",mercado,validacion,234,74,-0.6839608724708198,-1.3680438364191916,-2.1627951913266465,19.65811965811966
SPX500_USD,3m,Rechazo banda VWAP 2σ,"stop 2 ATR, cierre de sesión",límite,validacion,200,71,-0.48326247501374053,-0.8515708245473135,-1.361302746517579,20.5
SPX500_USD,3m,Rechazo banda VWAP 1σ,"stop 1,5 / obj 3 ATR",mercado,descubrimiento,374,99,-0.6100624050781691,-4.658930669202179,-2.304680196961972,29.946524064171122
SPX500_USD,3m,Rechazo banda VWAP 1σ,"stop 1,5 / obj 3 ATR",límite,descubrimiento,309,96,-0.3842141312611518,-2.6363335681659774,-1.2366892349968324,33.00970873786408
SPX500_USD,3m,Rechazo banda VWAP 1σ,stop 2 / obj 3 ATR,mercado,descubrimiento,321,99,-0.6686225356416936,-4.236113048042962,-2.1679579185957945,35.51401869158878
SPX500_USD,3m,Rechazo banda VWAP 1σ,stop 2 / obj 3 ATR,límite,descubrimiento,274,96,-0.48438283495659856,-2.73482082354655,-1.382509341438625,37.95620437956204
SPX500_USD,3m,Rechazo banda VWAP 1σ,"stop 2 ATR, cierre de sesión",mercado,descubrimiento,262,99,-0.8247546256225562,-3.0927117323072917,-2.18268395871828,24.80916030534351
SPX500_USD,3m,Rechazo banda VWAP 1σ,"stop 2 ATR, cierre de sesión",límite,descubrimiento,222,96,-0.6545047513214368,-2.1647601348199967,-1.5135422374308227,27.027027027027028
SPX500_USD,3m,Rechazo banda VWAP 1σ,"stop 1,5 / obj 3 ATR",mercado,validacion,307,79,-0.7704623375109797,-4.6388117565788765,-2.9940751596945665,26.710097719869708
SPX500_USD,3m,Rechazo banda VWAP 1σ,"stop 1,5 / obj 3 ATR",límite,validacion,251,77,-0.836396865027836,-4.378675881045034,-2.7264365340517767,25.89641434262948
SPX500_USD,3m,Rechazo banda VWAP 1σ,stop 2 / obj 3 ATR,mercado,validacion,262,79,-0.8744722620403481,-4.392619428705667,-2.900148514614825,33.20610687022901
SPX500_USD,3m,Rechazo banda VWAP 1σ,stop 2 / obj 3 ATR,límite,validacion,229,77,-0.9946241779514827,-4.536687500850493,-2.958038139621942,31.004366812227076
SPX500_USD,3m,Rechazo banda VWAP 1σ,"stop 2 ATR, cierre de sesión",mercado,validacion,222,79,-0.668437172292589,-1.4785700664861747,-1.8783930664424655,21.62162162162162
SPX500_USD,3m,Rechazo banda VWAP 1σ,"stop 2 ATR, cierre de sesión",límite,validacion,201,77,-0.4187932990202337,-0.8390748929952018,-1.0932136766632075,22.885572139303484
SPX500_USD,3m,Barrido de swing (liquidez),"stop 1,5 / obj 3 ATR",mercado,descubrimiento,256,99,-0.7792715890659001,-4.716173505667344,-2.0150861293017215,28.90625
SPX500_USD,3m,Barrido de swing (liquidez),"stop 1,5 / obj 3 ATR",límite,descubrimiento,198,90,-0.5994976911340074,-2.795032719717094,-1.3188949204948162,33.33333333333333
SPX500_USD,3m,Barrido de swing (liquidez),stop 2 / obj 3 ATR,mercado,descubrimiento,245,99,-0.7702096730835575,-4.335443469831782,-1.906074443489612,35.51020408163265
SPX500_USD,3m,Barrido de swing (liquidez),stop 2 / obj 3 ATR,límite,descubrimiento,191,90,-0.5322672213060058,-2.327910257692308,-1.129589325216079,39.79057591623037
SPX500_USD,3m,Barrido de swing (liquidez),"stop 2 ATR, cierre de sesión",mercado,descubrimiento,196,99,-1.1700188411255286,-4.012513650591595,-2.316400937985895,20.918367346938776
SPX500_USD,3m,Barrido de swing (liquidez),"stop 2 ATR, cierre de sesión",límite,descubrimiento,158,90,-1.0264356013792957,-2.843761665999675,-1.8019647224214304,24.050632911392405
SPX500_USD,3m,Barrido de swing (liquidez),"stop 1,5 / obj 3 ATR",mercado,validacion,194,81,-0.34559491051226515,-1.1723869657157362,-0.8277211436960424,33.50515463917525
SPX500_USD,3m,Barrido de swing (liquidez),"stop 1,5 / obj 3 ATR",límite,validacion,159,71,-0.25880691493832186,-0.8119360996009266,-0.5795816827491997,35.22012578616352
SPX500_USD,3m,Barrido de swing (liquidez),stop 2 / obj 3 ATR,mercado,validacion,184,81,-0.3265176873362549,-1.0212652848113648,-0.7417191909860605,40.21739130434783
SPX500_USD,3m,Barrido de swing (liquidez),stop 2 / obj 3 ATR,límite,validacion,151,71,-0.4136665700445104,-1.1204147502652386,-0.8797697475594518,38.41059602649007
SPX500_USD,3m,Barrido de swing (liquidez),"stop 2 ATR, cierre de sesión",mercado,validacion,144,81,-0.018423893948399186,-0.02734444255320685,-0.03275358924159855,27.77777777777778
SPX500_USD,3m,Barrido de swing (liquidez),"stop 2 ATR, cierre de sesión",límite,validacion,123,71,-0.18000263563017296,-0.26222873945115344,-0.311835551866356,26.01626016260163
SPX500_USD,3m,Barrido del día anterior,"stop 1,5 / obj 3 ATR",mercado,descubrimiento,111,43,-0.7464549723186978,-2.504012132417805,-1.9268953936598945,28.82882882882883
SPX500_USD,3m,Barrido del día anterior,"stop 1,5 / obj 3 ATR",límite,descubrimiento,86,41,-0.5571197343704316,-1.7504034341390562,-1.1685926135574907,33.72093023255814
SPX500_USD,3m,Barrido del día anterior,stop 2 / obj 3 ATR,mercado,descubrimiento,93,43,-0.7050996472245912,-2.0884127848444454,-1.5249829579508598,37.634408602150536
SPX500_USD,3m,Barrido del día anterior,stop 2 / obj 3 ATR,límite,descubrimiento,80,41,-0.7743022668361654,-2.064511717885632,-1.5108336913876397,37.5
SPX500_USD,3m,Barrido del día anterior,"stop 2 ATR, cierre de sesión",mercado,descubrimiento,84,43,-1.0687254833039916,-2.1407324604156592,-2.087742804593844,25.0
SPX500_USD,3m,Barrido del día anterior,"stop 2 ATR, cierre de sesión",límite,descubrimiento,73,41,-1.1847385271934678,-2.2569048082930085,-2.10941249963715,23.28767123287671
SPX500_USD,3m,Barrido del día anterior,"stop 1,5 / obj 3 ATR",mercado,validacion,92,36,-0.6541044632896079,-1.7943780075131393,-1.6716002950734423,25.0
SPX500_USD,3m,Barrido del día anterior,"stop 1,5 / obj 3 ATR",límite,validacion,77,34,-0.6410204312089238,-1.4880346165625344,-1.4517227412672686,27.27272727272727
SPX500_USD,3m,Barrido del día anterior,stop 2 / obj 3 ATR,mercado,validacion,80,36,-0.7739320549368749,-1.6789653302661975,-1.719849010970833,30.0
SPX500_USD,3m,Barrido del día anterior,stop 2 / obj 3 ATR,límite,validacion,69,34,-0.9086622623084243,-1.783610602350833,-1.8440498852729785,30.434782608695656
SPX500_USD,3m,Barrido del día anterior,"stop 2 ATR, cierre de sesión",mercado,validacion,72,36,-0.47654738565285615,-0.5448690533441974,-0.9530947713057123,16.666666666666664
SPX500_USD,3m,Barrido del día anterior,"stop 2 ATR, cierre de sesión",límite,validacion,62,34,-0.754880386475595,-0.8319776626110097,-1.3765465871025555,17.741935483870968
SPX500_USD,3m,Barrido de la noche (ON),"stop 1,5 / obj 3 ATR",mercado,descubrimiento,110,42,-0.4207170568271142,-1.3671699544082359,-1.1018780059757753,36.36363636363637
SPX500_USD,3m,Barrido de la noche (ON),"stop 1,5 / obj 3 ATR",límite,descubrimiento,88,37,-0.30245963600549075,-0.7589892576610461,-0.7193634586076537,37.5
SPX500_USD,3m,Barrido de la noche (ON),stop 2 / obj 3 ATR,mercado,descubrimiento,96,42,-0.17493581898510632,-0.5604629180081938,-0.3998533005373859,43.75
SPX500_USD,3m,Barrido de la noche (ON),stop 2 / obj 3 ATR,límite,descubrimiento,78,37,-0.12069301675527801,-0.3225156677765354,-0.2544339272138293,43.58974358974359
SPX500_USD,3m,Barrido de la noche (ON),"stop 2 ATR, cierre de sesión",mercado,descubrimiento,79,42,-0.8255517287797608,-1.423375811828493,-1.5528234898476452,30.37974683544304
SPX500_USD,3m,Barrido de la noche (ON),"stop 2 ATR, cierre de sesión",límite,descubrimiento,64,37,-0.9270009668171415,-1.3705724760479645,-1.6034611317918124,28.125
SPX500_USD,3m,Barrido de la noche (ON),"stop 1,5 / obj 3 ATR",mercado,validacion,109,43,-0.7059094170146178,-1.771221056970477,-1.7893982896417058,27.522935779816514
SPX500_USD,3m,Barrido de la noche (ON),"stop 1,5 / obj 3 ATR",límite,validacion,91,41,-0.5275408652064639,-1.1308586303149222,-1.170883383750932,29.67032967032967
SPX500_USD,3m,Barrido de la noche (ON),stop 2 / obj 3 ATR,mercado,validacion,91,43,-0.6517850434649192,-1.3844357528006281,-1.3793590454722706,36.26373626373626
SPX500_USD,3m,Barrido de la noche (ON),stop 2 / obj 3 ATR,límite,validacion,77,41,-0.5266642363659819,-0.9485171473055358,-0.9891011268336733,36.36363636363637
SPX500_USD,3m,Barrido de la noche (ON),"stop 2 ATR, cierre de sesión",mercado,validacion,72,43,-1.166152245534792,-1.418325559055381,-1.9526270157791865,18.055555555555554
SPX500_USD,3m,Barrido de la noche (ON),"stop 2 ATR, cierre de sesión",límite,validacion,61,41,-0.8223640979704363,-0.8331469895864765,-1.2235173164926003,19.672131147540984
SPX500_USD,3m,Ruptura rango apertura 15m,"stop 1,5 / obj 3 ATR",mercado,descubrimiento,157,81,-0.3393210780013107,-1.6482741589916556,-0.657696410446985,36.94267515923567
SPX500_USD,3m,Ruptura rango apertura 15m,"stop 1,5 / obj 3 ATR",límite,descubrimiento,109,63,-0.553956056767651,-2.3969387725585736,-0.9584319077408565,35.77981651376147
SPX500_USD,3m,Ruptura rango apertura 15m,stop 2 / obj 3 ATR,mercado,descubrimiento,142,81,-0.3296618173995471,-1.412337840421713,-0.5779256551942678,43.66197183098591
SPX500_USD,3m,Ruptura rango apertura 15m,stop 2 / obj 3 ATR,límite,descubrimiento,101,63,-0.6335386282382637,-2.492844341865693,-1.0156730389216608,40.5940594059406
SPX500_USD,3m,Ruptura rango apertura 15m,"stop 2 ATR, cierre de sesión",mercado,descubrimiento,122,81,-0.5839417620174298,-1.6324623678612769,-0.87951722180403,29.508196721311474
SPX500_USD,3m,Ruptura rango apertura 15m,"stop 2 ATR, cierre de sesión",límite,descubrimiento,90,63,-0.9467324386702705,-2.3332342795531145,-1.3524749123861006,23.333333333333332
SPX500_USD,3m,Ruptura rango apertura 15m,"stop 1,5 / obj 3 ATR",mercado,validacion,162,70,-0.6808210944614289,-2.618890361721996,-1.5756145328964497,30.864197530864196
SPX500_USD,3m,Ruptura rango apertura 15m,"stop 1,5 / obj 3 ATR",límite,validacion,130,65,-0.49760579365950985,-1.6814580499437028,-0.9952115873190197,33.84615384615385
SPX500_USD,3m,Ruptura rango apertura 15m,stop 2 / obj 3 ATR,mercado,validacion,136,70,-0.5712946186346208,-1.6961403021467616,-1.1099438304901206,40.44117647058824
SPX500_USD,3m,Ruptura rango apertura 15m,stop 2 / obj 3 ATR,límite,validacion,114,65,-0.6189426695882164,-1.6327371522068381,-1.0855302205085642,39.473684210526315
SPX500_USD,3m,Ruptura rango apertura 15m,"stop 2 ATR, cierre de sesión",mercado,validacion,120,70,0.3463745856284973,0.5239146779224947,0.5937850039345668,31.666666666666664
SPX500_USD,3m,Ruptura rango apertura 15m,"stop 2 ATR, cierre de sesión",límite,validacion,104,65,0.11430049139719797,0.16817676893991165,0.18288078623551676,31.73076923076923
SPX500_USD,3m,Falsa ruptura rango apertura,"stop 1,5 / obj 3 ATR",mercado,descubrimiento,202,76,-0.6560814835588572,-2.644618577585496,-1.743795522090647,34.15841584158416
SPX500_USD,3m,Falsa ruptura rango apertura,"stop 1,5 / obj 3 ATR",límite,descubrimiento,159,68,-0.824475708682585,-2.747940493926328,-1.9278182011842797,32.075471698113205
SPX500_USD,3m,Falsa ruptura rango apertura,stop 2 / obj 3 ATR,mercado,descubrimiento,175,76,-0.701398093359816,-2.4234963577099857,-1.6150613991837868,38.857142857142854
SPX500_USD,3m,Falsa ruptura rango apertura,stop 2 / obj 3 ATR,límite,descubrimiento,143,68,-0.8475043741639746,-2.519474060721421,-1.7822518456683583,37.06293706293706
SPX500_USD,3m,Falsa ruptura rango apertura,"stop 2 ATR, cierre de sesión",mercado,descubrimiento,150,76,-1.2489210619926552,-3.0552262530279455,-2.4649757802486616,22.666666666666664
SPX500_USD,3m,Falsa ruptura rango apertura,"stop 2 ATR, cierre de sesión",límite,descubrimiento,121,68,-1.1752699849231232,-2.294124934468485,-2.0912892378779104,25.6198347107438
SPX500_USD,3m,Falsa ruptura rango apertura,"stop 1,5 / obj 3 ATR",mercado,validacion,153,64,-0.48408730576241044,-1.9365901908363479,-1.1572712153382625,28.75816993464052
SPX500_USD,3m,Falsa ruptura rango apertura,"stop 1,5 / obj 3 ATR",límite,validacion,124,59,-0.40458560050494863,-1.358900045387471,-0.8503154993663328,29.838709677419356
SPX500_USD,3m,Falsa ruptura rango apertura,stop 2 / obj 3 ATR,mercado,validacion,130,64,-0.5470715662149285,-1.721823756631297,-1.1112391188740736,36.15384615384615
SPX500_USD,3m,Falsa ruptura rango apertura,stop 2 / obj 3 ATR,límite,validacion,109,59,-0.45973136958725636,-1.2883097059172293,-0.849334225169677,36.69724770642202
SPX500_USD,3m,Falsa ruptura rango apertura,"stop 2 ATR, cierre de sesión",mercado,validacion,116,64,0.21229754756236924,0.31189956820085846,0.38478930495679425,26.72413793103448
SPX500_USD,3m,Falsa ruptura rango apertura,"stop 2 ATR, cierre de sesión",límite,validacion,96,59,0.5637396637101978,0.6940728455487795,0.9172713172233726,28.125
SPX500_USD,3m,Reentrada Bollinger,"stop 1,5 / obj 3 ATR",mercado,descubrimiento,392,97,-0.750859755806779,-6.365169953426126,-3.0344023121263644,27.040816326530614
SPX500_USD,3m,Reentrada Bollinger,"stop 1,5 / obj 3 ATR",límite,descubrimiento,309,94,-0.5852165390874182,-3.8159055796498036,-1.9237437295533215,30.097087378640776
SPX500_USD,3m,Reentrada Bollinger,stop 2 / obj 3 ATR,mercado,descubrimiento,366,97,-0.7823133130933438,-6.111319178808131,-2.9518213669295243,33.060109289617486
SPX500_USD,3m,Reentrada Bollinger,stop 2 / obj 3 ATR,límite,descubrimiento,284,94,-0.6168266735152461,-3.877551045910417,-1.8636039923226586,36.267605633802816
SPX500_USD,3m,Reentrada Bollinger,"stop 2 ATR, cierre de sesión",mercado,descubrimiento,271,97,-0.946342002034633,-3.993265867915402,-2.643903943828717,23.985239852398525
SPX500_USD,3m,Reentrada Bollinger,"stop 2 ATR, cierre de sesión",límite,descubrimiento,218,94,-0.9299434714142387,-3.2820850120751173,-2.1566774124287664,24.31192660550459
SPX500_USD,3m,Reentrada Bollinger,"stop 1,5 / obj 3 ATR",mercado,validacion,314,87,-0.6145666127106142,-2.9612572345430546,-2.2180909930015273,31.210191082802545
SPX500_USD,3m,Reentrada Bollinger,"stop 1,5 / obj 3 ATR",límite,validacion,257,84,-0.7965503263055996,-3.2686927351326496,-2.437064688815942,27.237354085603112
SPX500_USD,3m,Reentrada Bollinger,stop 2 / obj 3 ATR,mercado,validacion,284,87,-0.7279681428553294,-2.9456932919953065,-2.3763557766771672,35.91549295774648
SPX500_USD,3m,Reentrada Bollinger,stop 2 / obj 3 ATR,límite,validacion,236,84,-0.8079546138997814,-2.8242057280201625,-2.2699677247660524,33.05084745762712
SPX500_USD,3m,Reentrada Bollinger,"stop 2 ATR, cierre de sesión",mercado,validacion,223,87,-0.4785327835254024,-1.0599218489355748,-1.2265840313352268,24.2152466367713
SPX500_USD,3m,Reentrada Bollinger,"stop 2 ATR, cierre de sesión",límite,validacion,198,84,-0.3197094608798172,-0.6164306813720822,-0.7536008720738548,24.747474747474747
SPX500_USD,3m,Ruptura squeeze Bollinger,"stop 1,5 / obj 3 ATR",mercado,descubrimiento,99,65,-0.2922043553867725,-1.523222460619032,-0.44504971051216113,34.34343434343434
SPX500_USD,3m,Ruptura squeeze Bollinger,"stop 1,5 / obj 3 ATR",límite,descubrimiento,73,57,-0.3607717501137311,-1.4547380296698267,-0.4620410133035503,30.136986301369863
SPX500_USD,3m,Ruptura squeeze Bollinger,stop 2 / obj 3 ATR,mercado,descubrimiento,94,65,-0.31363160924707956,-1.3426997210426554,-0.45355955798808434,41.48936170212766
SPX500_USD,3m,Ruptura squeeze Bollinger,stop 2 / obj 3 ATR,límite,descubrimiento,72,57,-0.5275660164488691,-1.8758932473064331,-0.6663991786722557,30.555555555555557
SPX500_USD,3m,Ruptura squeeze Bollinger,"stop 2 ATR, cierre de sesión",mercado,descubrimiento,76,65,-0.7926996854104518,-2.5657456044187548,-0.9268488629414513,28.947368421052634
SPX500_USD,3m,Ruptura squeeze Bollinger,"stop 2 ATR, cierre de sesión",límite,descubrimiento,65,57,-1.0202774135883141,-3.0765523868676556,-1.1634742435656213,21.53846153846154
SPX500_USD,3m,Ruptura squeeze Bollinger,"stop 1,5 / obj 3 ATR",mercado,validacion,80,55,-0.3034803064912488,-0.8921875421107387,-0.44142590035090734,30.0
SPX500_USD,3m,Ruptura squeeze Bollinger,"stop 1,5 / obj 3 ATR",límite,validacion,57,44,-0.1798066904461189,-0.43470620598678317,-0.23293139444156316,35.08771929824561
SPX500_USD,3m,Ruptura squeeze Bollinger,stop 2 / obj 3 ATR,mercado,validacion,77,55,-0.19534429612096252,-0.5000294142172302,-0.2734820145693475,40.25974025974026
SPX500_USD,3m,Ruptura squeeze Bollinger,stop 2 / obj 3 ATR,límite,validacion,57,44,-0.37325967349503913,-0.8101033266141662,-0.48354094066402803,38.59649122807017
SPX500_USD,3m,Ruptura squeeze Bollinger,"stop 2 ATR, cierre de sesión",mercado,validacion,66,55,0.1512702152223265,0.23608521811816774,0.1815242582667918,33.33333333333333
SPX500_USD,3m,Ruptura squeeze Bollinger,"stop 2 ATR, cierre de sesión",límite,validacion,50,44,0.28902023172378916,0.3419093360201226,0.32843208150430586,32.0
SPX500_USD,3m,Ruptura Keltner,"stop 1,5 / obj 3 ATR",mercado,descubrimiento,304,104,-0.5615853066624773,-3.4403589966926917,-1.6415570502441645,32.23684210526316
SPX500_USD,3m,Ruptura Keltner,"stop 1,5 / obj 3 ATR",límite,descubrimiento,257,102,-0.5250818761707731,-2.6577771651965976,-1.3230004134891045,32.68482490272373
SPX500_USD,3m,Ruptura Keltner,stop 2 / obj 3 ATR,mercado,descubrimiento,284,104,-0.5653770006794304,-2.8139464856464245,-1.543914117239983,38.028169014084504
SPX500_USD,3m,Ruptura Keltner,stop 2 / obj 3 ATR,límite,descubrimiento,242,102,-0.48121820296137885,-2.1785423343432124,-1.1417137756534674,37.60330578512397
SPX500_USD,3m,Ruptura Keltner,"stop 2 ATR, cierre de sesión",mercado,descubrimiento,181,104,-0.9597543372106834,-2.7393618907069834,-1.6703416830301316,25.41436464088398
SPX500_USD,3m,Ruptura Keltner,"stop 2 ATR, cierre de sesión",límite,descubrimiento,170,102,-0.9485865755642229,-2.74259156049778,-1.5809776259403714,24.705882352941178
SPX500_USD,3m,Ruptura Keltner,"stop 1,5 / obj 3 ATR",mercado,validacion,281,86,-0.3638779540163825,-1.695461824301626,-1.188950059053529,33.45195729537366
SPX500_USD,3m,Ruptura Keltner,"stop 1,5 / obj 3 ATR",límite,validacion,227,82,-0.12130005521921644,-0.5002310668732771,-0.3357940553019772,37.00440528634361
SPX500_USD,3m,Ruptura Keltner,stop 2 / obj 3 ATR,mercado,validacion,256,86,-0.293753950865943,-1.101610939102586,-0.8744303653683886,41.40625
SPX500_USD,3m,Ruptura Keltner,stop 2 / obj 3 ATR,límite,validacion,215,82,-0.12370344777440005,-0.4182011873939848,-0.3243444057499514,44.18604651162791
SPX500_USD,3m,Ruptura Keltner,"stop 2 ATR, cierre de sesión",mercado,validacion,148,86,0.07713459830024835,0.1195661119599577,0.13274326219112506,29.054054054054053
SPX500_USD,3m,Ruptura Keltner,"stop 2 ATR, cierre de sesión",límite,validacion,132,82,0.3218557615713617,0.48526473855048263,0.518109274724631,31.060606060606062
SPX500_USD,3m,Ruptura Donchian 20,"stop 1,5 / obj 3 ATR",mercado,descubrimiento,322,103,-0.6448064102852578,-4.7576534711339304,-2.0158025641927475,31.366459627329192
SPX500_USD,3m,Ruptura Donchian 20,"stop 1,5 / obj 3 ATR",límite,descubrimiento,284,102,-0.5995964190720697,-3.575612929593811,-1.6694645393771352,33.80281690140845
SPX500_USD,3m,Ruptura Donchian 20,stop 2 / obj 3 ATR,mercado,descubrimiento,307,103,-0.6932790006177871,-4.1254175502937285,-2.0663752736860257,37.45928338762215
SPX500_USD,3m,Ruptura Donchian 20,stop 2 / obj 3 ATR,límite,descubrimiento,275,102,-0.7027903942194885,-3.6933605686886595,-1.894778023630974,37.81818181818182
SPX500_USD,3m,Ruptura Donchian 20,"stop 2 ATR, cierre de sesión",mercado,descubrimiento,178,103,-0.757211754938193,-2.1625713863059173,-1.308579537660178,30.337078651685395
SPX500_USD,3m,Ruptura Donchian 20,"stop 2 ATR, cierre de sesión",límite,descubrimiento,173,102,-0.8261867757201911,-2.353063731750426,-1.4012775705842457,30.057803468208093
SPX500_USD,3m,Ruptura Donchian 20,"stop 1,5 / obj 3 ATR",mercado,validacion,312,87,-0.434887623267296,-2.3919074691491202,-1.5595969937861651,33.01282051282051
SPX500_USD,3m,Ruptura Donchian 20,"stop 1,5 / obj 3 ATR",límite,validacion,261,86,-0.3109758858799506,-1.6280000676211246,-0.9437756536589198,35.24904214559387
SPX500_USD,3m,Ruptura Donchian 20,stop 2 / obj 3 ATR,mercado,validacion,293,87,-0.3933363871606956,-1.72128061396378,-1.3246846142308484,40.955631399317404
SPX500_USD,3m,Ruptura Donchian 20,stop 2 / obj 3 ATR,límite,validacion,251,86,-0.33636513840154597,-1.4169997505038672,-0.9817168574277678,41.03585657370518
SPX500_USD,3m,Ruptura Donchian 20,"stop 2 ATR, cierre de sesión",mercado,validacion,161,87,0.02622484781726671,0.044612113833024644,0.04853104021356254,26.70807453416149
SPX500_USD,3m,Ruptura Donchian 20,"stop 2 ATR, cierre de sesión",límite,validacion,148,86,0.293686162652199,0.4889666349016978,0.5054133961921564,30.405405405405407
SPX500_USD,3m,Estocástico cruza en extremo,"stop 1,5 / obj 3 ATR",mercado,descubrimiento,488,105,-0.6397390552255944,-5.248582979996241,-2.9732634185722864,29.098360655737704
SPX500_USD,3m,Estocástico cruza en extremo,"stop 1,5 / obj 3 ATR",límite,descubrimiento,372,103,-0.4834774187143099,-3.0579224128280753,-1.7461514539973133,32.526881720430104
SPX500_USD,3m,Estocástico cruza en extremo,stop 2 / obj 3 ATR,mercado,descubrimiento,440,105,-0.6713307847082625,-4.938799411880753,-2.813195669253671,35.0
SPX500_USD,3m,Estocástico cruza en extremo,stop 2 / obj 3 ATR,límite,descubrimiento,343,103,-0.5580445496090635,-3.1329692591226608,-1.8583425292806677,37.31778425655977
SPX500_USD,3m,Estocástico cruza en extremo,"stop 2 ATR, cierre de sesión",mercado,descubrimiento,284,105,-0.8461653161552647,-3.571674767466226,-2.288675712267573,26.056338028169012
SPX500_USD,3m,Estocástico cruza en extremo,"stop 2 ATR, cierre de sesión",límite,descubrimiento,234,103,-0.7228468288111951,-2.4062783003767994,-1.6421957081730065,26.06837606837607
SPX500_USD,3m,Estocástico cruza en extremo,"stop 1,5 / obj 3 ATR",mercado,validacion,443,89,-0.7115007415743488,-4.282417208904611,-3.541514927162208,27.765237020316025
SPX500_USD,3m,Estocástico cruza en extremo,"stop 1,5 / obj 3 ATR",límite,validacion,345,88,-0.5834566818803971,-2.5519032589449524,-2.28741540055383,30.434782608695656
SPX500_USD,3m,Estocástico cruza en extremo,stop 2 / obj 3 ATR,mercado,validacion,398,89,-0.7114997766904488,-3.6597278930671364,-3.18176304632358,34.42211055276382
SPX500_USD,3m,Estocástico cruza en extremo,stop 2 / obj 3 ATR,límite,validacion,313,88,-0.6957919484357862,-2.9512495606300737,-2.474805452959103,34.82428115015975
SPX500_USD,3m,Estocástico cruza en extremo,"stop 2 ATR, cierre de sesión",mercado,validacion,256,89,-0.12932002773508106,-0.28537152387274045,-0.37197670899079494,26.5625
SPX500_USD,3m,Estocástico cruza en extremo,"stop 2 ATR, cierre de sesión",límite,validacion,225,88,-0.23223092672560092,-0.47330582959606715,-0.5937722558325024,26.666666666666668
SPX500_USD,3m,MACD histograma cruza 0,"stop 1,5 / obj 3 ATR",mercado,descubrimiento,465,105,-0.6248653960099764,-6.175016870997023,-2.767261039472752,29.462365591397848
SPX500_USD,3m,MACD histograma cruza 0,"stop 1,5 / obj 3 ATR",límite,descubrimiento,361,104,-0.45387853455675636,-3.8185077793597992,-1.5754822209133563,33.2409972299169
SPX500_USD,3m,MACD histograma cruza 0,stop 2 / obj 3 ATR,mercado,descubrimiento,438,105,-0.7484207677677854,-6.519594259683013,-3.121983774117048,33.789954337899545
SPX500_USD,3m,MACD histograma cruza 0,stop 2 / obj 3 ATR,límite,descubrimiento,352,104,-0.6047330740974721,-4.695774918152715,-2.046788866176059,35.79545454545455
SPX500_USD,3m,MACD histograma cruza 0,"stop 2 ATR, cierre de sesión",mercado,descubrimiento,271,105,-0.7426060047184839,-2.805981245742071,-1.9166307359877062,25.461254612546124
SPX500_USD,3m,MACD histograma cruza 0,"stop 2 ATR, cierre de sesión",límite,descubrimiento,238,104,-0.8060453609057894,-2.9027875675178905,-1.8446038066882489,25.630252100840334
SPX500_USD,3m,MACD histograma cruza 0,"stop 1,5 / obj 3 ATR",mercado,validacion,389,90,-0.34238732404451655,-1.9012515258960492,-1.4798741005924105,34.70437017994858
SPX500_USD,3m,MACD histograma cruza 0,"stop 1,5 / obj 3 ATR",límite,validacion,297,87,-0.4453921119131239,-2.224030978753098,-1.520476519979285,32.659932659932664
SPX500_USD,3m,MACD histograma cruza 0,stop 2 / obj 3 ATR,mercado,validacion,367,90,-0.43200112572807847,-2.1575105289775225,-1.7616045904689424,40.05449591280654
SPX500_USD,3m,MACD histograma cruza 0,stop 2 / obj 3 ATR,límite,validacion,278,87,-0.6206528534391816,-2.7226566218776647,-1.98323555466773,35.97122302158273
SPX500_USD,3m,MACD histograma cruza 0,"stop 2 ATR, cierre de sesión",mercado,validacion,235,90,-0.4781319524886838,-1.042274287913658,-1.248455653720452,27.23404255319149
SPX500_USD,3m,MACD histograma cruza 0,"stop 2 ATR, cierre de sesión",límite,validacion,200,87,-0.46315219545364583,-0.9516579100077948,-1.0647176906980365,26.5
SPX500_USD,3m,RSI(2) extremo,"stop 1,5 / obj 3 ATR",mercado,descubrimiento,483,105,-0.4553090520304905,-4.406025657629519,-2.0944216393402564,31.05590062111801
SPX500_USD,3m,RSI(2) extremo,"stop 1,5 / obj 3 ATR",límite,descubrimiento,331,101,-0.40844304254407887,-2.920839355953063,-1.338560862198912,33.8368580060423
SPX500_USD,3m,RSI(2) extremo,stop 2 / obj 3 ATR,mercado,descubrimiento,424,105,-0.47284844101037593,-3.501233593214667,-1.909407037984756,37.028301886792455
SPX500_USD,3m,RSI(2) extremo,stop 2 / obj 3 ATR,límite,descubrimiento,309,101,-0.4043787782554877,-2.3604896544728042,-1.237158836445007,39.482200647249186
SPX500_USD,3m,RSI(2) extremo,"stop 2 ATR, cierre de sesión",mercado,descubrimiento,265,105,-0.5349869766775203,-1.9628744132326874,-1.350205226852789,26.79245283018868
SPX500_USD,3m,RSI(2) extremo,"stop 2 ATR, cierre de sesión",límite,descubrimiento,227,101,-0.5345949689932369,-1.745902490768175,-1.2015154253610374,28.634361233480178
SPX500_USD,3m,RSI(2) extremo,"stop 1,5 / obj 3 ATR",mercado,validacion,419,90,-0.48342153349753486,-2.5333977519710444,-2.2505958059496343,31.26491646778043
SPX500_USD,3m,RSI(2) extremo,"stop 1,5 / obj 3 ATR",límite,validacion,310,86,-0.47995798649326277,-2.1214373883088045,-1.7300811141036216,31.61290322580645
SPX500_USD,3m,RSI(2) extremo,stop 2 / obj 3 ATR,mercado,validacion,361,90,-0.6064635033488573,-2.646622332714048,-2.4325924967659724,36.011080332409975
SPX500_USD,3m,RSI(2) extremo,stop 2 / obj 3 ATR,límite,validacion,276,86,-0.6401220412444395,-2.6426427440462663,-2.0543451556216894,35.869565217391305
SPX500_USD,3m,RSI(2) extremo,"stop 2 ATR, cierre de sesión",mercado,validacion,249,90,-0.32443828347217724,-0.7102025268857516,-0.8976125842730236,24.096385542168676
SPX500_USD,3m,RSI(2) extremo,"stop 2 ATR, cierre de sesión",límite,validacion,208,86,-0.3045799122177667,-0.5871944268923661,-0.736658392340645,24.519230769230766
SPX500_USD,3m,RSI(7) sale de 30/70,"stop 1,5 / obj 3 ATR",mercado,descubrimiento,434,102,-0.741072928913728,-6.2823346583178825,-3.1531926583191954,26.72811059907834
SPX500_USD,3m,RSI(7) sale de 30/70,"stop 1,5 / obj 3 ATR",límite,descubrimiento,346,99,-0.4848788718853369,-3.3087970201925816,-1.694627168407339,32.369942196531795
SPX500_USD,3m,RSI(7) sale de 30/70,stop 2 / obj 3 ATR,mercado,descubrimiento,385,102,-0.6859463167035738,-4.8130019569566675,-2.5891110973615286,33.76623376623377
SPX500_USD,3m,RSI(7) sale de 30/70,stop 2 / obj 3 ATR,límite,descubrimiento,321,99,-0.5774613205777508,-3.3430595127966263,-1.8723745849036164,37.69470404984423
SPX500_USD,3m,RSI(7) sale de 30/70,"stop 2 ATR, cierre de sesión",mercado,descubrimiento,277,102,-0.8534085896213175,-3.40590424555214,-2.3175899933833817,26.353790613718413
SPX500_USD,3m,RSI(7) sale de 30/70,"stop 2 ATR, cierre de sesión",límite,descubrimiento,236,99,-0.8154815599675955,-2.8449450944367616,-1.943976243963157,25.847457627118644
SPX500_USD,3m,RSI(7) sale de 30/70,"stop 1,5 / obj 3 ATR",mercado,validacion,407,89,-0.8399854185364461,-5.066431578256248,-3.8412816330824,27.027027027027028
SPX500_USD,3m,RSI(7) sale de 30/70,"stop 1,5 / obj 3 ATR",límite,validacion,314,85,-0.8521521020770807,-3.82435362322514,-3.1479501182612157,27.070063694267514
SPX500_USD,3m,RSI(7) sale de 30/70,stop 2 / obj 3 ATR,mercado,validacion,357,89,-0.8915047951238798,-4.336570380033687,-3.5760360883058997,33.61344537815126
SPX500_USD,3m,RSI(7) sale de 30/70,stop 2 / obj 3 ATR,límite,validacion,284,85,-0.9143824112583185,-3.570791440016699,-3.0551129976160287,33.098591549295776
SPX500_USD,3m,RSI(7) sale de 30/70,"stop 2 ATR, cierre de sesión",mercado,validacion,261,89,-0.8513917084032538,-2.2006110651774353,-2.496777931384823,22.22222222222222
SPX500_USD,3m,RSI(7) sale de 30/70,"stop 2 ATR, cierre de sesión",límite,validacion,226,85,-0.9471663891319738,-2.368903577545919,-2.5183482816920715,22.123893805309734
SPX500_USD,3m,CCI sale de ±100,"stop 1,5 / obj 3 ATR",mercado,descubrimiento,513,105,-0.7534878982577431,-7.022737737823395,-3.6813265886306876,26.900584795321635
SPX500_USD,3m,CCI sale de ±100,"stop 1,5 / obj 3 ATR",límite,descubrimiento,398,102,-0.5337628883512789,-4.212536582791136,-2.0827218584687155,31.65829145728643
SPX500_USD,3m,CCI sale de ±100,stop 2 / obj 3 ATR,mercado,descubrimiento,461,105,-0.73358105124207,-6.130086268328943,-3.220770139262802,34.273318872017356
SPX500_USD,3m,CCI sale de ±100,stop 2 / obj 3 ATR,límite,descubrimiento,360,102,-0.636902095990052,-4.224230204127801,-2.247889750553125,36.666666666666664
SPX500_USD,3m,CCI sale de ±100,"stop 2 ATR, cierre de sesión",mercado,descubrimiento,283,105,-0.7919638202215724,-3.0617317549401024,-2.134531058311476,25.795053003533567
SPX500_USD,3m,CCI sale de ±100,"stop 2 ATR, cierre de sesión",límite,descubrimiento,246,102,-0.745457919884504,-2.615055728139767,-1.7978691008979215,26.01626016260163
SPX500_USD,3m,CCI sale de ±100,"stop 1,5 / obj 3 ATR",mercado,validacion,446,90,-0.575922264331126,-3.418172259142643,-2.8540147765742465,30.493273542600896
SPX500_USD,3m,CCI sale de ±100,"stop 1,5 / obj 3 ATR",límite,validacion,357,89,-0.46812203083718906,-2.2984250679122713,-1.8777479214480506,32.212885154061624
SPX500_USD,3m,CCI sale de ±100,stop 2 / obj 3 ATR,mercado,validacion,398,90,-0.5869421833304327,-3.0985072823584727,-2.5955887662834694,36.68341708542713
SPX500_USD,3m,CCI sale de ±100,stop 2 / obj 3 ATR,límite,validacion,323,89,-0.46630303777038296,-2.0783456887952534,-1.6923132719082437,37.77089783281733
SPX500_USD,3m,CCI sale de ±100,"stop 2 ATR, cierre de sesión",mercado,validacion,261,90,-0.4195043403618182,-0.9726714791551777,-1.2165625870492727,25.67049808429119
SPX500_USD,3m,CCI sale de ±100,"stop 2 ATR, cierre de sesión",límite,validacion,238,89,-0.4447389461212776,-0.986174637030216,-1.1893019008636414,26.05042016806723
SPX500_USD,3m,Supertrend cambia,"stop 1,5 / obj 3 ATR",mercado,descubrimiento,161,95,-0.2933779765137972,-1.2928958861778057,-0.4971984654602247,35.40372670807454
SPX500_USD,3m,Supertrend cambia,"stop 1,5 / obj 3 ATR",límite,descubrimiento,130,81,-0.12293263751726784,-0.487010389376559,-0.19729929478080024,39.23076923076923
SPX500_USD,3m,Supertrend cambia,stop 2 / obj 3 ATR,mercado,descubrimiento,161,95,-0.3331897275196085,-1.4690757300103388,-0.5646689066384944,39.130434782608695
SPX500_USD,3m,Supertrend cambia,stop 2 / obj 3 ATR,límite,descubrimiento,130,81,-0.020018507517298355,-0.08195566358156488,-0.032128468854923285,44.61538461538462
SPX500_USD,3m,Supertrend cambia,"stop 2 ATR, cierre de sesión",mercado,descubrimiento,145,95,-0.8130758071767968,-2.3427558808934803,-1.2410104425330057,28.27586206896552
SPX500_USD,3m,Supertrend cambia,"stop 2 ATR, cierre de sesión",límite,descubrimiento,120,81,-0.6586892851193779,-1.64379482610745,-0.9758359779546338,31.666666666666664
SPX500_USD,3m,Supertrend cambia,"stop 1,5 / obj 3 ATR",mercado,validacion,153,86,-0.3314418211170306,-1.0743037328102918,-0.5896581236151823,32.6797385620915
SPX500_USD,3m,Supertrend cambia,"stop 1,5 / obj 3 ATR",límite,validacion,120,79,-0.061764021515847624,-0.17596202188852214,-0.09381876685951539,38.333333333333336
SPX500_USD,3m,Supertrend cambia,stop 2 / obj 3 ATR,mercado,validacion,153,86,-0.28468917106491753,-0.8430244692239478,-0.5064818973596789,40.52287581699346
SPX500_USD,3m,Supertrend cambia,stop 2 / obj 3 ATR,límite,validacion,120,79,-0.13016099492709282,-0.346566575669472,-0.19771290368672328,44.166666666666664
SPX500_USD,3m,Supertrend cambia,"stop 2 ATR, cierre de sesión",mercado,validacion,131,86,0.11939964865908258,0.19661686945086465,0.18187620900395138,32.06106870229007
SPX500_USD,3m,Supertrend cambia,"stop 2 ATR, cierre de sesión",límite,validacion,108,79,0.3249867786301437,0.47504245358471103,0.4442857226842471,31.48148148148148
SPX500_USD,3m,ADX>25 + cruce DI,"stop 1,5 / obj 3 ATR",mercado,descubrimiento,81,60,-0.025078056506172796,-0.07048325056112925,-0.03385537628333327,41.9753086419753
SPX500_USD,3m,ADX>25 + cruce DI,"stop 1,5 / obj 3 ATR",límite,descubrimiento,61,46,0.045275845742613285,0.10252694479059347,0.06003970848476979,42.62295081967213
SPX500_USD,3m,ADX>25 + cruce DI,stop 2 / obj 3 ATR,mercado,descubrimiento,81,60,-0.10152507537677372,-0.26781260917660293,-0.13705885175864452,45.67901234567901
SPX500_USD,3m,ADX>25 + cruce DI,stop 2 / obj 3 ATR,límite,descubrimiento,61,46,0.0202621617864313,0.043755187268971665,0.026869388455919768,49.18032786885246
SPX500_USD,3m,ADX>25 + cruce DI,"stop 2 ATR, cierre de sesión",mercado,descubrimiento,77,60,-0.848752085326562,-1.8412719611574557,-1.0892318428357546,28.57142857142857
SPX500_USD,3m,ADX>25 + cruce DI,"stop 2 ATR, cierre de sesión",límite,descubrimiento,61,46,-0.9481582647855289,-1.8847854008568137,-1.2573403076503753,29.508196721311474
SPX500_USD,3m,ADX>25 + cruce DI,"stop 1,5 / obj 3 ATR",mercado,validacion,78,55,-0.337516102210068,-0.8125216815354522,-0.47865919949791463,29.48717948717949
SPX500_USD,3m,ADX>25 + cruce DI,"stop 1,5 / obj 3 ATR",límite,validacion,62,45,-0.40235294649677805,-0.821379759805861,-0.5543529485066719,27.419354838709676
SPX500_USD,3m,ADX>25 + cruce DI,stop 2 / obj 3 ATR,mercado,validacion,76,55,-0.36017865196655197,-0.7837430892032866,-0.4977014099901445,36.84210526315789
SPX500_USD,3m,ADX>25 + cruce DI,stop 2 / obj 3 ATR,límite,validacion,61,45,-0.2607613434948038,-0.4954290280696455,-0.35347648784851177,37.704918032786885
SPX500_USD,3m,ADX>25 + cruce DI,"stop 2 ATR, cierre de sesión",mercado,validacion,69,55,0.785767973540481,0.8015663844510662,0.9857816395326034,28.985507246376812
SPX500_USD,3m,ADX>25 + cruce DI,"stop 2 ATR, cierre de sesión",límite,validacion,56,45,0.6928524955681479,0.6384937215310784,0.8622164389292507,28.57142857142857
SPX500_USD,3m,Envolvente,"stop 1,5 / obj 3 ATR",mercado,descubrimiento,428,105,-0.7045147696137469,-6.244331323355381,-2.8717363942350826,28.738317757009348
SPX500_USD,3m,Envolvente,"stop 1,5 / obj 3 ATR",límite,descubrimiento,351,103,-0.39458482668610434,-2.7583187891009877,-1.344653147250705,35.61253561253561
SPX500_USD,3m,Envolvente,stop 2 / obj 3 ATR,mercado,descubrimiento,392,105,-0.6974539199775623,-5.189274821754597,-2.6038279679162324,36.47959183673469
SPX500_USD,3m,Envolvente,stop 2 / obj 3 ATR,límite,descubrimiento,335,103,-0.4453747098481498,-2.7911313197223664,-1.4485488135837883,41.492537313432834
SPX500_USD,3m,Envolvente,"stop 2 ATR, cierre de sesión",mercado,descubrimiento,243,105,-0.7212702551790803,-2.767429710434271,-1.6692254477001573,27.983539094650205
SPX500_USD,3m,Envolvente,"stop 2 ATR, cierre de sesión",límite,descubrimiento,222,103,-0.559249909740318,-1.8765018052994225,-1.2053735918674815,28.37837837837838
SPX500_USD,3m,Envolvente,"stop 1,5 / obj 3 ATR",mercado,validacion,410,90,-0.7011675426582062,-3.706403746156143,-3.1942076943318285,30.0
SPX500_USD,3m,Envolvente,"stop 1,5 / obj 3 ATR",límite,validacion,341,90,-0.6304394107655024,-3.211905934291553,-2.38866487856707,30.205278592375368
SPX500_USD,3m,Envolvente,stop 2 / obj 3 ATR,mercado,validacion,381,90,-0.7739095157588255,-3.636983725034032,-3.276216950045695,35.69553805774278
SPX500_USD,3m,Envolvente,stop 2 / obj 3 ATR,límite,validacion,314,90,-0.7340868100922593,-3.2929035289467774,-2.5611473152107713,35.6687898089172
SPX500_USD,3m,Envolvente,"stop 2 ATR, cierre de sesión",mercado,validacion,240,90,-0.734494102299216,-1.675358761622699,-1.958650939464576,24.583333333333332
SPX500_USD,3m,Envolvente,"stop 2 ATR, cierre de sesión",límite,validacion,215,90,-0.6260700250226422,-1.317982379929757,-1.4956117264429787,27.44186046511628
SPX500_USD,3m,Martillo / estrella,"stop 1,5 / obj 3 ATR",mercado,descubrimiento,619,105,-0.6234386036931381,-5.407256159554104,-3.675319006533833,28.75605815831987
SPX500_USD,3m,Martillo / estrella,"stop 1,5 / obj 3 ATR",límite,descubrimiento,495,104,-0.4504828446561644,-3.479484577354347,-2.1441250779307826,33.73737373737374
SPX500_USD,3m,Martillo / estrella,stop 2 / obj 3 ATR,mercado,descubrimiento,552,105,-0.5812308379359864,-4.18186996499794,-3.0556135480063285,35.688405797101446
SPX500_USD,3m,Martillo / estrella,stop 2 / obj 3 ATR,límite,descubrimiento,464,104,-0.5562383910525505,-3.59491979171415,-2.481678975465225,37.28448275862069
SPX500_USD,3m,Martillo / estrella,"stop 2 ATR, cierre de sesión",mercado,descubrimiento,274,105,-0.5635696490663701,-1.8505816340816488,-1.4706484175636705,27.00729927007299
SPX500_USD,3m,Martillo / estrella,"stop 2 ATR, cierre de sesión",límite,descubrimiento,254,104,-0.7382998986882535,-2.312973111198953,-1.8031555217963116,27.559055118110237
SPX500_USD,3m,Martillo / estrella,"stop 1,5 / obj 3 ATR",mercado,validacion,497,90,-0.585368595304388,-3.90927756368693,-3.232535465180898,31.790744466800803
SPX500_USD,3m,Martillo / estrella,"stop 1,5 / obj 3 ATR",límite,validacion,418,90,-0.5675167942974036,-3.6776745392238346,-2.635800222403497,32.057416267942585
SPX500_USD,3m,Martillo / estrella,stop 2 / obj 3 ATR,mercado,validacion,454,90,-0.608381410206996,-3.219483645590677,-3.0689462248219574,38.32599118942731
SPX500_USD,3m,Martillo / estrella,stop 2 / obj 3 ATR,límite,validacion,382,90,-0.5020815815725944,-2.507919861970298,-2.1310573795636785,39.79057591623037
SPX500_USD,3m,Martillo / estrella,"stop 2 ATR, cierre de sesión",mercado,validacion,248,90,-0.21665904654610937,-0.43523214468498234,-0.5970160393715014,25.806451612903224
SPX500_USD,3m,Martillo / estrella,"stop 2 ATR, cierre de sesión",límite,validacion,224,90,0.04244623254451274,0.07794448317059008,0.1056439565552317,27.232142857142854
SPX500_USD,3m,Ruptura de inside bar,"stop 1,5 / obj 3 ATR",mercado,descubrimiento,520,105,-0.6168543406403976,-5.9631557040820224,-3.0548976869810165,30.19230769230769
SPX500_USD,3m,Ruptura de inside bar,"stop 1,5 / obj 3 ATR",límite,descubrimiento,417,105,-0.550590162108557,-4.675764114714055,-2.186629500945412,32.37410071942446
SPX500_USD,3m,Ruptura de inside bar,stop 2 / obj 3 ATR,mercado,descubrimiento,478,105,-0.7495316191597485,-6.085686352122937,-3.4121534662700936,34.51882845188285
SPX500_USD,3m,Ruptura de inside bar,stop 2 / obj 3 ATR,límite,descubrimiento,396,105,-0.6859565150918411,-5.109988104386488,-2.5870359997749435,36.61616161616162
SPX500_USD,3m,Ruptura de inside bar,"stop 2 ATR, cierre de sesión",mercado,descubrimiento,258,105,-0.941276543990591,-3.571044682293619,-2.312850936662595,25.581395348837212
SPX500_USD,3m,Ruptura de inside bar,"stop 2 ATR, cierre de sesión",límite,descubrimiento,230,105,-0.8642604068051248,-3.1705256196549643,-1.8931418434778926,26.956521739130434
SPX500_USD,3m,Ruptura de inside bar,"stop 1,5 / obj 3 ATR",mercado,validacion,463,90,-0.5110368778484146,-3.302789920516409,-2.6290008271535106,31.101511879049674
SPX500_USD,3m,Ruptura de inside bar,"stop 1,5 / obj 3 ATR",límite,validacion,386,90,-0.49289324223995445,-2.9063468158412076,-2.11396435005136,32.64248704663213
SPX500_USD,3m,Ruptura de inside bar,stop 2 / obj 3 ATR,mercado,validacion,422,90,-0.5487380217997383,-2.9814692198150383,-2.572971613327662,37.44075829383886
SPX500_USD,3m,Ruptura de inside bar,stop 2 / obj 3 ATR,límite,validacion,358,90,-0.5861995459135734,-2.7694402534627356,-2.3317715270784367,37.988826815642454
SPX500_USD,3m,Ruptura de inside bar,"stop 2 ATR, cierre de sesión",mercado,validacion,224,90,-0.30498176327774335,-0.6119446436564562,-0.7590657219357168,24.553571428571427
SPX500_USD,3m,Ruptura de inside bar,"stop 2 ATR, cierre de sesión",límite,validacion,211,90,-0.5546698487313553,-1.1611984534008373,-1.3003926453590664,23.696682464454977
SPX500_USD,3m,Clímax de volumen (reversión),"stop 1,5 / obj 3 ATR",mercado,descubrimiento,23,19,0.05275106373040981,0.08418056534576726,0.06385655083154872,39.130434782608695
SPX500_USD,3m,Clímax de volumen (reversión),"stop 1,5 / obj 3 ATR",límite,descubrimiento,21,18,0.22981384356817275,0.3322106373171418,0.2681161508295349,42.857142857142854
SPX500_USD,3m,Clímax de volumen (reversión),stop 2 / obj 3 ATR,mercado,descubrimiento,22,19,0.24618958592414455,0.3935520850549466,0.28506162580690425,45.45454545454545
SPX500_USD,3m,Clímax de volumen (reversión),stop 2 / obj 3 ATR,límite,descubrimiento,20,18,0.22588006138802044,0.33167086553220626,0.2509778459866894,45.0
SPX500_USD,3m,Clímax de volumen (reversión),"stop 2 ATR, cierre de sesión",mercado,descubrimiento,21,19,0.176970520927771,0.17019920921729992,0.19559899681490478,38.095238095238095
SPX500_USD,3m,Clímax de volumen (reversión),"stop 2 ATR, cierre de sesión",límite,descubrimiento,19,18,0.02605013797155788,0.02193880967201371,0.027497367858866653,31.57894736842105
SPX500_USD,3m,Clímax de volumen (reversión),"stop 1,5 / obj 3 ATR",mercado,validacion,33,28,-0.8529345940821152,-1.7069161958837298,-1.0052443430253502,21.21212121212121
SPX500_USD,3m,Clímax de volumen (reversión),"stop 1,5 / obj 3 ATR",límite,validacion,29,26,-0.49257220473782126,-0.8118899336212358,-0.5494074591306468,27.586206896551722
SPX500_USD,3m,Clímax de volumen (reversión),stop 2 / obj 3 ATR,mercado,validacion,31,28,-0.2990876683112127,-0.4408842904032278,-0.3311327756302712,35.483870967741936
SPX500_USD,3m,Clímax de volumen (reversión),stop 2 / obj 3 ATR,límite,validacion,28,26,0.011157454507683542,0.01455888876080569,0.012015720239043813,39.285714285714285
SPX500_USD,3m,Clímax de volumen (reversión),"stop 2 ATR, cierre de sesión",mercado,validacion,30,28,-1.6264356422424187,-2.390461071513751,-1.7426096166883056,16.666666666666664
SPX500_USD,3m,Clímax de volumen (reversión),"stop 2 ATR, cierre de sesión",límite,validacion,27,26,-1.5287313560203322,-1.9583157279542354,-1.5875287158672682,18.51851851851852
SPX500_USD,3m,Divergencia SMT,"stop 1,5 / obj 3 ATR",mercado,descubrimiento,194,85,-0.7002983128164249,-3.668876512534939,-1.5983279139574873,25.773195876288657
SPX500_USD,3m,Divergencia SMT,"stop 1,5 / obj 3 ATR",límite,descubrimiento,136,78,-0.2747449815448635,-1.0524574410995713,-0.47904253192437735,34.55882352941176
SPX500_USD,3m,Divergencia SMT,stop 2 / obj 3 ATR,mercado,descubrimiento,169,85,-0.5448457206353644,-2.2533056297131115,-1.0832814916161952,35.50295857988166
SPX500_USD,3m,Divergencia SMT,stop 2 / obj 3 ATR,límite,descubrimiento,126,78,-0.37287391577448525,-1.295133804118241,-0.6023347870203224,38.095238095238095
SPX500_USD,3m,Divergencia SMT,"stop 2 ATR, cierre de sesión",mercado,descubrimiento,140,85,-0.6026724953310851,-1.6027895459412873,-0.9926370511335519,25.0
SPX500_USD,3m,Divergencia SMT,"stop 2 ATR, cierre de sesión",límite,descubrimiento,105,78,-0.10454573699406526,-0.21434869228886524,-0.1407346459535494,30.476190476190478
SPX500_USD,3m,Divergencia SMT,"stop 1,5 / obj 3 ATR",mercado,validacion,155,70,-0.08851613644630899,-0.2709913347897117,-0.19600001641682704,35.483870967741936
SPX500_USD,3m,Divergencia SMT,"stop 1,5 / obj 3 ATR",límite,validacion,128,68,0.24200784688816057,0.6702093183262138,0.455544182377714,41.40625
SPX500_USD,3m,Divergencia SMT,stop 2 / obj 3 ATR,mercado,validacion,145,70,0.07881824402973736,0.20863366712576153,0.16326636263302738,44.13793103448276
SPX500_USD,3m,Divergencia SMT,stop 2 / obj 3 ATR,límite,validacion,123,68,0.1949138991619578,0.4876773471697598,0.35256484701354135,45.52845528455284
SPX500_USD,3m,Divergencia SMT,"stop 2 ATR, cierre de sesión",mercado,validacion,125,70,-0.1641897678375316,-0.27151638738073897,-0.29319601399559214,28.000000000000004
SPX500_USD,3m,Divergencia SMT,"stop 2 ATR, cierre de sesión",límite,validacion,109,68,0.25281574848594957,0.3900834630981184,0.4052487733083603,32.11009174311927
SPX500_USD,3m,Vela de impulso,"stop 1,5 / obj 3 ATR",mercado,descubrimiento,79,57,-0.38700814847705306,-1.2691416153678958,-0.5363797145559156,36.708860759493675
SPX500_USD,3m,Vela de impulso,"stop 1,5 / obj 3 ATR",límite,descubrimiento,63,51,-0.1857049101118085,-0.5299743022852481,-0.22940018307929286,39.682539682539684
SPX500_USD,3m,Vela de impulso,stop 2 / obj 3 ATR,mercado,descubrimiento,78,57,-0.18595086116057802,-0.5056866982669252,-0.25445907316710675,46.15384615384615
SPX500_USD,3m,Vela de impulso,stop 2 / obj 3 ATR,límite,descubrimiento,63,51,-0.35786043416886376,-0.9437284294794734,-0.44206288926741993,42.857142857142854
SPX500_USD,3m,Vela de impulso,"stop 2 ATR, cierre de sesión",mercado,descubrimiento,68,57,-1.4933678787596154,-3.6840978787883447,-1.7815616799237517,20.588235294117645
SPX500_USD,3m,Vela de impulso,"stop 2 ATR, cierre de sesión",límite,descubrimiento,59,51,-1.655201220269934,-4.0965097059984625,-1.9148406273711003,18.64406779661017
SPX500_USD,3m,Vela de impulso,"stop 1,5 / obj 3 ATR",mercado,validacion,84,57,-0.2970927500015228,-0.8116325213721348,-0.43782089473908625,33.33333333333333
SPX500_USD,3m,Vela de impulso,"stop 1,5 / obj 3 ATR",límite,validacion,74,51,-0.5423339174889229,-1.4689851551475932,-0.786915880278045,31.08108108108108
SPX500_USD,3m,Vela de impulso,stop 2 / obj 3 ATR,mercado,validacion,83,57,-0.32139674764081366,-0.7881273976737542,-0.4679987728804831,42.168674698795186
SPX500_USD,3m,Vela de impulso,stop 2 / obj 3 ATR,límite,validacion,73,51,-0.5296986605369893,-1.276822821060916,-0.7581961219451023,39.726027397260275
SPX500_USD,3m,Vela de impulso,"stop 2 ATR, cierre de sesión",mercado,validacion,75,57,0.030390219052633397,0.04064118232578613,0.039987130332412364,29.333333333333332
SPX500_USD,3m,Vela de impulso,"stop 2 ATR, cierre de sesión",límite,validacion,68,51,-0.7044626010866734,-1.0276017193597367,-0.9392834681155645,25.0
SPX500_USD,5m,EMA 9 pullback en tendencia,"stop 1,5 / obj 3 ATR",mercado,descubrimiento,257,92,-0.9594737469639779,-5.2481826864966505,-2.6802690540189382,26.07003891050584
SPX500_USD,5m,EMA 9 pullback en tendencia,"stop 1,5 / obj 3 ATR",límite,descubrimiento,229,90,-0.8876228280879548,-4.27682251965421,-2.2585069736904626,26.200873362445414
SPX500_USD,5m,EMA 9 pullback en tendencia,stop 2 / obj 3 ATR,mercado,descubrimiento,213,92,-0.8614487932097767,-3.7029227062012664,-1.994441227757418,32.3943661971831
SPX500_USD,5m,EMA 9 pullback en tendencia,stop 2 / obj 3 ATR,límite,descubrimiento,197,90,-0.7782857898770252,-3.0504938832208905,-1.703581117841933,33.50253807106599
SPX500_USD,5m,EMA 9 pullback en tendencia,"stop 2 ATR, cierre de sesión",mercado,descubrimiento,141,92,-1.2265569106230576,-3.479790544005742,-1.8798317869331644,27.659574468085108
SPX500_USD,5m,EMA 9 pullback en tendencia,"stop 2 ATR, cierre de sesión",límite,descubrimiento,130,90,-1.1138409698926515,-2.848269955680735,-1.6088814009560521,27.692307692307693
SPX500_USD,5m,EMA 9 pullback en tendencia,"stop 1,5 / obj 3 ATR",mercado,validacion,225,75,-0.20717428464359716,-0.7172752749672527,-0.6215228539307914,37.333333333333336
SPX500_USD,5m,EMA 9 pullback en tendencia,"stop 1,5 / obj 3 ATR",límite,validacion,206,75,-0.1294640795814222,-0.4199731722647401,-0.35559467191697297,39.32038834951456
SPX500_USD,5m,EMA 9 pullback en tendencia,stop 2 / obj 3 ATR,mercado,validacion,202,75,-0.3064630401252479,-0.8985173886009554,-0.825407121404001,42.07920792079208
SPX500_USD,5m,EMA 9 pullback en tendencia,stop 2 / obj 3 ATR,límite,validacion,189,75,-0.2502981573690208,-0.7330717797689804,-0.6307513565699323,44.44444444444444
SPX500_USD,5m,EMA 9 pullback en tendencia,"stop 2 ATR, cierre de sesión",mercado,validacion,119,75,0.3920463519136411,0.5214016296345678,0.6220468783696439,33.61344537815126
SPX500_USD,5m,EMA 9 pullback en tendencia,"stop 2 ATR, cierre de sesión",límite,validacion,114,75,0.4855095249728082,0.6608256412576237,0.7379744779586684,35.08771929824561
SPX500_USD,5m,Recupera VWAP,"stop 1,5 / obj 3 ATR",mercado,descubrimiento,246,102,-0.6165833481055901,-2.9274086788115117,-1.487053957195835,30.081300813008134
SPX500_USD,5m,Recupera VWAP,"stop 1,5 / obj 3 ATR",límite,descubrimiento,208,98,-0.529725275710223,-2.1196334523104374,-1.1243148708951671,33.65384615384615
SPX500_USD,5m,Recupera VWAP,stop 2 / obj 3 ATR,mercado,descubrimiento,219,102,-0.6747285658257177,-2.6750066518377458,-1.4486819207434527,35.61643835616438
SPX500_USD,5m,Recupera VWAP,stop 2 / obj 3 ATR,límite,descubrimiento,191,98,-0.7059144643713633,-2.4202256540406974,-1.375812884642147,38.21989528795812
SPX500_USD,5m,Recupera VWAP,"stop 2 ATR, cierre de sesión",mercado,descubrimiento,191,102,-1.0104826579668194,-3.06974366632402,-1.8921783105064953,27.748691099476442
SPX500_USD,5m,Recupera VWAP,"stop 2 ATR, cierre de sesión",límite,descubrimiento,167,98,-1.1052231246411452,-3.0055317187016586,-1.8833904266844004,26.94610778443114
SPX500_USD,5m,Recupera VWAP,"stop 1,5 / obj 3 ATR",mercado,validacion,208,82,-0.6642351463780939,-2.2556090092732677,-1.6848891517883358,30.76923076923077
SPX500_USD,5m,Recupera VWAP,"stop 1,5 / obj 3 ATR",límite,validacion,176,77,-0.5590556219016984,-1.5883505034194654,-1.2778414214895963,30.681818181818183
SPX500_USD,5m,Recupera VWAP,stop 2 / obj 3 ATR,mercado,validacion,185,82,-0.8380980440732628,-2.3792128688173078,-1.8908309530921175,35.67567567567568
SPX500_USD,5m,Recupera VWAP,stop 2 / obj 3 ATR,límite,validacion,163,77,-0.8380907805126837,-2.050811199390405,-1.7741402236826942,33.12883435582822
SPX500_USD,5m,Recupera VWAP,"stop 2 ATR, cierre de sesión",mercado,validacion,155,82,-0.1232631097301439,-0.18270620077180594,-0.2329973415630769,28.387096774193548
SPX500_USD,5m,Recupera VWAP,"stop 2 ATR, cierre de sesión",límite,validacion,138,77,-0.42929334412451137,-0.5931673645019432,-0.7693828764828905,25.36231884057971
SPX500_USD,5m,Retroceso a VWAP en tendencia,"stop 1,5 / obj 3 ATR",mercado,descubrimiento,68,53,-0.6296799773854402,-1.4141126506320714,-0.8078912917398101,30.88235294117647
SPX500_USD,5m,Retroceso a VWAP en tendencia,"stop 1,5 / obj 3 ATR",límite,descubrimiento,62,50,-0.33653204131511155,-0.6897871298964818,-0.4172997312307383,33.87096774193548
SPX500_USD,5m,Retroceso a VWAP en tendencia,stop 2 / obj 3 ATR,mercado,descubrimiento,67,53,-0.6639526560057483,-1.279010373644245,-0.8393363764600968,35.82089552238806
SPX500_USD,5m,Retroceso a VWAP en tendencia,stop 2 / obj 3 ATR,límite,descubrimiento,61,50,-0.3638648320807784,-0.6566498473896847,-0.44391509513854965,37.704918032786885
SPX500_USD,5m,Retroceso a VWAP en tendencia,"stop 2 ATR, cierre de sesión",mercado,descubrimiento,57,53,-0.9496434246029881,-1.3735872700272946,-1.0213146264598174,29.82456140350877
SPX500_USD,5m,Retroceso a VWAP en tendencia,"stop 2 ATR, cierre de sesión",límite,descubrimiento,53,50,-0.7053772952421726,-0.9426109561669237,-0.747699932956703,30.18867924528302
SPX500_USD,5m,Retroceso a VWAP en tendencia,"stop 1,5 / obj 3 ATR",mercado,validacion,51,45,0.26497834775961293,0.4551009195171234,0.30030879412756134,47.05882352941176
SPX500_USD,5m,Retroceso a VWAP en tendencia,"stop 1,5 / obj 3 ATR",límite,validacion,48,43,0.13672662213444062,0.21098279971427794,0.1526250665686779,39.58333333333333
SPX500_USD,5m,Retroceso a VWAP en tendencia,stop 2 / obj 3 ATR,mercado,validacion,50,45,-0.05936612939834944,-0.0887964742825937,-0.06596236599816604,48.0
SPX500_USD,5m,Retroceso a VWAP en tendencia,stop 2 / obj 3 ATR,límite,validacion,47,43,-0.13917102265865133,-0.18943944997842407,-0.15211716430131658,40.42553191489361
SPX500_USD,5m,Retroceso a VWAP en tendencia,"stop 2 ATR, cierre de sesión",mercado,validacion,48,45,0.9411433355013171,0.8413467043445481,1.0038862245347382,41.66666666666667
SPX500_USD,5m,Retroceso a VWAP en tendencia,"stop 2 ATR, cierre de sesión",límite,validacion,45,43,0.8492313459184248,0.7113004776011976,0.8887304782867236,35.55555555555556
SPX500_USD,5m,Rechazo banda VWAP 2σ,"stop 1,5 / obj 3 ATR",mercado,descubrimiento,316,94,-0.5651372878875944,-3.549629093590521,-1.8998232231114878,31.645569620253166
SPX500_USD,5m,Rechazo banda VWAP 2σ,"stop 1,5 / obj 3 ATR",límite,descubrimiento,265,92,-0.38962140618630264,-2.2340917246843652,-1.122279050427937,34.33962264150943
SPX500_USD,5m,Rechazo banda VWAP 2σ,stop 2 / obj 3 ATR,mercado,descubrimiento,266,94,-0.6142052189837744,-3.4908312522846043,-1.7380700877625959,38.721804511278194
SPX500_USD,5m,Rechazo banda VWAP 2σ,stop 2 / obj 3 ATR,límite,descubrimiento,230,92,-0.4223625730431623,-2.04119737454194,-1.0559064326079057,40.43478260869565
SPX500_USD,5m,Rechazo banda VWAP 2σ,"stop 2 ATR, cierre de sesión",mercado,descubrimiento,248,94,-0.7892803369798986,-2.7700602916530035,-2.0823566337342005,27.82258064516129
SPX500_USD,5m,Rechazo banda VWAP 2σ,"stop 2 ATR, cierre de sesión",límite,descubrimiento,214,92,-0.6257232459237735,-1.9504509172111582,-1.4554866807357338,29.439252336448597
SPX500_USD,5m,Rechazo banda VWAP 2σ,"stop 1,5 / obj 3 ATR",mercado,validacion,269,77,-0.7630706007064035,-3.515258127920336,-2.6657920985717216,27.881040892193308
SPX500_USD,5m,Rechazo banda VWAP 2σ,"stop 1,5 / obj 3 ATR",límite,validacion,229,72,-0.9721161848228608,-4.038616855378943,-3.0918695322838214,25.327510917030565
SPX500_USD,5m,Rechazo banda VWAP 2σ,stop 2 / obj 3 ATR,mercado,validacion,226,77,-0.8291985936502436,-3.0369567214999678,-2.433751716427988,33.6283185840708
SPX500_USD,5m,Rechazo banda VWAP 2σ,stop 2 / obj 3 ATR,límite,validacion,192,72,-1.0214768026272505,-3.3074454064029157,-2.7239381403393343,31.770833333333332
SPX500_USD,5m,Rechazo banda VWAP 2σ,"stop 2 ATR, cierre de sesión",mercado,validacion,212,77,-0.46685790568028596,-0.8592559668736678,-1.2853750130418264,25.0
SPX500_USD,5m,Rechazo banda VWAP 2σ,"stop 2 ATR, cierre de sesión",límite,validacion,180,72,-0.6181838932302323,-1.0536816937617313,-1.5454597330755808,22.77777777777778
SPX500_USD,5m,Rechazo banda VWAP 1σ,"stop 1,5 / obj 3 ATR",mercado,descubrimiento,273,95,-0.42278182987328394,-2.164937410569254,-1.214941469004279,32.6007326007326
SPX500_USD,5m,Rechazo banda VWAP 1σ,"stop 1,5 / obj 3 ATR",límite,descubrimiento,235,92,-0.354677158518045,-1.6703467571938673,-0.9059688288232671,34.04255319148936
SPX500_USD,5m,Rechazo banda VWAP 1σ,stop 2 / obj 3 ATR,mercado,descubrimiento,238,95,-0.46293942109877173,-1.8675916139488706,-1.1597850760158703,38.23529411764706
SPX500_USD,5m,Rechazo banda VWAP 1σ,stop 2 / obj 3 ATR,límite,descubrimiento,209,92,-0.3549025725976185,-1.3938492123175956,-0.8062460616619811,39.23444976076555
SPX500_USD,5m,Rechazo banda VWAP 1σ,"stop 2 ATR, cierre de sesión",mercado,descubrimiento,210,95,-0.7805290811402497,-2.3922379945304773,-1.7253800740994991,30.0
SPX500_USD,5m,Rechazo banda VWAP 1σ,"stop 2 ATR, cierre de sesión",límite,descubrimiento,185,92,-0.6310412861849843,-1.804131968079925,-1.268941716785023,31.351351351351354
SPX500_USD,5m,Rechazo banda VWAP 1σ,"stop 1,5 / obj 3 ATR",mercado,validacion,213,75,-0.6238294489842682,-2.424360715416363,-1.7716756351153216,30.985915492957744
SPX500_USD,5m,Rechazo banda VWAP 1σ,"stop 1,5 / obj 3 ATR",límite,validacion,185,72,-0.7013990038472242,-2.7657915711403582,-1.8022057737741177,30.270270270270274
SPX500_USD,5m,Rechazo banda VWAP 1σ,stop 2 / obj 3 ATR,mercado,validacion,190,75,-0.8559329945162832,-2.7884767298742754,-2.1683635861079176,34.73684210526316
SPX500_USD,5m,Rechazo banda VWAP 1σ,stop 2 / obj 3 ATR,límite,validacion,170,72,-0.9109235731293173,-2.870722686746103,-2.1507917698886656,34.11764705882353
SPX500_USD,5m,Rechazo banda VWAP 1σ,"stop 2 ATR, cierre de sesión",mercado,validacion,170,75,-0.44837155552472474,-0.760821848243951,-1.016308859189376,27.058823529411764
SPX500_USD,5m,Rechazo banda VWAP 1σ,"stop 2 ATR, cierre de sesión",límite,validacion,153,72,-0.44373767933815145,-0.6983453121364557,-0.9429425685935718,26.797385620915033
SPX500_USD,5m,Barrido de swing (liquidez),"stop 1,5 / obj 3 ATR",mercado,descubrimiento,171,85,-0.8709203977821861,-3.5925596495947336,-1.7520869178912215,28.07017543859649
SPX500_USD,5m,Barrido de swing (liquidez),"stop 1,5 / obj 3 ATR",límite,descubrimiento,154,79,-0.853648406793546,-3.4173259860259333,-1.6640741094456468,28.57142857142857
SPX500_USD,5m,Barrido de swing (liquidez),stop 2 / obj 3 ATR,mercado,descubrimiento,159,85,-0.9857645063880137,-3.5277354518507567,-1.8439594884199317,32.075471698113205
SPX500_USD,5m,Barrido de swing (liquidez),stop 2 / obj 3 ATR,límite,descubrimiento,143,79,-0.9821426776405838,-3.353578024674519,-1.777802568387386,32.86713286713287
SPX500_USD,5m,Barrido de swing (liquidez),"stop 2 ATR, cierre de sesión",mercado,descubrimiento,136,85,-1.0611170836406596,-2.534064051498029,-1.6977873338250553,25.0
SPX500_USD,5m,Barrido de swing (liquidez),"stop 2 ATR, cierre de sesión",límite,descubrimiento,120,79,-1.140220673481628,-2.561726410632365,-1.7319807698455107,24.166666666666668
SPX500_USD,5m,Barrido de swing (liquidez),"stop 1,5 / obj 3 ATR",mercado,validacion,129,71,-0.10213692251101825,-0.25051083885861414,-0.18557271836508948,35.65891472868217
SPX500_USD,5m,Barrido de swing (liquidez),"stop 1,5 / obj 3 ATR",límite,validacion,113,70,0.3457828075906772,0.792378282840384,0.558192246539236,43.36283185840708
SPX500_USD,5m,Barrido de swing (liquidez),stop 2 / obj 3 ATR,mercado,validacion,125,71,-0.19974376220702997,-0.4452661803881065,-0.35166155318139075,41.6
SPX500_USD,5m,Barrido de swing (liquidez),stop 2 / obj 3 ATR,límite,validacion,112,70,0.10870389423199704,0.23258225316249248,0.1739262307711953,46.42857142857143
SPX500_USD,5m,Barrido de swing (liquidez),"stop 2 ATR, cierre de sesión",mercado,validacion,106,71,0.0714062084341911,0.09681307632258677,0.10660645202851066,33.0188679245283
SPX500_USD,5m,Barrido de swing (liquidez),"stop 2 ATR, cierre de sesión",límite,validacion,94,70,0.4051876599737965,0.49287794043353506,0.5441091433933839,35.1063829787234
SPX500_USD,5m,Barrido del día anterior,"stop 1,5 / obj 3 ATR",mercado,descubrimiento,92,42,-0.5897239964811724,-1.1673802976317864,-1.2917763732444727,31.521739130434785
SPX500_USD,5m,Barrido del día anterior,"stop 1,5 / obj 3 ATR",límite,descubrimiento,77,41,-0.4071510324849652,-0.7672189103933882,-0.7646495000327396,33.76623376623377
SPX500_USD,5m,Barrido del día anterior,stop 2 / obj 3 ATR,mercado,descubrimiento,75,42,-0.4332017574310309,-0.774339426533954,-0.7735745668411266,41.333333333333336
SPX500_USD,5m,Barrido del día anterior,stop 2 / obj 3 ATR,límite,descubrimiento,66,41,-0.19204854571457225,-0.31087089427367426,-0.30915131749175045,43.93939393939394
SPX500_USD,5m,Barrido del día anterior,"stop 2 ATR, cierre de sesión",mercado,descubrimiento,70,42,-1.040766151973187,-1.7503678604860848,-1.7346102532886452,30.0
SPX500_USD,5m,Barrido del día anterior,"stop 2 ATR, cierre de sesión",límite,descubrimiento,61,41,-1.027292756799787,-1.6182578965267675,-1.5284111747509026,29.508196721311474
SPX500_USD,5m,Barrido del día anterior,"stop 1,5 / obj 3 ATR",mercado,validacion,71,35,-0.5402042020710185,-0.9087146662231653,-1.0958428099154947,29.577464788732392
SPX500_USD,5m,Barrido del día anterior,"stop 1,5 / obj 3 ATR",límite,validacion,59,34,-0.7263054180549209,-1.172906982376979,-1.2603535195658921,30.508474576271187
SPX500_USD,5m,Barrido del día anterior,stop 2 / obj 3 ATR,mercado,validacion,61,35,-0.4217637740588481,-0.6229280975033294,-0.7350740062168495,34.42622950819672
SPX500_USD,5m,Barrido del día anterior,stop 2 / obj 3 ATR,límite,validacion,52,34,-0.41906956397567896,-0.610703887847677,-0.6409299213745678,36.53846153846153
SPX500_USD,5m,Barrido del día anterior,"stop 2 ATR, cierre de sesión",mercado,validacion,55,35,-0.1461293415589591,-0.13861958895091006,-0.22963182244979288,23.636363636363637
SPX500_USD,5m,Barrido del día anterior,"stop 2 ATR, cierre de sesión",límite,validacion,47,34,-0.14092129656607505,-0.11837820473970452,-0.19480296878251552,23.404255319148938
SPX500_USD,5m,Barrido de la noche (ON),"stop 1,5 / obj 3 ATR",mercado,descubrimiento,91,43,-0.5371327070351475,-1.2508421783545343,-1.1367227055860099,34.065934065934066
SPX500_USD,5m,Barrido de la noche (ON),"stop 1,5 / obj 3 ATR",límite,descubrimiento,80,41,-0.39103161714971224,-0.8695499049931429,-0.7629885212677312,36.25
SPX500_USD,5m,Barrido de la noche (ON),stop 2 / obj 3 ATR,mercado,descubrimiento,83,43,-0.6951327268761346,-1.299239080474383,-1.341767821644632,39.75903614457831
SPX500_USD,5m,Barrido de la noche (ON),stop 2 / obj 3 ATR,límite,descubrimiento,77,41,-0.629685841040185,-1.1271900330040254,-1.182580725855957,40.25974025974026
SPX500_USD,5m,Barrido de la noche (ON),"stop 2 ATR, cierre de sesión",mercado,descubrimiento,73,43,-1.1302050178345016,-1.7725132116685727,-1.918720146556247,30.136986301369863
SPX500_USD,5m,Barrido de la noche (ON),"stop 2 ATR, cierre de sesión",límite,descubrimiento,68,41,-1.075002950009185,-1.5973907533590979,-1.7829317219664533,29.411764705882355
SPX500_USD,5m,Barrido de la noche (ON),"stop 1,5 / obj 3 ATR",mercado,validacion,91,42,-0.9828592060293405,-2.2013371861238817,-2.1295282797302377,27.472527472527474
SPX500_USD,5m,Barrido de la noche (ON),"stop 1,5 / obj 3 ATR",límite,validacion,80,41,-0.745002532824875,-1.5198585597624263,-1.453663478682683,28.749999999999996
SPX500_USD,5m,Barrido de la noche (ON),stop 2 / obj 3 ATR,mercado,validacion,77,42,-1.1042168360871114,-2.204936630189941,-2.024397532826371,32.467532467532465
SPX500_USD,5m,Barrido de la noche (ON),stop 2 / obj 3 ATR,límite,validacion,69,41,-0.6558702743226092,-1.1693483355769432,-1.1037816811770742,37.68115942028986
SPX500_USD,5m,Barrido de la noche (ON),"stop 2 ATR, cierre de sesión",mercado,validacion,68,42,-1.1296949704955654,-1.2758577322782374,-1.8290299522309152,22.058823529411764
SPX500_USD,5m,Barrido de la noche (ON),"stop 2 ATR, cierre de sesión",límite,validacion,60,41,-0.5421898595491998,-0.5450476677711241,-0.7934485749500485,26.666666666666668
SPX500_USD,5m,Ruptura rango apertura 15m,"stop 1,5 / obj 3 ATR",mercado,descubrimiento,122,80,-0.10379911191151074,-0.36383715645137543,-0.15829364566505388,37.704918032786885
SPX500_USD,5m,Ruptura rango apertura 15m,"stop 1,5 / obj 3 ATR",límite,descubrimiento,98,71,-0.18606877066651062,-0.5727930682638913,-0.25682731725800056,38.775510204081634
SPX500_USD,5m,Ruptura rango apertura 15m,stop 2 / obj 3 ATR,mercado,descubrimiento,115,80,-0.1621596742712977,-0.5058686045737274,-0.23310453176499046,40.869565217391305
SPX500_USD,5m,Ruptura rango apertura 15m,stop 2 / obj 3 ATR,límite,descubrimiento,95,71,-0.347008841665167,-0.9533091415750296,-0.46430760504494173,41.05263157894737
SPX500_USD,5m,Ruptura rango apertura 15m,"stop 2 ATR, cierre de sesión",mercado,descubrimiento,105,80,-0.49912853331794405,-1.1769983585412633,-0.6551061999798016,32.38095238095238
SPX500_USD,5m,Ruptura rango apertura 15m,"stop 2 ATR, cierre de sesión",límite,descubrimiento,89,71,-0.6974614865056655,-1.5077464553242579,-0.8742827084366793,26.96629213483146
SPX500_USD,5m,Ruptura rango apertura 15m,"stop 1,5 / obj 3 ATR",mercado,validacion,125,70,-0.42302033967972236,-1.1803045043800808,-0.75539346371379,33.6
SPX500_USD,5m,Ruptura rango apertura 15m,"stop 1,5 / obj 3 ATR",límite,validacion,97,59,-0.35908840733704583,-0.8583155963297839,-0.5903656866388719,36.08247422680412
SPX500_USD,5m,Ruptura rango apertura 15m,stop 2 / obj 3 ATR,mercado,validacion,109,70,-0.6310358950632414,-1.483536970727241,-0.9826130365984759,38.53211009174312
SPX500_USD,5m,Ruptura rango apertura 15m,stop 2 / obj 3 ATR,límite,validacion,85,59,-0.2593793500171094,-0.51278108916595,-0.3736821144314288,42.35294117647059
SPX500_USD,5m,Ruptura rango apertura 15m,"stop 2 ATR, cierre de sesión",mercado,validacion,101,70,0.5964689579104374,0.7923062072189299,0.8606194964136311,37.62376237623762
SPX500_USD,5m,Ruptura rango apertura 15m,"stop 2 ATR, cierre de sesión",límite,validacion,77,59,0.4463935808082454,0.5437558880729223,0.5825814529192356,40.25974025974026
SPX500_USD,5m,Falsa ruptura rango apertura,"stop 1,5 / obj 3 ATR",mercado,descubrimiento,180,76,-0.8497474135292891,-3.4780351056612187,-2.0125596636220004,29.444444444444446
SPX500_USD,5m,Falsa ruptura rango apertura,"stop 1,5 / obj 3 ATR",límite,descubrimiento,149,72,-0.7521965270714466,-2.7346744620318812,-1.5566289240784104,33.557046979865774
SPX500_USD,5m,Falsa ruptura rango apertura,stop 2 / obj 3 ATR,mercado,descubrimiento,158,76,-1.014818188404734,-3.4833184279964517,-2.1097536022098415,32.91139240506329
SPX500_USD,5m,Falsa ruptura rango apertura,stop 2 / obj 3 ATR,límite,descubrimiento,136,72,-0.9577660392487753,-2.9640174966345083,-1.8091136296921313,37.5
SPX500_USD,5m,Falsa ruptura rango apertura,"stop 2 ATR, cierre de sesión",mercado,descubrimiento,141,76,-1.4152637851322845,-3.485250652466934,-2.6256867592585804,25.53191489361702
SPX500_USD,5m,Falsa ruptura rango apertura,"stop 2 ATR, cierre de sesión",límite,descubrimiento,121,72,-1.500303491994377,-3.477204902117971,-2.52134336849055,26.446280991735538
SPX500_USD,5m,Falsa ruptura rango apertura,"stop 1,5 / obj 3 ATR",mercado,validacion,124,62,-0.5687658643818747,-1.4819762087935082,-1.1375317287637494,29.838709677419356
SPX500_USD,5m,Falsa ruptura rango apertura,"stop 1,5 / obj 3 ATR",límite,validacion,106,58,-0.417529906439339,-1.0480915936168864,-0.7630718979753437,31.132075471698112
SPX500_USD,5m,Falsa ruptura rango apertura,stop 2 / obj 3 ATR,mercado,validacion,104,62,-0.7415949022311465,-1.61167055762999,-1.2439656424522458,33.65384615384615
SPX500_USD,5m,Falsa ruptura rango apertura,stop 2 / obj 3 ATR,límite,validacion,94,58,-0.6321158161569091,-1.3663917820691107,-1.02446356411637,35.1063829787234
SPX500_USD,5m,Falsa ruptura rango apertura,"stop 2 ATR, cierre de sesión",mercado,validacion,96,62,0.04664869591594419,0.059088923715441555,0.072230238837591,30.208333333333332
SPX500_USD,5m,Falsa ruptura rango apertura,"stop 2 ATR, cierre de sesión",límite,validacion,86,58,0.4856247428960646,0.5368669475318769,0.7200642739493371,31.3953488372093
SPX500_USD,5m,Reentrada Bollinger,"stop 1,5 / obj 3 ATR",mercado,descubrimiento,259,93,-0.651759244590191,-3.343538973914107,-1.8151144553640801,29.72972972972973
SPX500_USD,5m,Reentrada Bollinger,"stop 1,5 / obj 3 ATR",límite,descubrimiento,219,88,-0.5702836712364748,-2.733498832839497,-1.4192286818271362,31.05022831050228
SPX500_USD,5m,Reentrada Bollinger,stop 2 / obj 3 ATR,mercado,descubrimiento,236,93,-0.8765765838299772,-4.007905531452045,-2.2244309009018775,33.05084745762712
SPX500_USD,5m,Reentrada Bollinger,stop 2 / obj 3 ATR,límite,descubrimiento,199,88,-0.7352211456083207,-3.083253270935742,-1.6626023633642708,35.175879396984925
SPX500_USD,5m,Reentrada Bollinger,"stop 2 ATR, cierre de sesión",mercado,descubrimiento,195,93,-1.0381881625835752,-3.1662572556611424,-2.1768461473526575,28.205128205128204
SPX500_USD,5m,Reentrada Bollinger,"stop 2 ATR, cierre de sesión",límite,descubrimiento,168,88,-1.032458153906327,-2.879000898964482,-1.9710564756393512,27.380952380952383
SPX500_USD,5m,Reentrada Bollinger,"stop 1,5 / obj 3 ATR",mercado,validacion,199,75,-0.9807720308806993,-3.634391056159829,-2.602315121936789,28.14070351758794
SPX500_USD,5m,Reentrada Bollinger,"stop 1,5 / obj 3 ATR",límite,validacion,178,72,-0.9449147412683206,-3.1475995968590778,-2.3360392214689036,28.651685393258425
SPX500_USD,5m,Reentrada Bollinger,stop 2 / obj 3 ATR,mercado,validacion,189,75,-1.2685006861207289,-4.108237442522676,-3.1966217290242365,31.746031746031743
SPX500_USD,5m,Reentrada Bollinger,stop 2 / obj 3 ATR,límite,validacion,166,72,-1.0928570752545965,-3.188037655225379,-2.519642701281431,33.13253012048193
SPX500_USD,5m,Reentrada Bollinger,"stop 2 ATR, cierre de sesión",mercado,validacion,168,75,-0.9867904892705711,-2.032240630555262,-2.2104106959660794,27.380952380952383
SPX500_USD,5m,Reentrada Bollinger,"stop 2 ATR, cierre de sesión",límite,validacion,148,72,-1.1258351085637017,-2.1404766313674863,-2.314216612047609,25.675675675675674
SPX500_USD,5m,Ruptura squeeze Bollinger,"stop 1,5 / obj 3 ATR",mercado,descubrimiento,37,34,-0.8068863987600419,-2.167668946265497,-0.8780822574741631,18.91891891891892
SPX500_USD,5m,Ruptura squeeze Bollinger,"stop 1,5 / obj 3 ATR",límite,descubrimiento,32,30,-0.7097220657020848,-1.7817925272744872,-0.7570368700822239,28.125
SPX500_USD,5m,Ruptura squeeze Bollinger,stop 2 / obj 3 ATR,mercado,descubrimiento,37,34,-0.9158928389162716,-2.194572730095414,-0.9967069129382956,24.324324324324326
SPX500_USD,5m,Ruptura squeeze Bollinger,stop 2 / obj 3 ATR,límite,descubrimiento,32,30,-0.826494172737025,-1.8219750783509105,-0.8815937842528266,34.375
SPX500_USD,5m,Ruptura squeeze Bollinger,"stop 2 ATR, cierre de sesión",mercado,descubrimiento,35,34,-0.9684590775626126,-1.9438824270880113,-0.9969431680791601,25.71428571428571
SPX500_USD,5m,Ruptura squeeze Bollinger,"stop 2 ATR, cierre de sesión",límite,descubrimiento,30,30,-0.7670192551613034,-1.3369576707433288,-0.7670192551613034,30.0
SPX500_USD,5m,Ruptura squeeze Bollinger,"stop 1,5 / obj 3 ATR",mercado,validacion,25,21,0.07378635478015905,0.14543583998303214,0.08784089854780838,48.0
SPX500_USD,5m,Ruptura squeeze Bollinger,"stop 1,5 / obj 3 ATR",límite,validacion,21,17,0.38005890976814577,0.654924256753624,0.4694845355959448,57.14285714285714
SPX500_USD,5m,Ruptura squeeze Bollinger,stop 2 / obj 3 ATR,mercado,validacion,25,21,0.14916892051695882,0.23512697473685834,0.1775820482344748,52.0
SPX500_USD,5m,Ruptura squeeze Bollinger,stop 2 / obj 3 ATR,límite,validacion,21,17,0.36319545950207754,0.5242317593155535,0.44865321467903696,57.14285714285714
SPX500_USD,5m,Ruptura squeeze Bollinger,"stop 2 ATR, cierre de sesión",mercado,validacion,22,21,0.5220767040685721,0.5806344037345216,0.5469374995004088,50.0
SPX500_USD,5m,Ruptura squeeze Bollinger,"stop 2 ATR, cierre de sesión",límite,validacion,18,17,0.34529000017373535,0.3862353676357078,0.3656011766545433,61.111111111111114
SPX500_USD,5m,Ruptura Keltner,"stop 1,5 / obj 3 ATR",mercado,descubrimiento,181,98,-0.4165296025500133,-1.6891925145364777,-0.7693046740974736,35.91160220994475
SPX500_USD,5m,Ruptura Keltner,"stop 1,5 / obj 3 ATR",límite,descubrimiento,160,93,-0.7214840959385065,-3.15091777926914,-1.2412629607544197,30.0
SPX500_USD,5m,Ruptura Keltner,stop 2 / obj 3 ATR,mercado,descubrimiento,170,98,-0.31975025043768524,-1.2125195569649245,-0.554668801779658,40.588235294117645
SPX500_USD,5m,Ruptura Keltner,stop 2 / obj 3 ATR,límite,descubrimiento,147,93,-0.4902911532817347,-1.7293431881795733,-0.7749763390582258,38.095238095238095
SPX500_USD,5m,Ruptura Keltner,"stop 2 ATR, cierre de sesión",mercado,descubrimiento,128,98,-0.6976902763918131,-1.7762068098030903,-0.9112689324301233,31.25
SPX500_USD,5m,Ruptura Keltner,"stop 2 ATR, cierre de sesión",límite,descubrimiento,117,93,-0.8671165731625743,-2.193980295092738,-1.0908885920432387,27.350427350427353
SPX500_USD,5m,Ruptura Keltner,"stop 1,5 / obj 3 ATR",mercado,validacion,177,77,-0.149049235696852,-0.4794726308101682,-0.34261967166678964,38.4180790960452
SPX500_USD,5m,Ruptura Keltner,"stop 1,5 / obj 3 ATR",límite,validacion,148,72,0.057949295027825955,0.16157978752007293,0.11911799533497557,39.86486486486486
SPX500_USD,5m,Ruptura Keltner,stop 2 / obj 3 ATR,mercado,validacion,166,77,-0.17199653589582484,-0.46894489125798333,-0.37079772673645356,43.373493975903614
SPX500_USD,5m,Ruptura Keltner,stop 2 / obj 3 ATR,límite,validacion,143,72,-0.004117276751923204,-0.010289305036035257,-0.00817736910451414,44.05594405594406
SPX500_USD,5m,Ruptura Keltner,"stop 2 ATR, cierre de sesión",mercado,validacion,113,77,0.08116427020687512,0.12096061779315948,0.1191112017321674,34.51327433628318
SPX500_USD,5m,Ruptura Keltner,"stop 2 ATR, cierre de sesión",límite,validacion,99,72,0.39120441798006383,0.519428560765806,0.5379060747225878,37.37373737373738
SPX500_USD,5m,Ruptura Donchian 20,"stop 1,5 / obj 3 ATR",mercado,descubrimiento,198,96,-0.3723449865435085,-1.7063188057510008,-0.7679615347459863,34.34343434343434
SPX500_USD,5m,Ruptura Donchian 20,"stop 1,5 / obj 3 ATR",límite,descubrimiento,176,94,-0.5997879410467338,-2.6549938050476367,-1.1230072087683527,31.25
SPX500_USD,5m,Ruptura Donchian 20,stop 2 / obj 3 ATR,mercado,descubrimiento,189,96,-0.28192959139586987,-1.1788704642020957,-0.5550488830606187,40.21164021164021
SPX500_USD,5m,Ruptura Donchian 20,stop 2 / obj 3 ATR,límite,descubrimiento,168,94,-0.4677795991017778,-1.7804097141982858,-0.8360316239265816,38.69047619047619
SPX500_USD,5m,Ruptura Donchian 20,"stop 2 ATR, cierre de sesión",mercado,descubrimiento,130,96,-0.6157705407876344,-1.5853997226471364,-0.8338559406499216,32.30769230769231
SPX500_USD,5m,Ruptura Donchian 20,"stop 2 ATR, cierre de sesión",límite,descubrimiento,124,94,-0.7142639087861655,-1.7818414032457535,-0.9422204754200482,29.838709677419356
SPX500_USD,5m,Ruptura Donchian 20,"stop 1,5 / obj 3 ATR",mercado,validacion,204,85,-0.14187265718101152,-0.48891050495324273,-0.3404943772344276,37.745098039215684
SPX500_USD,5m,Ruptura Donchian 20,"stop 1,5 / obj 3 ATR",límite,validacion,180,84,-0.2028034248948159,-0.6950236518917828,-0.43457876763174835,36.11111111111111
SPX500_USD,5m,Ruptura Donchian 20,stop 2 / obj 3 ATR,mercado,validacion,195,85,-0.28806763141584185,-0.8805536773350892,-0.6608610367775195,42.56410256410256
SPX500_USD,5m,Ruptura Donchian 20,stop 2 / obj 3 ATR,límite,validacion,175,84,-0.44923061214175247,-1.3497807493480756,-0.9358971086286509,39.42857142857143
SPX500_USD,5m,Ruptura Donchian 20,"stop 2 ATR, cierre de sesión",mercado,validacion,124,85,0.08834324356047393,0.13869892495444824,0.12887720237057373,33.87096774193548
SPX500_USD,5m,Ruptura Donchian 20,"stop 2 ATR, cierre de sesión",límite,validacion,116,84,-0.14900371403531174,-0.23549632307042698,-0.20576703366781146,33.62068965517241
SPX500_USD,5m,Estocástico cruza en extremo,"stop 1,5 / obj 3 ATR",mercado,descubrimiento,299,101,-0.6623796477086564,-3.6789118360674022,-1.9609060857909728,30.434782608695656
SPX500_USD,5m,Estocástico cruza en extremo,"stop 1,5 / obj 3 ATR",límite,descubrimiento,258,97,-0.46788942319940313,-2.2138269216502566,-1.2444893936643917,33.72093023255814
SPX500_USD,5m,Estocástico cruza en extremo,stop 2 / obj 3 ATR,mercado,descubrimiento,272,101,-0.7831790174368555,-3.639448052967681,-2.1091553736913338,35.661764705882355
SPX500_USD,5m,Estocástico cruza en extremo,stop 2 / obj 3 ATR,límite,descubrimiento,237,97,-0.5998635890815872,-2.515165290967811,-1.465646088786971,37.9746835443038
SPX500_USD,5m,Estocástico cruza en extremo,"stop 2 ATR, cierre de sesión",mercado,descubrimiento,212,101,-0.8356175472376524,-2.5910032105771226,-1.753969505092894,30.660377358490564
SPX500_USD,5m,Estocástico cruza en extremo,"stop 2 ATR, cierre de sesión",límite,descubrimiento,186,97,-0.6235507888947828,-1.7133046636013025,-1.195674708602367,32.25806451612903
SPX500_USD,5m,Estocástico cruza en extremo,"stop 1,5 / obj 3 ATR",mercado,validacion,272,84,-0.9608761677584281,-4.1065357383341725,-3.111408543217767,28.676470588235293
SPX500_USD,5m,Estocástico cruza en extremo,"stop 1,5 / obj 3 ATR",límite,validacion,235,82,-0.8505268978058071,-3.4357316641037268,-2.437485621760545,30.638297872340424
SPX500_USD,5m,Estocástico cruza en extremo,stop 2 / obj 3 ATR,mercado,validacion,246,84,-0.9550438785068358,-3.5175008751093784,-2.796914215627162,36.17886178861789
SPX500_USD,5m,Estocástico cruza en extremo,stop 2 / obj 3 ATR,límite,validacion,212,82,-0.8569347652286934,-2.8537175321128396,-2.2154898808351584,38.20754716981132
SPX500_USD,5m,Estocástico cruza en extremo,"stop 2 ATR, cierre de sesión",mercado,validacion,195,84,-0.5902389302620569,-1.1310978676881964,-1.3701975166797749,31.794871794871792
SPX500_USD,5m,Estocástico cruza en extremo,"stop 2 ATR, cierre de sesión",límite,validacion,174,82,-0.4683345806187705,-0.8642949065598837,-0.9937831344837325,32.18390804597701
SPX500_USD,5m,MACD histograma cruza 0,"stop 1,5 / obj 3 ATR",mercado,descubrimiento,260,104,-0.7246461287140885,-3.5217944801253034,-1.8116153217852213,30.76923076923077
SPX500_USD,5m,MACD histograma cruza 0,"stop 1,5 / obj 3 ATR",límite,descubrimiento,225,99,-0.5585092581378137,-2.387792714583502,-1.2693392230404859,32.88888888888889
SPX500_USD,5m,MACD histograma cruza 0,stop 2 / obj 3 ATR,mercado,descubrimiento,249,104,-0.8185121190021338,-3.5154607838100165,-1.9597069003031857,34.53815261044177
SPX500_USD,5m,MACD histograma cruza 0,stop 2 / obj 3 ATR,límite,descubrimiento,214,99,-0.5303189355524934,-1.9754809282560282,-1.1463459819013493,38.78504672897196
SPX500_USD,5m,MACD histograma cruza 0,"stop 2 ATR, cierre de sesión",mercado,descubrimiento,202,104,-1.0193691067412383,-3.1651157606557714,-1.979928457324328,29.207920792079207
SPX500_USD,5m,MACD histograma cruza 0,"stop 2 ATR, cierre de sesión",límite,descubrimiento,175,99,-0.9216293040684345,-2.6036151446337565,-1.629142709211879,30.857142857142854
SPX500_USD,5m,MACD histograma cruza 0,"stop 1,5 / obj 3 ATR",mercado,validacion,240,90,-0.48787868544459645,-1.7149766344212858,-1.3010098278522573,33.33333333333333
SPX500_USD,5m,MACD histograma cruza 0,"stop 1,5 / obj 3 ATR",límite,validacion,201,87,-0.4856219773980528,-1.6655547113905422,-1.1219542236437772,34.32835820895522
SPX500_USD,5m,MACD histograma cruza 0,stop 2 / obj 3 ATR,mercado,validacion,227,90,-0.6738084598469887,-2.060054880745656,-1.6994946709474046,36.12334801762114
SPX500_USD,5m,MACD histograma cruza 0,stop 2 / obj 3 ATR,límite,validacion,189,87,-0.5489855950976232,-1.6981561827233607,-1.1926238790051815,38.62433862433862
SPX500_USD,5m,MACD histograma cruza 0,"stop 2 ATR, cierre de sesión",mercado,validacion,171,90,-0.24164740880331737,-0.39484301771307695,-0.459130076726303,33.33333333333333
SPX500_USD,5m,MACD histograma cruza 0,"stop 2 ATR, cierre de sesión",límite,validacion,151,87,0.1380048742988903,0.21256536202177279,0.23952570136933835,36.423841059602644
SPX500_USD,5m,RSI(2) extremo,"stop 1,5 / obj 3 ATR",mercado,descubrimiento,270,99,-0.6118734620897857,-3.0932413235585954,-1.6687458056994153,30.37037037037037
SPX500_USD,5m,RSI(2) extremo,"stop 1,5 / obj 3 ATR",límite,descubrimiento,202,86,-0.6349410209266249,-2.650108938304464,-1.491373095664863,30.693069306930692
SPX500_USD,5m,RSI(2) extremo,stop 2 / obj 3 ATR,mercado,descubrimiento,241,99,-0.7133497969342483,-3.1703031693933443,-1.7365383945571093,35.684647302904565
SPX500_USD,5m,RSI(2) extremo,stop 2 / obj 3 ATR,límite,descubrimiento,181,86,-0.6965965994945573,-2.5937407650865136,-1.466092843122266,34.806629834254146
SPX500_USD,5m,RSI(2) extremo,"stop 2 ATR, cierre de sesión",mercado,descubrimiento,197,99,-0.8829013010209011,-3.0508059998196133,-1.7568844070819951,27.918781725888326
SPX500_USD,5m,RSI(2) extremo,"stop 2 ATR, cierre de sesión",límite,descubrimiento,156,86,-0.9354820020076625,-2.750146093614896,-1.6969208408511087,27.564102564102566
SPX500_USD,5m,RSI(2) extremo,"stop 1,5 / obj 3 ATR",mercado,validacion,255,86,-0.735998292436779,-3.2076389213093908,-2.1823205182718444,30.980392156862745
SPX500_USD,5m,RSI(2) extremo,"stop 1,5 / obj 3 ATR",límite,validacion,214,83,-0.8205600025107965,-3.0909464144168304,-2.115660729365186,31.308411214953267
SPX500_USD,5m,RSI(2) extremo,stop 2 / obj 3 ATR,mercado,validacion,224,86,-0.6028853963421865,-2.0980547826792173,-1.5703061486122067,37.94642857142857
SPX500_USD,5m,RSI(2) extremo,stop 2 / obj 3 ATR,límite,validacion,189,83,-0.6073588952690226,-2.0110488806716273,-1.3830220627210275,38.095238095238095
SPX500_USD,5m,RSI(2) extremo,"stop 2 ATR, cierre de sesión",mercado,validacion,190,86,-0.1748034467195211,-0.34209853072326535,-0.3861936613570815,31.05263157894737
SPX500_USD,5m,RSI(2) extremo,"stop 2 ATR, cierre de sesión",límite,validacion,165,83,0.07141047521070198,0.130087509009292,0.14196058325019068,32.72727272727273
SPX500_USD,5m,RSI(7) sale de 30/70,"stop 1,5 / obj 3 ATR",mercado,descubrimiento,275,92,-0.7429939113746966,-4.029029869824408,-2.220905713348278,28.363636363636363
SPX500_USD,5m,RSI(7) sale de 30/70,"stop 1,5 / obj 3 ATR",límite,descubrimiento,238,91,-0.7325056700195569,-3.57199644475549,-1.9157840600511489,28.15126050420168
SPX500_USD,5m,RSI(7) sale de 30/70,stop 2 / obj 3 ATR,mercado,descubrimiento,247,92,-0.795930049602803,-3.8021160510735545,-2.136899154911873,33.603238866396765
SPX500_USD,5m,RSI(7) sale de 30/70,stop 2 / obj 3 ATR,límite,descubrimiento,218,91,-0.7840765396717488,-3.2677329114920317,-1.8783372049279257,33.48623853211009
SPX500_USD,5m,RSI(7) sale de 30/70,"stop 2 ATR, cierre de sesión",mercado,descubrimiento,200,92,-1.0536663180589698,-3.2876380682493953,-2.2905789523021083,28.499999999999996
SPX500_USD,5m,RSI(7) sale de 30/70,"stop 2 ATR, cierre de sesión",límite,descubrimiento,183,91,-1.0090788353727214,-2.842006017286695,-2.029246449156132,27.322404371584703
SPX500_USD,5m,RSI(7) sale de 30/70,"stop 1,5 / obj 3 ATR",mercado,validacion,227,76,-1.0699295450884858,-4.342012880831603,-3.195710614935346,27.75330396475771
SPX500_USD,5m,RSI(7) sale de 30/70,"stop 1,5 / obj 3 ATR",límite,validacion,196,70,-1.214826791578414,-4.562664644424122,-3.401515016419559,26.02040816326531
SPX500_USD,5m,RSI(7) sale de 30/70,stop 2 / obj 3 ATR,mercado,validacion,203,76,-1.2594735003809612,-4.136377741822687,-3.3641200075965147,33.004926108374384
SPX500_USD,5m,RSI(7) sale de 30/70,stop 2 / obj 3 ATR,límite,validacion,178,70,-1.4483597902501553,-4.254208200748662,-3.6829720380646807,30.89887640449438
SPX500_USD,5m,RSI(7) sale de 30/70,"stop 2 ATR, cierre de sesión",mercado,validacion,180,76,-1.2412149797545564,-2.5836182093210636,-2.9397196888923705,26.666666666666668
SPX500_USD,5m,RSI(7) sale de 30/70,"stop 2 ATR, cierre de sesión",límite,validacion,162,70,-1.4642496637650482,-2.900233555671555,-3.3886920789991115,25.308641975308642
SPX500_USD,5m,CCI sale de ±100,"stop 1,5 / obj 3 ATR",mercado,descubrimiento,333,103,-0.5857945300831094,-3.7737040482816466,-1.8938794030842276,31.23123123123123
SPX500_USD,5m,CCI sale de ±100,"stop 1,5 / obj 3 ATR",límite,descubrimiento,288,101,-0.5731698674501658,-3.400387000132832,-1.6343853646103739,31.944444444444443
SPX500_USD,5m,CCI sale de ±100,stop 2 / obj 3 ATR,mercado,descubrimiento,294,103,-0.6345696655584863,-3.406029325953204,-1.811295938584417,35.714285714285715
SPX500_USD,5m,CCI sale de ±100,stop 2 / obj 3 ATR,límite,descubrimiento,256,101,-0.5297298589348802,-2.6942481212253924,-1.3426816226468252,37.109375
SPX500_USD,5m,CCI sale de ±100,"stop 2 ATR, cierre de sesión",mercado,descubrimiento,229,103,-0.8175679913150284,-2.6143519449145294,-1.817699708846034,29.257641921397383
SPX500_USD,5m,CCI sale de ±100,"stop 2 ATR, cierre de sesión",límite,descubrimiento,203,101,-0.6765664027594654,-1.993367506229482,-1.359831482773975,30.049261083743843
SPX500_USD,5m,CCI sale de ±100,"stop 1,5 / obj 3 ATR",mercado,validacion,264,85,-0.5883386169328955,-2.3555531943931505,-1.8273105278856987,33.33333333333333
SPX500_USD,5m,CCI sale de ±100,"stop 1,5 / obj 3 ATR",límite,validacion,227,80,-0.6204650188017606,-2.2452558312675044,-1.760569490849996,32.158590308370044
SPX500_USD,5m,CCI sale de ±100,stop 2 / obj 3 ATR,mercado,validacion,240,85,-0.7092328134675931,-2.524488866566045,-2.0025397086143806,38.333333333333336
SPX500_USD,5m,CCI sale de ±100,stop 2 / obj 3 ATR,límite,validacion,206,80,-0.7070796829519973,-2.2492628337152674,-1.820730183601393,38.349514563106794
SPX500_USD,5m,CCI sale de ±100,"stop 2 ATR, cierre de sesión",mercado,validacion,192,85,-0.64814551189543,-1.3150320945855132,-1.46404633275203,30.729166666666668
SPX500_USD,5m,CCI sale de ±100,"stop 2 ATR, cierre de sesión",límite,validacion,174,80,-0.6204316630308729,-1.169053636324369,-1.3494388670921487,31.03448275862069
SPX500_USD,5m,Supertrend cambia,"stop 1,5 / obj 3 ATR",mercado,descubrimiento,108,85,0.17819162407407615,0.45971454528846556,0.22640818117647324,45.370370370370374
SPX500_USD,5m,Supertrend cambia,"stop 1,5 / obj 3 ATR",límite,descubrimiento,86,73,-0.03606080990890951,-0.08730532154823697,-0.042482597974879695,41.86046511627907
SPX500_USD,5m,Supertrend cambia,stop 2 / obj 3 ATR,mercado,descubrimiento,108,85,0.30483817484643555,0.7100927964838329,0.38732379862841226,50.0
SPX500_USD,5m,Supertrend cambia,stop 2 / obj 3 ATR,límite,descubrimiento,86,73,-0.08742198572602475,-0.18666008844151666,-0.10299028455394696,47.674418604651166
SPX500_USD,5m,Supertrend cambia,"stop 2 ATR, cierre de sesión",mercado,descubrimiento,103,85,-0.3358301768719638,-0.6697739519145924,-0.4069471555036738,35.92233009708738
SPX500_USD,5m,Supertrend cambia,"stop 2 ATR, cierre de sesión",límite,descubrimiento,86,73,-0.9131679170630677,-1.9430050090657156,-1.0757868611975865,32.55813953488372
SPX500_USD,5m,Supertrend cambia,"stop 1,5 / obj 3 ATR",mercado,validacion,93,74,0.15563354766496817,0.34285919870823495,0.19559351260597352,37.634408602150536
SPX500_USD,5m,Supertrend cambia,"stop 1,5 / obj 3 ATR",límite,validacion,81,65,-0.009282761841640966,-0.018615985446294774,-0.011567749371891048,35.80246913580247
SPX500_USD,5m,Supertrend cambia,stop 2 / obj 3 ATR,mercado,validacion,93,74,-0.03012542770755919,-0.061041647353370684,-0.03786033482166223,40.86021505376344
SPX500_USD,5m,Supertrend cambia,stop 2 / obj 3 ATR,límite,validacion,81,65,0.1483006587440547,0.26986592032752715,0.18480543628105278,41.9753086419753
SPX500_USD,5m,Supertrend cambia,"stop 2 ATR, cierre de sesión",mercado,validacion,85,74,0.45670554750104553,0.5048480555913172,0.5245942099674171,32.94117647058823
SPX500_USD,5m,Supertrend cambia,"stop 2 ATR, cierre de sesión",límite,validacion,74,65,0.9444195446452484,0.9502811522956146,1.075185327749975,33.78378378378378
SPX500_USD,5m,ADX>25 + cruce DI,"stop 1,5 / obj 3 ATR",mercado,descubrimiento,58,47,-0.6724415587145671,-1.2498082504898682,-0.8298214979881892,29.310344827586203
SPX500_USD,5m,ADX>25 + cruce DI,"stop 1,5 / obj 3 ATR",límite,descubrimiento,50,41,-0.590877176284789,-0.9697772378403087,-0.7205819222985231,28.000000000000004
SPX500_USD,5m,ADX>25 + cruce DI,stop 2 / obj 3 ATR,mercado,descubrimiento,57,47,-0.6039875313691969,-1.0120261565457107,-0.7324955167668983,35.08771929824561
SPX500_USD,5m,ADX>25 + cruce DI,stop 2 / obj 3 ATR,límite,descubrimiento,49,41,-0.5833024815150715,-0.8845700399809745,-0.6971175998594756,32.6530612244898
SPX500_USD,5m,ADX>25 + cruce DI,"stop 2 ATR, cierre de sesión",mercado,descubrimiento,56,47,-1.0497792284829417,-1.443407012718335,-1.250800782873292,28.57142857142857
SPX500_USD,5m,ADX>25 + cruce DI,"stop 2 ATR, cierre de sesión",límite,descubrimiento,47,41,-0.9933634266954926,-1.1843251371688366,-1.1387336842606868,27.659574468085108
SPX500_USD,5m,ADX>25 + cruce DI,"stop 1,5 / obj 3 ATR",mercado,validacion,57,47,0.13080695304953238,0.21226826277282754,0.15863821965581587,40.35087719298245
SPX500_USD,5m,ADX>25 + cruce DI,"stop 1,5 / obj 3 ATR",límite,validacion,47,41,-0.25678046508038865,-0.390676386711249,-0.29435809411654307,34.04255319148936
SPX500_USD,5m,ADX>25 + cruce DI,stop 2 / obj 3 ATR,mercado,validacion,54,47,-0.02511878605243125,-0.03554125479220964,-0.028859881847474202,42.592592592592595
SPX500_USD,5m,ADX>25 + cruce DI,stop 2 / obj 3 ATR,límite,validacion,45,41,-0.3310448031955385,-0.43195191424797313,-0.3633418571658349,37.77777777777778
SPX500_USD,5m,ADX>25 + cruce DI,"stop 2 ATR, cierre de sesión",mercado,validacion,52,47,-0.561225563379444,-0.5749528088065033,-0.6209304105474699,26.923076923076923
SPX500_USD,5m,ADX>25 + cruce DI,"stop 2 ATR, cierre de sesión",límite,validacion,44,41,-0.2200167788158793,-0.18946638465685597,-0.23611556750972415,25.0
SPX500_USD,5m,Envolvente,"stop 1,5 / obj 3 ATR",mercado,descubrimiento,276,102,-0.7320530634513802,-4.154102467211931,-1.980849465809617,29.71014492753623
SPX500_USD,5m,Envolvente,"stop 1,5 / obj 3 ATR",límite,descubrimiento,244,100,-0.7687732982733206,-4.001649956601573,-1.8758068477869023,28.688524590163933
SPX500_USD,5m,Envolvente,stop 2 / obj 3 ATR,mercado,descubrimiento,260,102,-0.9026619067100399,-4.33307980629737,-2.3009028994569642,33.46153846153846
SPX500_USD,5m,Envolvente,stop 2 / obj 3 ATR,límite,descubrimiento,233,100,-0.9173359916752503,-3.953011084410546,-2.1373928606033332,33.047210300429185
SPX500_USD,5m,Envolvente,"stop 2 ATR, cierre de sesión",mercado,descubrimiento,184,102,-1.0138702762386087,-2.846234979707657,-1.828942459097098,29.347826086956523
SPX500_USD,5m,Envolvente,"stop 2 ATR, cierre de sesión",límite,descubrimiento,176,100,-1.2047457221692282,-3.604339406480615,-2.120352471017841,29.545454545454547
SPX500_USD,5m,Envolvente,"stop 1,5 / obj 3 ATR",mercado,validacion,269,88,-0.7905068564282067,-2.7991724866083394,-2.4164357315816773,30.855018587360593
SPX500_USD,5m,Envolvente,"stop 1,5 / obj 3 ATR",límite,validacion,241,85,-0.5947303194821704,-1.919323790208681,-1.6862353764141538,32.780082987551864
SPX500_USD,5m,Envolvente,stop 2 / obj 3 ATR,mercado,validacion,245,88,-0.8164091694111738,-2.4460107271478213,-2.272957346656109,37.95918367346939
SPX500_USD,5m,Envolvente,stop 2 / obj 3 ATR,límite,validacion,226,85,-0.7426420103765249,-2.105031720461553,-1.9745540511187603,37.16814159292036
SPX500_USD,5m,Envolvente,"stop 2 ATR, cierre de sesión",mercado,validacion,175,88,-0.49753720133645923,-0.8266601020376385,-0.9894205708395496,28.57142857142857
SPX500_USD,5m,Envolvente,"stop 2 ATR, cierre de sesión",límite,validacion,165,85,-0.29972350871925324,-0.47749342868478273,-0.5818162228079622,29.6969696969697
SPX500_USD,5m,Martillo / estrella,"stop 1,5 / obj 3 ATR",mercado,descubrimiento,365,104,-0.6556962521925394,-4.134028699049436,-2.3012416543295853,31.232876712328768
SPX500_USD,5m,Martillo / estrella,"stop 1,5 / obj 3 ATR",límite,descubrimiento,317,103,-0.4761341447296241,-2.6265162810449856,-1.4653837269834062,32.80757097791798
SPX500_USD,5m,Martillo / estrella,stop 2 / obj 3 ATR,mercado,descubrimiento,324,104,-0.5017474490845673,-2.813745907726033,-1.5631362836865366,38.88888888888889
SPX500_USD,5m,Martillo / estrella,stop 2 / obj 3 ATR,límite,descubrimiento,289,103,-0.5124675218951803,-2.582030242362656,-1.4378943090068652,37.37024221453287
SPX500_USD,5m,Martillo / estrella,"stop 2 ATR, cierre de sesión",mercado,descubrimiento,207,104,-0.6331592337751241,-1.9996301829315186,-1.260230397994718,31.40096618357488
SPX500_USD,5m,Martillo / estrella,"stop 2 ATR, cierre de sesión",límite,descubrimiento,198,103,-0.630571988351425,-1.9573523812766291,-1.2121675115881763,31.313131313131315
SPX500_USD,5m,Martillo / estrella,"stop 1,5 / obj 3 ATR",mercado,validacion,317,90,-0.6375401567359802,-2.9010127313395877,-2.245558107614508,34.06940063091483
SPX500_USD,5m,Martillo / estrella,"stop 1,5 / obj 3 ATR",límite,validacion,276,89,-0.7586195231866143,-3.413940857440842,-2.352572903365231,31.88405797101449
SPX500_USD,5m,Martillo / estrella,stop 2 / obj 3 ATR,mercado,validacion,285,90,-0.6514935334941769,-2.357490150243916,-2.0630628560648936,39.29824561403509
SPX500_USD,5m,Martillo / estrella,stop 2 / obj 3 ATR,límite,validacion,250,89,-0.7774381324291225,-2.74297853980792,-2.18381497873349,37.6
SPX500_USD,5m,Martillo / estrella,"stop 2 ATR, cierre de sesión",mercado,validacion,192,90,-0.5512721327692313,-0.9804491855125789,-1.17604721657436,28.645833333333332
SPX500_USD,5m,Martillo / estrella,"stop 2 ATR, cierre de sesión",límite,validacion,182,89,-0.6119098837821076,-1.1003338853220979,-1.251321335374647,28.021978021978022
SPX500_USD,5m,Ruptura de inside bar,"stop 1,5 / obj 3 ATR",mercado,descubrimiento,284,105,-0.6301190285111814,-3.2241937585811518,-1.704321943782624,30.985915492957744
SPX500_USD,5m,Ruptura de inside bar,"stop 1,5 / obj 3 ATR",límite,descubrimiento,250,105,-0.6215320946693418,-2.831089420253588,-1.47983832064129,30.8
SPX500_USD,5m,Ruptura de inside bar,stop 2 / obj 3 ATR,mercado,descubrimiento,262,105,-0.6611128365902503,-2.8709763909492705,-1.6496339351109102,36.6412213740458
SPX500_USD,5m,Ruptura de inside bar,stop 2 / obj 3 ATR,límite,descubrimiento,237,105,-0.4906984743890923,-2.022851421246178,-1.107576556478237,38.81856540084388
SPX500_USD,5m,Ruptura de inside bar,"stop 2 ATR, cierre de sesión",mercado,descubrimiento,179,105,-1.198406901093174,-3.6620874345789285,-2.0429984313874106,29.05027932960894
SPX500_USD,5m,Ruptura de inside bar,"stop 2 ATR, cierre de sesión",límite,descubrimiento,162,105,-0.8941301942166079,-2.4658976395815744,-1.3795151567913377,30.246913580246915
SPX500_USD,5m,Ruptura de inside bar,"stop 1,5 / obj 3 ATR",mercado,validacion,242,89,-0.5303277795176914,-1.8233546853629374,-1.4420148611604642,33.47107438016529
SPX500_USD,5m,Ruptura de inside bar,"stop 1,5 / obj 3 ATR",límite,validacion,208,87,-0.22689840980447,-0.7600205477627742,-0.5424697613716064,37.5
SPX500_USD,5m,Ruptura de inside bar,stop 2 / obj 3 ATR,mercado,validacion,221,89,-0.5877128071482975,-1.7761913029560716,-1.4593767458401548,38.91402714932127
SPX500_USD,5m,Ruptura de inside bar,stop 2 / obj 3 ATR,límite,validacion,196,87,-0.38766210427089837,-1.1800211756292434,-0.8733537061735182,40.816326530612244
SPX500_USD,5m,Ruptura de inside bar,"stop 2 ATR, cierre de sesión",mercado,validacion,155,89,-0.28354738004747027,-0.4977637618587187,-0.49381847086918973,31.61290322580645
SPX500_USD,5m,Ruptura de inside bar,"stop 2 ATR, cierre de sesión",límite,validacion,145,87,-0.358456455263615,-0.6626586290732381,-0.5974274254393583,33.10344827586207
SPX500_USD,5m,Clímax de volumen (reversión),"stop 1,5 / obj 3 ATR",mercado,descubrimiento,30,24,-0.17663973768552738,-0.3576957868871439,-0.2207996721069092,36.666666666666664
SPX500_USD,5m,Clímax de volumen (reversión),"stop 1,5 / obj 3 ATR",límite,descubrimiento,27,23,0.09665817181269006,0.17993920190587975,0.11346828864967963,40.74074074074074
SPX500_USD,5m,Clímax de volumen (reversión),stop 2 / obj 3 ATR,mercado,descubrimiento,29,24,-0.30422731794160446,-0.5469008324106394,-0.3676080091794387,41.37931034482759
SPX500_USD,5m,Clímax de volumen (reversión),stop 2 / obj 3 ATR,límite,descubrimiento,26,23,0.23161917869861498,0.33701235520918243,0.26183037592017344,50.0
SPX500_USD,5m,Clímax de volumen (reversión),"stop 2 ATR, cierre de sesión",mercado,descubrimiento,29,24,-1.257796302663866,-2.1483423830863693,-1.5198371990521717,20.689655172413794
SPX500_USD,5m,Clímax de volumen (reversión),"stop 2 ATR, cierre de sesión",límite,descubrimiento,26,23,-1.0695232158440704,-1.6315660372882452,-1.2090262439976447,23.076923076923077
SPX500_USD,5m,Clímax de volumen (reversión),"stop 1,5 / obj 3 ATR",mercado,validacion,37,28,-1.4707557927595705,-2.6775945127436316,-1.9434987261465753,18.91891891891892
SPX500_USD,5m,Clímax de volumen (reversión),"stop 1,5 / obj 3 ATR",límite,validacion,37,28,-1.4601141057787779,-2.641322302982417,-1.9294364969219566,18.91891891891892
SPX500_USD,5m,Clímax de volumen (reversión),stop 2 / obj 3 ATR,mercado,validacion,37,28,-1.7609045216844064,-2.6958470614247245,-2.326909546511537,24.324324324324326
SPX500_USD,5m,Clímax de volumen (reversión),stop 2 / obj 3 ATR,límite,validacion,36,28,-1.6676096993022549,-2.4978628736467727,-2.1440696133886132,25.0
SPX500_USD,5m,Clímax de volumen (reversión),"stop 2 ATR, cierre de sesión",mercado,validacion,36,28,-2.235860401789365,-2.8531138507914626,-2.8746776594434698,13.88888888888889
SPX500_USD,5m,Clímax de volumen (reversión),"stop 2 ATR, cierre de sesión",límite,validacion,35,28,-2.1116465064457617,-2.5668910929894784,-2.639558133057202,14.285714285714285
SPX500_USD,5m,Divergencia SMT,"stop 1,5 / obj 3 ATR",mercado,descubrimiento,117,71,-0.9738850724900944,-3.321135399665235,-1.604852865934381,24.786324786324787
SPX500_USD,5m,Divergencia SMT,"stop 1,5 / obj 3 ATR",límite,descubrimiento,105,69,-0.6276500659897254,-1.9632532546637749,-0.9551196656365386,29.523809523809526
SPX500_USD,5m,Divergencia SMT,stop 2 / obj 3 ATR,mercado,descubrimiento,108,71,-0.9256080909570096,-2.7070050574428945,-1.4079672369486906,31.48148148148148
SPX500_USD,5m,Divergencia SMT,stop 2 / obj 3 ATR,límite,descubrimiento,100,69,-0.5699609023332652,-1.597660617883,-0.8260302932366164,38.0
SPX500_USD,5m,Divergencia SMT,"stop 2 ATR, cierre de sesión",mercado,descubrimiento,99,71,-0.9338615425668593,-2.0670903631130644,-1.3021449678044938,27.27272727272727
SPX500_USD,5m,Divergencia SMT,"stop 2 ATR, cierre de sesión",límite,descubrimiento,93,69,-0.5290881107699527,-1.0844088331164283,-0.713118757994284,31.182795698924732
SPX500_USD,5m,Divergencia SMT,"stop 1,5 / obj 3 ATR",mercado,validacion,106,62,-0.48125652903655397,-1.2331066614774076,-0.8227934206108826,33.9622641509434
SPX500_USD,5m,Divergencia SMT,"stop 1,5 / obj 3 ATR",límite,validacion,93,57,0.14199831433193133,0.3030268358844269,0.23168146022578273,41.935483870967744
SPX500_USD,5m,Divergencia SMT,stop 2 / obj 3 ATR,mercado,validacion,98,62,-0.3559151793742698,-0.7653550711741546,-0.5625756061077168,40.816326530612244
SPX500_USD,5m,Divergencia SMT,stop 2 / obj 3 ATR,límite,validacion,87,57,-0.15610057121035373,-0.3070646373436438,-0.2382587665842241,44.827586206896555
SPX500_USD,5m,Divergencia SMT,"stop 2 ATR, cierre de sesión",mercado,validacion,91,62,-0.6702458574483747,-0.8960790545337768,-0.9837479520613243,27.472527472527474
SPX500_USD,5m,Divergencia SMT,"stop 2 ATR, cierre de sesión",límite,validacion,82,57,-0.5131755550314734,-0.640590771729077,-0.7382525528522951,31.70731707317073
SPX500_USD,5m,Vela de impulso,"stop 1,5 / obj 3 ATR",mercado,descubrimiento,70,55,-0.226224257775726,-0.5397095627135959,-0.28792178262365126,34.285714285714285
SPX500_USD,5m,Vela de impulso,"stop 1,5 / obj 3 ATR",límite,descubrimiento,57,52,0.06543804817031972,0.13279985390661506,0.07173016818669661,38.59649122807017
SPX500_USD,5m,Vela de impulso,stop 2 / obj 3 ATR,mercado,descubrimiento,66,55,-0.26730862552469997,-0.5516818495066945,-0.32077035062964,39.39393939393939
SPX500_USD,5m,Vela de impulso,stop 2 / obj 3 ATR,límite,descubrimiento,57,52,0.028562853963748892,0.051921518051486454,0.03130928222949398,43.859649122807014
SPX500_USD,5m,Vela de impulso,"stop 2 ATR, cierre de sesión",mercado,descubrimiento,61,55,-0.8936042885702237,-1.365353013605442,-0.9910883927778844,24.59016393442623
SPX500_USD,5m,Vela de impulso,"stop 2 ATR, cierre de sesión",límite,descubrimiento,54,52,-0.4512399397073023,-0.6033512947319823,-0.46859532200373705,29.629629629629626
SPX500_USD,5m,Vela de impulso,"stop 1,5 / obj 3 ATR",mercado,validacion,76,59,-0.7309858956933147,-1.8393469074973072,-0.9416089503846089,31.57894736842105
SPX500_USD,5m,Vela de impulso,"stop 1,5 / obj 3 ATR",límite,validacion,69,53,-1.0409320518245033,-2.7210426071925125,-1.3551756901111458,26.08695652173913
SPX500_USD,5m,Vela de impulso,stop 2 / obj 3 ATR,mercado,validacion,75,59,-0.716678296089173,-1.5708028201688478,-0.9110317323167453,38.666666666666664
SPX500_USD,5m,Vela de impulso,stop 2 / obj 3 ATR,límite,validacion,68,53,-1.3015550714380795,-2.925215302355599,-1.6699197142979134,29.411764705882355
SPX500_USD,5m,Vela de impulso,"stop 2 ATR, cierre de sesión",mercado,validacion,71,59,0.00988862662246173,0.012512362397888267,0.011899872715165813,32.3943661971831
SPX500_USD,5m,Vela de impulso,"stop 2 ATR, cierre de sesión",límite,validacion,65,53,-0.607133614099965,-0.7669170462513462,-0.7445978286131647,27.692307692307693
US2000_USD,1m,EMA 9 pullback en tendencia,"stop 1,5 / obj 3 ATR",mercado,descubrimiento,1502,141,-0.281081031033077,-10.63817827043159,-2.994210699373629,30.22636484687084
US2000_USD,1m,EMA 9 pullback en tendencia,"stop 1,5 / obj 3 ATR",límite,descubrimiento,1318,141,-0.2454755375843022,-8.542418197045773,-2.2945869399724135,32.54931714719272
US2000_USD,1m,EMA 9 pullback en tendencia,stop 2 / obj 3 ATR,mercado,descubrimiento,1325,141,-0.30072639425026754,-9.317463722355964,-2.8259749814298187,36.0
US2000_USD,1m,EMA 9 pullback en tendencia,stop 2 / obj 3 ATR,límite,descubrimiento,1180,141,-0.27261471073860594,-7.626073126256806,-2.2814564444791134,38.474576271186436
US2000_USD,1m,EMA 9 pullback en tendencia,"stop 2 ATR, cierre de sesión",mercado,descubrimiento,433,141,-0.26799428635823297,-1.6858624885866704,-0.8229895460504602,18.244803695150118
US2000_USD,1m,EMA 9 pullback en tendencia,"stop 2 ATR, cierre de sesión",límite,descubrimiento,425,141,-0.2778062063677291,-1.7075325167138757,-0.837359132668687,18.58823529411765
US2000_USD,1m,EMA 9 pullback en tendencia,"stop 1,5 / obj 3 ATR",mercado,validacion,893,87,-0.2671732026681483,-4.646846719299151,-2.7423640227891544,30.68309070548712
US2000_USD,1m,EMA 9 pullback en tendencia,"stop 1,5 / obj 3 ATR",límite,validacion,797,87,-0.30982100518629807,-4.994083794782689,-2.8382453003848225,29.86198243412798
US2000_USD,1m,EMA 9 pullback en tendencia,stop 2 / obj 3 ATR,mercado,validacion,772,87,-0.24768991579809363,-3.6481972643931684,-2.197892126392279,37.82383419689119
US2000_USD,1m,EMA 9 pullback en tendencia,stop 2 / obj 3 ATR,límite,validacion,704,87,-0.27953767111687716,-3.6682756165389545,-2.2620059823710523,37.5
US2000_USD,1m,EMA 9 pullback en tendencia,"stop 2 ATR, cierre de sesión",mercado,validacion,244,87,0.06633508580055213,0.2247557632470208,0.1860432291417784,22.950819672131146
US2000_USD,1m,EMA 9 pullback en tendencia,"stop 2 ATR, cierre de sesión",límite,validacion,249,87,-0.007160314893056523,-0.024715258755942066,-0.020493315038747982,22.08835341365462
US2000_USD,1m,Recupera VWAP,"stop 1,5 / obj 3 ATR",mercado,descubrimiento,694,135,-0.21124359042518806,-3.8614026191816797,-1.0859485315191149,34.293948126801155
US2000_USD,1m,Recupera VWAP,"stop 1,5 / obj 3 ATR",límite,descubrimiento,587,133,-0.130788694612019,-2.1810301131285317,-0.5772403288515425,36.79727427597956
US2000_USD,1m,Recupera VWAP,stop 2 / obj 3 ATR,mercado,descubrimiento,607,135,-0.18623560890885815,-2.590764203874102,-0.8373704785753845,40.362438220757824
US2000_USD,1m,Recupera VWAP,stop 2 / obj 3 ATR,límite,descubrimiento,530,133,-0.11619526484643415,-1.5520252489817399,-0.46303376217000075,42.83018867924528
US2000_USD,1m,Recupera VWAP,"stop 2 ATR, cierre de sesión",mercado,descubrimiento,423,135,-0.3290237081811918,-1.8752948833002188,-1.0309409523010677,16.312056737588655
US2000_USD,1m,Recupera VWAP,"stop 2 ATR, cierre de sesión",límite,descubrimiento,371,133,-0.18253345032330673,-0.9371801471672793,-0.5091722561650135,17.52021563342318
US2000_USD,1m,Recupera VWAP,"stop 1,5 / obj 3 ATR",mercado,validacion,396,84,-0.2761220565539752,-3.1601477899718655,-1.3017182666115974,33.58585858585859
US2000_USD,1m,Recupera VWAP,"stop 1,5 / obj 3 ATR",límite,validacion,327,83,-0.234681718408079,-2.5552441222945905,-0.9245894207161667,34.25076452599388
US2000_USD,1m,Recupera VWAP,stop 2 / obj 3 ATR,mercado,validacion,344,84,-0.2936881964857272,-2.6527631043403463,-1.202723090370121,38.95348837209303
US2000_USD,1m,Recupera VWAP,stop 2 / obj 3 ATR,límite,validacion,302,83,-0.33415262257887807,-2.9168152025661147,-1.215832433961701,37.41721854304636
US2000_USD,1m,Recupera VWAP,"stop 2 ATR, cierre de sesión",mercado,validacion,223,84,-0.11666101134720834,-0.3726424642183604,-0.309707208695565,19.282511210762333
US2000_USD,1m,Recupera VWAP,"stop 2 ATR, cierre de sesión",límite,validacion,209,83,-0.176192988032833,-0.5385227748146749,-0.4436666807091819,19.138755980861244
US2000_USD,1m,Retroceso a VWAP en tendencia,"stop 1,5 / obj 3 ATR",mercado,descubrimiento,221,106,-0.28268191223502054,-2.8327110765810755,-0.58936511890509,33.03167420814479
US2000_USD,1m,Retroceso a VWAP en tendencia,"stop 1,5 / obj 3 ATR",límite,descubrimiento,197,101,-0.28839034590322876,-2.6904142154847177,-0.562503942009268,33.50253807106599
US2000_USD,1m,Retroceso a VWAP en tendencia,stop 2 / obj 3 ATR,mercado,descubrimiento,212,106,-0.30707324200757896,-2.8497711225227373,-0.6141464840151579,40.09433962264151
US2000_USD,1m,Retroceso a VWAP en tendencia,stop 2 / obj 3 ATR,límite,descubrimiento,191,101,-0.27871422625463,-2.4623141396387473,-0.5270734377686568,40.83769633507853
US2000_USD,1m,Retroceso a VWAP en tendencia,"stop 2 ATR, cierre de sesión",mercado,descubrimiento,166,106,-0.1928819519985263,-0.69527888119798,-0.30206041539391854,20.481927710843372
US2000_USD,1m,Retroceso a VWAP en tendencia,"stop 2 ATR, cierre de sesión",límite,descubrimiento,149,101,-0.16651826959649463,-0.5566745527051188,-0.24565566504829403,20.13422818791946
US2000_USD,1m,Retroceso a VWAP en tendencia,"stop 1,5 / obj 3 ATR",mercado,validacion,120,64,-0.11099330238394059,-0.6648683717246695,-0.2081124419698886,36.666666666666664
US2000_USD,1m,Retroceso a VWAP en tendencia,"stop 1,5 / obj 3 ATR",límite,validacion,108,61,0.01627953726721965,0.09003361752434798,0.028822787292782332,41.66666666666667
US2000_USD,1m,Retroceso a VWAP en tendencia,stop 2 / obj 3 ATR,mercado,validacion,117,64,-0.0152606728707846,-0.07508638847237807,-0.027898417591903098,45.2991452991453
US2000_USD,1m,Retroceso a VWAP en tendencia,stop 2 / obj 3 ATR,límite,validacion,107,61,0.027831333541485138,0.13241981849968065,0.04881889653998212,47.66355140186916
US2000_USD,1m,Retroceso a VWAP en tendencia,"stop 2 ATR, cierre de sesión",mercado,validacion,88,64,0.3369608901957053,0.5953700529948693,0.4633212240190948,26.136363636363637
US2000_USD,1m,Retroceso a VWAP en tendencia,"stop 2 ATR, cierre de sesión",límite,validacion,82,61,0.36925427101889086,0.6085287626712841,0.49637459382867294,25.609756097560975
US2000_USD,1m,Rechazo banda VWAP 2σ,"stop 1,5 / obj 3 ATR",mercado,descubrimiento,626,122,-0.23907212985924875,-3.9729688892442634,-1.2267143712449977,33.70607028753994
US2000_USD,1m,Rechazo banda VWAP 2σ,"stop 1,5 / obj 3 ATR",límite,descubrimiento,531,121,-0.2270119012779553,-3.492709434734772,-0.9962257816412751,33.33333333333333
US2000_USD,1m,Rechazo banda VWAP 2σ,stop 2 / obj 3 ATR,mercado,descubrimiento,542,122,-0.2845058443533234,-4.1849562385297805,-1.263952193766404,38.74538745387454
US2000_USD,1m,Rechazo banda VWAP 2σ,stop 2 / obj 3 ATR,límite,descubrimiento,467,121,-0.2632968163860545,-3.525958900784171,-1.016195150845351,39.400428265524624
US2000_USD,1m,Rechazo banda VWAP 2σ,"stop 2 ATR, cierre de sesión",mercado,descubrimiento,482,122,-0.2543279715108851,-1.538026201521617,-1.004803953018415,19.294605809128633
US2000_USD,1m,Rechazo banda VWAP 2σ,"stop 2 ATR, cierre de sesión",límite,descubrimiento,425,121,-0.1652823898304356,-0.9100178918466312,-0.5805373196523564,20.705882352941178
US2000_USD,1m,Rechazo banda VWAP 2σ,"stop 1,5 / obj 3 ATR",mercado,validacion,371,67,-0.3706547481890805,-3.784336972605253,-2.052431516091774,29.649595687331537
US2000_USD,1m,Rechazo banda VWAP 2σ,"stop 1,5 / obj 3 ATR",límite,validacion,312,66,-0.37874675044868905,-3.542010452591086,-1.7904391839392573,29.807692307692307
US2000_USD,1m,Rechazo banda VWAP 2σ,stop 2 / obj 3 ATR,mercado,validacion,322,67,-0.4556924976042993,-3.7746881536227006,-2.1900445407251397,34.78260869565217
US2000_USD,1m,Rechazo banda VWAP 2σ,stop 2 / obj 3 ATR,límite,validacion,274,66,-0.43741703552914585,-3.2884987834307036,-1.8159434505300902,35.4014598540146
US2000_USD,1m,Rechazo banda VWAP 2σ,"stop 2 ATR, cierre de sesión",mercado,validacion,294,67,-0.257613605416443,-0.9404729439106465,-1.1304238804840934,19.727891156462583
US2000_USD,1m,Rechazo banda VWAP 2σ,"stop 2 ATR, cierre de sesión",límite,validacion,251,66,-0.3405492148379454,-1.1710257495146867,-1.2951189837018833,18.326693227091635
US2000_USD,1m,Rechazo banda VWAP 1σ,"stop 1,5 / obj 3 ATR",mercado,descubrimiento,782,131,-0.3318554260176741,-6.478848562170168,-1.9809995659986348,30.30690537084399
US2000_USD,1m,Rechazo banda VWAP 1σ,"stop 1,5 / obj 3 ATR",límite,descubrimiento,672,131,-0.3165515296979063,-5.60363523932135,-1.6238368546335344,31.69642857142857
US2000_USD,1m,Rechazo banda VWAP 1σ,stop 2 / obj 3 ATR,mercado,descubrimiento,671,131,-0.4007668323140333,-5.986812831819567,-2.052782782310812,35.46944858420268
US2000_USD,1m,Rechazo banda VWAP 1σ,stop 2 / obj 3 ATR,límite,descubrimiento,604,131,-0.34723622073638705,-5.034388011399686,-1.6009975368303648,36.75496688741722
US2000_USD,1m,Rechazo banda VWAP 1σ,"stop 2 ATR, cierre de sesión",mercado,descubrimiento,487,131,-0.4222348246652871,-2.6999212062473075,-1.5696821344427085,16.427104722792606
US2000_USD,1m,Rechazo banda VWAP 1σ,"stop 2 ATR, cierre de sesión",límite,descubrimiento,433,131,-0.31229936347218246,-1.7860726376437963,-1.0322566746828625,17.782909930715935
US2000_USD,1m,Rechazo banda VWAP 1σ,"stop 1,5 / obj 3 ATR",mercado,validacion,477,79,-0.36043171557432707,-3.828668350379607,-2.176277573784228,28.930817610062892
US2000_USD,1m,Rechazo banda VWAP 1σ,"stop 1,5 / obj 3 ATR",límite,validacion,412,77,-0.400121739533559,-4.270335931396184,-2.140911125815926,28.155339805825243
US2000_USD,1m,Rechazo banda VWAP 1σ,stop 2 / obj 3 ATR,mercado,validacion,411,79,-0.4120154885490762,-3.7468726963337966,-2.1435236176413968,34.306569343065696
US2000_USD,1m,Rechazo banda VWAP 1σ,stop 2 / obj 3 ATR,límite,validacion,371,77,-0.4752167233411134,-3.989125382367533,-2.289680576098092,34.23180592991914
US2000_USD,1m,Rechazo banda VWAP 1σ,"stop 2 ATR, cierre de sesión",mercado,validacion,293,79,-0.30845686051289095,-1.1496572358045287,-1.144023545952874,19.453924914675767
US2000_USD,1m,Rechazo banda VWAP 1σ,"stop 2 ATR, cierre de sesión",límite,validacion,269,77,-0.4173869112715829,-1.4851374592663937,-1.4581438848318935,18.21561338289963
US2000_USD,1m,Barrido de swing (liquidez),"stop 1,5 / obj 3 ATR",mercado,descubrimiento,1006,141,-0.30336223161482545,-7.618071395428447,-2.164414219890173,30.91451292246521
US2000_USD,1m,Barrido de swing (liquidez),"stop 1,5 / obj 3 ATR",límite,descubrimiento,844,141,-0.2736839490847955,-5.839654092908382,-1.6382216526777829,31.516587677725116
US2000_USD,1m,Barrido de swing (liquidez),stop 2 / obj 3 ATR,mercado,descubrimiento,951,141,-0.2929605848868322,-6.198675069186501,-1.9759256470026765,37.74973711882229
US2000_USD,1m,Barrido de swing (liquidez),stop 2 / obj 3 ATR,límite,descubrimiento,796,141,-0.24802284428283636,-4.684367511307638,-1.4001857024761541,39.321608040201006
US2000_USD,1m,Barrido de swing (liquidez),"stop 2 ATR, cierre de sesión",mercado,descubrimiento,475,141,-0.27829509870731667,-1.8388190460561447,-0.937518949545925,19.36842105263158
US2000_USD,1m,Barrido de swing (liquidez),"stop 2 ATR, cierre de sesión",límite,descubrimiento,436,141,-0.26817285462203594,-1.7180167374837412,-0.8292437206752318,19.495412844036696
US2000_USD,1m,Barrido de swing (liquidez),"stop 1,5 / obj 3 ATR",mercado,validacion,657,87,-0.30334395694570215,-4.732880777741447,-2.2907698817623716,31.506849315068493
US2000_USD,1m,Barrido de swing (liquidez),"stop 1,5 / obj 3 ATR",límite,validacion,546,87,-0.2801426722273448,-3.9702129642875135,-1.7581367705302327,32.417582417582416
US2000_USD,1m,Barrido de swing (liquidez),stop 2 / obj 3 ATR,mercado,validacion,627,87,-0.2798890409252024,-3.6563155592384904,-2.017131363909217,38.59649122807017
US2000_USD,1m,Barrido de swing (liquidez),stop 2 / obj 3 ATR,límite,validacion,525,87,-0.28276806099975826,-3.40280593653824,-1.7063589887916448,38.666666666666664
US2000_USD,1m,Barrido de swing (liquidez),"stop 2 ATR, cierre de sesión",mercado,validacion,304,87,-0.3114361193288783,-1.2991570364092677,-1.0882365548963104,17.763157894736842
US2000_USD,1m,Barrido de swing (liquidez),"stop 2 ATR, cierre de sesión",límite,validacion,272,87,-0.2420007744448116,-0.9519567756136345,-0.7566001224021696,18.75
US2000_USD,1m,Barrido del día anterior,"stop 1,5 / obj 3 ATR",mercado,descubrimiento,275,65,-0.23507456157295792,-3.025661450136168,-0.9945462220394373,33.45454545454545
US2000_USD,1m,Barrido del día anterior,"stop 1,5 / obj 3 ATR",límite,descubrimiento,231,64,-0.1754100637590867,-1.9887316382497133,-0.6331206988804535,36.36363636363637
US2000_USD,1m,Barrido del día anterior,stop 2 / obj 3 ATR,mercado,descubrimiento,230,65,-0.16487797318646483,-1.776299727374371,-0.5834143666597986,42.173913043478265
US2000_USD,1m,Barrido del día anterior,stop 2 / obj 3 ATR,límite,descubrimiento,197,64,-0.1362389046782875,-1.3459480474598475,-0.41936037846285373,43.14720812182741
US2000_USD,1m,Barrido del día anterior,"stop 2 ATR, cierre de sesión",mercado,descubrimiento,162,65,-0.23874306791801883,-0.9154573339410181,-0.5950211846572162,18.51851851851852
US2000_USD,1m,Barrido del día anterior,"stop 2 ATR, cierre de sesión",límite,descubrimiento,143,64,-0.10961700087328688,-0.3682680737880017,-0.24492548632625039,19.58041958041958
US2000_USD,1m,Barrido del día anterior,"stop 1,5 / obj 3 ATR",mercado,validacion,135,36,-0.31920945440037696,-2.437069996404755,-1.1970354540014136,30.37037037037037
US2000_USD,1m,Barrido del día anterior,"stop 1,5 / obj 3 ATR",límite,validacion,124,36,-0.32932219429740045,-2.122786323110425,-1.1343320025799348,29.838709677419356
US2000_USD,1m,Barrido del día anterior,stop 2 / obj 3 ATR,mercado,validacion,117,36,-0.3294721611441966,-2.183144946081907,-1.0707845237186389,36.75213675213676
US2000_USD,1m,Barrido del día anterior,stop 2 / obj 3 ATR,límite,validacion,109,36,-0.41080454523403714,-2.373366344839442,-1.2438248730697237,34.862385321100916
US2000_USD,1m,Barrido del día anterior,"stop 2 ATR, cierre de sesión",mercado,validacion,90,36,-0.6326584372943251,-1.688010068375572,-1.5816460932358127,15.555555555555555
US2000_USD,1m,Barrido del día anterior,"stop 2 ATR, cierre de sesión",límite,validacion,88,36,-0.6073440669665761,-1.5729584810188517,-1.4846188303627414,14.772727272727273
US2000_USD,1m,Barrido de la noche (ON),"stop 1,5 / obj 3 ATR",mercado,descubrimiento,328,86,-0.24075570743259844,-3.5165590994863445,-0.91823107020805,32.926829268292686
US2000_USD,1m,Barrido de la noche (ON),"stop 1,5 / obj 3 ATR",límite,descubrimiento,278,84,-0.2340092683275967,-2.9692283195950435,-0.7744592451794271,33.45323741007194
US2000_USD,1m,Barrido de la noche (ON),stop 2 / obj 3 ATR,mercado,descubrimiento,280,86,-0.2263977106690569,-2.6246644213026875,-0.7371088254341388,40.0
US2000_USD,1m,Barrido de la noche (ON),stop 2 / obj 3 ATR,límite,descubrimiento,245,84,-0.17728364724725107,-1.8550855238456636,-0.517077304471149,41.63265306122449
US2000_USD,1m,Barrido de la noche (ON),"stop 2 ATR, cierre de sesión",mercado,descubrimiento,222,86,-0.2709934037462218,-1.176361381346889,-0.6995411119960608,19.81981981981982
US2000_USD,1m,Barrido de la noche (ON),"stop 2 ATR, cierre de sesión",límite,descubrimiento,189,84,-0.16421501050678283,-0.6470618314983158,-0.3694837736402614,21.164021164021165
US2000_USD,1m,Barrido de la noche (ON),"stop 1,5 / obj 3 ATR",mercado,validacion,193,47,-0.20761381974854648,-1.9951936933965637,-0.8525418555631803,33.67875647668394
US2000_USD,1m,Barrido de la noche (ON),"stop 1,5 / obj 3 ATR",límite,validacion,167,46,-0.13024619103470847,-1.0030508877222364,-0.4728503022347024,35.32934131736527
US2000_USD,1m,Barrido de la noche (ON),stop 2 / obj 3 ATR,mercado,validacion,167,47,-0.16627113073163968,-1.2826323904649297,-0.590793166642209,41.91616766467065
US2000_USD,1m,Barrido de la noche (ON),stop 2 / obj 3 ATR,límite,validacion,149,46,-0.05211423002947347,-0.3152865958438615,-0.16880478857372927,44.29530201342282
US2000_USD,1m,Barrido de la noche (ON),"stop 2 ATR, cierre de sesión",mercado,validacion,120,47,-0.5716283628422959,-1.7515238075096677,-1.459476671086713,18.333333333333332
US2000_USD,1m,Barrido de la noche (ON),"stop 2 ATR, cierre de sesión",límite,validacion,105,46,-0.5255699061347465,-1.475755850228069,-1.1996704379162693,20.0
US2000_USD,1m,Ruptura rango apertura 15m,"stop 1,5 / obj 3 ATR",mercado,descubrimiento,398,114,-0.3608808079095416,-5.482883656400167,-1.2599172065613822,29.899497487437188
US2000_USD,1m,Ruptura rango apertura 15m,"stop 1,5 / obj 3 ATR",límite,descubrimiento,333,111,-0.31516788552258834,-4.123460452985164,-0.945503656567765,32.13213213213213
US2000_USD,1m,Ruptura rango apertura 15m,stop 2 / obj 3 ATR,mercado,descubrimiento,346,114,-0.3823225509534747,-4.820462770103894,-1.1603824792096689,36.41618497109826
US2000_USD,1m,Ruptura rango apertura 15m,stop 2 / obj 3 ATR,límite,descubrimiento,296,111,-0.3420865633157488,-3.7538238095207808,-0.9122308355086636,37.5
US2000_USD,1m,Ruptura rango apertura 15m,"stop 2 ATR, cierre de sesión",mercado,descubrimiento,281,114,-0.3247767867244523,-1.8027805398230465,-0.8005462900839571,19.9288256227758
US2000_USD,1m,Ruptura rango apertura 15m,"stop 2 ATR, cierre de sesión",límite,descubrimiento,237,111,-0.34644374285871293,-1.713505400780533,-0.73970420772536,19.831223628691983
US2000_USD,1m,Ruptura rango apertura 15m,"stop 1,5 / obj 3 ATR",mercado,validacion,202,62,-0.32188760885794315,-2.7137826201766084,-1.0487305966016858,32.67326732673268
US2000_USD,1m,Ruptura rango apertura 15m,"stop 1,5 / obj 3 ATR",límite,validacion,164,60,-0.22793382593909667,-1.6431993223820809,-0.6230191242335309,34.146341463414636
US2000_USD,1m,Ruptura rango apertura 15m,stop 2 / obj 3 ATR,mercado,validacion,174,62,-0.32287138935880305,-2.129730195812293,-0.9061229314263182,39.08045977011494
US2000_USD,1m,Ruptura rango apertura 15m,stop 2 / obj 3 ATR,límite,validacion,154,60,-0.37090937691378206,-2.261626703494711,-0.9520007340787073,37.01298701298701
US2000_USD,1m,Ruptura rango apertura 15m,"stop 2 ATR, cierre de sesión",mercado,validacion,144,62,-0.1571928955613385,-0.449199347665647,-0.3650931767876249,22.22222222222222
US2000_USD,1m,Ruptura rango apertura 15m,"stop 2 ATR, cierre de sesión",límite,validacion,130,60,-0.12539727857653696,-0.32804134022843023,-0.27169410358249674,22.30769230769231
US2000_USD,1m,Falsa ruptura rango apertura,"stop 1,5 / obj 3 ATR",mercado,descubrimiento,413,106,-0.3403689623001859,-4.748766494678687,-1.3261545417922336,32.68765133171913
US2000_USD,1m,Falsa ruptura rango apertura,"stop 1,5 / obj 3 ATR",límite,descubrimiento,344,106,-0.2528430470257791,-3.2151348522350385,-0.8205472469515849,35.75581395348838
US2000_USD,1m,Falsa ruptura rango apertura,stop 2 / obj 3 ATR,mercado,descubrimiento,341,106,-0.2825130088686056,-3.2173727679728024,-0.9088390190961745,39.882697947214076
US2000_USD,1m,Falsa ruptura rango apertura,stop 2 / obj 3 ATR,límite,descubrimiento,307,106,-0.26357079833572494,-2.760768854703235,-0.7633607083874298,41.36807817589577
US2000_USD,1m,Falsa ruptura rango apertura,"stop 2 ATR, cierre de sesión",mercado,descubrimiento,249,106,-0.3967346764961064,-1.832506214494794,-0.9319522117691555,18.87550200803213
US2000_USD,1m,Falsa ruptura rango apertura,"stop 2 ATR, cierre de sesión",límite,descubrimiento,235,106,-0.32904104653927907,-1.4503586708778984,-0.7294777918559489,19.148936170212767
US2000_USD,1m,Falsa ruptura rango apertura,"stop 1,5 / obj 3 ATR",mercado,validacion,254,60,-0.34657182884864907,-2.955993447110274,-1.4671540754592811,27.95275590551181
US2000_USD,1m,Falsa ruptura rango apertura,"stop 1,5 / obj 3 ATR",límite,validacion,219,58,-0.3391686472979165,-2.750474304682538,-1.2806540303145468,30.136986301369863
US2000_USD,1m,Falsa ruptura rango apertura,stop 2 / obj 3 ATR,mercado,validacion,218,60,-0.3897173847582545,-2.715273178103482,-1.415973164621658,33.48623853211009
US2000_USD,1m,Falsa ruptura rango apertura,stop 2 / obj 3 ATR,límite,validacion,195,58,-0.3175814723307575,-2.110947540109899,-1.0677308121465123,38.97435897435898
US2000_USD,1m,Falsa ruptura rango apertura,"stop 2 ATR, cierre de sesión",mercado,validacion,155,60,-0.39101043470433433,-1.2069442769678058,-1.0101102896528638,17.419354838709676
US2000_USD,1m,Falsa ruptura rango apertura,"stop 2 ATR, cierre de sesión",límite,validacion,139,58,-0.3980946444537969,-1.1579363133439697,-0.9540544065358235,17.26618705035971
US2000_USD,1m,Reentrada Bollinger,"stop 1,5 / obj 3 ATR",mercado,descubrimiento,1348,141,-0.26821436949049027,-8.91108857591096,-2.5642054615119214,32.27002967359051
US2000_USD,1m,Reentrada Bollinger,"stop 1,5 / obj 3 ATR",límite,descubrimiento,1062,141,-0.2135344865715647,-5.729050053613017,-1.6083235797092321,35.2165725047081
US2000_USD,1m,Reentrada Bollinger,stop 2 / obj 3 ATR,mercado,descubrimiento,1274,141,-0.28193414941314415,-7.530371392744878,-2.5474050095911043,38.46153846153847
US2000_USD,1m,Reentrada Bollinger,stop 2 / obj 3 ATR,límite,descubrimiento,989,141,-0.26295219109996987,-5.4326575884634,-1.844395156013264,40.24266936299292
US2000_USD,1m,Reentrada Bollinger,"stop 2 ATR, cierre de sesión",mercado,descubrimiento,558,141,-0.12504482684384882,-0.808585500759387,-0.4948582509139549,20.07168458781362
US2000_USD,1m,Reentrada Bollinger,"stop 2 ATR, cierre de sesión",límite,descubrimiento,527,141,-0.1046067059429263,-0.658913124612773,-0.3909768371058309,20.683111954459203
US2000_USD,1m,Reentrada Bollinger,"stop 1,5 / obj 3 ATR",mercado,validacion,859,87,-0.3377424023738283,-5.600674985392091,-3.3347209613691784,30.50058207217695
US2000_USD,1m,Reentrada Bollinger,"stop 1,5 / obj 3 ATR",límite,validacion,708,87,-0.3173244808916603,-4.7545779756078925,-2.5823647410493735,31.497175141242938
US2000_USD,1m,Reentrada Bollinger,stop 2 / obj 3 ATR,mercado,validacion,785,87,-0.3475616589808061,-4.824783264482356,-3.136044854022216,36.94267515923567
US2000_USD,1m,Reentrada Bollinger,stop 2 / obj 3 ATR,límite,validacion,657,87,-0.3356154692448107,-4.091883827955871,-2.534475440159088,37.74733637747336
US2000_USD,1m,Reentrada Bollinger,"stop 2 ATR, cierre de sesión",mercado,validacion,379,87,-0.4375307550479519,-2.1172801507446604,-1.906024783484756,17.941952506596305
US2000_USD,1m,Reentrada Bollinger,"stop 2 ATR, cierre de sesión",límite,validacion,360,87,-0.4476326241816817,-2.175032986338904,-1.852272927648338,17.5
US2000_USD,1m,Ruptura squeeze Bollinger,"stop 1,5 / obj 3 ATR",mercado,descubrimiento,477,139,-0.23236994677745534,-4.203523117373543,-0.797413414480908,30.81761006289308
US2000_USD,1m,Ruptura squeeze Bollinger,"stop 1,5 / obj 3 ATR",límite,descubrimiento,407,137,-0.17923570394399677,-3.0172492116937644,-0.5324739525927495,33.660933660933665
US2000_USD,1m,Ruptura squeeze Bollinger,stop 2 / obj 3 ATR,mercado,descubrimiento,458,139,-0.22632362558228575,-3.6359013152196646,-0.7457282051560207,36.681222707423586
US2000_USD,1m,Ruptura squeeze Bollinger,stop 2 / obj 3 ATR,límite,descubrimiento,393,137,-0.16705564429651598,-2.5105656896368873,-0.4792180161206626,40.20356234096692
US2000_USD,1m,Ruptura squeeze Bollinger,"stop 2 ATR, cierre de sesión",mercado,descubrimiento,294,139,-0.15072549068767,-0.8732145033934461,-0.31880067814514373,18.367346938775512
US2000_USD,1m,Ruptura squeeze Bollinger,"stop 2 ATR, cierre de sesión",límite,descubrimiento,258,137,-0.027086997283532425,-0.14267443761352097,-0.051010549628842085,20.930232558139537
US2000_USD,1m,Ruptura squeeze Bollinger,"stop 1,5 / obj 3 ATR",mercado,validacion,305,86,-0.2696474294857191,-3.00952679231351,-0.9563077441063295,30.16393442622951
US2000_USD,1m,Ruptura squeeze Bollinger,"stop 1,5 / obj 3 ATR",límite,validacion,249,85,-0.2738774865017664,-3.1454371919409145,-0.802299931046351,30.923694779116467
US2000_USD,1m,Ruptura squeeze Bollinger,stop 2 / obj 3 ATR,mercado,validacion,293,86,-0.29207240268143186,-2.8095149886752884,-0.9950838835541806,35.49488054607509
US2000_USD,1m,Ruptura squeeze Bollinger,stop 2 / obj 3 ATR,límite,validacion,243,85,-0.34669695004704226,-3.2544661483229467,-0.9911453983697796,34.5679012345679
US2000_USD,1m,Ruptura squeeze Bollinger,"stop 2 ATR, cierre de sesión",mercado,validacion,193,86,-0.3066122021501108,-1.2576154888436737,-0.6880948257554812,18.65284974093264
US2000_USD,1m,Ruptura squeeze Bollinger,"stop 2 ATR, cierre de sesión",límite,validacion,168,85,-0.30422903216444347,-1.1156133536439825,-0.6012997341603118,17.857142857142858
US2000_USD,1m,Ruptura Keltner,"stop 1,5 / obj 3 ATR",mercado,descubrimiento,1208,141,-0.29492899640586334,-8.377717366650684,-2.5267675720445597,29.96688741721854
US2000_USD,1m,Ruptura Keltner,"stop 1,5 / obj 3 ATR",límite,descubrimiento,1041,141,-0.2833157968462789,-7.00935157300564,-2.0917145001203994,30.835734870317005
US2000_USD,1m,Ruptura Keltner,stop 2 / obj 3 ATR,mercado,descubrimiento,1111,141,-0.2925129035386266,-7.029330302931248,-2.304835715116412,35.913591359135914
US2000_USD,1m,Ruptura Keltner,stop 2 / obj 3 ATR,límite,descubrimiento,975,141,-0.2692775348402977,-5.876957558960963,-1.8620255068743992,37.84615384615385
US2000_USD,1m,Ruptura Keltner,"stop 2 ATR, cierre de sesión",mercado,descubrimiento,468,141,-0.3247598418135072,-2.1354438029362184,-1.077926283466109,17.94871794871795
US2000_USD,1m,Ruptura Keltner,"stop 2 ATR, cierre de sesión",límite,descubrimiento,438,141,-0.24522358612601794,-1.5539741699207261,-0.7617583739233749,18.949771689497716
US2000_USD,1m,Ruptura Keltner,"stop 1,5 / obj 3 ATR",mercado,validacion,737,87,-0.26753464542388083,-4.181212256111951,-2.266356708935634,30.664857530529172
US2000_USD,1m,Ruptura Keltner,"stop 1,5 / obj 3 ATR",límite,validacion,629,87,-0.2492916240401484,-3.454826175895442,-1.8023497876006132,31.63751987281399
US2000_USD,1m,Ruptura Keltner,stop 2 / obj 3 ATR,mercado,validacion,671,87,-0.29206656048417495,-3.9862725304402824,-2.252605311320476,36.0655737704918
US2000_USD,1m,Ruptura Keltner,stop 2 / obj 3 ATR,límite,validacion,588,87,-0.2832674785243572,-3.271482680210241,-1.9144974410611726,36.224489795918366
US2000_USD,1m,Ruptura Keltner,"stop 2 ATR, cierre de sesión",mercado,validacion,261,87,-0.016699291282114705,-0.06211878720949649,-0.050097873846344114,23.371647509578544
US2000_USD,1m,Ruptura Keltner,"stop 2 ATR, cierre de sesión",límite,validacion,247,87,0.05712543305317714,0.19325022191336166,0.16218370073718108,23.076923076923077
US2000_USD,1m,Ruptura Donchian 20,"stop 1,5 / obj 3 ATR",mercado,descubrimiento,1285,141,-0.3173962619084891,-10.005625164343565,-2.8925829542724,29.961089494163424
US2000_USD,1m,Ruptura Donchian 20,"stop 1,5 / obj 3 ATR",límite,descubrimiento,1151,141,-0.26668167642274926,-7.652625468094782,-2.176954677748826,31.97219808861859
US2000_USD,1m,Ruptura Donchian 20,stop 2 / obj 3 ATR,mercado,descubrimiento,1218,141,-0.3091522662456704,-8.242136973003918,-2.670549363739195,35.714285714285715
US2000_USD,1m,Ruptura Donchian 20,stop 2 / obj 3 ATR,límite,descubrimiento,1097,141,-0.25257360488421654,-6.232752469949455,-1.9650584720424509,38.65086599817685
US2000_USD,1m,Ruptura Donchian 20,"stop 2 ATR, cierre de sesión",mercado,descubrimiento,454,141,-0.26123026704317226,-1.6397512886953638,-0.841124405940427,18.06167400881057
US2000_USD,1m,Ruptura Donchian 20,"stop 2 ATR, cierre de sesión",límite,descubrimiento,414,141,-0.10764122237388796,-0.6224704827555798,-0.31605295079992635,20.77294685990338
US2000_USD,1m,Ruptura Donchian 20,"stop 1,5 / obj 3 ATR",mercado,validacion,797,87,-0.24571717449494893,-4.87754206464484,-2.250995265200854,31.618569636135508
US2000_USD,1m,Ruptura Donchian 20,"stop 1,5 / obj 3 ATR",límite,validacion,722,87,-0.2260463292390012,-3.770509655446951,-1.8759247093167686,32.27146814404433
US2000_USD,1m,Ruptura Donchian 20,stop 2 / obj 3 ATR,mercado,validacion,759,87,-0.3028400842514374,-4.6813189541927045,-2.6420186660556433,35.96837944664031
US2000_USD,1m,Ruptura Donchian 20,stop 2 / obj 3 ATR,límite,validacion,689,87,-0.2513604734064425,-3.3218967754331143,-1.9906593813452744,38.02612481857765
US2000_USD,1m,Ruptura Donchian 20,"stop 2 ATR, cierre de sesión",mercado,validacion,275,87,-0.2078693223952119,-0.843256788015403,-0.6570582029733709,21.09090909090909
US2000_USD,1m,Ruptura Donchian 20,"stop 2 ATR, cierre de sesión",límite,validacion,262,87,-0.14765755488845086,-0.5669484021897924,-0.44466987793993246,21.755725190839694
US2000_USD,1m,Estocástico cruza en extremo,"stop 1,5 / obj 3 ATR",mercado,descubrimiento,2034,141,-0.2912372378809034,-10.10476558047932,-4.201252069856436,31.071779744346117
US2000_USD,1m,Estocástico cruza en extremo,"stop 1,5 / obj 3 ATR",límite,descubrimiento,1649,141,-0.24029590942525858,-7.761711592970746,-2.810269181859939,33.95997574287447
US2000_USD,1m,Estocástico cruza en extremo,stop 2 / obj 3 ATR,mercado,descubrimiento,1825,141,-0.2948102351323991,-8.27784734097007,-3.815806234869705,37.26027397260274
US2000_USD,1m,Estocástico cruza en extremo,stop 2 / obj 3 ATR,límite,descubrimiento,1514,141,-0.2587600637745284,-6.763108390163559,-2.778459124500965,39.56406869220608
US2000_USD,1m,Estocástico cruza en extremo,"stop 2 ATR, cierre de sesión",mercado,descubrimiento,604,141,-0.19527502756641366,-1.2798003004151,-0.8364972812064813,19.370860927152318
US2000_USD,1m,Estocástico cruza en extremo,"stop 2 ATR, cierre de sesión",límite,descubrimiento,565,141,-0.14732836391315116,-0.9440453094619848,-0.5903583376661731,20.17699115044248
US2000_USD,1m,Estocástico cruza en extremo,"stop 1,5 / obj 3 ATR",mercado,validacion,1340,87,-0.30879920709369535,-7.19808475624101,-4.756217672477606,30.74626865671642
US2000_USD,1m,Estocástico cruza en extremo,"stop 1,5 / obj 3 ATR",límite,validacion,1097,87,-0.31241564763106866,-6.653704700260033,-3.939309947715889,31.084776663628077
US2000_USD,1m,Estocástico cruza en extremo,stop 2 / obj 3 ATR,mercado,validacion,1187,87,-0.3241319482986477,-6.396813240133152,-4.422351984258562,36.56276326874474
US2000_USD,1m,Estocástico cruza en extremo,stop 2 / obj 3 ATR,límite,validacion,974,87,-0.3291617762106702,-5.83155449365589,-3.6850985060826758,36.85831622176591
US2000_USD,1m,Estocástico cruza en extremo,"stop 2 ATR, cierre de sesión",mercado,validacion,396,87,-0.2555356648400649,-1.185008808303693,-1.1631278537547782,19.696969696969695
US2000_USD,1m,Estocástico cruza en extremo,"stop 2 ATR, cierre de sesión",límite,validacion,389,87,-0.3407608028027253,-1.638063538317424,-1.5236316355202315,19.53727506426735
US2000_USD,1m,MACD histograma cruza 0,"stop 1,5 / obj 3 ATR",mercado,descubrimiento,1821,141,-0.2745213085432413,-9.665685185868389,-3.545413495441436,31.521142229544207
US2000_USD,1m,MACD histograma cruza 0,"stop 1,5 / obj 3 ATR",límite,descubrimiento,1480,141,-0.22488323337376329,-6.4560933382097785,-2.3604764921501395,33.108108108108105
US2000_USD,1m,MACD histograma cruza 0,stop 2 / obj 3 ATR,mercado,descubrimiento,1704,141,-0.2886333880486885,-8.729021867194833,-3.48816520024798,37.26525821596244
US2000_USD,1m,MACD histograma cruza 0,stop 2 / obj 3 ATR,límite,descubrimiento,1405,141,-0.2514330010716273,-6.4604593518988285,-2.5054139468484844,38.71886120996441
US2000_USD,1m,MACD histograma cruza 0,"stop 2 ATR, cierre de sesión",mercado,descubrimiento,575,141,-0.2331118621938298,-1.6268168656593402,-0.9506334805776747,20.0
US2000_USD,1m,MACD histograma cruza 0,"stop 2 ATR, cierre de sesión",límite,descubrimiento,535,141,-0.20470473993561208,-1.3726828266772602,-0.7767165664223579,20.373831775700936
US2000_USD,1m,MACD histograma cruza 0,"stop 1,5 / obj 3 ATR",mercado,validacion,1159,87,-0.27994747010788507,-6.251939309018567,-3.7294151477590667,31.061259706643657
US2000_USD,1m,MACD histograma cruza 0,"stop 1,5 / obj 3 ATR",límite,validacion,946,87,-0.2620370900761935,-5.1654177836123605,-2.8492768645066557,31.606765327695562
US2000_USD,1m,MACD histograma cruza 0,stop 2 / obj 3 ATR,mercado,validacion,1074,87,-0.2770039545334525,-5.0972910177564605,-3.4195660594129653,37.243947858473
US2000_USD,1m,MACD histograma cruza 0,stop 2 / obj 3 ATR,límite,validacion,875,87,-0.2749113363077321,-4.5401130808176475,-2.7649128651639727,37.371428571428574
US2000_USD,1m,MACD histograma cruza 0,"stop 2 ATR, cierre de sesión",mercado,validacion,348,87,-0.1610147741154929,-0.6523542440732277,-0.6440590964619716,21.551724137931032
US2000_USD,1m,MACD histograma cruza 0,"stop 2 ATR, cierre de sesión",límite,validacion,324,87,-0.1082402281554211,-0.41762978981198956,-0.4031015393374303,20.679012345679013
US2000_USD,1m,RSI(2) extremo,"stop 1,5 / obj 3 ATR",mercado,descubrimiento,2084,141,-0.2702468188984609,-8.90841118964573,-3.9942863162013658,31.381957773512475
US2000_USD,1m,RSI(2) extremo,"stop 1,5 / obj 3 ATR",límite,descubrimiento,1608,141,-0.22316547392342906,-6.311457469257694,-2.545036043041659,33.45771144278607
US2000_USD,1m,RSI(2) extremo,stop 2 / obj 3 ATR,mercado,descubrimiento,1794,141,-0.2476478038694793,-6.903822768705099,-3.1509231215733746,38.46153846153847
US2000_USD,1m,RSI(2) extremo,stop 2 / obj 3 ATR,límite,descubrimiento,1410,141,-0.22155477016522446,-5.380862321984783,-2.2155477016522447,39.9290780141844
US2000_USD,1m,RSI(2) extremo,"stop 2 ATR, cierre de sesión",mercado,descubrimiento,605,141,-0.14820055248640296,-1.024653275881393,-0.635895987618963,19.173553719008265
US2000_USD,1m,RSI(2) extremo,"stop 2 ATR, cierre de sesión",límite,descubrimiento,567,141,-0.13121716217264204,-0.844764962290781,-0.5276605032048797,19.576719576719576
US2000_USD,1m,RSI(2) extremo,"stop 1,5 / obj 3 ATR",mercado,validacion,1224,87,-0.20225073237874702,-5.004016122902104,-2.8454585796734064,33.169934640522875
US2000_USD,1m,RSI(2) extremo,"stop 1,5 / obj 3 ATR",límite,validacion,976,87,-0.21398744747429768,-4.181618239857043,-2.400594813044995,33.40163934426229
US2000_USD,1m,RSI(2) extremo,stop 2 / obj 3 ATR,mercado,validacion,1067,87,-0.20268640683207276,-4.165644228634421,-2.4858206447105933,39.64386129334583
US2000_USD,1m,RSI(2) extremo,stop 2 / obj 3 ATR,límite,validacion,859,87,-0.2703807839194773,-4.555965788005941,-2.669621763067023,38.41676367869616
US2000_USD,1m,RSI(2) extremo,"stop 2 ATR, cierre de sesión",mercado,validacion,366,87,-0.14131723518568715,-0.6506367798929059,-0.5945069894018562,19.94535519125683
US2000_USD,1m,RSI(2) extremo,"stop 2 ATR, cierre de sesión",límite,validacion,360,87,-0.22006150248703898,-1.0290979671597174,-0.9105993206360234,19.444444444444446
US2000_USD,1m,RSI(7) sale de 30/70,"stop 1,5 / obj 3 ATR",mercado,descubrimiento,1751,141,-0.28641318774755636,-11.032372452709382,-3.5568049059997957,31.467732724157628
US2000_USD,1m,RSI(7) sale de 30/70,"stop 1,5 / obj 3 ATR",límite,descubrimiento,1378,141,-0.24701974705762303,-7.44508882920366,-2.4141362513858478,34.034833091436866
US2000_USD,1m,RSI(7) sale de 30/70,stop 2 / obj 3 ATR,mercado,descubrimiento,1551,141,-0.2910744798564021,-8.6317377439793,-3.2018192784204236,38.039974210186976
US2000_USD,1m,RSI(7) sale de 30/70,stop 2 / obj 3 ATR,límite,descubrimiento,1256,141,-0.2684073004096265,-6.578727478936495,-2.390918931308446,39.72929936305732
US2000_USD,1m,RSI(7) sale de 30/70,"stop 2 ATR, cierre de sesión",mercado,descubrimiento,609,141,-0.29363803648950326,-2.161012946825898,-1.268266412922748,19.54022988505747
US2000_USD,1m,RSI(7) sale de 30/70,"stop 2 ATR, cierre de sesión",límite,descubrimiento,567,141,-0.2554017453122325,-1.7584235875527938,-1.0270410609364242,19.929453262786595
US2000_USD,1m,RSI(7) sale de 30/70,"stop 1,5 / obj 3 ATR",mercado,validacion,1117,87,-0.2795969669430651,-5.449264300618694,-3.5897679548896972,31.24440465532677
US2000_USD,1m,RSI(7) sale de 30/70,"stop 1,5 / obj 3 ATR",límite,validacion,901,87,-0.32602484041928115,-6.201694516317342,-3.376418174916923,31.29855715871254
US2000_USD,1m,RSI(7) sale de 30/70,stop 2 / obj 3 ATR,mercado,validacion,973,87,-0.31868683020150895,-5.267071953857439,-3.564164204437566,36.485097636176775
US2000_USD,1m,RSI(7) sale de 30/70,stop 2 / obj 3 ATR,límite,validacion,798,87,-0.3661711183400285,-5.454915306976145,-3.3586730164981926,37.468671679197996
US2000_USD,1m,RSI(7) sale de 30/70,"stop 2 ATR, cierre de sesión",mercado,validacion,402,87,-0.2765008440324975,-1.3111714604719324,-1.2776245896674023,19.154228855721392
US2000_USD,1m,RSI(7) sale de 30/70,"stop 2 ATR, cierre de sesión",límite,validacion,374,87,-0.37226779787671543,-1.7748677655719665,-1.6003236368493285,19.518716577540108
US2000_USD,1m,CCI sale de ±100,"stop 1,5 / obj 3 ATR",mercado,descubrimiento,2139,141,-0.28727764457312277,-12.17875206727441,-4.358062991077373,30.949041608228146
US2000_USD,1m,CCI sale de ±100,"stop 1,5 / obj 3 ATR",límite,descubrimiento,1664,141,-0.26687819015558073,-8.970046191182556,-3.149541194460187,32.512019230769226
US2000_USD,1m,CCI sale de ±100,stop 2 / obj 3 ATR,mercado,descubrimiento,1876,141,-0.3017869845945317,-10.059930480149252,-4.015265128364124,36.940298507462686
US2000_USD,1m,CCI sale de ±100,stop 2 / obj 3 ATR,límite,descubrimiento,1496,141,-0.2871847557969843,-7.679922568992274,-3.0470098912928267,37.70053475935829
US2000_USD,1m,CCI sale de ±100,"stop 2 ATR, cierre de sesión",mercado,descubrimiento,602,141,-0.20243105002100875,-1.4101145214144932,-0.8642800859052997,20.26578073089701
US2000_USD,1m,CCI sale de ±100,"stop 2 ATR, cierre de sesión",límite,descubrimiento,573,141,-0.23021077657371472,-1.5871535542196438,-0.9355374111825429,20.24432809773124
US2000_USD,1m,CCI sale de ±100,"stop 1,5 / obj 3 ATR",mercado,validacion,1286,87,-0.29897485415594177,-6.72129723398269,-4.41932945338553,31.337480559875587
US2000_USD,1m,CCI sale de ±100,"stop 1,5 / obj 3 ATR",límite,validacion,1058,87,-0.3240438565371122,-6.4811194524337425,-3.940671266853617,30.340264650283554
US2000_USD,1m,CCI sale de ±100,stop 2 / obj 3 ATR,mercado,validacion,1133,87,-0.2883094791611808,-5.270199411787983,-3.7546510332139986,37.59929390997352
US2000_USD,1m,CCI sale de ±100,stop 2 / obj 3 ATR,límite,validacion,942,87,-0.3262888737091154,-5.26206130903027,-3.532920908436629,36.730360934182585
US2000_USD,1m,CCI sale de ±100,"stop 2 ATR, cierre de sesión",mercado,validacion,382,87,-0.21758259033521604,-0.9520664649510119,-0.9553626380235923,20.418848167539267
US2000_USD,1m,CCI sale de ±100,"stop 2 ATR, cierre de sesión",límite,validacion,362,87,-0.20039241967402924,-0.848083870925411,-0.8338167347356159,20.994475138121548
US2000_USD,1m,Supertrend cambia,"stop 1,5 / obj 3 ATR",mercado,descubrimiento,732,141,-0.3257703498305629,-6.834703760747925,-1.691233305503348,29.6448087431694
US2000_USD,1m,Supertrend cambia,"stop 1,5 / obj 3 ATR",límite,descubrimiento,614,141,-0.28038483271372555,-5.104288694275786,-1.2209665764980673,31.921824104234524
US2000_USD,1m,Supertrend cambia,stop 2 / obj 3 ATR,mercado,descubrimiento,731,141,-0.3157870149561988,-6.04853916651449,-1.6371653044892294,36.25170998632011
US2000_USD,1m,Supertrend cambia,stop 2 / obj 3 ATR,límite,descubrimiento,614,141,-0.2736340980937601,-4.817734643978913,-1.191569760493395,37.94788273615635
US2000_USD,1m,Supertrend cambia,"stop 2 ATR, cierre de sesión",mercado,descubrimiento,427,141,-0.18137642670684417,-1.1180986718084156,-0.5492747106654076,19.20374707259953
US2000_USD,1m,Supertrend cambia,"stop 2 ATR, cierre de sesión",límite,descubrimiento,372,141,-0.05411187613652668,-0.30097884408799885,-0.14276324767934698,21.50537634408602
US2000_USD,1m,Supertrend cambia,"stop 1,5 / obj 3 ATR",mercado,validacion,460,87,-0.2583560736442873,-3.1165909008822434,-1.3660206192686455,31.08695652173913
US2000_USD,1m,Supertrend cambia,"stop 1,5 / obj 3 ATR",límite,validacion,391,87,-0.20898374016137986,-2.426450779562751,-0.9392257747482704,33.248081841432224
US2000_USD,1m,Supertrend cambia,stop 2 / obj 3 ATR,mercado,validacion,460,87,-0.2964094813747699,-3.6333327149067007,-1.567222545199933,36.08695652173913
US2000_USD,1m,Supertrend cambia,stop 2 / obj 3 ATR,límite,validacion,391,87,-0.2258456612791225,-2.726573210276234,-1.0150075121854816,39.38618925831202
US2000_USD,1m,Supertrend cambia,"stop 2 ATR, cierre de sesión",mercado,validacion,264,87,-0.14617697525193643,-0.5725386506746546,-0.44357151110932436,21.21212121212121
US2000_USD,1m,Supertrend cambia,"stop 2 ATR, cierre de sesión",límite,validacion,227,87,0.009966240977492468,0.0338478220276829,0.02600387013667575,22.90748898678414
US2000_USD,1m,ADX>25 + cruce DI,"stop 1,5 / obj 3 ATR",mercado,descubrimiento,332,135,-0.2969492217891254,-3.9861997599515426,-0.730275123214738,31.024096385542173
US2000_USD,1m,ADX>25 + cruce DI,"stop 1,5 / obj 3 ATR",límite,descubrimiento,271,127,-0.29012495811927563,-3.578435095311852,-0.6190855405537299,31.73431734317343
US2000_USD,1m,ADX>25 + cruce DI,stop 2 / obj 3 ATR,mercado,descubrimiento,325,135,-0.3128557069308999,-3.968018931174245,-0.7531711463151295,37.230769230769226
US2000_USD,1m,ADX>25 + cruce DI,stop 2 / obj 3 ATR,límite,descubrimiento,266,127,-0.3274994518895859,-3.7831753201588723,-0.6859437338789752,37.21804511278196
US2000_USD,1m,ADX>25 + cruce DI,"stop 2 ATR, cierre de sesión",mercado,descubrimiento,250,135,-0.1083789594307074,-0.5531977718734126,-0.2007017767235322,24.0
US2000_USD,1m,ADX>25 + cruce DI,"stop 2 ATR, cierre de sesión",límite,descubrimiento,218,127,-0.10093423576093652,-0.461844956980763,-0.17325719209357607,22.477064220183486
US2000_USD,1m,ADX>25 + cruce DI,"stop 1,5 / obj 3 ATR",mercado,validacion,201,77,-0.21985620952179086,-1.7087589968067172,-0.5739103651153241,30.845771144278604
US2000_USD,1m,ADX>25 + cruce DI,"stop 1,5 / obj 3 ATR",límite,validacion,167,71,-0.3208561975791137,-2.2558948307834603,-0.7546899295170703,28.74251497005988
US2000_USD,1m,ADX>25 + cruce DI,stop 2 / obj 3 ATR,mercado,validacion,199,77,-0.3174412770450282,-2.2352615979359074,-0.820400183531956,35.175879396984925
US2000_USD,1m,ADX>25 + cruce DI,stop 2 / obj 3 ATR,límite,validacion,166,71,-0.25002178237087297,-1.5139729993037454,-0.58455797005021,38.55421686746988
US2000_USD,1m,ADX>25 + cruce DI,"stop 2 ATR, cierre de sesión",mercado,validacion,164,77,-0.43545911103331036,-1.6083029190943203,-0.927471353369648,19.51219512195122
US2000_USD,1m,ADX>25 + cruce DI,"stop 2 ATR, cierre de sesión",límite,validacion,146,71,-0.4807209455606798,-1.7066660654664925,-0.9885247612937923,20.54794520547945
US2000_USD,1m,Envolvente,"stop 1,5 / obj 3 ATR",mercado,descubrimiento,1586,141,-0.2796661899357128,-8.835356580434608,-3.145748774737876,31.33669609079445
US2000_USD,1m,Envolvente,"stop 1,5 / obj 3 ATR",límite,descubrimiento,1350,141,-0.23721113370838912,-7.166129390013918,-2.2711704291228747,32.88888888888889
US2000_USD,1m,Envolvente,stop 2 / obj 3 ATR,mercado,descubrimiento,1479,141,-0.3069706958042391,-8.728619382894843,-3.2199266602444654,36.7816091954023
US2000_USD,1m,Envolvente,stop 2 / obj 3 ATR,límite,descubrimiento,1268,141,-0.24643039901438052,-6.712546806259676,-2.2161258578030814,38.72239747634069
US2000_USD,1m,Envolvente,"stop 2 ATR, cierre de sesión",mercado,descubrimiento,545,141,-0.16877703380411363,-1.036341317311669,-0.6523651306612902,18.71559633027523
US2000_USD,1m,Envolvente,"stop 2 ATR, cierre de sesión",límite,descubrimiento,500,141,-0.06264440084506305,-0.3679719123824162,-0.22214326540802498,20.599999999999998
US2000_USD,1m,Envolvente,"stop 1,5 / obj 3 ATR",mercado,validacion,1097,87,-0.2533851001465041,-4.763747445854954,-3.194982239778333,31.722880583409296
US2000_USD,1m,Envolvente,"stop 1,5 / obj 3 ATR",límite,validacion,951,87,-0.28233375417978357,-4.9142119977963015,-3.08620000258591,30.49421661409043
US2000_USD,1m,Envolvente,stop 2 / obj 3 ATR,mercado,validacion,1010,87,-0.2629687366017323,-4.539384902945669,-3.052855447905168,37.82178217821782
US2000_USD,1m,Envolvente,stop 2 / obj 3 ATR,límite,validacion,869,87,-0.2868807570294338,-4.70219955053052,-2.865510090328482,37.39930955120829
US2000_USD,1m,Envolvente,"stop 2 ATR, cierre de sesión",mercado,validacion,357,87,-0.24741691057076245,-1.0893445811502085,-1.015262495100715,20.72829131652661
US2000_USD,1m,Envolvente,"stop 2 ATR, cierre de sesión",límite,validacion,343,87,-0.2607957082683535,-1.1235319403820032,-1.0281945739775318,19.533527696793
US2000_USD,1m,Martillo / estrella,"stop 1,5 / obj 3 ATR",mercado,descubrimiento,2239,141,-0.2516781419399921,-9.22545098991859,-3.9965060978981723,32.157213041536394
US2000_USD,1m,Martillo / estrella,"stop 1,5 / obj 3 ATR",límite,descubrimiento,1922,141,-0.20441886767593878,-6.600051768277289,-2.7864756288876196,34.443288241415196
US2000_USD,1m,Martillo / estrella,stop 2 / obj 3 ATR,mercado,descubrimiento,2038,141,-0.2621265789622062,-8.298786188489483,-3.7887515455672074,38.17468105986261
US2000_USD,1m,Martillo / estrella,stop 2 / obj 3 ATR,límite,descubrimiento,1786,141,-0.21416991120217263,-6.336412095995053,-2.7128188752275197,40.70548712206047
US2000_USD,1m,Martillo / estrella,"stop 2 ATR, cierre de sesión",mercado,descubrimiento,573,141,-0.1323200609530207,-0.8247782215811423,-0.5377262051495096,19.895287958115183
US2000_USD,1m,Martillo / estrella,"stop 2 ATR, cierre de sesión",límite,descubrimiento,544,141,-0.0927647926378023,-0.5592852268326687,-0.3579010439359181,20.22058823529412
US2000_USD,1m,Martillo / estrella,"stop 1,5 / obj 3 ATR",mercado,validacion,1372,87,-0.2965864228286553,-5.966220444715779,-4.677201978401323,30.903790087463555
US2000_USD,1m,Martillo / estrella,"stop 1,5 / obj 3 ATR",límite,validacion,1183,87,-0.3419797702031437,-6.600001008303465,-4.650138714371482,29.839391377852913
US2000_USD,1m,Martillo / estrella,stop 2 / obj 3 ATR,mercado,validacion,1238,87,-0.3245620380358026,-5.888630173838596,-4.618480495268087,36.67205169628433
US2000_USD,1m,Martillo / estrella,stop 2 / obj 3 ATR,límite,validacion,1089,87,-0.3316484879308253,-5.818622848744436,-4.151324176513434,37.1900826446281
US2000_USD,1m,Martillo / estrella,"stop 2 ATR, cierre de sesión",mercado,validacion,386,87,-0.2968189858783834,-1.3648604735092098,-1.3169210178052415,19.4300518134715
US2000_USD,1m,Martillo / estrella,"stop 2 ATR, cierre de sesión",límite,validacion,391,87,-0.40743649167834767,-1.999610613427513,-1.8311226235199303,18.414322250639387
US2000_USD,1m,Ruptura de inside bar,"stop 1,5 / obj 3 ATR",mercado,descubrimiento,2113,141,-0.28425398730869067,-11.837960274492445,-4.259777838179173,31.235210601041175
US2000_USD,1m,Ruptura de inside bar,"stop 1,5 / obj 3 ATR",límite,descubrimiento,1806,141,-0.2626022045672175,-9.542298266492903,-3.36354313083968,32.39202657807309
US2000_USD,1m,Ruptura de inside bar,stop 2 / obj 3 ATR,mercado,descubrimiento,1947,141,-0.3085564116947463,-10.437899675150978,-4.2607044934019225,36.260914227015924
US2000_USD,1m,Ruptura de inside bar,stop 2 / obj 3 ATR,límite,descubrimiento,1694,141,-0.27491528877958227,-8.470836112882033,-3.3028829729972506,37.95749704840614
US2000_USD,1m,Ruptura de inside bar,"stop 2 ATR, cierre de sesión",mercado,descubrimiento,562,141,-0.24467845056830775,-1.6283836317565363,-0.9752431859531132,18.683274021352315
US2000_USD,1m,Ruptura de inside bar,"stop 2 ATR, cierre de sesión",límite,descubrimiento,546,141,-0.22988859751374258,-1.5320395772761506,-0.890206909521301,19.413919413919416
US2000_USD,1m,Ruptura de inside bar,"stop 1,5 / obj 3 ATR",mercado,validacion,1132,87,-0.31035221166136717,-6.032354780883659,-4.0381460183984785,30.212014134275616
US2000_USD,1m,Ruptura de inside bar,"stop 1,5 / obj 3 ATR",límite,validacion,959,87,-0.30656376922011275,-5.325566137753624,-3.379248904391818,31.178310740354537
US2000_USD,1m,Ruptura de inside bar,stop 2 / obj 3 ATR,mercado,validacion,1046,87,-0.31172115839635695,-4.963324258512981,-3.7478199043975793,36.4244741873805
US2000_USD,1m,Ruptura de inside bar,stop 2 / obj 3 ATR,límite,validacion,906,87,-0.3430426072989404,-5.037317181026986,-3.572374738078621,36.423841059602644
US2000_USD,1m,Ruptura de inside bar,"stop 2 ATR, cierre de sesión",mercado,validacion,334,87,-0.24369932790562046,-1.0010101258288917,-0.9355813278215774,21.25748502994012
US2000_USD,1m,Ruptura de inside bar,"stop 2 ATR, cierre de sesión",límite,validacion,327,87,-0.2937058634232087,-1.2157066248611352,-1.1039289349355086,21.100917431192663
US2000_USD,1m,Clímax de volumen (reversión),"stop 1,5 / obj 3 ATR",mercado,descubrimiento,179,93,-0.37702371285349756,-4.7158617420071085,-0.7256692967825383,27.932960893854748
US2000_USD,1m,Clímax de volumen (reversión),"stop 1,5 / obj 3 ATR",límite,descubrimiento,156,86,-0.27583432739745245,-2.990480171472057,-0.5003506403953789,33.97435897435898
US2000_USD,1m,Clímax de volumen (reversión),stop 2 / obj 3 ATR,mercado,descubrimiento,176,93,-0.35097911504048135,-3.846424117778055,-0.6642185402916636,38.06818181818182
US2000_USD,1m,Clímax de volumen (reversión),stop 2 / obj 3 ATR,límite,descubrimiento,155,86,-0.2817730967060335,-2.6654069997325656,-0.5078468603422697,41.935483870967744
US2000_USD,1m,Clímax de volumen (reversión),"stop 2 ATR, cierre de sesión",mercado,descubrimiento,154,93,-0.47424246644976314,-2.621451794592508,-0.7853047293899303,15.584415584415584
US2000_USD,1m,Clímax de volumen (reversión),"stop 2 ATR, cierre de sesión",límite,descubrimiento,132,86,-0.3871420566457905,-1.8749459664119084,-0.5942180404330738,16.666666666666664
US2000_USD,1m,Clímax de volumen (reversión),"stop 1,5 / obj 3 ATR",mercado,validacion,28,21,-0.38956585168832003,-1.181064724583385,-0.5194211355844267,28.57142857142857
US2000_USD,1m,Clímax de volumen (reversión),"stop 1,5 / obj 3 ATR",límite,validacion,25,19,-0.5455252782105708,-1.6455943527684118,-0.7177964186981195,24.0
US2000_USD,1m,Clímax de volumen (reversión),stop 2 / obj 3 ATR,mercado,validacion,28,21,-0.5330877721692191,-1.433424699359937,-0.7107836962256254,32.142857142857146
US2000_USD,1m,Clímax de volumen (reversión),stop 2 / obj 3 ATR,límite,validacion,25,19,-0.5932306002139375,-1.5815582819762544,-0.7805665792288651,28.000000000000004
US2000_USD,1m,Clímax de volumen (reversión),"stop 2 ATR, cierre de sesión",mercado,validacion,27,21,-1.148088979650325,-3.757375954503667,-1.4761144024075608,14.814814814814813
US2000_USD,1m,Clímax de volumen (reversión),"stop 2 ATR, cierre de sesión",límite,validacion,24,19,-1.1353869465191302,-3.392580595368639,-1.4341729850767961,12.5
US2000_USD,1m,Divergencia SMT,"stop 1,5 / obj 3 ATR",mercado,descubrimiento,622,136,-0.2505462744606,-4.878464938686717,-1.1458807552536268,32.475884244372985
US2000_USD,1m,Divergencia SMT,"stop 1,5 / obj 3 ATR",límite,descubrimiento,513,133,-0.2743994125555459,-4.673556804041749,-1.05839773414282,31.968810916179336
US2000_USD,1m,Divergencia SMT,stop 2 / obj 3 ATR,mercado,descubrimiento,575,136,-0.22171846851350174,-3.4578138207713898,-0.9374126426122317,38.95652173913044
US2000_USD,1m,Divergencia SMT,stop 2 / obj 3 ATR,límite,descubrimiento,481,133,-0.24677338651709604,-3.293839886670498,-0.8924661572535579,39.2931392931393
US2000_USD,1m,Divergencia SMT,"stop 2 ATR, cierre de sesión",mercado,descubrimiento,351,136,-0.09075071903309116,-0.4672955652889757,-0.23421692926922794,21.367521367521366
US2000_USD,1m,Divergencia SMT,"stop 2 ATR, cierre de sesión",límite,descubrimiento,334,133,-0.138782477839988,-0.7147333734001478,-0.3485214105154586,20.35928143712575
US2000_USD,1m,Divergencia SMT,"stop 1,5 / obj 3 ATR",mercado,validacion,448,81,-0.32914439450914823,-3.6910865431974873,-1.8204529474086222,30.357142857142854
US2000_USD,1m,Divergencia SMT,"stop 1,5 / obj 3 ATR",límite,validacion,380,80,-0.36711329482159016,-3.4159242115679262,-1.7437881504025534,28.947368421052634
US2000_USD,1m,Divergencia SMT,stop 2 / obj 3 ATR,mercado,validacion,408,81,-0.3751229077594293,-3.5445511538480186,-1.8895079798252734,36.51960784313725
US2000_USD,1m,Divergencia SMT,stop 2 / obj 3 ATR,límite,validacion,356,80,-0.3840916614324157,-3.2901114355053838,-1.7092078933742498,36.235955056179776
US2000_USD,1m,Divergencia SMT,"stop 2 ATR, cierre de sesión",mercado,validacion,258,81,-0.3485570576245307,-1.218491322474892,-1.110218776137394,17.829457364341085
US2000_USD,1m,Divergencia SMT,"stop 2 ATR, cierre de sesión",límite,validacion,239,80,-0.355566586047444,-1.1529889771544428,-1.062255175816739,17.154811715481173
US2000_USD,1m,Vela de impulso,"stop 1,5 / obj 3 ATR",mercado,descubrimiento,396,129,-0.32886687413717336,-5.343778799330316,-1.0095448229327182,28.030303030303028
US2000_USD,1m,Vela de impulso,"stop 1,5 / obj 3 ATR",límite,descubrimiento,337,127,-0.35172097297947014,-5.66973498588209,-0.9333068338116649,27.299703264094955
US2000_USD,1m,Vela de impulso,stop 2 / obj 3 ATR,mercado,descubrimiento,394,129,-0.40390809889887974,-5.779456862042991,-1.233641790435338,32.48730964467005
US2000_USD,1m,Vela de impulso,stop 2 / obj 3 ATR,límite,descubrimiento,336,127,-0.40139940627239745,-5.490928676057926,-1.0619700827364216,33.035714285714285
US2000_USD,1m,Vela de impulso,"stop 2 ATR, cierre de sesión",mercado,descubrimiento,298,129,-0.5386440840023666,-3.544324360080945,-1.244309589400816,14.76510067114094
US2000_USD,1m,Vela de impulso,"stop 2 ATR, cierre de sesión",límite,descubrimiento,267,127,-0.4850770819633791,-3.051326828857648,-1.019807723497813,16.10486891385768
US2000_USD,1m,Vela de impulso,"stop 1,5 / obj 3 ATR",mercado,validacion,166,75,-0.3964634206322922,-3.070236298663978,-0.8775057043328066,27.710843373493976
US2000_USD,1m,Vela de impulso,"stop 1,5 / obj 3 ATR",límite,validacion,146,73,-0.3783131435676097,-2.7568152224874583,-0.7566262871352194,28.767123287671232
US2000_USD,1m,Vela de impulso,stop 2 / obj 3 ATR,mercado,validacion,164,75,-0.41050845343811393,-2.7504600826098784,-0.8976451515180092,34.146341463414636
US2000_USD,1m,Vela de impulso,stop 2 / obj 3 ATR,límite,validacion,145,73,-0.440418438401647,-2.660677407131108,-0.8748037475101208,33.793103448275865
US2000_USD,1m,Vela de impulso,"stop 2 ATR, cierre de sesión",mercado,validacion,143,75,-0.6318113321489963,-2.487107223987656,-1.204653606630753,12.587412587412588
US2000_USD,1m,Vela de impulso,"stop 2 ATR, cierre de sesión",límite,validacion,129,73,-0.6217600569945878,-2.3035388210712675,-1.0987266760589292,13.178294573643413
US2000_USD,3m,EMA 9 pullback en tendencia,"stop 1,5 / obj 3 ATR",mercado,descubrimiento,541,131,-0.34009872385755874,-4.077076173956218,-1.4045298443277807,33.64140480591497
US2000_USD,3m,EMA 9 pullback en tendencia,"stop 1,5 / obj 3 ATR",límite,descubrimiento,495,131,-0.31453397902383434,-3.8225082587579955,-1.1885062566167786,34.74747474747475
US2000_USD,3m,EMA 9 pullback en tendencia,stop 2 / obj 3 ATR,mercado,descubrimiento,477,131,-0.37277460979666655,-3.741168903329599,-1.3573548768932056,39.41299790356394
US2000_USD,3m,EMA 9 pullback en tendencia,stop 2 / obj 3 ATR,límite,descubrimiento,447,131,-0.35241958364598264,-3.5639529414912863,-1.2025309457233149,40.26845637583892
US2000_USD,3m,EMA 9 pullback en tendencia,"stop 2 ATR, cierre de sesión",mercado,descubrimiento,242,131,-0.428034498939841,-1.8103014934291335,-0.7907202194155841,27.685950413223143
US2000_USD,3m,EMA 9 pullback en tendencia,"stop 2 ATR, cierre de sesión",límite,descubrimiento,230,131,-0.38412084340013253,-1.586417282674072,-0.6744106410842021,29.130434782608695
US2000_USD,3m,EMA 9 pullback en tendencia,"stop 1,5 / obj 3 ATR",mercado,validacion,312,79,-0.29052403216017053,-1.9032364991899633,-1.1473860510629519,34.294871794871796
US2000_USD,3m,EMA 9 pullback en tendencia,"stop 1,5 / obj 3 ATR",límite,validacion,289,79,-0.2526136934327527,-1.622009579852348,-0.9241184481274117,34.94809688581315
US2000_USD,3m,EMA 9 pullback en tendencia,stop 2 / obj 3 ATR,mercado,validacion,269,79,-0.1892427011917942,-0.9594528478720191,-0.6443833749442106,42.00743494423792
US2000_USD,3m,EMA 9 pullback en tendencia,stop 2 / obj 3 ATR,límite,validacion,262,79,-0.2309970048255824,-1.1994993531428386,-0.7660913324595264,41.221374045801525
US2000_USD,3m,EMA 9 pullback en tendencia,"stop 2 ATR, cierre de sesión",mercado,validacion,136,79,-0.1375704721421516,-0.30166649245594074,-0.23683017989028632,29.411764705882355
US2000_USD,3m,EMA 9 pullback en tendencia,"stop 2 ATR, cierre de sesión",límite,validacion,134,79,-0.17703297560952638,-0.39811947332921904,-0.300283781413627,30.597014925373134
US2000_USD,3m,Recupera VWAP,"stop 1,5 / obj 3 ATR",mercado,descubrimiento,399,133,-0.24822666101050753,-2.0521489961148283,-0.7446799830315226,34.335839598997495
US2000_USD,3m,Recupera VWAP,"stop 1,5 / obj 3 ATR",límite,descubrimiento,369,128,-0.22077235766996006,-1.7284446391648802,-0.6364453123454318,34.68834688346883
US2000_USD,3m,Recupera VWAP,stop 2 / obj 3 ATR,mercado,descubrimiento,364,133,-0.3602800145018383,-2.5187716131943807,-0.9860295133734521,39.285714285714285
US2000_USD,3m,Recupera VWAP,stop 2 / obj 3 ATR,límite,descubrimiento,337,128,-0.35935681414817605,-2.4154562977693628,-0.9461191122494947,38.87240356083086
US2000_USD,3m,Recupera VWAP,"stop 2 ATR, cierre de sesión",mercado,descubrimiento,281,133,-0.33257252043253543,-1.262678457408757,-0.7026532198612215,25.622775800711743
US2000_USD,3m,Recupera VWAP,"stop 2 ATR, cierre de sesión",límite,descubrimiento,258,128,-0.5183359567028724,-2.012550515375993,-1.044770912729227,23.643410852713178
US2000_USD,3m,Recupera VWAP,"stop 1,5 / obj 3 ATR",mercado,validacion,222,80,-0.3129663259026329,-1.5371096348655322,-0.8684815543798063,34.234234234234236
US2000_USD,3m,Recupera VWAP,"stop 1,5 / obj 3 ATR",límite,validacion,204,79,-0.2702114977648866,-1.3447078697252104,-0.6977613360004667,35.294117647058826
US2000_USD,3m,Recupera VWAP,stop 2 / obj 3 ATR,mercado,validacion,200,80,-0.29155393306961047,-1.303608473471724,-0.7288848326740262,40.0
US2000_USD,3m,Recupera VWAP,stop 2 / obj 3 ATR,límite,validacion,187,79,-0.32713584314430794,-1.4446051481979139,-0.7743595274428555,40.106951871657756
US2000_USD,3m,Recupera VWAP,"stop 2 ATR, cierre de sesión",mercado,validacion,144,80,0.03356617634839207,0.06803936525312101,0.06041911742710573,29.166666666666668
US2000_USD,3m,Recupera VWAP,"stop 2 ATR, cierre de sesión",límite,validacion,140,79,0.01338584047054854,0.027480175986634315,0.02372174260603539,29.28571428571429
US2000_USD,3m,Retroceso a VWAP en tendencia,"stop 1,5 / obj 3 ATR",mercado,descubrimiento,119,84,0.04552188970861182,0.17434112154931816,0.06448934375386675,43.69747899159664
US2000_USD,3m,Retroceso a VWAP en tendencia,"stop 1,5 / obj 3 ATR",límite,descubrimiento,111,79,-0.05067960932019681,-0.19018734636628234,-0.07120805866508666,42.34234234234234
US2000_USD,3m,Retroceso a VWAP en tendencia,stop 2 / obj 3 ATR,mercado,descubrimiento,117,84,0.014083421012264131,0.05081510547498254,0.01961619355279647,47.863247863247864
US2000_USD,3m,Retroceso a VWAP en tendencia,stop 2 / obj 3 ATR,límite,descubrimiento,109,79,0.03640040942724888,0.13364695064214832,0.05022334971607756,48.62385321100918
US2000_USD,3m,Retroceso a VWAP en tendencia,"stop 2 ATR, cierre de sesión",mercado,descubrimiento,96,84,-0.11849793251356762,-0.2676336441895794,-0.13542620858693444,33.33333333333333
US2000_USD,3m,Retroceso a VWAP en tendencia,"stop 2 ATR, cierre de sesión",límite,descubrimiento,90,79,-0.28712023954392746,-0.629396220466699,-0.3270990070753604,30.0
US2000_USD,3m,Retroceso a VWAP en tendencia,"stop 1,5 / obj 3 ATR",mercado,validacion,62,45,0.28239965238117554,0.7759455354323787,0.389083965502953,51.61290322580645
US2000_USD,3m,Retroceso a VWAP en tendencia,"stop 1,5 / obj 3 ATR",límite,validacion,59,43,0.4826074855045274,1.222823963359033,0.6621823638317934,52.54237288135594
US2000_USD,3m,Retroceso a VWAP en tendencia,stop 2 / obj 3 ATR,mercado,validacion,61,45,0.4469213053829121,1.048962513113213,0.6058266584079475,59.01639344262295
US2000_USD,3m,Retroceso a VWAP en tendencia,stop 2 / obj 3 ATR,límite,validacion,59,43,0.3590404369952813,0.820607783669783,0.49263687866794414,55.932203389830505
US2000_USD,3m,Retroceso a VWAP en tendencia,"stop 2 ATR, cierre de sesión",mercado,validacion,51,45,0.6031628492020091,0.8384793144752739,0.6835845624289436,41.17647058823529
US2000_USD,3m,Retroceso a VWAP en tendencia,"stop 2 ATR, cierre de sesión",límite,validacion,49,43,0.782535917982852,1.0394835885918094,0.8917269763060407,42.857142857142854
US2000_USD,3m,Rechazo banda VWAP 2σ,"stop 1,5 / obj 3 ATR",mercado,descubrimiento,457,127,-0.1525514928830431,-1.5628693604879174,-0.5489451358074858,35.44857768052516
US2000_USD,3m,Rechazo banda VWAP 2σ,"stop 1,5 / obj 3 ATR",límite,descubrimiento,415,124,-0.2439302068291074,-2.415894908447346,-0.8163793212425773,34.21686746987952
US2000_USD,3m,Rechazo banda VWAP 2σ,stop 2 / obj 3 ATR,mercado,descubrimiento,396,127,-0.2231985922835249,-1.814492689145761,-0.6959578153092587,40.909090909090914
US2000_USD,3m,Rechazo banda VWAP 2σ,stop 2 / obj 3 ATR,límite,descubrimiento,370,124,-0.25084413104960623,-1.9885206421926171,-0.7484865200673734,41.08108108108108
US2000_USD,3m,Rechazo banda VWAP 2σ,"stop 2 ATR, cierre de sesión",mercado,descubrimiento,358,127,-0.33628440321226344,-1.5168324130266506,-0.9479513098424434,25.139664804469277
US2000_USD,3m,Rechazo banda VWAP 2σ,"stop 2 ATR, cierre de sesión",límite,descubrimiento,334,124,-0.3367291115686716,-1.4903879935025461,-0.9069961553543251,26.34730538922156
US2000_USD,3m,Rechazo banda VWAP 2σ,"stop 1,5 / obj 3 ATR",mercado,validacion,263,72,-0.34002010312271563,-1.9142503701264295,-1.242017876684364,32.69961977186312
US2000_USD,3m,Rechazo banda VWAP 2σ,"stop 1,5 / obj 3 ATR",límite,validacion,234,70,-0.5760196579500456,-3.1066971412745366,-1.9255514280044383,29.059829059829063
US2000_USD,3m,Rechazo banda VWAP 2σ,stop 2 / obj 3 ATR,mercado,validacion,229,72,-0.4461937228414426,-2.0142195080907785,-1.419143924037366,38.427947598253276
US2000_USD,3m,Rechazo banda VWAP 2σ,stop 2 / obj 3 ATR,límite,validacion,206,70,-0.6259935295280226,-2.750731660062217,-1.8422095297538952,35.43689320388349
US2000_USD,3m,Rechazo banda VWAP 2σ,"stop 2 ATR, cierre de sesión",mercado,validacion,209,72,-0.09196102354047155,-0.22745047846268798,-0.2669424155549799,29.665071770334926
US2000_USD,3m,Rechazo banda VWAP 2σ,"stop 2 ATR, cierre de sesión",límite,validacion,187,70,-0.20319654953789484,-0.4794615549367265,-0.5428250680512333,27.807486631016044
US2000_USD,3m,Rechazo banda VWAP 1σ,"stop 1,5 / obj 3 ATR",mercado,descubrimiento,422,129,-0.1774680147162679,-1.4711351924289156,-0.5805542806997291,36.25592417061612
US2000_USD,3m,Rechazo banda VWAP 1σ,"stop 1,5 / obj 3 ATR",límite,descubrimiento,386,126,-0.14688339732071182,-1.155105629931902,-0.44997612195075204,38.34196891191709
US2000_USD,3m,Rechazo banda VWAP 1σ,stop 2 / obj 3 ATR,mercado,descubrimiento,375,129,-0.13547771453985918,-0.9853783765360381,-0.39383056552284645,42.93333333333334
US2000_USD,3m,Rechazo banda VWAP 1σ,stop 2 / obj 3 ATR,límite,descubrimiento,345,126,-0.14148614339276758,-0.9672553922691881,-0.387402535480197,44.34782608695652
US2000_USD,3m,Rechazo banda VWAP 1σ,"stop 2 ATR, cierre de sesión",mercado,descubrimiento,298,129,-0.19152668937742495,-0.7834045917329163,-0.44244149949203593,28.187919463087248
US2000_USD,3m,Rechazo banda VWAP 1σ,"stop 2 ATR, cierre de sesión",límite,descubrimiento,277,126,-0.19845986136461957,-0.7745423060939691,-0.43629667934920335,28.51985559566787
US2000_USD,3m,Rechazo banda VWAP 1σ,"stop 1,5 / obj 3 ATR",mercado,validacion,262,77,-0.3504534281609649,-1.9585095545345321,-1.1924519243918548,33.587786259541986
US2000_USD,3m,Rechazo banda VWAP 1σ,"stop 1,5 / obj 3 ATR",límite,validacion,241,74,-0.3744183389536329,-1.905559125135665,-1.2193894552408857,32.780082987551864
US2000_USD,3m,Rechazo banda VWAP 1σ,stop 2 / obj 3 ATR,mercado,validacion,233,77,-0.492119258061921,-2.2102540091937373,-1.4891400925769818,37.33905579399141
US2000_USD,3m,Rechazo banda VWAP 1σ,stop 2 / obj 3 ATR,límite,validacion,219,74,-0.5559688682120002,-2.3295294787302603,-1.6453673261949737,36.07305936073059
US2000_USD,3m,Rechazo banda VWAP 1σ,"stop 2 ATR, cierre de sesión",mercado,validacion,193,77,-0.3601753062508863,-0.8879872655867439,-0.9027770663171566,27.461139896373055
US2000_USD,3m,Rechazo banda VWAP 1σ,"stop 2 ATR, cierre de sesión",límite,validacion,180,74,-0.45070532487753995,-1.0826498466566392,-1.0963102497021242,26.666666666666668
US2000_USD,3m,Barrido de swing (liquidez),"stop 1,5 / obj 3 ATR",mercado,descubrimiento,356,134,-0.3866563697531109,-3.339683537652076,-1.0272363256127424,30.89887640449438
US2000_USD,3m,Barrido de swing (liquidez),"stop 1,5 / obj 3 ATR",límite,descubrimiento,327,133,-0.3295914055262222,-2.7327658341191343,-0.8103487940381553,33.33333333333333
US2000_USD,3m,Barrido de swing (liquidez),stop 2 / obj 3 ATR,mercado,descubrimiento,335,134,-0.4084328050955155,-2.927434681088229,-1.0210820127387887,37.91044776119403
US2000_USD,3m,Barrido de swing (liquidez),stop 2 / obj 3 ATR,límite,descubrimiento,312,133,-0.37092795277559615,-2.7021367263265708,-0.8701467764359849,38.46153846153847
US2000_USD,3m,Barrido de swing (liquidez),"stop 2 ATR, cierre de sesión",mercado,descubrimiento,242,134,-0.5758263679555777,-2.481956403647309,-1.0399252316809688,27.685950413223143
US2000_USD,3m,Barrido de swing (liquidez),"stop 2 ATR, cierre de sesión",límite,descubrimiento,235,133,-0.48290820911286847,-2.0768981244419833,-0.8532588657257449,30.21276595744681
US2000_USD,3m,Barrido de swing (liquidez),"stop 1,5 / obj 3 ATR",mercado,validacion,217,84,-0.3521818849523104,-1.8180248023863503,-0.9098032027934686,35.02304147465438
US2000_USD,3m,Barrido de swing (liquidez),"stop 1,5 / obj 3 ATR",límite,validacion,192,80,-0.3775703826396928,-1.7336525436831212,-0.9061689183352627,34.89583333333333
US2000_USD,3m,Barrido de swing (liquidez),stop 2 / obj 3 ATR,mercado,validacion,208,84,-0.5488966487232484,-2.5270743178355763,-1.3591726539813769,37.980769230769226
US2000_USD,3m,Barrido de swing (liquidez),stop 2 / obj 3 ATR,límite,validacion,181,80,-0.5339713245227814,-2.130942863538049,-1.208110121732793,38.67403314917127
US2000_USD,3m,Barrido de swing (liquidez),"stop 2 ATR, cierre de sesión",mercado,validacion,158,84,-0.35176347112643025,-0.8760264668218036,-0.6616503385473331,29.11392405063291
US2000_USD,3m,Barrido de swing (liquidez),"stop 2 ATR, cierre de sesión",límite,validacion,147,80,-0.34480674914915277,-0.8159740510899736,-0.6335824015615682,28.57142857142857
US2000_USD,3m,Barrido del día anterior,"stop 1,5 / obj 3 ATR",mercado,descubrimiento,162,62,-0.20040010357051927,-1.2051720656912308,-0.5236260770713568,34.5679012345679
US2000_USD,3m,Barrido del día anterior,"stop 1,5 / obj 3 ATR",límite,descubrimiento,149,62,-0.20090732624227814,-1.1555721461806852,-0.4828256711306362,35.57046979865772
US2000_USD,3m,Barrido del día anterior,stop 2 / obj 3 ATR,mercado,descubrimiento,142,62,-0.24354683713175673,-1.1716019485892764,-0.5578008205275719,39.436619718309856
US2000_USD,3m,Barrido del día anterior,stop 2 / obj 3 ATR,límite,descubrimiento,131,62,-0.2668002100864522,-1.245213295530336,-0.5637230245375038,41.221374045801525
US2000_USD,3m,Barrido del día anterior,"stop 2 ATR, cierre de sesión",mercado,descubrimiento,115,62,-0.40760300857711956,-1.1091713901262064,-0.7560378384898185,26.08695652173913
US2000_USD,3m,Barrido del día anterior,"stop 2 ATR, cierre de sesión",límite,descubrimiento,107,62,-0.25238628011330777,-0.6174489732679537,-0.4355698705181279,27.102803738317753
US2000_USD,3m,Barrido del día anterior,"stop 1,5 / obj 3 ATR",mercado,validacion,86,35,-0.9155406465252348,-2.8675581197926467,-2.249614160033434,26.744186046511626
US2000_USD,3m,Barrido del día anterior,"stop 1,5 / obj 3 ATR",límite,validacion,81,34,-0.8188868240073183,-2.4214013365322753,-1.9508774336644934,27.160493827160494
US2000_USD,3m,Barrido del día anterior,stop 2 / obj 3 ATR,mercado,validacion,74,35,-1.04334508266956,-2.71779150136187,-2.2059296033584985,31.08108108108108
US2000_USD,3m,Barrido del día anterior,stop 2 / obj 3 ATR,límite,validacion,72,34,-0.9640818180772324,-2.4409240572692297,-2.041585026516492,31.944444444444443
US2000_USD,3m,Barrido del día anterior,"stop 2 ATR, cierre de sesión",mercado,validacion,67,35,-1.0660315709611132,-1.941820191822476,-2.040689007268417,20.8955223880597
US2000_USD,3m,Barrido del día anterior,"stop 2 ATR, cierre de sesión",límite,validacion,63,34,-0.8925140967898005,-1.5303372097959431,-1.6537761205222774,22.22222222222222
US2000_USD,3m,Barrido de la noche (ON),"stop 1,5 / obj 3 ATR",mercado,descubrimiento,200,85,-0.1402073124492351,-0.7403226356039317,-0.3298995587040826,38.0
US2000_USD,3m,Barrido de la noche (ON),"stop 1,5 / obj 3 ATR",límite,descubrimiento,184,83,-0.1844701113636235,-0.9902773369816109,-0.40894578904706896,36.95652173913043
US2000_USD,3m,Barrido de la noche (ON),stop 2 / obj 3 ATR,mercado,descubrimiento,178,85,-0.17044297249667115,-0.7642427684533677,-0.35692763652244075,43.82022471910113
US2000_USD,3m,Barrido de la noche (ON),stop 2 / obj 3 ATR,límite,descubrimiento,165,83,-0.22462624540041376,-1.0064645784178685,-0.44654615049479846,43.03030303030303
US2000_USD,3m,Barrido de la noche (ON),"stop 2 ATR, cierre de sesión",mercado,descubrimiento,141,85,-0.07297206396416457,-0.18756960673593234,-0.12104777669349653,31.914893617021278
US2000_USD,3m,Barrido de la noche (ON),"stop 2 ATR, cierre de sesión",límite,descubrimiento,134,83,-0.09046240794482521,-0.22537142795556142,-0.1460477429470672,30.597014925373134
US2000_USD,3m,Barrido de la noche (ON),"stop 1,5 / obj 3 ATR",mercado,validacion,115,45,-0.21711558735466127,-0.9898285500715295,-0.5548509454619122,35.65217391304348
US2000_USD,3m,Barrido de la noche (ON),"stop 1,5 / obj 3 ATR",límite,validacion,101,43,-0.190135929386147,-0.7668899462066776,-0.4465983457674616,38.613861386138616
US2000_USD,3m,Barrido de la noche (ON),stop 2 / obj 3 ATR,mercado,validacion,100,45,-0.14131221482268516,-0.5414188331902691,-0.31402714405041143,45.0
US2000_USD,3m,Barrido de la noche (ON),stop 2 / obj 3 ATR,límite,validacion,93,43,-0.26607680609911977,-0.9606970355541493,-0.5754684410980963,44.086021505376344
US2000_USD,3m,Barrido de la noche (ON),"stop 2 ATR, cierre de sesión",mercado,validacion,72,45,-0.584151018420742,-1.0724126482131109,-0.9346416294731872,30.555555555555557
US2000_USD,3m,Barrido de la noche (ON),"stop 2 ATR, cierre de sesión",límite,validacion,68,43,-0.5415534775817266,-0.9833721262314279,-0.8564101505943582,30.88235294117647
US2000_USD,3m,Ruptura rango apertura 15m,"stop 1,5 / obj 3 ATR",mercado,descubrimiento,238,113,-0.3718072360714001,-3.06099342822287,-0.7830984264158692,34.03361344537815
US2000_USD,3m,Ruptura rango apertura 15m,"stop 1,5 / obj 3 ATR",límite,descubrimiento,210,110,-0.24587168561731362,-1.7995916435692774,-0.46939139981487144,36.19047619047619
US2000_USD,3m,Ruptura rango apertura 15m,stop 2 / obj 3 ATR,mercado,descubrimiento,211,113,-0.4411315975279655,-2.8340509767402144,-0.8237059033486789,39.33649289099526
US2000_USD,3m,Ruptura rango apertura 15m,stop 2 / obj 3 ATR,límite,descubrimiento,193,110,-0.3175967649029976,-1.9480067344577778,-0.5572379602388958,40.932642487046635
US2000_USD,3m,Ruptura rango apertura 15m,"stop 2 ATR, cierre de sesión",mercado,descubrimiento,185,113,-0.417370472243033,-1.5414165920169638,-0.6833056403978858,29.18918918918919
US2000_USD,3m,Ruptura rango apertura 15m,"stop 2 ATR, cierre de sesión",límite,descubrimiento,167,110,-0.23679395483782684,-0.8065520532790056,-0.3594962768901553,29.94011976047904
US2000_USD,3m,Ruptura rango apertura 15m,"stop 1,5 / obj 3 ATR",mercado,validacion,129,60,-0.3145208913410499,-1.2310949881754172,-0.6762199163832572,37.2093023255814
US2000_USD,3m,Ruptura rango apertura 15m,"stop 1,5 / obj 3 ATR",límite,validacion,112,58,-0.3586613805612693,-1.3552182721144128,-0.6925874934976235,37.5
US2000_USD,3m,Ruptura rango apertura 15m,stop 2 / obj 3 ATR,mercado,validacion,108,60,-0.2262083559167911,-0.7416098168650329,-0.407175040650224,44.44444444444444
US2000_USD,3m,Ruptura rango apertura 15m,stop 2 / obj 3 ATR,límite,validacion,100,58,-0.48456673764699415,-1.5714952183622193,-0.8354598924948176,41.0
US2000_USD,3m,Ruptura rango apertura 15m,"stop 2 ATR, cierre de sesión",mercado,validacion,100,60,-0.15439211217867282,-0.2810029393873362,-0.2573201869644547,32.0
US2000_USD,3m,Ruptura rango apertura 15m,"stop 2 ATR, cierre de sesión",límite,validacion,92,58,-0.4430879708061088,-0.8630441514624747,-0.7028291950717588,32.608695652173914
US2000_USD,3m,Falsa ruptura rango apertura,"stop 1,5 / obj 3 ATR",mercado,descubrimiento,250,104,-0.3610191762342632,-2.1397522272918703,-0.8678345582554404,35.6
US2000_USD,3m,Falsa ruptura rango apertura,"stop 1,5 / obj 3 ATR",límite,descubrimiento,228,101,-0.352400210311552,-2.009153625421966,-0.7955173064458797,36.40350877192983
US2000_USD,3m,Falsa ruptura rango apertura,stop 2 / obj 3 ATR,mercado,descubrimiento,223,104,-0.4502010766797207,-2.3027298855800264,-0.965335000957478,41.70403587443946
US2000_USD,3m,Falsa ruptura rango apertura,stop 2 / obj 3 ATR,límite,descubrimiento,210,101,-0.4626545881725628,-2.3957710689084974,-0.9619550843191899,41.42857142857143
US2000_USD,3m,Falsa ruptura rango apertura,"stop 2 ATR, cierre de sesión",mercado,descubrimiento,185,104,-0.5041490932207009,-1.695547212612106,-0.8968036754406697,27.56756756756757
US2000_USD,3m,Falsa ruptura rango apertura,"stop 2 ATR, cierre de sesión",límite,descubrimiento,174,101,-0.6067566410371752,-2.026029035219148,-1.0453035202026584,25.862068965517242
US2000_USD,3m,Falsa ruptura rango apertura,"stop 1,5 / obj 3 ATR",mercado,validacion,155,60,-0.39432527672236145,-1.6882932911287318,-1.0186736315327671,33.5483870967742
US2000_USD,3m,Falsa ruptura rango apertura,"stop 1,5 / obj 3 ATR",límite,validacion,146,59,-0.3126046540654802,-1.282795273911194,-0.7735640592128832,35.61643835616438
US2000_USD,3m,Falsa ruptura rango apertura,stop 2 / obj 3 ATR,mercado,validacion,131,60,-0.2806122619176608,-1.0102630400993102,-0.6126701051868928,41.98473282442748
US2000_USD,3m,Falsa ruptura rango apertura,stop 2 / obj 3 ATR,límite,validacion,127,59,-0.31066085130579385,-1.10910226828514,-0.6687106460311156,41.732283464566926
US2000_USD,3m,Falsa ruptura rango apertura,"stop 2 ATR, cierre de sesión",mercado,validacion,106,60,-0.3573604099974205,-0.773591647061766,-0.6313367243287762,27.358490566037734
US2000_USD,3m,Falsa ruptura rango apertura,"stop 2 ATR, cierre de sesión",límite,validacion,102,59,-0.22336457940634785,-0.46095985832535896,-0.3861557135499573,28.431372549019606
US2000_USD,3m,Reentrada Bollinger,"stop 1,5 / obj 3 ATR",mercado,descubrimiento,495,136,-0.262966164278035,-2.6289773655525828,-0.9571194949825539,34.14141414141414
US2000_USD,3m,Reentrada Bollinger,"stop 1,5 / obj 3 ATR",límite,descubrimiento,451,134,-0.18225420013765098,-1.6690623677448075,-0.6134077930006014,36.36363636363637
US2000_USD,3m,Reentrada Bollinger,stop 2 / obj 3 ATR,mercado,descubrimiento,449,136,-0.2729496378378394,-2.3419260461463436,-0.901135201391102,41.202672605790646
US2000_USD,3m,Reentrada Bollinger,stop 2 / obj 3 ATR,límite,descubrimiento,408,134,-0.23627876810175544,-1.9119259151600594,-0.7194159506381806,41.911764705882355
US2000_USD,3m,Reentrada Bollinger,"stop 2 ATR, cierre de sesión",mercado,descubrimiento,331,136,-0.42377781788317637,-2.071505711528187,-1.0314004244068484,28.09667673716012
US2000_USD,3m,Reentrada Bollinger,"stop 2 ATR, cierre de sesión",límite,descubrimiento,313,134,-0.3630049631054913,-1.6771542782162645,-0.8479145780001401,28.753993610223645
US2000_USD,3m,Reentrada Bollinger,"stop 1,5 / obj 3 ATR",mercado,validacion,307,85,-0.35673072378828885,-2.1465203929686956,-1.288427437682408,33.876221498371336
US2000_USD,3m,Reentrada Bollinger,"stop 1,5 / obj 3 ATR",límite,validacion,278,83,-0.45281201910107777,-2.62844908432442,-1.5166474856638508,32.37410071942446
US2000_USD,3m,Reentrada Bollinger,stop 2 / obj 3 ATR,mercado,validacion,281,85,-0.4241842653784392,-2.1577472469385666,-1.402303277309899,39.50177935943061
US2000_USD,3m,Reentrada Bollinger,stop 2 / obj 3 ATR,límite,validacion,254,83,-0.41140334645868715,-2.0887866219696325,-1.258993373500079,38.976377952755904
US2000_USD,3m,Reentrada Bollinger,"stop 2 ATR, cierre de sesión",mercado,validacion,218,85,-0.5715513058801243,-1.7986630868993545,-1.46586099625726,26.146788990825687
US2000_USD,3m,Reentrada Bollinger,"stop 2 ATR, cierre de sesión",límite,validacion,196,83,-0.4043270500240596,-1.1768211749219581,-0.9547964072857312,27.55102040816326
US2000_USD,3m,Ruptura squeeze Bollinger,"stop 1,5 / obj 3 ATR",mercado,descubrimiento,116,91,-0.5335634879233665,-3.9169721677947797,-0.6801468637264891,27.586206896551722
US2000_USD,3m,Ruptura squeeze Bollinger,"stop 1,5 / obj 3 ATR",límite,descubrimiento,109,88,-0.514864126213115,-3.783279997542306,-0.6377294290594264,28.440366972477065
US2000_USD,3m,Ruptura squeeze Bollinger,stop 2 / obj 3 ATR,mercado,descubrimiento,112,91,-0.5100314657943805,-2.873986652045643,-0.627731034823853,33.035714285714285
US2000_USD,3m,Ruptura squeeze Bollinger,stop 2 / obj 3 ATR,límite,descubrimiento,107,88,-0.4974143235037422,-2.6983206269928757,-0.6048105978965956,34.57943925233645
US2000_USD,3m,Ruptura squeeze Bollinger,"stop 2 ATR, cierre de sesión",mercado,descubrimiento,99,91,-0.715421531937354,-2.8363722649527925,-0.7783157325472313,24.242424242424242
US2000_USD,3m,Ruptura squeeze Bollinger,"stop 2 ATR, cierre de sesión",límite,descubrimiento,96,88,-0.662802391231074,-2.557585079245944,-0.7230571540702626,26.041666666666668
US2000_USD,3m,Ruptura squeeze Bollinger,"stop 1,5 / obj 3 ATR",mercado,validacion,63,49,-0.5405131701059783,-2.1812810642581337,-0.6949455044219721,30.158730158730158
US2000_USD,3m,Ruptura squeeze Bollinger,"stop 1,5 / obj 3 ATR",límite,validacion,53,43,-0.7149465869596983,-2.8072122362944567,-0.8812132350898607,30.18867924528302
US2000_USD,3m,Ruptura squeeze Bollinger,stop 2 / obj 3 ATR,mercado,validacion,62,49,-0.844430927707213,-2.994101198006038,-1.0684636228132083,30.64516129032258
US2000_USD,3m,Ruptura squeeze Bollinger,stop 2 / obj 3 ATR,límite,validacion,52,43,-1.0376413887555107,-3.4815214919169013,-1.254822144541548,30.76923076923077
US2000_USD,3m,Ruptura squeeze Bollinger,"stop 2 ATR, cierre de sesión",mercado,validacion,59,49,-1.067804819494865,-3.99581214780988,-1.2857241704121845,28.8135593220339
US2000_USD,3m,Ruptura squeeze Bollinger,"stop 2 ATR, cierre de sesión",límite,validacion,49,43,-1.1605068922041957,-3.7894023955624885,-1.3224380864652463,26.53061224489796
US2000_USD,3m,Ruptura Keltner,"stop 1,5 / obj 3 ATR",mercado,descubrimiento,398,133,-0.35406793052138824,-3.0046776252950798,-1.0595416266730266,32.41206030150754
US2000_USD,3m,Ruptura Keltner,"stop 1,5 / obj 3 ATR",límite,descubrimiento,372,133,-0.33172781437155613,-2.655773172911122,-0.9278402026031495,34.13978494623656
US2000_USD,3m,Ruptura Keltner,stop 2 / obj 3 ATR,mercado,descubrimiento,373,133,-0.4552095780903263,-3.1729838082169675,-1.27664039569693,36.99731903485255
US2000_USD,3m,Ruptura Keltner,stop 2 / obj 3 ATR,límite,descubrimiento,350,133,-0.4072216433327632,-2.6880100517398953,-1.0716359035072713,39.14285714285714
US2000_USD,3m,Ruptura Keltner,"stop 2 ATR, cierre de sesión",mercado,descubrimiento,237,133,-0.5151783622025563,-1.9041648349139524,-0.9180246003158334,27.004219409282697
US2000_USD,3m,Ruptura Keltner,"stop 2 ATR, cierre de sesión",límite,descubrimiento,225,133,-0.45697715308296427,-1.651493631843806,-0.7730816499523832,28.444444444444443
US2000_USD,3m,Ruptura Keltner,"stop 1,5 / obj 3 ATR",mercado,validacion,241,84,-0.38102329304495763,-2.094567253056827,-1.093173971712319,33.19502074688796
US2000_USD,3m,Ruptura Keltner,"stop 1,5 / obj 3 ATR",límite,validacion,222,83,-0.30660091787730437,-1.6278947959465235,-0.8200651056477297,33.78378378378378
US2000_USD,3m,Ruptura Keltner,stop 2 / obj 3 ATR,mercado,validacion,224,84,-0.34789271140727457,-1.7229570297511985,-0.9277138970860654,39.732142857142854
US2000_USD,3m,Ruptura Keltner,stop 2 / obj 3 ATR,límite,validacion,210,83,-0.3356925189971245,-1.5464260801878191,-0.8493425179445319,40.476190476190474
US2000_USD,3m,Ruptura Keltner,"stop 2 ATR, cierre de sesión",mercado,validacion,139,84,-0.23328291251491684,-0.5286509748131671,-0.38602767666158855,30.215827338129497
US2000_USD,3m,Ruptura Keltner,"stop 2 ATR, cierre de sesión",límite,validacion,134,83,-0.26225779590312603,-0.6036421709865557,-0.4234041524219143,31.343283582089555
US2000_USD,3m,Ruptura Donchian 20,"stop 1,5 / obj 3 ATR",mercado,descubrimiento,456,138,-0.42435017117335916,-4.802076676237757,-1.4022005656163172,31.57894736842105
US2000_USD,3m,Ruptura Donchian 20,"stop 1,5 / obj 3 ATR",límite,descubrimiento,424,138,-0.37830910469536155,-3.903548037305523,-1.162341017324879,32.78301886792453
US2000_USD,3m,Ruptura Donchian 20,stop 2 / obj 3 ATR,mercado,descubrimiento,426,138,-0.4210751350043603,-3.868763445514607,-1.2998406341438948,37.558685446009385
US2000_USD,3m,Ruptura Donchian 20,stop 2 / obj 3 ATR,límite,descubrimiento,402,138,-0.3561989459961854,-3.146602532103508,-1.0376230165975835,39.30348258706468
US2000_USD,3m,Ruptura Donchian 20,"stop 2 ATR, cierre de sesión",mercado,descubrimiento,242,138,-0.40202152282542664,-1.5998288881421459,-0.7049942646648786,28.92561983471074
US2000_USD,3m,Ruptura Donchian 20,"stop 2 ATR, cierre de sesión",límite,descubrimiento,233,138,-0.3385251602533117,-1.3599624271528095,-0.5715678430363886,30.90128755364807
US2000_USD,3m,Ruptura Donchian 20,"stop 1,5 / obj 3 ATR",mercado,validacion,276,87,-0.3288521348358001,-2.099841077311915,-1.0432550484446073,36.231884057971016
US2000_USD,3m,Ruptura Donchian 20,"stop 1,5 / obj 3 ATR",límite,validacion,258,87,-0.4966458402021144,-3.153672635003581,-1.472811801978684,33.72093023255814
US2000_USD,3m,Ruptura Donchian 20,stop 2 / obj 3 ATR,mercado,validacion,261,87,-0.3366082163404196,-1.9555888900127865,-1.0098246490212588,42.5287356321839
US2000_USD,3m,Ruptura Donchian 20,stop 2 / obj 3 ATR,límite,validacion,247,87,-0.524947064832083,-2.9251101382758784,-1.4903669541784426,40.08097165991903
US2000_USD,3m,Ruptura Donchian 20,"stop 2 ATR, cierre de sesión",mercado,validacion,152,87,-0.2341616808739383,-0.6096740135930884,-0.40911006313607606,33.55263157894737
US2000_USD,3m,Ruptura Donchian 20,"stop 2 ATR, cierre de sesión",límite,validacion,152,87,-0.3813844489736641,-1.014993877441823,-0.6663268533792752,30.92105263157895
US2000_USD,3m,Estocástico cruza en extremo,"stop 1,5 / obj 3 ATR",mercado,descubrimiento,656,140,-0.3052581331006781,-3.802516722041636,-1.4303523951003203,32.46951219512195
US2000_USD,3m,Estocástico cruza en extremo,"stop 1,5 / obj 3 ATR",límite,descubrimiento,574,140,-0.288671855922996,-3.2586604188749875,-1.1835546092842835,33.62369337979094
US2000_USD,3m,Estocástico cruza en extremo,stop 2 / obj 3 ATR,mercado,descubrimiento,596,140,-0.2834939067311905,-3.1131451371134737,-1.2068740600842112,38.59060402684564
US2000_USD,3m,Estocástico cruza en extremo,stop 2 / obj 3 ATR,límite,descubrimiento,528,140,-0.2657833374323379,-2.708876062197088,-1.00238287260196,39.20454545454545
US2000_USD,3m,Estocástico cruza en extremo,"stop 2 ATR, cierre de sesión",mercado,descubrimiento,370,140,-0.24046385669323211,-1.247214831974023,-0.6355116212606848,29.18918918918919
US2000_USD,3m,Estocástico cruza en extremo,"stop 2 ATR, cierre de sesión",límite,descubrimiento,350,140,-0.25137334958486396,-1.2564000575846377,-0.6284333739621599,29.428571428571427
US2000_USD,3m,Estocástico cruza en extremo,"stop 1,5 / obj 3 ATR",mercado,validacion,444,87,-0.3702265117897808,-2.6972031150161033,-1.8894318532719845,34.234234234234236
US2000_USD,3m,Estocástico cruza en extremo,"stop 1,5 / obj 3 ATR",límite,validacion,398,87,-0.36115221655600993,-2.7568869018459794,-1.6521676113711719,33.91959798994975
US2000_USD,3m,Estocástico cruza en extremo,stop 2 / obj 3 ATR,mercado,validacion,392,87,-0.36643861214594203,-2.3016447341106105,-1.6510797236920607,40.816326530612244
US2000_USD,3m,Estocástico cruza en extremo,stop 2 / obj 3 ATR,límite,validacion,356,87,-0.3438559361427636,-2.1431092867457786,-1.4070426812278602,40.44943820224719
US2000_USD,3m,Estocástico cruza en extremo,"stop 2 ATR, cierre de sesión",mercado,validacion,241,87,-0.31746132607269734,-0.9478785701847604,-0.8794043630289662,28.63070539419087
US2000_USD,3m,Estocástico cruza en extremo,"stop 2 ATR, cierre de sesión",límite,validacion,232,87,-0.2708713019756517,-0.8030296838568007,-0.7223234719350712,28.879310344827587
US2000_USD,3m,MACD histograma cruza 0,"stop 1,5 / obj 3 ATR",mercado,descubrimiento,590,141,-0.1549753901023083,-1.8310087433968605,-0.6484785826976021,36.440677966101696
US2000_USD,3m,MACD histograma cruza 0,"stop 1,5 / obj 3 ATR",límite,descubrimiento,530,141,-0.06179970623997994,-0.6771573446529681,-0.23229676813609482,39.05660377358491
US2000_USD,3m,MACD histograma cruza 0,stop 2 / obj 3 ATR,mercado,descubrimiento,560,141,-0.2232635946537877,-2.1968938930283137,-0.8867206596178803,41.25
US2000_USD,3m,MACD histograma cruza 0,stop 2 / obj 3 ATR,límite,descubrimiento,509,141,-0.12909739504161202,-1.1893256427039371,-0.46603244025659946,43.614931237721024
US2000_USD,3m,MACD histograma cruza 0,"stop 2 ATR, cierre de sesión",mercado,descubrimiento,326,141,-0.2127799009253043,-0.8938567347469645,-0.49195920355779577,30.981595092024538
US2000_USD,3m,MACD histograma cruza 0,"stop 2 ATR, cierre de sesión",límite,descubrimiento,310,141,-0.1855490723794618,-0.7717989821608218,-0.40794476906122806,31.61290322580645
US2000_USD,3m,MACD histograma cruza 0,"stop 1,5 / obj 3 ATR",mercado,validacion,380,87,-0.19007456358003438,-1.3755001657873547,-0.8302107374760123,38.15789473684211
US2000_USD,3m,MACD histograma cruza 0,"stop 1,5 / obj 3 ATR",límite,validacion,335,86,-0.15054082791371098,-1.0305521618361728,-0.5864090389661997,38.80597014925373
US2000_USD,3m,MACD histograma cruza 0,stop 2 / obj 3 ATR,mercado,validacion,351,87,-0.14759868454991248,-0.8569580144870994,-0.5954843480117159,44.44444444444444
US2000_USD,3m,MACD histograma cruza 0,stop 2 / obj 3 ATR,límite,validacion,314,86,-0.1213109562168513,-0.6679315974878376,-0.4429260494429222,44.26751592356688
US2000_USD,3m,MACD histograma cruza 0,"stop 2 ATR, cierre de sesión",mercado,validacion,195,87,-0.09973964916119454,-0.26180487360095794,-0.2235543860509533,34.35897435897436
US2000_USD,3m,MACD histograma cruza 0,"stop 2 ATR, cierre de sesión",límite,validacion,190,86,-0.0075141866181127545,-0.01936569332527681,-0.01660110997024911,34.73684210526316
US2000_USD,3m,RSI(2) extremo,"stop 1,5 / obj 3 ATR",mercado,descubrimiento,601,139,-0.20148059774636506,-2.145336023416146,-0.8711499226299669,35.77371048252912
US2000_USD,3m,RSI(2) extremo,"stop 1,5 / obj 3 ATR",límite,descubrimiento,532,139,-0.11177738602874962,-1.123156408539295,-0.42780985156327195,37.03007518796993
US2000_USD,3m,RSI(2) extremo,stop 2 / obj 3 ATR,mercado,descubrimiento,532,139,-0.18670394581960928,-1.8117526251940514,-0.7145791307628212,40.97744360902256
US2000_USD,3m,RSI(2) extremo,stop 2 / obj 3 ATR,límite,descubrimiento,476,139,-0.11441732517712076,-1.0055626597871983,-0.3918176027648164,42.016806722689076
US2000_USD,3m,RSI(2) extremo,"stop 2 ATR, cierre de sesión",mercado,descubrimiento,333,139,-0.08794374379025115,-0.3984317274536211,-0.21068537181405492,31.23123123123123
US2000_USD,3m,RSI(2) extremo,"stop 2 ATR, cierre de sesión",límite,descubrimiento,314,139,-0.048566678428358295,-0.20907082269466287,-0.10971177716909715,31.210191082802545
US2000_USD,3m,RSI(2) extremo,"stop 1,5 / obj 3 ATR",mercado,validacion,371,86,-0.2975711264124203,-2.0679495545980036,-1.2837079988256737,33.9622641509434
US2000_USD,3m,RSI(2) extremo,"stop 1,5 / obj 3 ATR",límite,validacion,326,85,-0.3257794797262529,-2.0897054797483845,-1.249460122244217,33.74233128834356
US2000_USD,3m,RSI(2) extremo,stop 2 / obj 3 ATR,mercado,validacion,333,86,-0.3136190488459258,-1.860897193456291,-1.2143621309964336,40.24024024024024
US2000_USD,3m,RSI(2) extremo,stop 2 / obj 3 ATR,límite,validacion,295,85,-0.34126920386000065,-1.949380762393079,-1.1844048839847081,39.66101694915255
US2000_USD,3m,RSI(2) extremo,"stop 2 ATR, cierre de sesión",mercado,validacion,221,86,-0.28360292889940875,-0.8726542290050834,-0.728793573101969,29.411764705882355
US2000_USD,3m,RSI(2) extremo,"stop 2 ATR, cierre de sesión",límite,validacion,207,85,-0.43114187557331224,-1.342252163070066,-1.0499572734550076,27.053140096618357
US2000_USD,3m,RSI(7) sale de 30/70,"stop 1,5 / obj 3 ATR",mercado,descubrimiento,589,139,-0.268150011170308,-3.5690742114104137,-1.1362615581245425,33.78607809847199
US2000_USD,3m,RSI(7) sale de 30/70,"stop 1,5 / obj 3 ATR",límite,descubrimiento,521,138,-0.2623118167788536,-2.9955729807809295,-0.990322148853498,35.31669865642994
US2000_USD,3m,RSI(7) sale de 30/70,stop 2 / obj 3 ATR,mercado,descubrimiento,529,139,-0.2829883365121963,-2.90328686082053,-1.0769843885967758,41.02079395085066
US2000_USD,3m,RSI(7) sale de 30/70,stop 2 / obj 3 ATR,límite,descubrimiento,479,138,-0.2768732680274065,-2.7193611139712677,-0.9610311259791864,41.127348643006265
US2000_USD,3m,RSI(7) sale de 30/70,"stop 2 ATR, cierre de sesión",mercado,descubrimiento,367,139,-0.30187819468294474,-1.4797542861654092,-0.7970453053859045,29.972752043596728
US2000_USD,3m,RSI(7) sale de 30/70,"stop 2 ATR, cierre de sesión",límite,descubrimiento,349,138,-0.21436834010013447,-1.0323727465617798,-0.5421344253257024,31.23209169054441
US2000_USD,3m,RSI(7) sale de 30/70,"stop 1,5 / obj 3 ATR",mercado,validacion,365,87,-0.4189898674771299,-2.8213423489685887,-1.7578310532086485,33.42465753424658
US2000_USD,3m,RSI(7) sale de 30/70,"stop 1,5 / obj 3 ATR",límite,validacion,330,85,-0.4586439954222329,-2.9580758298088923,-1.7806178645804336,32.72727272727273
US2000_USD,3m,RSI(7) sale de 30/70,stop 2 / obj 3 ATR,mercado,validacion,322,87,-0.3896879795988687,-2.269813792526402,-1.442293441733744,40.683229813664596
US2000_USD,3m,RSI(7) sale de 30/70,stop 2 / obj 3 ATR,límite,validacion,291,85,-0.38931963629895777,-2.1815266489018286,-1.33284722544702,40.549828178694156
US2000_USD,3m,RSI(7) sale de 30/70,"stop 2 ATR, cierre de sesión",mercado,validacion,234,87,-0.36418732063574866,-1.1858612445025323,-0.9795383106754618,29.914529914529915
US2000_USD,3m,RSI(7) sale de 30/70,"stop 2 ATR, cierre de sesión",límite,validacion,218,85,-0.32556886959504305,-1.0352741111752966,-0.8349883949614045,29.81651376146789
US2000_USD,3m,CCI sale de ±100,"stop 1,5 / obj 3 ATR",mercado,descubrimiento,668,140,-0.34017092608907323,-4.4078951319683926,-1.6231012759107208,32.48502994011976
US2000_USD,3m,CCI sale de ±100,"stop 1,5 / obj 3 ATR",límite,descubrimiento,594,139,-0.29988615717290873,-3.4564295205589888,-1.2815278946813509,34.51178451178451
US2000_USD,3m,CCI sale de ±100,stop 2 / obj 3 ATR,mercado,descubrimiento,593,140,-0.33565648375234464,-3.5608313121048347,-1.421744963322431,39.12310286677909
US2000_USD,3m,CCI sale de ±100,stop 2 / obj 3 ATR,límite,descubrimiento,535,139,-0.2820416300230029,-2.715361438784819,-1.0855559141173134,41.495327102803735
US2000_USD,3m,CCI sale de ±100,"stop 2 ATR, cierre de sesión",mercado,descubrimiento,361,140,-0.3652828739092468,-1.716469641687628,-0.9419079820088435,28.80886426592798
US2000_USD,3m,CCI sale de ±100,"stop 2 ATR, cierre de sesión",límite,descubrimiento,344,139,-0.42132455815272196,-2.0216995478458717,-1.042702503629758,29.651162790697676
US2000_USD,3m,CCI sale de ±100,"stop 1,5 / obj 3 ATR",mercado,validacion,437,87,-0.31545000692708747,-2.45603083797394,-1.5845017589326118,34.78260869565217
US2000_USD,3m,CCI sale de ±100,"stop 1,5 / obj 3 ATR",límite,validacion,398,87,-0.41787055550290936,-3.144758118815406,-1.911637713679976,34.17085427135678
US2000_USD,3m,CCI sale de ±100,stop 2 / obj 3 ATR,mercado,validacion,386,87,-0.3734291376782496,-2.3642212695701588,-1.6568235303885557,39.89637305699482
US2000_USD,3m,CCI sale de ±100,stop 2 / obj 3 ATR,límite,validacion,349,87,-0.48064823145981966,-3.0491221973986793,-1.9281176181549087,39.541547277936964
US2000_USD,3m,CCI sale de ±100,"stop 2 ATR, cierre de sesión",mercado,validacion,237,87,-0.397410652257103,-1.2392277558156566,-1.0826014320107287,28.691983122362867
US2000_USD,3m,CCI sale de ±100,"stop 2 ATR, cierre de sesión",límite,validacion,236,87,-0.5130513542990701,-1.614222228785281,-1.3917255128112707,28.8135593220339
US2000_USD,3m,Supertrend cambia,"stop 1,5 / obj 3 ATR",mercado,descubrimiento,217,130,-0.3574331368993564,-2.4881114746980595,-0.5966383900550796,33.6405529953917
US2000_USD,3m,Supertrend cambia,"stop 1,5 / obj 3 ATR",límite,descubrimiento,204,126,-0.2718125004908678,-1.794529483378459,-0.4400773817471193,35.78431372549019
US2000_USD,3m,Supertrend cambia,stop 2 / obj 3 ATR,mercado,descubrimiento,217,130,-0.3133906250944954,-1.9195758876264468,-0.5231212741961961,41.013824884792626
US2000_USD,3m,Supertrend cambia,stop 2 / obj 3 ATR,límite,descubrimiento,204,126,-0.24441252866913932,-1.443859677235021,-0.3957155226071779,43.13725490196079
US2000_USD,3m,Supertrend cambia,"stop 2 ATR, cierre de sesión",mercado,descubrimiento,194,130,-0.42329506081651197,-1.5089537678804041,-0.6316864753723332,27.835051546391753
US2000_USD,3m,Supertrend cambia,"stop 2 ATR, cierre de sesión",límite,descubrimiento,184,126,-0.30353552597502914,-1.0296980126133517,-0.44325822840797907,30.434782608695656
US2000_USD,3m,Supertrend cambia,"stop 1,5 / obj 3 ATR",mercado,validacion,145,82,-0.24459447416428376,-1.077725019736969,-0.43251461894903837,37.24137931034483
US2000_USD,3m,Supertrend cambia,"stop 1,5 / obj 3 ATR",límite,validacion,136,81,-0.13146604211008164,-0.5622096621179428,-0.22073310774038402,38.23529411764706
US2000_USD,3m,Supertrend cambia,stop 2 / obj 3 ATR,mercado,validacion,145,82,-0.11814906037420472,-0.48565780775897355,-0.20892211895438642,46.206896551724135
US2000_USD,3m,Supertrend cambia,stop 2 / obj 3 ATR,límite,validacion,136,81,-0.061708945134045644,-0.23949669567869775,-0.10361008071889145,46.32352941176471
US2000_USD,3m,Supertrend cambia,"stop 2 ATR, cierre de sesión",mercado,validacion,124,82,-0.1171380837270017,-0.3070107328745078,-0.1771356388066855,38.70967741935484
US2000_USD,3m,Supertrend cambia,"stop 2 ATR, cierre de sesión",límite,validacion,117,81,0.02348701218670992,0.05695817613235054,0.03392568426969211,39.31623931623932
US2000_USD,3m,ADX>25 + cruce DI,"stop 1,5 / obj 3 ATR",mercado,descubrimiento,138,98,-0.15852649116344128,-0.7898806234649643,-0.22323118143423362,38.405797101449274
US2000_USD,3m,ADX>25 + cruce DI,"stop 1,5 / obj 3 ATR",límite,descubrimiento,126,90,-0.12929083780637532,-0.6150316332217906,-0.18100717292892546,38.88888888888889
US2000_USD,3m,ADX>25 + cruce DI,stop 2 / obj 3 ATR,mercado,descubrimiento,134,98,-0.10343612051722693,-0.4593900745144107,-0.14143306274804499,46.26865671641791
US2000_USD,3m,ADX>25 + cruce DI,stop 2 / obj 3 ATR,límite,descubrimiento,122,90,-0.0957002804631171,-0.4067365823223695,-0.12972704685000316,46.72131147540984
US2000_USD,3m,ADX>25 + cruce DI,"stop 2 ATR, cierre de sesión",mercado,descubrimiento,126,98,0.03269141439406181,0.08601187805135033,0.0420318185066509,32.53968253968254
US2000_USD,3m,ADX>25 + cruce DI,"stop 2 ATR, cierre de sesión",límite,descubrimiento,117,90,0.02688620875430853,0.07111111027540787,0.03495207138060109,32.47863247863248
US2000_USD,3m,ADX>25 + cruce DI,"stop 1,5 / obj 3 ATR",mercado,validacion,81,59,-0.025974203442280224,-0.07163100779429737,-0.035659499641096576,35.80246913580247
US2000_USD,3m,ADX>25 + cruce DI,"stop 1,5 / obj 3 ATR",límite,validacion,76,56,0.1280654621595416,0.35489177644266884,0.17380312721652075,38.15789473684211
US2000_USD,3m,ADX>25 + cruce DI,stop 2 / obj 3 ATR,mercado,validacion,79,59,0.045412895118208146,0.11522796215160648,0.06080709685319396,43.037974683544306
US2000_USD,3m,ADX>25 + cruce DI,stop 2 / obj 3 ATR,límite,validacion,74,56,0.08459519704618142,0.20723326281189783,0.11178651038245402,43.24324324324324
US2000_USD,3m,ADX>25 + cruce DI,"stop 2 ATR, cierre de sesión",mercado,validacion,74,59,0.25761651380653966,0.37077001344509763,0.3231122376556599,35.13513513513514
US2000_USD,3m,ADX>25 + cruce DI,"stop 2 ATR, cierre de sesión",límite,validacion,69,56,0.5674101654551154,0.7711359205110887,0.6991303824357671,37.68115942028986
US2000_USD,3m,Envolvente,"stop 1,5 / obj 3 ATR",mercado,descubrimiento,641,141,-0.20105974540510568,-2.6490135701525817,-0.9140375659905868,34.789391575663025
US2000_USD,3m,Envolvente,"stop 1,5 / obj 3 ATR",límite,descubrimiento,569,141,-0.1495805261334219,-1.6678572450505182,-0.6036263785100502,37.609841827768015
US2000_USD,3m,Envolvente,stop 2 / obj 3 ATR,mercado,descubrimiento,593,141,-0.22146956770095563,-2.356410450686956,-0.9314287492671396,40.97807757166947
US2000_USD,3m,Envolvente,stop 2 / obj 3 ATR,límite,descubrimiento,541,141,-0.21730439023214435,-2.100261057479146,-0.8337707455006389,41.95933456561922
US2000_USD,3m,Envolvente,"stop 2 ATR, cierre de sesión",mercado,descubrimiento,314,141,-0.16270707341821128,-0.7035447719766904,-0.36234057484622934,30.573248407643312
US2000_USD,3m,Envolvente,"stop 2 ATR, cierre de sesión",límite,descubrimiento,308,141,-0.19868099442241716,-0.8532431342526038,-0.4339982005823013,30.519480519480517
US2000_USD,3m,Envolvente,"stop 1,5 / obj 3 ATR",mercado,validacion,395,87,-0.2695957079258721,-1.8255971728051796,-1.22402649000827,37.9746835443038
US2000_USD,3m,Envolvente,"stop 1,5 / obj 3 ATR",límite,validacion,369,85,-0.2818801909984874,-1.8519705031711637,-1.2236916526875512,37.94037940379404
US2000_USD,3m,Envolvente,stop 2 / obj 3 ATR,mercado,validacion,359,87,-0.35489437108973065,-2.165043506578364,-1.4644491864507276,42.618384401114206
US2000_USD,3m,Envolvente,stop 2 / obj 3 ATR,límite,validacion,337,85,-0.34274117881247385,-1.929896480790623,-1.3588679677623963,42.433234421364986
US2000_USD,3m,Envolvente,"stop 2 ATR, cierre de sesión",mercado,validacion,195,87,-0.43324188633930544,-1.2289023965320311,-0.9710594004156846,31.794871794871792
US2000_USD,3m,Envolvente,"stop 2 ATR, cierre de sesión",límite,validacion,189,85,-0.4074165339090611,-1.1354467848688428,-0.90590264598603,31.746031746031743
US2000_USD,3m,Martillo / estrella,"stop 1,5 / obj 3 ATR",mercado,descubrimiento,790,141,-0.2838741911088482,-4.015125580239593,-1.5905007870637593,34.43037974683544
US2000_USD,3m,Martillo / estrella,"stop 1,5 / obj 3 ATR",límite,descubrimiento,716,141,-0.2129045565093457,-2.7052767980784465,-1.081132357877245,36.452513966480446
US2000_USD,3m,Martillo / estrella,stop 2 / obj 3 ATR,mercado,descubrimiento,722,141,-0.2691425110108421,-3.3076947917855177,-1.3781623613462977,40.7202216066482
US2000_USD,3m,Martillo / estrella,stop 2 / obj 3 ATR,límite,descubrimiento,660,141,-0.16439813293400013,-1.883963927642361,-0.7695231754357452,43.18181818181818
US2000_USD,3m,Martillo / estrella,"stop 2 ATR, cierre de sesión",mercado,descubrimiento,347,141,-0.29217881540745316,-1.3165419397804308,-0.7190499925275621,29.394812680115272
US2000_USD,3m,Martillo / estrella,"stop 2 ATR, cierre de sesión",límite,descubrimiento,324,141,-0.13111600891455946,-0.5529007259306432,-0.30128785027175364,32.098765432098766
US2000_USD,3m,Martillo / estrella,"stop 1,5 / obj 3 ATR",mercado,validacion,491,87,-0.20968888643599642,-1.488615714968933,-1.1834165889663706,37.270875763747455
US2000_USD,3m,Martillo / estrella,"stop 1,5 / obj 3 ATR",límite,validacion,452,87,-0.19832763179575913,-1.3290145220450353,-1.0303918341572773,37.16814159292036
US2000_USD,3m,Martillo / estrella,stop 2 / obj 3 ATR,mercado,validacion,438,87,-0.23329177558467287,-1.373629316796019,-1.1745034219090427,42.69406392694064
US2000_USD,3m,Martillo / estrella,stop 2 / obj 3 ATR,límite,validacion,407,87,-0.22071431822383655,-1.2512317038667606,-1.0325370978977182,42.75184275184275
US2000_USD,3m,Martillo / estrella,"stop 2 ATR, cierre de sesión",mercado,validacion,227,87,-0.42342336679017906,-1.1253054970350076,-1.104794301854835,27.75330396475771
US2000_USD,3m,Martillo / estrella,"stop 2 ATR, cierre de sesión",límite,validacion,224,87,-0.40044903027576656,-1.0885105694213664,-1.031041181399675,29.017857142857146
US2000_USD,3m,Ruptura de inside bar,"stop 1,5 / obj 3 ATR",mercado,descubrimiento,597,140,-0.3324957175856004,-3.908665552245324,-1.4178567385614531,33.50083752093803
US2000_USD,3m,Ruptura de inside bar,"stop 1,5 / obj 3 ATR",límite,descubrimiento,549,140,-0.26934780862141583,-3.038076625213769,-1.056228192379695,34.97267759562842
US2000_USD,3m,Ruptura de inside bar,stop 2 / obj 3 ATR,mercado,descubrimiento,561,140,-0.3285767371323182,-3.3419984987981532,-1.3166539252230753,39.928698752228165
US2000_USD,3m,Ruptura de inside bar,stop 2 / obj 3 ATR,límite,descubrimiento,527,140,-0.295483135408887,-2.801709563352661,-1.1122829454320247,40.79696394686907
US2000_USD,3m,Ruptura de inside bar,"stop 2 ATR, cierre de sesión",mercado,descubrimiento,298,140,-0.28801404853316764,-1.2011086358459062,-0.6130584747348854,29.86577181208054
US2000_USD,3m,Ruptura de inside bar,"stop 2 ATR, cierre de sesión",límite,descubrimiento,293,140,-0.3002220138982834,-1.2870484363344827,-0.6283217862299789,29.351535836177472
US2000_USD,3m,Ruptura de inside bar,"stop 1,5 / obj 3 ATR",mercado,validacion,334,87,-0.23039133278329488,-1.489014542506892,-0.8844908637887413,35.92814371257485
US2000_USD,3m,Ruptura de inside bar,"stop 1,5 / obj 3 ATR",límite,validacion,308,87,-0.40695329441103234,-2.9210584205315935,-1.4407082146965282,33.76623376623377
US2000_USD,3m,Ruptura de inside bar,stop 2 / obj 3 ATR,mercado,validacion,316,87,-0.21889056539525625,-1.2963487873262138,-0.7950507892517353,41.77215189873418
US2000_USD,3m,Ruptura de inside bar,stop 2 / obj 3 ATR,límite,validacion,292,87,-0.3601034148636804,-2.2480948832539522,-1.2086229556344217,40.06849315068493
US2000_USD,3m,Ruptura de inside bar,"stop 2 ATR, cierre de sesión",mercado,validacion,175,87,-0.07360894538865964,-0.19855675615121077,-0.14806397060937282,34.85714285714286
US2000_USD,3m,Ruptura de inside bar,"stop 2 ATR, cierre de sesión",límite,validacion,173,87,-0.19987449503211208,-0.5584842190930566,-0.3974515820753493,32.947976878612714
US2000_USD,3m,Clímax de volumen (reversión),"stop 1,5 / obj 3 ATR",mercado,descubrimiento,71,55,0.008419501400315797,0.033606364944946704,0.010868810898589484,38.028169014084504
US2000_USD,3m,Clímax de volumen (reversión),"stop 1,5 / obj 3 ATR",límite,descubrimiento,65,52,-0.13065591081290526,-0.5055464827269976,-0.16331988851613158,35.38461538461539
US2000_USD,3m,Clímax de volumen (reversión),stop 2 / obj 3 ATR,mercado,descubrimiento,71,55,-0.0294078225350872,-0.10234275685143442,-0.0379628254543853,40.845070422535215
US2000_USD,3m,Clímax de volumen (reversión),stop 2 / obj 3 ATR,límite,descubrimiento,64,52,-0.07497903525830552,-0.2379009287621747,-0.09228188954868372,40.625
US2000_USD,3m,Clímax de volumen (reversión),"stop 2 ATR, cierre de sesión",mercado,descubrimiento,68,55,0.07964403847383143,0.1467375843877546,0.0984689930221916,27.941176470588236
US2000_USD,3m,Clímax de volumen (reversión),"stop 2 ATR, cierre de sesión",límite,descubrimiento,61,52,0.04627489268973394,0.08768921602185943,0.054284008732187895,29.508196721311474
US2000_USD,3m,Clímax de volumen (reversión),"stop 1,5 / obj 3 ATR",mercado,validacion,28,22,-0.8423543996128896,-2.0094337940326596,-1.0720874176891322,25.0
US2000_USD,3m,Clímax de volumen (reversión),"stop 1,5 / obj 3 ATR",límite,validacion,25,19,-1.27924376722327,-3.2708162503651104,-1.6832154831885129,16.0
US2000_USD,3m,Clímax de volumen (reversión),stop 2 / obj 3 ATR,mercado,validacion,27,22,-1.233018963124935,-2.698862198560397,-1.5132505456533294,25.925925925925924
US2000_USD,3m,Clímax de volumen (reversión),stop 2 / obj 3 ATR,límite,validacion,24,19,-1.7328179377912594,-3.9627846587842344,-2.188822658262643,16.666666666666664
US2000_USD,3m,Clímax de volumen (reversión),"stop 2 ATR, cierre de sesión",mercado,validacion,27,22,-0.7323436641338731,-0.776179601373631,-0.8987854059824806,14.814814814814813
US2000_USD,3m,Clímax de volumen (reversión),"stop 2 ATR, cierre de sesión",límite,validacion,24,19,-1.1110966174204162,-1.2300294741292157,-1.4034904641099994,12.5
US2000_USD,3m,Divergencia SMT,"stop 1,5 / obj 3 ATR",mercado,descubrimiento,297,126,-0.5129914321795206,-4.533636416504547,-1.2091940901374414,29.292929292929294
US2000_USD,3m,Divergencia SMT,"stop 1,5 / obj 3 ATR",límite,descubrimiento,267,123,-0.4990482811856479,-3.9867182186522596,-1.0832999274517723,29.213483146067414
US2000_USD,3m,Divergencia SMT,stop 2 / obj 3 ATR,mercado,descubrimiento,274,126,-0.5843035045305476,-4.14693426872751,-1.2706282558838893,34.67153284671533
US2000_USD,3m,Divergencia SMT,stop 2 / obj 3 ATR,límite,descubrimiento,249,123,-0.5450944578149837,-3.8342948914056647,-1.1034839024059424,34.53815261044177
US2000_USD,3m,Divergencia SMT,"stop 2 ATR, cierre de sesión",mercado,descubrimiento,231,126,-0.6410119157250503,-2.758065815257912,-1.1751885121625922,25.97402597402597
US2000_USD,3m,Divergencia SMT,"stop 2 ATR, cierre de sesión",límite,descubrimiento,212,123,-0.6017822210766377,-2.371015440015253,-1.0372181371402212,25.0
US2000_USD,3m,Divergencia SMT,"stop 1,5 / obj 3 ATR",mercado,validacion,216,81,-0.25231931400234536,-1.254965122500981,-0.6728515040062543,35.648148148148145
US2000_USD,3m,Divergencia SMT,"stop 1,5 / obj 3 ATR",límite,validacion,200,79,-0.24614310510508958,-1.20114063259542,-0.6231471015318724,37.5
US2000_USD,3m,Divergencia SMT,stop 2 / obj 3 ATR,mercado,validacion,196,81,-0.2690355537496298,-1.2105009906076545,-0.6509996115423141,42.857142857142854
US2000_USD,3m,Divergencia SMT,stop 2 / obj 3 ATR,límite,validacion,179,79,-0.2440597338409367,-1.0111276784228247,-0.5529961057914895,44.134078212290504
US2000_USD,3m,Divergencia SMT,"stop 2 ATR, cierre de sesión",mercado,validacion,149,81,-0.16199086139013028,-0.38086470826497587,-0.2979831894707335,32.21476510067114
US2000_USD,3m,Divergencia SMT,"stop 2 ATR, cierre de sesión",límite,validacion,139,79,-0.10980090615379647,-0.2490289893471993,-0.19319399943516086,33.093525179856115
US2000_USD,3m,Vela de impulso,"stop 1,5 / obj 3 ATR",mercado,descubrimiento,165,106,-0.48026735456279834,-2.651038455322938,-0.7475859764420917,27.878787878787882
US2000_USD,3m,Vela de impulso,"stop 1,5 / obj 3 ATR",límite,descubrimiento,157,102,-0.3602216645494477,-1.893550765035392,-0.5544588366104244,30.573248407643312
US2000_USD,3m,Vela de impulso,stop 2 / obj 3 ATR,mercado,descubrimiento,162,106,-0.49524227507321655,-2.356939168567857,-0.7568797034137839,35.18518518518518
US2000_USD,3m,Vela de impulso,stop 2 / obj 3 ATR,límite,descubrimiento,154,102,-0.44542455964894256,-2.0808715917638714,-0.6725037469209525,36.36363636363637
US2000_USD,3m,Vela de impulso,"stop 2 ATR, cierre de sesión",mercado,descubrimiento,144,106,-0.6304734782543571,-2.011888476892687,-0.8564922723455417,20.13888888888889
US2000_USD,3m,Vela de impulso,"stop 2 ATR, cierre de sesión",límite,descubrimiento,136,102,-0.5399509553243214,-1.691183334415145,-0.7199346070990952,22.058823529411764
US2000_USD,3m,Vela de impulso,"stop 1,5 / obj 3 ATR",mercado,validacion,84,59,-0.6051664419457261,-2.062256315183543,-0.861592900397305,27.380952380952383
US2000_USD,3m,Vela de impulso,"stop 1,5 / obj 3 ATR",límite,validacion,79,56,-0.5888070110730781,-1.9658869289430851,-0.8306384620495209,27.848101265822784
US2000_USD,3m,Vela de impulso,stop 2 / obj 3 ATR,mercado,validacion,81,59,-0.7789990434469246,-2.210498873252616,-1.0694732630373034,32.098765432098766
US2000_USD,3m,Vela de impulso,stop 2 / obj 3 ATR,límite,validacion,76,56,-0.8024505152262463,-2.2017280819163094,-1.0890399849499057,32.89473684210527
US2000_USD,3m,Vela de impulso,"stop 2 ATR, cierre de sesión",mercado,validacion,75,59,-0.8605105658593615,-1.63320157405059,-1.093869363380544,20.0
US2000_USD,3m,Vela de impulso,"stop 2 ATR, cierre de sesión",límite,validacion,70,56,-0.6912910884992446,-1.217680012401277,-0.8641138606240558,22.857142857142858
US2000_USD,5m,EMA 9 pullback en tendencia,"stop 1,5 / obj 3 ATR",mercado,descubrimiento,334,123,-0.3457554049042241,-2.679767163401995,-0.938880530390332,33.23353293413174
US2000_USD,5m,EMA 9 pullback en tendencia,"stop 1,5 / obj 3 ATR",límite,descubrimiento,318,123,-0.34432605329999866,-2.572640270893923,-0.8902088207268258,34.276729559748425
US2000_USD,5m,EMA 9 pullback en tendencia,stop 2 / obj 3 ATR,mercado,descubrimiento,304,123,-0.3234255318265313,-2.2052850794842955,-0.7993606640265488,39.14473684210527
US2000_USD,5m,EMA 9 pullback en tendencia,stop 2 / obj 3 ATR,límite,descubrimiento,289,123,-0.3461175499556437,-2.340975286007685,-0.8132355442047239,40.13840830449827
US2000_USD,5m,EMA 9 pullback en tendencia,"stop 2 ATR, cierre de sesión",mercado,descubrimiento,179,123,-0.30639149858699605,-1.0361563134551646,-0.4458868150168479,32.960893854748605
US2000_USD,5m,EMA 9 pullback en tendencia,"stop 2 ATR, cierre de sesión",límite,descubrimiento,174,123,-0.340819484688775,-1.1311171297525215,-0.4821348807792427,31.03448275862069
US2000_USD,5m,EMA 9 pullback en tendencia,"stop 1,5 / obj 3 ATR",mercado,validacion,201,71,0.049485970156798724,0.23115145719496405,0.14009408452840202,39.800995024875625
US2000_USD,5m,EMA 9 pullback en tendencia,"stop 1,5 / obj 3 ATR",límite,validacion,190,71,-0.029310235872947968,-0.12387066489666367,-0.07843584247690301,38.421052631578945
US2000_USD,5m,EMA 9 pullback en tendencia,stop 2 / obj 3 ATR,mercado,validacion,185,71,-0.02188278306487062,-0.08818992821182456,-0.05701851925353612,43.24324324324324
US2000_USD,5m,EMA 9 pullback en tendencia,stop 2 / obj 3 ATR,límite,validacion,174,71,-0.07810530280237701,-0.2877229288771761,-0.19141299560019157,43.67816091954023
US2000_USD,5m,EMA 9 pullback en tendencia,"stop 2 ATR, cierre de sesión",mercado,validacion,103,71,0.360172246109074,0.6797820584409183,0.5225033992849947,39.80582524271845
US2000_USD,5m,EMA 9 pullback en tendencia,"stop 2 ATR, cierre de sesión",límite,validacion,104,71,0.2068426453976508,0.40033532578143927,0.3029807763571223,39.42307692307692
US2000_USD,5m,Recupera VWAP,"stop 1,5 / obj 3 ATR",mercado,descubrimiento,321,131,-0.23035313397554136,-1.3286473213710803,-0.5644530992835785,36.7601246105919
US2000_USD,5m,Recupera VWAP,"stop 1,5 / obj 3 ATR",límite,descubrimiento,302,129,-0.22025225220137817,-1.221903814652137,-0.5156293036032265,36.092715231788084
US2000_USD,5m,Recupera VWAP,stop 2 / obj 3 ATR,mercado,descubrimiento,301,131,-0.41554354283501754,-1.9929313774611523,-0.954798522086567,39.8671096345515
US2000_USD,5m,Recupera VWAP,stop 2 / obj 3 ATR,límite,descubrimiento,283,129,-0.346325641030565,-1.6006213286699689,-0.7597686543538752,40.282685512367486
US2000_USD,5m,Recupera VWAP,"stop 2 ATR, cierre de sesión",mercado,descubrimiento,255,131,-0.4690608635360231,-1.6102212057819176,-0.9130574061197396,27.84313725490196
US2000_USD,5m,Recupera VWAP,"stop 2 ATR, cierre de sesión",límite,descubrimiento,237,129,-0.4102993805438739,-1.3244482760635494,-0.7538058386736287,28.270042194092827
US2000_USD,5m,Recupera VWAP,"stop 1,5 / obj 3 ATR",mercado,validacion,187,83,-0.05298200467809523,-0.202764760631016,-0.11936909487715432,40.64171122994652
US2000_USD,5m,Recupera VWAP,"stop 1,5 / obj 3 ATR",límite,validacion,177,81,-0.09889175886750474,-0.36075902228185486,-0.21609680641417703,39.548022598870055
US2000_USD,5m,Recupera VWAP,stop 2 / obj 3 ATR,mercado,validacion,169,83,0.02036880827523379,0.06911498145434024,0.041473838536319405,47.928994082840234
US2000_USD,5m,Recupera VWAP,stop 2 / obj 3 ATR,límite,validacion,160,81,-0.055486323484711164,-0.17959620918025293,-0.10960261429078748,46.25
US2000_USD,5m,Recupera VWAP,"stop 2 ATR, cierre de sesión",mercado,validacion,132,83,0.14280399464129123,0.25840149313350935,0.22710996738133063,32.57575757575758
US2000_USD,5m,Recupera VWAP,"stop 2 ATR, cierre de sesión",límite,validacion,128,81,-0.13504460936774987,-0.2518102295771144,-0.21340382714903683,31.25
US2000_USD,5m,Retroceso a VWAP en tendencia,"stop 1,5 / obj 3 ATR",mercado,descubrimiento,74,62,0.07537508176789554,0.2300361565902952,0.08996380727135918,44.5945945945946
US2000_USD,5m,Retroceso a VWAP en tendencia,"stop 1,5 / obj 3 ATR",límite,descubrimiento,73,61,0.16347670118775712,0.4683542476753414,0.1956360522410864,45.20547945205479
US2000_USD,5m,Retroceso a VWAP en tendencia,stop 2 / obj 3 ATR,mercado,descubrimiento,74,62,-0.05711631231696123,-0.16064796770684642,-0.06817108244282469,47.2972972972973
US2000_USD,5m,Retroceso a VWAP en tendencia,stop 2 / obj 3 ATR,límite,descubrimiento,73,61,0.09508441495241313,0.25754350748975835,0.1137895457627239,47.94520547945205
US2000_USD,5m,Retroceso a VWAP en tendencia,"stop 2 ATR, cierre de sesión",mercado,descubrimiento,67,62,0.008933642657829975,0.01729772678398583,0.009654097710880778,40.298507462686565
US2000_USD,5m,Retroceso a VWAP en tendencia,"stop 2 ATR, cierre de sesión",límite,descubrimiento,65,61,0.10442271436544437,0.19872667830440172,0.11127010547137516,41.53846153846154
US2000_USD,5m,Retroceso a VWAP en tendencia,"stop 1,5 / obj 3 ATR",mercado,validacion,50,36,0.35380128550537404,0.6534429318253492,0.4913906743130195,50.0
US2000_USD,5m,Retroceso a VWAP en tendencia,"stop 1,5 / obj 3 ATR",límite,validacion,46,34,0.3751391944782133,0.660042614968585,0.5075412631175827,50.0
US2000_USD,5m,Retroceso a VWAP en tendencia,stop 2 / obj 3 ATR,mercado,validacion,47,36,0.6332178785142415,1.0891787648449718,0.8267011191713709,57.446808510638306
US2000_USD,5m,Retroceso a VWAP en tendencia,stop 2 / obj 3 ATR,límite,validacion,43,34,0.695335601130259,1.240032651457203,0.879395024958857,55.81395348837209
US2000_USD,5m,Retroceso a VWAP en tendencia,"stop 2 ATR, cierre de sesión",mercado,validacion,39,36,0.7126135080779172,0.8114282716227981,0.7719979670844103,46.15384615384615
US2000_USD,5m,Retroceso a VWAP en tendencia,"stop 2 ATR, cierre de sesión",límite,validacion,35,34,0.6505770114354775,0.7340417343993263,0.669711629418874,45.714285714285715
US2000_USD,5m,Rechazo banda VWAP 2σ,"stop 1,5 / obj 3 ATR",mercado,descubrimiento,406,127,-0.1838378753362767,-1.434832793778152,-0.5877021841458925,35.960591133004925
US2000_USD,5m,Rechazo banda VWAP 2σ,"stop 1,5 / obj 3 ATR",límite,descubrimiento,386,124,-0.21338789109369677,-1.6126575277055837,-0.6642558545336045,34.97409326424871
US2000_USD,5m,Rechazo banda VWAP 2σ,stop 2 / obj 3 ATR,mercado,descubrimiento,367,127,-0.3539241779285958,-2.2985898309761543,-1.0227572700771235,39.782016348773844
US2000_USD,5m,Rechazo banda VWAP 2σ,stop 2 / obj 3 ATR,límite,descubrimiento,347,124,-0.3212008423186993,-2.1305129438894626,-0.8988442926176503,40.345821325648416
US2000_USD,5m,Rechazo banda VWAP 2σ,"stop 2 ATR, cierre de sesión",mercado,descubrimiento,340,127,-0.3140596700163641,-1.2454470460512423,-0.8407896677603448,28.823529411764703
US2000_USD,5m,Rechazo banda VWAP 2σ,"stop 2 ATR, cierre de sesión",límite,descubrimiento,316,124,-0.23790383261368175,-0.8936066901876533,-0.6062710573058341,29.11392405063291
US2000_USD,5m,Rechazo banda VWAP 2σ,"stop 1,5 / obj 3 ATR",mercado,validacion,239,70,-0.6770943078225803,-3.202977025193425,-2.31179342242281,29.288702928870293
US2000_USD,5m,Rechazo banda VWAP 2σ,"stop 1,5 / obj 3 ATR",límite,validacion,229,69,-0.653847729704714,-2.99387366558432,-2.1700163782953554,29.257641921397383
US2000_USD,5m,Rechazo banda VWAP 2σ,stop 2 / obj 3 ATR,mercado,validacion,211,70,-0.7702788082253059,-2.8939021652337646,-2.321840407650565,33.649289099526065
US2000_USD,5m,Rechazo banda VWAP 2σ,stop 2 / obj 3 ATR,límite,validacion,203,69,-0.796898793889904,-2.991076742893428,-2.3444993501398623,32.51231527093596
US2000_USD,5m,Rechazo banda VWAP 2σ,"stop 2 ATR, cierre de sesión",mercado,validacion,195,70,-0.47826700517202536,-1.1379946037003834,-1.3323152286934992,26.666666666666668
US2000_USD,5m,Rechazo banda VWAP 2σ,"stop 2 ATR, cierre de sesión",límite,validacion,190,69,-0.49885917397540275,-1.2190849453628008,-1.3736701892076308,26.31578947368421
US2000_USD,5m,Rechazo banda VWAP 1σ,"stop 1,5 / obj 3 ATR",mercado,descubrimiento,319,124,-0.0923761337775188,-0.5920222715455475,-0.237645053830875,38.87147335423197
US2000_USD,5m,Rechazo banda VWAP 1σ,"stop 1,5 / obj 3 ATR",límite,descubrimiento,298,123,-0.05040349333399466,-0.308602851971685,-0.1221157805978082,39.93288590604027
US2000_USD,5m,Rechazo banda VWAP 1σ,stop 2 / obj 3 ATR,mercado,descubrimiento,277,124,-0.03548001554986359,-0.18931257775290342,-0.0792577766718727,45.84837545126354
US2000_USD,5m,Rechazo banda VWAP 1σ,stop 2 / obj 3 ATR,límite,descubrimiento,266,123,-0.019615362025752297,-0.10234069725816804,-0.04242021381178952,45.86466165413533
US2000_USD,5m,Rechazo banda VWAP 1σ,"stop 2 ATR, cierre de sesión",mercado,descubrimiento,234,124,-0.1768649578787508,-0.5926267760499137,-0.33376129148086847,33.33333333333333
US2000_USD,5m,Rechazo banda VWAP 1σ,"stop 2 ATR, cierre de sesión",límite,descubrimiento,229,123,-0.14116708497711,-0.46610531943072075,-0.2628232720305544,33.18777292576419
US2000_USD,5m,Rechazo banda VWAP 1σ,"stop 1,5 / obj 3 ATR",mercado,validacion,223,75,-0.30670965556063284,-1.3078498651951709,-0.911950042533615,34.52914798206278
US2000_USD,5m,Rechazo banda VWAP 1σ,"stop 1,5 / obj 3 ATR",límite,validacion,205,72,-0.3666704286318732,-1.5415697563339206,-1.043992192632417,34.63414634146341
US2000_USD,5m,Rechazo banda VWAP 1σ,stop 2 / obj 3 ATR,mercado,validacion,198,75,-0.4074799638082591,-1.4810547258205675,-1.075747104453804,39.8989898989899
US2000_USD,5m,Rechazo banda VWAP 1σ,stop 2 / obj 3 ATR,límite,validacion,180,72,-0.4162301121922948,-1.4746453754725617,-1.0405752804807369,40.0
US2000_USD,5m,Rechazo banda VWAP 1σ,"stop 2 ATR, cierre de sesión",mercado,validacion,161,75,-0.2317143536264317,-0.4856986233282888,-0.4974134791180734,31.67701863354037
US2000_USD,5m,Rechazo banda VWAP 1σ,"stop 2 ATR, cierre de sesión",límite,validacion,153,72,-0.28167519212850806,-0.5872068032256857,-0.5985597832730796,30.718954248366014
US2000_USD,5m,Barrido de swing (liquidez),"stop 1,5 / obj 3 ATR",mercado,descubrimiento,236,125,-0.5665226579672313,-3.899117588122718,-1.069594778242133,30.93220338983051
US2000_USD,5m,Barrido de swing (liquidez),"stop 1,5 / obj 3 ATR",límite,descubrimiento,228,124,-0.4989573765846832,-3.369026133869906,-0.9174377569460304,32.45614035087719
US2000_USD,5m,Barrido de swing (liquidez),stop 2 / obj 3 ATR,mercado,descubrimiento,225,125,-0.6055379809612829,-3.555222979696396,-1.0899683657303092,36.44444444444444
US2000_USD,5m,Barrido de swing (liquidez),stop 2 / obj 3 ATR,límite,descubrimiento,220,124,-0.5565693346543853,-3.274182913997956,-0.9874617227739093,38.63636363636363
US2000_USD,5m,Barrido de swing (liquidez),"stop 2 ATR, cierre de sesión",mercado,descubrimiento,191,125,-0.7528780936795544,-3.01089787285368,-1.150397727142359,30.36649214659686
US2000_USD,5m,Barrido de swing (liquidez),"stop 2 ATR, cierre de sesión",límite,descubrimiento,188,124,-0.6585346746191196,-2.5908368114487943,-0.9984235389386653,31.914893617021278
US2000_USD,5m,Barrido de swing (liquidez),"stop 1,5 / obj 3 ATR",mercado,validacion,127,73,0.037456496655562534,0.12772711790435323,0.06516404212680058,43.30708661417323
US2000_USD,5m,Barrido de swing (liquidez),"stop 1,5 / obj 3 ATR",límite,validacion,118,71,0.15283100925266616,0.4748113372867052,0.25400083227907894,44.06779661016949
US2000_USD,5m,Barrido de swing (liquidez),stop 2 / obj 3 ATR,mercado,validacion,124,73,0.10520084711053654,0.3207267908539269,0.17869732933844565,50.0
US2000_USD,5m,Barrido de swing (liquidez),stop 2 / obj 3 ATR,límite,validacion,117,71,0.17116978464378,0.4799165228372702,0.28206851835665153,49.572649572649574
US2000_USD,5m,Barrido de swing (liquidez),"stop 2 ATR, cierre de sesión",mercado,validacion,105,73,0.14094251181298342,0.2651101028282892,0.20272553068990767,43.80952380952381
US2000_USD,5m,Barrido de swing (liquidez),"stop 2 ATR, cierre de sesión",límite,validacion,99,71,0.08884083346174387,0.16193788605965795,0.12387665510862879,42.42424242424242
US2000_USD,5m,Barrido del día anterior,"stop 1,5 / obj 3 ATR",mercado,descubrimiento,133,60,-0.1446105507836428,-0.5844081183978075,-0.3205533875704082,34.58646616541353
US2000_USD,5m,Barrido del día anterior,"stop 1,5 / obj 3 ATR",límite,descubrimiento,121,59,-0.022076511548578835,-0.09319268038476795,-0.04527555758267863,36.36363636363637
US2000_USD,5m,Barrido del día anterior,stop 2 / obj 3 ATR,mercado,descubrimiento,120,60,-0.11417712367774228,-0.4264386038536783,-0.22835424735548457,40.0
US2000_USD,5m,Barrido del día anterior,stop 2 / obj 3 ATR,límite,descubrimiento,110,59,-0.04533537119519499,-0.1708476978483171,-0.08452357341477032,40.0
US2000_USD,5m,Barrido del día anterior,"stop 2 ATR, cierre de sesión",mercado,descubrimiento,105,60,-0.38475612266179376,-0.997921259387712,-0.673323214658139,29.523809523809526
US2000_USD,5m,Barrido del día anterior,"stop 2 ATR, cierre de sesión",límite,descubrimiento,97,59,-0.1601002359390418,-0.37191433061055923,-0.2632156421370687,30.927835051546392
US2000_USD,5m,Barrido del día anterior,"stop 1,5 / obj 3 ATR",mercado,validacion,77,35,-0.8783518307239182,-2.712580107003416,-1.93237402759262,27.27272727272727
US2000_USD,5m,Barrido del día anterior,"stop 1,5 / obj 3 ATR",límite,validacion,73,35,-0.7959746314204845,-2.3601099471620217,-1.6601756598198676,28.767123287671232
US2000_USD,5m,Barrido del día anterior,stop 2 / obj 3 ATR,mercado,validacion,68,35,-1.1896867412187646,-2.891627534048974,-2.311391382939314,32.35294117647059
US2000_USD,5m,Barrido del día anterior,stop 2 / obj 3 ATR,límite,validacion,64,35,-1.0491221517994305,-2.411200091355129,-1.9183947918618156,34.375
US2000_USD,5m,Barrido del día anterior,"stop 2 ATR, cierre de sesión",mercado,validacion,63,35,-1.3363187958852498,-2.2921999014915366,-2.4053738325934497,22.22222222222222
US2000_USD,5m,Barrido del día anterior,"stop 2 ATR, cierre de sesión",límite,validacion,60,35,-1.1979653110821105,-1.9563152619041633,-2.0536548189979036,23.333333333333332
US2000_USD,5m,Barrido de la noche (ON),"stop 1,5 / obj 3 ATR",mercado,descubrimiento,175,84,-0.18246504330636545,-0.8119989573859898,-0.38013550688826137,37.142857142857146
US2000_USD,5m,Barrido de la noche (ON),"stop 1,5 / obj 3 ATR",límite,descubrimiento,152,79,-0.2617206598896886,-1.1010486436151457,-0.5035638013067427,34.868421052631575
US2000_USD,5m,Barrido de la noche (ON),stop 2 / obj 3 ATR,mercado,descubrimiento,151,84,-0.13054233557342693,-0.4749833051241999,-0.23466538894746986,44.370860927152314
US2000_USD,5m,Barrido de la noche (ON),stop 2 / obj 3 ATR,límite,descubrimiento,136,79,-0.23581152536590094,-0.78786964809968,-0.4059540183514244,41.911764705882355
US2000_USD,5m,Barrido de la noche (ON),"stop 2 ATR, cierre de sesión",mercado,descubrimiento,136,84,-0.2068749125915661,-0.5215185170414883,-0.33494033467205936,34.55882352941176
US2000_USD,5m,Barrido de la noche (ON),"stop 2 ATR, cierre de sesión",límite,descubrimiento,124,79,-0.39138643463967504,-0.9559296454839915,-0.6143280746243001,32.25806451612903
US2000_USD,5m,Barrido de la noche (ON),"stop 1,5 / obj 3 ATR",mercado,validacion,99,44,-0.5361379276139948,-1.8152882405395536,-1.2063103371314883,32.323232323232325
US2000_USD,5m,Barrido de la noche (ON),"stop 1,5 / obj 3 ATR",límite,validacion,88,44,-0.5014483665931628,-1.4714972603969572,-1.0028967331863257,32.95454545454545
US2000_USD,5m,Barrido de la noche (ON),stop 2 / obj 3 ATR,mercado,validacion,83,44,-0.4101675701944781,-1.1962647874561951,-0.7737251892304928,42.168674698795186
US2000_USD,5m,Barrido de la noche (ON),stop 2 / obj 3 ATR,límite,validacion,79,44,-0.49205255339410386,-1.3817629351933152,-0.8834579935939592,40.50632911392405
US2000_USD,5m,Barrido de la noche (ON),"stop 2 ATR, cierre de sesión",mercado,validacion,68,44,-0.935997455793154,-1.543087283837825,-1.4465415225894198,29.411764705882355
US2000_USD,5m,Barrido de la noche (ON),"stop 2 ATR, cierre de sesión",límite,validacion,68,44,-0.9190399017613582,-1.490821290575352,-1.42033439363119,29.411764705882355
US2000_USD,5m,Ruptura rango apertura 15m,"stop 1,5 / obj 3 ATR",mercado,descubrimiento,188,109,-0.23608222465693576,-1.2352138474992953,-0.40718769023398094,36.17021276595745
US2000_USD,5m,Ruptura rango apertura 15m,"stop 1,5 / obj 3 ATR",límite,descubrimiento,167,104,-0.19193930717000388,-0.9291644480661905,-0.3082102336287562,37.12574850299401
US2000_USD,5m,Ruptura rango apertura 15m,stop 2 / obj 3 ATR,mercado,descubrimiento,173,109,-0.31491718560423715,-1.4132854098170193,-0.4998226890782847,41.040462427745666
US2000_USD,5m,Ruptura rango apertura 15m,stop 2 / obj 3 ATR,límite,descubrimiento,157,104,-0.27678685861029023,-1.2021434714866148,-0.4178417000174574,40.76433121019109
US2000_USD,5m,Ruptura rango apertura 15m,"stop 2 ATR, cierre de sesión",mercado,descubrimiento,162,109,-0.2554515190654431,-0.7891104176659582,-0.3796618907211173,34.5679012345679
US2000_USD,5m,Ruptura rango apertura 15m,"stop 2 ATR, cierre de sesión",límite,descubrimiento,146,104,-0.3165239147486801,-0.9176342248543298,-0.44435088032026243,32.87671232876712
US2000_USD,5m,Ruptura rango apertura 15m,"stop 1,5 / obj 3 ATR",mercado,validacion,101,60,-0.20744737882180378,-0.5820664073855444,-0.3492030876833697,40.5940594059406
US2000_USD,5m,Ruptura rango apertura 15m,"stop 1,5 / obj 3 ATR",límite,validacion,91,55,-0.29066181166871885,-0.8018568983584807,-0.4809131793064258,40.65934065934066
US2000_USD,5m,Ruptura rango apertura 15m,stop 2 / obj 3 ATR,mercado,validacion,92,60,-0.1781925471450031,-0.4283974822305849,-0.27322857228900477,47.82608695652174
US2000_USD,5m,Ruptura rango apertura 15m,stop 2 / obj 3 ATR,límite,validacion,84,55,-0.28221157062613533,-0.6434511715412609,-0.4310140351380976,47.61904761904761
US2000_USD,5m,Ruptura rango apertura 15m,"stop 2 ATR, cierre de sesión",mercado,validacion,85,60,0.11280144937193183,0.1777379403802952,0.15980205327690342,40.0
US2000_USD,5m,Ruptura rango apertura 15m,"stop 2 ATR, cierre de sesión",límite,validacion,75,55,0.007961793963216432,0.01163565565811535,0.010856991768022408,38.666666666666664
US2000_USD,5m,Falsa ruptura rango apertura,"stop 1,5 / obj 3 ATR",mercado,descubrimiento,210,102,-0.35159482190837277,-1.7088851374124654,-0.7238716921642969,36.19047619047619
US2000_USD,5m,Falsa ruptura rango apertura,"stop 1,5 / obj 3 ATR",límite,descubrimiento,195,101,-0.27491578938534145,-1.3026348728596646,-0.5307780092093226,36.92307692307693
US2000_USD,5m,Falsa ruptura rango apertura,stop 2 / obj 3 ATR,mercado,descubrimiento,188,102,-0.4250096391287397,-1.729590836887399,-0.7833510995706183,42.02127659574468
US2000_USD,5m,Falsa ruptura rango apertura,stop 2 / obj 3 ATR,límite,descubrimiento,179,101,-0.39947486649945935,-1.5565088842823367,-0.7079802089445864,42.45810055865922
US2000_USD,5m,Falsa ruptura rango apertura,"stop 2 ATR, cierre de sesión",mercado,descubrimiento,162,102,-0.40805986729376426,-1.1297644206297144,-0.6480950833489197,30.864197530864196
US2000_USD,5m,Falsa ruptura rango apertura,"stop 2 ATR, cierre de sesión",límite,descubrimiento,156,101,-0.3721599012154937,-0.9867003932178626,-0.5748212335605646,30.76923076923077
US2000_USD,5m,Falsa ruptura rango apertura,"stop 1,5 / obj 3 ATR",mercado,validacion,133,60,-0.5686817371342393,-2.0622919575593794,-1.2605778506475638,31.57894736842105
US2000_USD,5m,Falsa ruptura rango apertura,"stop 1,5 / obj 3 ATR",límite,validacion,122,58,-0.5896393124724203,-2.094345053319784,-1.240275795200608,31.147540983606557
US2000_USD,5m,Falsa ruptura rango apertura,stop 2 / obj 3 ATR,mercado,validacion,113,60,-0.6523793022779352,-1.9245767274272905,-1.2286476859567779,37.16814159292036
US2000_USD,5m,Falsa ruptura rango apertura,stop 2 / obj 3 ATR,límite,validacion,105,58,-0.8082949014390421,-2.3217104434378975,-1.463292493984473,34.285714285714285
US2000_USD,5m,Falsa ruptura rango apertura,"stop 2 ATR, cierre de sesión",mercado,validacion,99,60,-0.5581473316711617,-1.1078856991037054,-0.9209430972574169,29.292929292929294
US2000_USD,5m,Falsa ruptura rango apertura,"stop 2 ATR, cierre de sesión",límite,validacion,91,58,-0.897892306055247,-1.8187083924938274,-1.4087620663970255,26.373626373626376
US2000_USD,5m,Reentrada Bollinger,"stop 1,5 / obj 3 ATR",mercado,descubrimiento,314,124,-0.32730752526500445,-2.2201641109322168,-0.8288271204291242,34.71337579617834
US2000_USD,5m,Reentrada Bollinger,"stop 1,5 / obj 3 ATR",límite,descubrimiento,299,121,-0.3075384693010325,-2.0435587232663925,-0.7599504324050307,34.78260869565217
US2000_USD,5m,Reentrada Bollinger,stop 2 / obj 3 ATR,mercado,descubrimiento,291,124,-0.4295131661687272,-2.4544041290079734,-1.007970414154029,40.20618556701031
US2000_USD,5m,Reentrada Bollinger,stop 2 / obj 3 ATR,límite,descubrimiento,277,121,-0.3793442765384068,-2.1193321726880847,-0.868416236373047,40.43321299638989
US2000_USD,5m,Reentrada Bollinger,"stop 2 ATR, cierre de sesión",mercado,descubrimiento,254,124,-0.5306218109431414,-2.045406337656868,-1.0869188708028863,32.28346456692913
US2000_USD,5m,Reentrada Bollinger,"stop 2 ATR, cierre de sesión",límite,descubrimiento,246,121,-0.48925070885140237,-1.894642049948882,-0.9946749948549172,33.739837398373986
US2000_USD,5m,Reentrada Bollinger,"stop 1,5 / obj 3 ATR",mercado,validacion,191,76,-0.21620958251470254,-0.8792545202464281,-0.5433688192145814,37.17277486910995
US2000_USD,5m,Reentrada Bollinger,"stop 1,5 / obj 3 ATR",límite,validacion,177,75,-0.22979659598553953,-0.8982372602524746,-0.5423199665258732,36.72316384180791
US2000_USD,5m,Reentrada Bollinger,stop 2 / obj 3 ATR,mercado,validacion,171,76,-0.3091442594136882,-1.0738976424349558,-0.6955745836807985,42.10526315789473
US2000_USD,5m,Reentrada Bollinger,stop 2 / obj 3 ATR,límite,validacion,162,75,-0.35265465048794903,-1.180975909365488,-0.7617340450539699,41.358024691358025
US2000_USD,5m,Reentrada Bollinger,"stop 2 ATR, cierre de sesión",mercado,validacion,153,76,-0.38879238369872393,-1.1522343754881874,-0.7827004566566416,33.98692810457516
US2000_USD,5m,Reentrada Bollinger,"stop 2 ATR, cierre de sesión",límite,validacion,145,75,-0.4651459767965554,-1.3374438947076435,-0.8992822218066737,32.41379310344827
US2000_USD,5m,Ruptura squeeze Bollinger,"stop 1,5 / obj 3 ATR",mercado,descubrimiento,34,32,-0.6387159986425989,-2.0245219571061077,-0.6786357485577613,23.52941176470588
US2000_USD,5m,Ruptura squeeze Bollinger,"stop 1,5 / obj 3 ATR",límite,descubrimiento,34,32,-0.5524998023790634,-1.7401312511776437,-0.5870310400277549,26.47058823529412
US2000_USD,5m,Ruptura squeeze Bollinger,stop 2 / obj 3 ATR,mercado,descubrimiento,34,32,-0.8185143022958141,-2.3922500456551843,-0.8696714461893025,26.47058823529412
US2000_USD,5m,Ruptura squeeze Bollinger,stop 2 / obj 3 ATR,límite,descubrimiento,33,32,-0.7272108000119678,-1.9867199968189198,-0.7499361375123418,27.27272727272727
US2000_USD,5m,Ruptura squeeze Bollinger,"stop 2 ATR, cierre de sesión",mercado,descubrimiento,34,32,-0.7282442039321644,-1.8277239506857748,-0.7737594666779246,23.52941176470588
US2000_USD,5m,Ruptura squeeze Bollinger,"stop 2 ATR, cierre de sesión",límite,descubrimiento,33,32,-0.5966461741418716,-1.3518057098185834,-0.615291367083805,27.27272727272727
US2000_USD,5m,Ruptura squeeze Bollinger,"stop 1,5 / obj 3 ATR",mercado,validacion,14,12,-0.15640709052758847,-0.17454518714189762,-0.18247493894885322,35.714285714285715
US2000_USD,5m,Ruptura squeeze Bollinger,"stop 1,5 / obj 3 ATR",límite,validacion,14,12,0.08258241380971296,0.0953013313710184,0.09634614944466512,42.857142857142854
US2000_USD,5m,Ruptura squeeze Bollinger,stop 2 / obj 3 ATR,mercado,validacion,14,12,0.20202424008516523,0.22881186406108484,0.2356949467660261,50.0
US2000_USD,5m,Ruptura squeeze Bollinger,stop 2 / obj 3 ATR,límite,validacion,14,12,0.25345964745120597,0.28686460654851054,0.29570292202640697,50.0
US2000_USD,5m,Ruptura squeeze Bollinger,"stop 2 ATR, cierre de sesión",mercado,validacion,12,12,0.32086672655755305,0.2928572818679006,0.32086672655755305,41.66666666666667
US2000_USD,5m,Ruptura squeeze Bollinger,"stop 2 ATR, cierre de sesión",límite,validacion,12,12,0.3892080351512597,0.3518206035222088,0.3892080351512597,41.66666666666667
US2000_USD,5m,Ruptura Keltner,"stop 1,5 / obj 3 ATR",mercado,descubrimiento,252,125,-0.39709235235907836,-2.4449586148289346,-0.800538182355902,32.53968253968254
US2000_USD,5m,Ruptura Keltner,"stop 1,5 / obj 3 ATR",límite,descubrimiento,229,122,-0.38014645190531354,-2.33136192216682,-0.7135535859534163,33.624454148471614
US2000_USD,5m,Ruptura Keltner,stop 2 / obj 3 ATR,mercado,descubrimiento,236,125,-0.3624782290276949,-1.8910319918447738,-0.6843588964042879,38.983050847457626
US2000_USD,5m,Ruptura Keltner,stop 2 / obj 3 ATR,límite,descubrimiento,220,122,-0.4126914860270317,-2.1428375476804455,-0.7441977616880899,39.54545454545455
US2000_USD,5m,Ruptura Keltner,"stop 2 ATR, cierre de sesión",mercado,descubrimiento,175,125,-0.22584902536121051,-0.6945948312949571,-0.3161886355056947,34.285714285714285
US2000_USD,5m,Ruptura Keltner,"stop 2 ATR, cierre de sesión",límite,descubrimiento,167,122,-0.24781454488332352,-0.7618589134623927,-0.33922154914356584,35.32934131736527
US2000_USD,5m,Ruptura Keltner,"stop 1,5 / obj 3 ATR",mercado,validacion,156,72,-0.14525708712360258,-0.6018479823666751,-0.3147236887678056,39.1025641025641
US2000_USD,5m,Ruptura Keltner,"stop 1,5 / obj 3 ATR",límite,validacion,149,72,0.024539933548752543,0.1012731274518098,0.05078402914950179,42.281879194630875
US2000_USD,5m,Ruptura Keltner,stop 2 / obj 3 ATR,mercado,validacion,148,72,-0.12570398197937221,-0.4521689965668152,-0.258391518513154,44.5945945945946
US2000_USD,5m,Ruptura Keltner,stop 2 / obj 3 ATR,límite,validacion,146,72,-0.020049504227762836,-0.07212321335975372,-0.040655939128519086,46.57534246575342
US2000_USD,5m,Ruptura Keltner,"stop 2 ATR, cierre de sesión",mercado,validacion,105,72,-0.05250249664656044,-0.10003852337098411,-0.07656614094290065,37.142857142857146
US2000_USD,5m,Ruptura Keltner,"stop 2 ATR, cierre de sesión",límite,validacion,103,72,-0.0054309898301450705,-0.010613267549632288,-0.007769332673679753,37.86407766990291
US2000_USD,5m,Ruptura Donchian 20,"stop 1,5 / obj 3 ATR",mercado,descubrimiento,278,129,-0.3460436200538184,-2.3330903136899255,-0.7457374137593916,35.25179856115108
US2000_USD,5m,Ruptura Donchian 20,"stop 1,5 / obj 3 ATR",límite,descubrimiento,257,128,-0.31419214625489045,-1.8844155956052773,-0.6308389186523973,35.40856031128405
US2000_USD,5m,Ruptura Donchian 20,stop 2 / obj 3 ATR,mercado,descubrimiento,267,129,-0.39124634055342145,-2.4601460809682174,-0.8097889374245234,39.70037453183521
US2000_USD,5m,Ruptura Donchian 20,stop 2 / obj 3 ATR,límite,descubrimiento,250,128,-0.4393755450077107,-2.3984317808910567,-0.8581553613431849,39.2
US2000_USD,5m,Ruptura Donchian 20,"stop 2 ATR, cierre de sesión",mercado,descubrimiento,179,129,-0.2719261804346353,-0.887174543174796,-0.37732392478914506,32.960893854748605
US2000_USD,5m,Ruptura Donchian 20,"stop 2 ATR, cierre de sesión",límite,descubrimiento,175,128,-0.33592968225752257,-1.1058352781533491,-0.4592788624614566,32.0
US2000_USD,5m,Ruptura Donchian 20,"stop 1,5 / obj 3 ATR",mercado,validacion,189,77,-0.3579073256675858,-2.0447833277018983,-0.8784997993658924,34.39153439153439
US2000_USD,5m,Ruptura Donchian 20,"stop 1,5 / obj 3 ATR",límite,validacion,181,77,-0.41475099079904676,-2.104205916872381,-0.974934147202954,32.59668508287293
US2000_USD,5m,Ruptura Donchian 20,stop 2 / obj 3 ATR,mercado,validacion,181,77,-0.48675467896056396,-2.3859063743111704,-1.1441895700241829,39.226519337016576
US2000_USD,5m,Ruptura Donchian 20,stop 2 / obj 3 ATR,límite,validacion,176,77,-0.4033137005864857,-1.9122441737813138,-0.9218598870548245,38.06818181818182
US2000_USD,5m,Ruptura Donchian 20,"stop 2 ATR, cierre de sesión",mercado,validacion,118,77,-0.2883616777677284,-0.6566710627939452,-0.4419049087869085,34.74576271186441
US2000_USD,5m,Ruptura Donchian 20,"stop 2 ATR, cierre de sesión",límite,validacion,115,77,-0.23821706523056627,-0.5351737042713649,-0.3557787337859107,34.78260869565217
US2000_USD,5m,Estocástico cruza en extremo,"stop 1,5 / obj 3 ATR",mercado,descubrimiento,380,132,-0.1510305679428082,-1.0572731599695149,-0.4347849683202054,37.368421052631575
US2000_USD,5m,Estocástico cruza en extremo,"stop 1,5 / obj 3 ATR",límite,descubrimiento,356,132,-0.09514835173361304,-0.6283640282618492,-0.2566122213421685,37.92134831460674
US2000_USD,5m,Estocástico cruza en extremo,stop 2 / obj 3 ATR,mercado,descubrimiento,348,132,-0.11534953345925011,-0.695362764926819,-0.3041033154834776,43.67816091954023
US2000_USD,5m,Estocástico cruza en extremo,stop 2 / obj 3 ATR,límite,descubrimiento,328,132,-0.02125223407804403,-0.12862468840257996,-0.052808581648473046,44.51219512195122
US2000_USD,5m,Estocástico cruza en extremo,"stop 2 ATR, cierre de sesión",mercado,descubrimiento,283,132,-0.2207727738370497,-0.9517964522201212,-0.47332344693852324,34.98233215547703
US2000_USD,5m,Estocástico cruza en extremo,"stop 2 ATR, cierre de sesión",límite,descubrimiento,268,132,-0.1902883205556294,-0.8206077557320767,-0.38634295385536876,35.44776119402985
US2000_USD,5m,Estocástico cruza en extremo,"stop 1,5 / obj 3 ATR",mercado,validacion,268,83,-0.3471619623062293,-1.7402796261387283,-1.120956697567102,36.19402985074627
US2000_USD,5m,Estocástico cruza en extremo,"stop 1,5 / obj 3 ATR",límite,validacion,256,81,-0.33173548168215916,-1.6313781586385179,-1.048447942106577,37.5
US2000_USD,5m,Estocástico cruza en extremo,stop 2 / obj 3 ATR,mercado,validacion,240,83,-0.3102528408824433,-1.267339670446481,-0.8971166483347759,43.333333333333336
US2000_USD,5m,Estocástico cruza en extremo,stop 2 / obj 3 ATR,límite,validacion,230,81,-0.31304500678718516,-1.265516257842317,-0.8888932291487973,44.34782608695652
US2000_USD,5m,Estocástico cruza en extremo,"stop 2 ATR, cierre de sesión",mercado,validacion,185,83,-0.5289248576858911,-1.4975083182095628,-1.1789288996613239,34.5945945945946
US2000_USD,5m,Estocástico cruza en extremo,"stop 2 ATR, cierre de sesión",límite,validacion,183,81,-0.5408735482053418,-1.5718836782257801,-1.2219735718713278,34.97267759562842
US2000_USD,5m,MACD histograma cruza 0,"stop 1,5 / obj 3 ATR",mercado,descubrimiento,342,139,-0.16803336557590345,-1.146548948656206,-0.4134346117047409,38.01169590643275
US2000_USD,5m,MACD histograma cruza 0,"stop 1,5 / obj 3 ATR",límite,descubrimiento,313,138,-0.1680983939437554,-1.0656532526533016,-0.3812666471333003,36.74121405750799
US2000_USD,5m,MACD histograma cruza 0,stop 2 / obj 3 ATR,mercado,descubrimiento,320,139,-0.14227398265750554,-0.8198114803412354,-0.32753722626188325,43.4375
US2000_USD,5m,MACD histograma cruza 0,stop 2 / obj 3 ATR,límite,descubrimiento,296,138,-0.15783720834191808,-0.8517637840839153,-0.3385493744145489,42.567567567567565
US2000_USD,5m,MACD histograma cruza 0,"stop 2 ATR, cierre de sesión",mercado,descubrimiento,243,139,-0.25829148178337324,-0.927609184438731,-0.451545540096113,33.744855967078195
US2000_USD,5m,MACD histograma cruza 0,"stop 2 ATR, cierre de sesión",límite,descubrimiento,234,138,-0.2257663094365802,-0.8192241756492049,-0.38282113339246204,34.18803418803419
US2000_USD,5m,MACD histograma cruza 0,"stop 1,5 / obj 3 ATR",mercado,validacion,236,87,-0.4139652979474009,-1.959403087400796,-1.1229403484550184,36.440677966101696
US2000_USD,5m,MACD histograma cruza 0,"stop 1,5 / obj 3 ATR",límite,validacion,211,83,-0.5082577207822212,-2.254638602773784,-1.2920768564463696,35.54502369668246
US2000_USD,5m,MACD histograma cruza 0,stop 2 / obj 3 ATR,mercado,validacion,220,87,-0.41656166857145444,-1.736929682203299,-1.0533743343186204,41.36363636363637
US2000_USD,5m,MACD histograma cruza 0,stop 2 / obj 3 ATR,límite,validacion,198,83,-0.4915660609548025,-1.9389058367942789,-1.1726515670969988,41.41414141414141
US2000_USD,5m,MACD histograma cruza 0,"stop 2 ATR, cierre de sesión",mercado,validacion,163,87,-0.3490271036111625,-0.8732278343416554,-0.6539243435473504,34.96932515337423
US2000_USD,5m,MACD histograma cruza 0,"stop 2 ATR, cierre de sesión",límite,validacion,151,83,-0.519278103872554,-1.320072580226948,-0.9447107672862127,35.099337748344375
US2000_USD,5m,RSI(2) extremo,"stop 1,5 / obj 3 ATR",mercado,descubrimiento,415,134,-0.14966809766667305,-1.1478067899215951,-0.4635243323258904,37.10843373493976
US2000_USD,5m,RSI(2) extremo,"stop 1,5 / obj 3 ATR",límite,descubrimiento,384,132,-0.0329605092809954,-0.240952719124264,-0.09588511790835026,38.28125
US2000_USD,5m,RSI(2) extremo,stop 2 / obj 3 ATR,mercado,descubrimiento,359,134,-0.09656795049976837,-0.6342535663093685,-0.25871562857773767,43.17548746518106
US2000_USD,5m,RSI(2) extremo,stop 2 / obj 3 ATR,límite,descubrimiento,334,132,0.0013417100834887956,0.008383212815947299,0.0033949330900398316,44.61077844311377
US2000_USD,5m,RSI(2) extremo,"stop 2 ATR, cierre de sesión",mercado,descubrimiento,275,134,-0.012882858533011899,-0.05039770401113648,-0.026438702213270687,35.27272727272727
US2000_USD,5m,RSI(2) extremo,"stop 2 ATR, cierre de sesión",límite,descubrimiento,257,132,0.044719227549616464,0.17063738940240467,0.0870669809109957,37.35408560311284
US2000_USD,5m,RSI(2) extremo,"stop 1,5 / obj 3 ATR",mercado,validacion,238,79,-0.1594648722920138,-0.7812716354978294,-0.4804131595632821,37.39495798319328
US2000_USD,5m,RSI(2) extremo,"stop 1,5 / obj 3 ATR",límite,validacion,217,73,-0.24896718469076068,-1.166801220291729,-0.740080535313631,36.86635944700461
US2000_USD,5m,RSI(2) extremo,stop 2 / obj 3 ATR,mercado,validacion,210,79,-0.19261449541808237,-0.7905879208986027,-0.5120132156683203,43.333333333333336
US2000_USD,5m,RSI(2) extremo,stop 2 / obj 3 ATR,límite,validacion,196,73,-0.22863256070071278,-0.913561916493582,-0.6138627657169823,42.857142857142854
US2000_USD,5m,RSI(2) extremo,"stop 2 ATR, cierre de sesión",mercado,validacion,174,79,-0.2969909634259961,-0.8720062963637525,-0.6541319953939662,33.33333333333333
US2000_USD,5m,RSI(2) extremo,"stop 2 ATR, cierre de sesión",límite,validacion,160,73,-0.4193287673055174,-1.2503849832588716,-0.9190767502586683,31.874999999999996
US2000_USD,5m,RSI(7) sale de 30/70,"stop 1,5 / obj 3 ATR",mercado,descubrimiento,371,132,-0.16016984464346012,-1.1666510804824923,-0.45017433608124025,36.92722371967655
US2000_USD,5m,RSI(7) sale de 30/70,"stop 1,5 / obj 3 ATR",límite,descubrimiento,348,127,-0.13656669388078835,-0.9785964048429078,-0.3742142477993255,37.35632183908046
US2000_USD,5m,RSI(7) sale de 30/70,stop 2 / obj 3 ATR,mercado,descubrimiento,336,132,-0.17099480318315044,-1.0680600065200403,-0.43525949901165567,42.857142857142854
US2000_USD,5m,RSI(7) sale de 30/70,stop 2 / obj 3 ATR,límite,descubrimiento,313,127,-0.12248185738512776,-0.7391312813586292,-0.3018647351302755,43.45047923322684
US2000_USD,5m,RSI(7) sale de 30/70,"stop 2 ATR, cierre de sesión",mercado,descubrimiento,279,132,-0.21995839324734226,-0.881958571377833,-0.46491205845460976,35.12544802867383
US2000_USD,5m,RSI(7) sale de 30/70,"stop 2 ATR, cierre de sesión",límite,descubrimiento,265,127,-0.17029812242041562,-0.6673732856900911,-0.3553464759166152,35.471698113207545
US2000_USD,5m,RSI(7) sale de 30/70,"stop 1,5 / obj 3 ATR",mercado,validacion,231,80,-0.30125938293109983,-1.2849251220392444,-0.8698864682135508,36.36363636363637
US2000_USD,5m,RSI(7) sale de 30/70,"stop 1,5 / obj 3 ATR",límite,validacion,217,79,-0.28374429327325007,-1.158503346671004,-0.7793988815227249,36.405529953917046
US2000_USD,5m,RSI(7) sale de 30/70,stop 2 / obj 3 ATR,mercado,validacion,205,80,-0.4458472957284531,-1.5633033931652829,-1.142483695304161,40.0
US2000_USD,5m,RSI(7) sale de 30/70,stop 2 / obj 3 ATR,límite,validacion,191,79,-0.5001136918491643,-1.652890503437546,-1.209135634723929,38.7434554973822
US2000_USD,5m,RSI(7) sale de 30/70,"stop 2 ATR, cierre de sesión",mercado,validacion,178,80,-0.6145914917205262,-1.7064737760295672,-1.3674660690781708,32.02247191011236
US2000_USD,5m,RSI(7) sale de 30/70,"stop 2 ATR, cierre de sesión",límite,validacion,170,79,-0.6593030342437769,-1.802160447090626,-1.4187533648283808,31.176470588235293
US2000_USD,5m,CCI sale de ±100,"stop 1,5 / obj 3 ATR",mercado,descubrimiento,410,138,-0.22218430483691395,-1.7210100615051862,-0.6601127897328603,36.829268292682926
US2000_USD,5m,CCI sale de ±100,"stop 1,5 / obj 3 ATR",límite,descubrimiento,373,135,-0.2382369223472038,-1.7910283870664214,-0.6582397928556075,36.99731903485255
US2000_USD,5m,CCI sale de ±100,stop 2 / obj 3 ATR,mercado,descubrimiento,379,138,-0.28556560133001907,-1.9129418986781241,-0.784270745681719,41.952506596306065
US2000_USD,5m,CCI sale de ±100,stop 2 / obj 3 ATR,límite,descubrimiento,345,135,-0.2916671286721262,-1.9129366752464305,-0.7453715510509891,42.89855072463768
US2000_USD,5m,CCI sale de ±100,"stop 2 ATR, cierre de sesión",mercado,descubrimiento,286,138,-0.38726488296136924,-1.5075226217836195,-0.8025924386010985,32.86713286713287
US2000_USD,5m,CCI sale de ±100,"stop 2 ATR, cierre de sesión",límite,descubrimiento,278,135,-0.5235207040464389,-2.148952055325069,-1.0780648572215559,32.37410071942446
US2000_USD,5m,CCI sale de ±100,"stop 1,5 / obj 3 ATR",mercado,validacion,266,87,-0.1853507759005508,-0.8290560471314203,-0.5667046711442127,37.96992481203007
US2000_USD,5m,CCI sale de ±100,"stop 1,5 / obj 3 ATR",límite,validacion,244,84,-0.31897082328203014,-1.4294163288363835,-0.9265342962001827,38.52459016393443
US2000_USD,5m,CCI sale de ±100,stop 2 / obj 3 ATR,mercado,validacion,235,87,-0.17153268717086598,-0.6775304780394553,-0.46333541936958056,43.829787234042556
US2000_USD,5m,CCI sale de ±100,stop 2 / obj 3 ATR,límite,validacion,215,84,-0.30766974171919803,-1.2130670071486869,-0.7874880294003284,43.72093023255814
US2000_USD,5m,CCI sale de ±100,"stop 2 ATR, cierre de sesión",mercado,validacion,174,87,-0.09324837028008132,-0.23414285425711878,-0.18649674056016263,37.35632183908046
US2000_USD,5m,CCI sale de ±100,"stop 2 ATR, cierre de sesión",límite,validacion,170,84,-0.39863615044416495,-1.1366818808422472,-0.8067636378036672,35.88235294117647
US2000_USD,5m,Supertrend cambia,"stop 1,5 / obj 3 ATR",mercado,descubrimiento,159,115,-0.5152885566327635,-2.4147655834100834,-0.7124424391705165,35.84905660377358
US2000_USD,5m,Supertrend cambia,"stop 1,5 / obj 3 ATR",límite,descubrimiento,138,106,-0.6338004571752395,-2.744391493270486,-0.8251364442470098,31.88405797101449
US2000_USD,5m,Supertrend cambia,stop 2 / obj 3 ATR,mercado,descubrimiento,159,115,-0.43116334554685437,-1.8370337260708813,-0.5961301907995639,42.138364779874216
US2000_USD,5m,Supertrend cambia,stop 2 / obj 3 ATR,límite,descubrimiento,138,106,-0.536597689922317,-2.1469155326090377,-0.6985894453705637,39.130434782608695
US2000_USD,5m,Supertrend cambia,"stop 2 ATR, cierre de sesión",mercado,descubrimiento,153,115,-0.4553514640222333,-1.3353393691195823,-0.6058154260469713,32.6797385620915
US2000_USD,5m,Supertrend cambia,"stop 2 ATR, cierre de sesión",límite,descubrimiento,134,106,-0.7302788420720001,-2.1202138986638928,-0.9231826871476229,29.850746268656714
US2000_USD,5m,Supertrend cambia,"stop 1,5 / obj 3 ATR",mercado,validacion,84,66,-0.1552472846280065,-0.39274030940811416,-0.19758745316291737,36.904761904761905
US2000_USD,5m,Supertrend cambia,"stop 1,5 / obj 3 ATR",límite,validacion,79,62,-0.3074620780823358,-0.7634674097512615,-0.391766196266202,36.708860759493675
US2000_USD,5m,Supertrend cambia,stop 2 / obj 3 ATR,mercado,validacion,84,66,-0.2654429665292008,-0.6050416904033739,-0.3378365028553465,40.476190476190474
US2000_USD,5m,Supertrend cambia,stop 2 / obj 3 ATR,límite,validacion,79,62,-0.4284213502979722,-0.9516425527608372,-0.5458917205409646,40.50632911392405
US2000_USD,5m,Supertrend cambia,"stop 2 ATR, cierre de sesión",mercado,validacion,81,66,-0.6555540086014904,-1.2956990472365293,-0.80454355601092,33.33333333333333
US2000_USD,5m,Supertrend cambia,"stop 2 ATR, cierre de sesión",límite,validacion,76,62,-0.9483597753423467,-1.9012958476207618,-1.162505531064812,31.57894736842105
US2000_USD,5m,ADX>25 + cruce DI,"stop 1,5 / obj 3 ATR",mercado,descubrimiento,96,79,0.09619926203538753,0.3046919719935606,0.1169003690556608,43.75
US2000_USD,5m,ADX>25 + cruce DI,"stop 1,5 / obj 3 ATR",límite,descubrimiento,84,69,0.08018441181239548,0.23175654083085567,0.09761580568465536,41.66666666666667
US2000_USD,5m,ADX>25 + cruce DI,stop 2 / obj 3 ATR,mercado,descubrimiento,96,79,0.17499090229967784,0.4979244068656016,0.21264717241479839,48.95833333333333
US2000_USD,5m,ADX>25 + cruce DI,stop 2 / obj 3 ATR,límite,descubrimiento,83,69,0.12456584440368863,0.3345574714881955,0.14984007370298777,46.98795180722892
US2000_USD,5m,ADX>25 + cruce DI,"stop 2 ATR, cierre de sesión",mercado,descubrimiento,91,79,0.23568949239331874,0.46410894362713784,0.2714904279467342,39.56043956043956
US2000_USD,5m,ADX>25 + cruce DI,"stop 2 ATR, cierre de sesión",límite,descubrimiento,78,69,0.35596320327122005,0.636340163382354,0.40239318630659654,39.743589743589745
US2000_USD,5m,ADX>25 + cruce DI,"stop 1,5 / obj 3 ATR",mercado,validacion,59,52,0.07295142100632862,0.131096594025665,0.0827718046033344,35.59322033898305
US2000_USD,5m,ADX>25 + cruce DI,"stop 1,5 / obj 3 ATR",límite,validacion,55,49,-0.11404222530445111,-0.19884435464625666,-0.1280065794233635,32.72727272727273
US2000_USD,5m,ADX>25 + cruce DI,stop 2 / obj 3 ATR,mercado,validacion,59,52,-0.18436495032544403,-0.307782060315898,-0.20918330902309995,38.983050847457626
US2000_USD,5m,ADX>25 + cruce DI,stop 2 / obj 3 ATR,límite,validacion,55,49,-0.3053164548179615,-0.4957775899753306,-0.342702143163018,38.18181818181819
US2000_USD,5m,ADX>25 + cruce DI,"stop 2 ATR, cierre de sesión",mercado,validacion,56,52,0.07375704671668666,0.0850209152275071,0.07943066569489332,28.57142857142857
US2000_USD,5m,ADX>25 + cruce DI,"stop 2 ATR, cierre de sesión",límite,validacion,53,49,-0.2173083511747494,-0.24761988077610797,-0.23504780841350445,24.528301886792452
US2000_USD,5m,Envolvente,"stop 1,5 / obj 3 ATR",mercado,descubrimiento,406,137,-0.27368461924645554,-2.1517945183775167,-0.8110653679858464,35.221674876847295
US2000_USD,5m,Envolvente,"stop 1,5 / obj 3 ATR",límite,descubrimiento,386,136,-0.19681373100516422,-1.3882826357750102,-0.5586036777058337,36.787564766839374
US2000_USD,5m,Envolvente,stop 2 / obj 3 ATR,mercado,descubrimiento,381,137,-0.32168949139713815,-2.1801891668926547,-0.8946255198708734,40.15748031496063
US2000_USD,5m,Envolvente,stop 2 / obj 3 ATR,límite,descubrimiento,366,136,-0.2058220067936314,-1.291978032229659,-0.5539033418122727,41.80327868852459
US2000_USD,5m,Envolvente,"stop 2 ATR, cierre de sesión",mercado,descubrimiento,250,137,-0.17130396333696088,-0.6075793238684746,-0.31259847324262935,36.0
US2000_USD,5m,Envolvente,"stop 2 ATR, cierre de sesión",límite,descubrimiento,243,136,-0.11534265038605225,-0.41173537303627433,-0.2060901767927257,36.21399176954733
US2000_USD,5m,Envolvente,"stop 1,5 / obj 3 ATR",mercado,validacion,232,86,-0.07501098384313185,-0.31853240823270507,-0.20235521222798358,42.241379310344826
US2000_USD,5m,Envolvente,"stop 1,5 / obj 3 ATR",límite,validacion,215,85,-0.09551665863429669,-0.38491774282293495,-0.24160096007498574,41.86046511627907
US2000_USD,5m,Envolvente,stop 2 / obj 3 ATR,mercado,validacion,221,86,-0.12617664242427973,-0.46824233181083036,-0.32424462762518397,46.15384615384615
US2000_USD,5m,Envolvente,stop 2 / obj 3 ATR,límite,validacion,203,85,-0.2156765504916257,-0.7495635601427496,-0.5150863499976472,45.320197044334975
US2000_USD,5m,Envolvente,"stop 2 ATR, cierre de sesión",mercado,validacion,155,86,-0.1705897724642421,-0.4132998468945004,-0.30745831083671543,38.70967741935484
US2000_USD,5m,Envolvente,"stop 2 ATR, cierre de sesión",límite,validacion,151,85,-0.30308576996901104,-0.7610634218003746,-0.538422956062596,37.74834437086093
US2000_USD,5m,Martillo / estrella,"stop 1,5 / obj 3 ATR",mercado,descubrimiento,491,139,-0.2751887247916995,-2.1549998725395554,-0.9720695242642047,34.82688391038696
US2000_USD,5m,Martillo / estrella,"stop 1,5 / obj 3 ATR",límite,descubrimiento,461,139,-0.15063446961101734,-1.151485218347878,-0.4995862625228705,36.22559652928417
US2000_USD,5m,Martillo / estrella,stop 2 / obj 3 ATR,mercado,descubrimiento,444,139,-0.18656544956109627,-1.3001026143691237,-0.5959356806124226,42.34234234234234
US2000_USD,5m,Martillo / estrella,stop 2 / obj 3 ATR,límite,descubrimiento,422,139,-0.07861968413575339,-0.528057407365277,-0.23868709859919376,43.838862559241704
US2000_USD,5m,Martillo / estrella,"stop 2 ATR, cierre de sesión",mercado,descubrimiento,287,139,-0.19659616868090612,-0.7299644211801968,-0.4059215856936695,33.10104529616725
US2000_USD,5m,Martillo / estrella,"stop 2 ATR, cierre de sesión",límite,descubrimiento,276,139,-0.0963488845963527,-0.34844018767663637,-0.19131145430642693,34.42028985507246
US2000_USD,5m,Martillo / estrella,"stop 1,5 / obj 3 ATR",mercado,validacion,270,87,-0.06682896012543925,-0.3428061729327234,-0.2074002210789494,39.25925925925926
US2000_USD,5m,Martillo / estrella,"stop 1,5 / obj 3 ATR",límite,validacion,247,87,-0.05174184872836608,-0.2636254464222866,-0.14689927167708533,40.89068825910931
US2000_USD,5m,Martillo / estrella,stop 2 / obj 3 ATR,mercado,validacion,246,87,-0.06540380552909865,-0.30217371866763915,-0.18493489839262378,44.71544715447154
US2000_USD,5m,Martillo / estrella,stop 2 / obj 3 ATR,límite,validacion,226,87,-0.09263471322137157,-0.4182428565200241,-0.24063730101183878,44.24778761061947
US2000_USD,5m,Martillo / estrella,"stop 2 ATR, cierre de sesión",mercado,validacion,162,87,0.09287620869990909,0.22178562671019864,0.17294190585500313,37.65432098765432
US2000_USD,5m,Martillo / estrella,"stop 2 ATR, cierre de sesión",límite,validacion,155,87,0.054254965148527366,0.1287293714772719,0.09666114480484761,37.41935483870968
US2000_USD,5m,Ruptura de inside bar,"stop 1,5 / obj 3 ATR",mercado,descubrimiento,341,140,-0.26672704081662235,-1.849253779153197,-0.6496708637033445,37.5366568914956
US2000_USD,5m,Ruptura de inside bar,"stop 1,5 / obj 3 ATR",límite,descubrimiento,320,139,-0.3560303948916571,-2.5476264012963354,-0.819638319175038,35.625
US2000_USD,5m,Ruptura de inside bar,stop 2 / obj 3 ATR,mercado,descubrimiento,323,140,-0.3011185442906901,-1.7428439870843215,-0.6947234986135208,42.414860681114554
US2000_USD,5m,Ruptura de inside bar,stop 2 / obj 3 ATR,límite,descubrimiento,303,139,-0.3212578599948764,-1.9419549363452617,-0.7002959106363132,41.914191419141915
US2000_USD,5m,Ruptura de inside bar,"stop 2 ATR, cierre de sesión",mercado,descubrimiento,216,140,-0.4167595693535396,-1.4059788317937987,-0.6430004784311754,34.25925925925926
US2000_USD,5m,Ruptura de inside bar,"stop 2 ATR, cierre de sesión",límite,descubrimiento,208,139,-0.3506206981035468,-1.2169397687311065,-0.5246698216225737,35.57692307692308
US2000_USD,5m,Ruptura de inside bar,"stop 1,5 / obj 3 ATR",mercado,validacion,196,84,-0.19717057150470282,-0.8652792601995559,-0.4600646668443066,39.285714285714285
US2000_USD,5m,Ruptura de inside bar,"stop 1,5 / obj 3 ATR",límite,validacion,181,83,-0.26428218890151034,-1.0984923142492062,-0.5763262191707635,39.226519337016576
US2000_USD,5m,Ruptura de inside bar,stop 2 / obj 3 ATR,mercado,validacion,185,84,-0.2675134653837797,-1.0149714029467272,-0.5891665606666576,44.86486486486487
US2000_USD,5m,Ruptura de inside bar,stop 2 / obj 3 ATR,límite,validacion,171,83,-0.31814547377294333,-1.1284917493199573,-0.6554563375322084,45.02923976608187
US2000_USD,5m,Ruptura de inside bar,"stop 2 ATR, cierre de sesión",mercado,validacion,126,84,0.042281919630888856,0.09115272260894763,0.06342287944633329,43.65079365079365
US2000_USD,5m,Ruptura de inside bar,"stop 2 ATR, cierre de sesión",límite,validacion,122,83,-0.18749382641267076,-0.41252075887878736,-0.27559333520898593,39.34426229508197
US2000_USD,5m,Clímax de volumen (reversión),"stop 1,5 / obj 3 ATR",mercado,descubrimiento,76,62,-0.4840739486154922,-1.4581562562672947,-0.5933809692706034,31.57894736842105
US2000_USD,5m,Clímax de volumen (reversión),"stop 1,5 / obj 3 ATR",límite,descubrimiento,74,62,-0.3351685634883822,-1.0410903494644435,-0.40003989835710135,32.432432432432435
US2000_USD,5m,Clímax de volumen (reversión),stop 2 / obj 3 ATR,mercado,descubrimiento,74,62,-0.4898120612905009,-1.3668784911802871,-0.5846143957338237,37.83783783783784
US2000_USD,5m,Clímax de volumen (reversión),stop 2 / obj 3 ATR,límite,descubrimiento,73,62,-0.40605025742806755,-1.0993732224630635,-0.4780914321330473,38.35616438356164
US2000_USD,5m,Clímax de volumen (reversión),"stop 2 ATR, cierre de sesión",mercado,descubrimiento,73,62,-0.6174545176780637,-1.2829712236013824,-0.7270028998467524,24.65753424657534
US2000_USD,5m,Clímax de volumen (reversión),"stop 2 ATR, cierre de sesión",límite,descubrimiento,72,62,-0.5249685226811514,-1.0490086495686715,-0.609640865049079,25.0
US2000_USD,5m,Clímax de volumen (reversión),"stop 1,5 / obj 3 ATR",mercado,validacion,40,34,-0.8530316934167637,-2.0569046466558767,-1.003566698137369,22.5
US2000_USD,5m,Clímax de volumen (reversión),"stop 1,5 / obj 3 ATR",límite,validacion,38,34,-0.8427388034681831,-1.9178515152084337,-0.9418845450526753,23.684210526315788
US2000_USD,5m,Clímax de volumen (reversión),stop 2 / obj 3 ATR,mercado,validacion,39,34,-1.2311397952299181,-2.4982156159821245,-1.4121897651166706,25.64102564102564
US2000_USD,5m,Clímax de volumen (reversión),stop 2 / obj 3 ATR,límite,validacion,38,34,-1.2069701758685198,-2.3627513918871763,-1.3489666671471692,26.31578947368421
US2000_USD,5m,Clímax de volumen (reversión),"stop 2 ATR, cierre de sesión",mercado,validacion,38,34,-1.1577346587681976,-1.5973179513587554,-1.2939387362703385,15.789473684210526
US2000_USD,5m,Clímax de volumen (reversión),"stop 2 ATR, cierre de sesión",límite,validacion,37,34,-1.576497544520514,-2.500768739976194,-1.71560026903703,13.513513513513514
US2000_USD,5m,Divergencia SMT,"stop 1,5 / obj 3 ATR",mercado,descubrimiento,198,109,-0.4920148033204845,-2.647065040809267,-0.8937516610775773,31.313131313131315
US2000_USD,5m,Divergencia SMT,"stop 1,5 / obj 3 ATR",límite,descubrimiento,188,104,-0.44646297008053887,-2.293655891840112,-0.807067676684051,32.4468085106383
US2000_USD,5m,Divergencia SMT,stop 2 / obj 3 ATR,mercado,descubrimiento,183,109,-0.5900582814425175,-2.6786993144775475,-0.9906483073759698,38.25136612021858
US2000_USD,5m,Divergencia SMT,stop 2 / obj 3 ATR,límite,descubrimiento,172,104,-0.6058671274185279,-2.604950989032768,-1.00201101842295,38.372093023255815
US2000_USD,5m,Divergencia SMT,"stop 2 ATR, cierre de sesión",mercado,descubrimiento,168,109,-0.4480566993270785,-1.43547515350519,-0.6905828026325613,31.547619047619047
US2000_USD,5m,Divergencia SMT,"stop 2 ATR, cierre de sesión",límite,descubrimiento,157,104,-0.4546312179930019,-1.3994072969574005,-0.6863182810086663,31.210191082802545
US2000_USD,5m,Divergencia SMT,"stop 1,5 / obj 3 ATR",mercado,validacion,148,71,-0.4667304175253551,-1.7007456709746722,-0.9729028421655289,35.13513513513514
US2000_USD,5m,Divergencia SMT,"stop 1,5 / obj 3 ATR",límite,validacion,137,67,-0.7281722156374281,-2.699915353971186,-1.488949157348174,31.386861313868614
US2000_USD,5m,Divergencia SMT,stop 2 / obj 3 ATR,mercado,validacion,133,71,-0.7101495437549362,-2.1897461303149997,-1.3302801312592467,38.34586466165413
US2000_USD,5m,Divergencia SMT,stop 2 / obj 3 ATR,límite,validacion,124,67,-0.9508222591030259,-2.9238423607912285,-1.7597307481906745,34.67741935483871
US2000_USD,5m,Divergencia SMT,"stop 2 ATR, cierre de sesión",mercado,validacion,117,71,-0.3996259731878296,-0.8120427171064781,-0.6585385755348742,35.04273504273504
US2000_USD,5m,Divergencia SMT,"stop 2 ATR, cierre de sesión",límite,validacion,109,67,-0.805491378617851,-1.6756283098533997,-1.3104262726768023,31.19266055045872
US2000_USD,5m,Vela de impulso,"stop 1,5 / obj 3 ATR",mercado,descubrimiento,138,94,-0.5198942536495825,-2.4820658199354977,-0.7632490106770466,29.71014492753623
US2000_USD,5m,Vela de impulso,"stop 1,5 / obj 3 ATR",límite,descubrimiento,126,88,-0.4519309215129458,-1.9506653270033425,-0.6470829103480814,29.365079365079367
US2000_USD,5m,Vela de impulso,stop 2 / obj 3 ATR,mercado,descubrimiento,136,94,-0.5256029926082801,-2.123120805408338,-0.7604468829226182,36.76470588235294
US2000_USD,5m,Vela de impulso,stop 2 / obj 3 ATR,límite,descubrimiento,124,88,-0.4397666803906129,-1.604686493691284,-0.6196712314595,37.096774193548384
US2000_USD,5m,Vela de impulso,"stop 2 ATR, cierre de sesión",mercado,descubrimiento,124,94,-0.2795462900669438,-0.6735096252126762,-0.3687631911521386,25.806451612903224
US2000_USD,5m,Vela de impulso,"stop 2 ATR, cierre de sesión",límite,descubrimiento,117,88,-0.16560528231890564,-0.3885691505573742,-0.22017975035581774,27.350427350427353
US2000_USD,5m,Vela de impulso,"stop 1,5 / obj 3 ATR",mercado,validacion,73,55,-0.49825422091673194,-1.5053461909163066,-0.6613192386712988,28.767123287671232
US2000_USD,5m,Vela de impulso,"stop 1,5 / obj 3 ATR",límite,validacion,71,55,-0.36353910701033215,-1.0493185936659912,-0.46929593814061066,32.3943661971831
US2000_USD,5m,Vela de impulso,stop 2 / obj 3 ATR,mercado,validacion,72,55,-0.37229173437084856,-0.9407158394263625,-0.48736372499456543,37.5
US2000_USD,5m,Vela de impulso,stop 2 / obj 3 ATR,límite,validacion,71,55,-0.42287895368515765,-1.035001877710018,-0.5458982856662944,36.61971830985916
US2000_USD,5m,Vela de impulso,"stop 2 ATR, cierre de sesión",mercado,validacion,66,55,-0.7117964324660884,-1.3405051222969564,-0.854155718959306,24.242424242424242
US2000_USD,5m,Vela de impulso,"stop 2 ATR, cierre de sesión",límite,validacion,65,55,-0.7570680210405967,-1.3815006517671482,-0.8947167521388869,23.076923076923077
