inst,tf,side,bias,touch,first,rsi,exit,trades,per_year,win,avgR,avgR_gross,PF,t,totR,maxDD_R,bars,IS_trades,OOS_trades,IS_avgR,OOS_avgR
NAS100_USD,5m,Largo,sin bias,EMA 25,primer apoyo,ninguna,bracket 2R,1784,116.17151007309681,34.809417040358746,-0.22426793509131715,0.017180601513595496,0.7167057585142551,-6.834729492473542,-400.0939962029098,402.96007299835077,10.336883408071749,914,870,-0.298320242596506,-0.14647045341345197
NAS100_USD,5m,Largo,sin bias,EMA 25,primer apoyo,ninguna,trailing EMA 50,1788,116.43198431092887,23.76957494407159,-0.11665855318166655,0.06394386601498193,0.8063110574940698,-3.1010457203482256,-208.5854930888198,214.8013236239527,15.807606263982104,912,876,-0.1746842930524977,-0.0562481938640889
NAS100_USD,5m,Largo,sin bias,EMA 25,primer apoyo,impulso (RSI>=70),bracket 2R,910,59.25788910679265,33.07692307692307,-0.269689641192014,-0.025814435946171825,0.6717186880939409,-5.858688538000458,-245.4175734847327,246.33032801473584,8.794505494505495,461,449,-0.34165980058901996,-0.1957960031474265
NAS100_USD,5m,Largo,sin bias,EMA 25,primer apoyo,impulso (RSI>=70),trailing EMA 50,906,58.9974148689606,24.282560706401764,-0.1880164788706031,-0.005153144467620338,0.7221866540234728,-3.617490237528275,-170.3429298567664,187.11607480162843,16.605960264900663,457,449,-0.27500182098361514,-0.09948128656404075
NAS100_USD,5m,Largo,sin bias,EMA 25,primer apoyo,retroceso (RSI<=40),bracket 2R,141,9.181716883579961,29.078014184397162,-0.4048876826093928,-0.14077701767827502,0.5442466142268123,-3.562349502606461,-57.08916324792438,61.401398551754056,6.127659574468085,76,65,-0.4548255206809102,-0.34649882578731084
NAS100_USD,5m,Largo,sin bias,EMA 25,primer apoyo,retroceso (RSI<=40),trailing EMA 50,141,9.181716883579961,19.858156028368796,-0.26025575961963576,-0.062172760921297435,0.6019018916002069,-1.9383100480499618,-36.69606210636864,36.69606210636863,12.76595744680851,76,65,-0.37767156032048343,-0.12296959264633689
NAS100_USD,5m,Largo,sin bias,EMA 25,primer apoyo,impulso + retroceso,bracket 2R,97,6.316500267427349,27.835051546391753,-0.43327867340592285,-0.18044982802020376,0.5139398289970265,-3.224774383836175,-42.02803132037452,45.04342068631311,6.154639175257732,55,42,-0.41752037639297507,-0.4539145385419259
NAS100_USD,5m,Largo,sin bias,EMA 25,primer apoyo,impulso + retroceso,trailing EMA 50,97,6.316500267427349,20.618556701030926,-0.26427121807736836,-0.07464958403807904,0.5856127461917774,-1.8926358964669672,-25.634308153504733,25.634308153504733,13.422680412371134,55,42,-0.22146174412190228,-0.3203312434952408
NAS100_USD,5m,Largo,sin bias,EMA 25,cualquier apoyo,ninguna,bracket 2R,3313,215.7377874844001,35.49652882583761,-0.2084847752545219,0.022819065260041474,0.7310801017276733,-8.724154045610474,-690.710060418231,711.2563617247646,11.082402656202838,1659,1654,-0.2702364441776238,-0.14654643260432473
NAS100_USD,5m,Largo,sin bias,EMA 25,cualquier apoyo,ninguna,trailing EMA 50,3548,231.04064895703334,22.435174746335964,-0.12535290625985385,0.04648975465868075,0.7586864278274301,-5.483808932427031,-444.7521114099614,463.0437001193675,13.946730552423901,1755,1793,-0.17840444850018336,-0.07342571349254857
NAS100_USD,5m,Largo,sin bias,EMA 25,cualquier apoyo,impulso (RSI>=70),bracket 2R,2021,131.6046086646461,34.289955467590296,-0.24003957896435044,-0.010495261405504287,0.6974648430579636,-7.854974777860823,-485.1199890869522,510.5705344174255,10.694210786739237,994,1027,-0.3197515925731179,-0.1628889056175979
NAS100_USD,5m,Largo,sin bias,EMA 25,cualquier apoyo,impulso (RSI>=70),trailing EMA 50,2020,131.5394901051881,23.26732673267327,-0.14153076022961267,0.029235917672240274,0.7463723891112132,-4.584425881130314,-285.8921356638176,326.09281893110364,14.740099009900991,985,1035,-0.2131568344234356,-0.07336488285674746
NAS100_USD,5m,Largo,sin bias,EMA 25,cualquier apoyo,retroceso (RSI<=40),bracket 2R,262,17.061062577999643,33.20610687022901,-0.2823800846603698,-0.04090345765098808,0.6528099246325801,-3.3530329496247018,-73.98358218101689,83.75366434096533,8.679389312977099,140,122,-0.371408109016639,-0.18021677802202798
NAS100_USD,5m,Largo,sin bias,EMA 25,cualquier apoyo,retroceso (RSI<=40),trailing EMA 50,259,16.8657068996256,19.305019305019304,-0.21959613723870447,-0.038127796445303515,0.6096372221158566,-2.6036434565759645,-56.87539954482446,60.394839323808974,11.513513513513514,139,120,-0.33053617480772945,-0.09109059372125056
NAS100_USD,5m,Largo,sin bias,EMA 25,cualquier apoyo,impulso + retroceso,bracket 2R,183,11.916696380816544,33.87978142076503,-0.26638402671059486,-0.038371275357604505,0.6686336590609425,-2.6398337174074302,-48.74827688803886,55.334828027618215,8.748633879781421,99,84,-0.34061521481190854,-0.17889726930547498
NAS100_USD,5m,Largo,sin bias,EMA 25,cualquier apoyo,impulso + retroceso,trailing EMA 50,182,11.85157782135853,20.87912087912088,-0.19706320883738682,-0.025954579255765827,0.645612294461067,-2.1037790620565473,-35.8655040084044,39.38494378738895,11.934065934065934,98,84,-0.23285509921472544,-0.15530600339715844
NAS100_USD,5m,Largo,sin bias,EMA 50,primer apoyo,ninguna,bracket 2R,1504,97.93831342485292,33.1781914893617,-0.2712570581257537,-0.029531455852111314,0.6667576226227019,-7.663855088209323,-407.9706154211336,407.97061542113454,9.372340425531915,774,730,-0.36824379936628543,-0.16842454070086116
NAS100_USD,5m,Largo,sin bias,EMA 50,primer apoyo,ninguna,trailing EMA 50,1510,98.32902478160099,18.67549668874172,-0.18195705626458544,-0.0008853728531725064,0.6683258061864021,-5.0218000865837364,-274.755154959524,280.01826340719515,11.257615894039736,775,735,-0.2503183258559957,-0.10987544547092146
NAS100_USD,5m,Largo,sin bias,EMA 50,primer apoyo,impulso (RSI>=70),bracket 2R,764,49.75057942592262,32.32984293193717,-0.29147771680226126,-0.052217908795623554,0.650100901162752,-5.832164997550862,-222.68897563692758,231.13000067769613,7.714659685863874,382,382,-0.3924875390623259,-0.19046789454219643
NAS100_USD,5m,Largo,sin bias,EMA 50,primer apoyo,impulso (RSI>=70),trailing EMA 50,762,49.620342307006595,19.160104986876643,-0.21975350964748724,-0.040290170401957204,0.6291178627547895,-4.381582511550697,-167.45217435138528,184.88192998834145,11.578740157480315,380,382,-0.3197893929969418,-0.12024137437839631
NAS100_USD,5m,Largo,sin bias,EMA 50,primer apoyo,retroceso (RSI<=40),bracket 2R,200,13.023711891602781,28.499999999999996,-0.42181760170681726,-0.16267081385062213,0.5301256198379886,-4.4516645278748195,-84.36352034136345,85.9201119797271,5.965,103,97,-0.5197592402654779,-0.31781771746411575
NAS100_USD,5m,Largo,sin bias,EMA 50,primer apoyo,retroceso (RSI<=40),trailing EMA 50,200,13.023711891602781,20.0,-0.23536129335765807,-0.04100120246551172,0.6135363878403551,-2.262487206315029,-47.072258671531614,50.39872952813516,11.24,103,97,-0.4105090369627456,-0.04937966870483314
NAS100_USD,5m,Largo,sin bias,EMA 50,primer apoyo,impulso + retroceso,bracket 2R,148,9.637546799786058,29.054054054054053,-0.40482342985071645,-0.14992051753680843,0.5430415194986014,-3.673312462880266,-59.913867617906035,62.56359157311248,6.094594594594595,82,66,-0.43802749536165425,-0.36356989391288475
NAS100_USD,5m,Largo,sin bias,EMA 50,primer apoyo,impulso + retroceso,trailing EMA 50,148,9.637546799786058,20.27027027027027,-0.23499659055383626,-0.043819406318405155,0.6002689783019118,-2.2053342520801427,-34.779495401967765,38.09190440757777,11.20945945945946,82,66,-0.2878680802229924,-0.1693077700557937
NAS100_USD,5m,Largo,sin bias,EMA 50,cualquier apoyo,ninguna,bracket 2R,2523,164.29412551256908,34.95838287752676,-0.22672501961869163,0.005842828480563872,0.7107074121623006,-8.3027755325215,-572.027224497959,583.4530433091691,10.51763773285771,1271,1252,-0.3013744868085279,-0.150942693102492
NAS100_USD,5m,Largo,sin bias,EMA 50,cualquier apoyo,ninguna,trailing EMA 50,3391,220.81703512212516,18.932468298437037,-0.15295273936199474,0.018882237280804733,0.6752577347735668,-7.328815478324275,-518.6627391765242,534.0032938356509,11.230905337658507,1692,1699,-0.20232278677589782,-0.10378610003043262
NAS100_USD,5m,Largo,sin bias,EMA 50,cualquier apoyo,impulso (RSI>=70),bracket 2R,1464,95.33357104653236,34.69945355191257,-0.22726833646512962,-0.0016992158093036389,0.7119901118167644,-6.300463456404599,-332.72084458494976,362.16467860000256,9.950136612021858,724,740,-0.3174438290172213,-0.13904258429254263
NAS100_USD,5m,Largo,sin bias,EMA 50,cualquier apoyo,impulso (RSI>=70),trailing EMA 50,1867,121.57635050811196,19.603642206748795,-0.15249030042166348,0.01574822328126654,0.6879922272604609,-5.2967170750490125,-284.6993908872457,317.62631433153564,11.68184252811998,914,953,-0.21255770019092202,-0.09488106286751631
NAS100_USD,5m,Largo,sin bias,EMA 50,cualquier apoyo,retroceso (RSI<=40),bracket 2R,399,25.98230522374755,34.08521303258145,-0.23710096145725845,-0.0034690726286038293,0.699061612371265,-3.4555363170761155,-94.60328362144612,104.3090003747317,8.854636591478696,212,187,-0.2746380472892312,-0.19454554864240162
NAS100_USD,5m,Largo,sin bias,EMA 50,cualquier apoyo,retroceso (RSI<=40),trailing EMA 50,400,26.047423783205563,19.5,-0.188608789603612,-0.013564946084577709,0.6319743442327733,-3.0123894209636264,-75.44351584144479,79.62920934157212,10.6875,214,186,-0.2668020933559329,-0.09864445087782336
NAS100_USD,5m,Largo,sin bias,EMA 50,cualquier apoyo,impulso + retroceso,bracket 2R,300,19.535567837404173,35.66666666666667,-0.18990765261639192,0.03688911550898343,0.7531678291077247,-2.3701187121876077,-56.97229578491758,65.85880087786845,9.066666666666666,165,135,-0.20577556199234584,-0.17051354115689263
NAS100_USD,5m,Largo,sin bias,EMA 50,cualquier apoyo,impulso + retroceso,trailing EMA 50,303,19.730923515778215,20.792079207920793,-0.16004147960051426,0.00961966144322885,0.6776364563280295,-2.345433995252123,-48.49256831895582,52.66419996808961,10.986798679867986,167,136,-0.17786099572710087,-0.1381601620038968
NAS100_USD,5m,Largo,bias diario,EMA 25,primer apoyo,ninguna,bracket 2R,1300,84.65412729541808,35.23076923076923,-0.21992479654761235,0.02367571834286761,0.7203812695036864,-5.737527838783244,-285.90223551189604,292.8218368061716,10.805384615384616,554,746,-0.31377900956057303,-0.15022609144147261
NAS100_USD,5m,Largo,bias diario,EMA 25,primer apoyo,ninguna,trailing EMA 50,1307,85.10995721162418,24.024483550114766,-0.11769949261848331,0.06447449775244442,0.8027758707282828,-2.738586741118849,-153.8332368523577,169.4929180376172,16.08033664881408,555,752,-0.22115676644144802,-0.04134472270924737
NAS100_USD,5m,Largo,bias diario,EMA 25,primer apoyo,impulso (RSI>=70),bracket 2R,664,43.23872348012124,34.036144578313255,-0.25199728339708083,-0.0028875711626284687,0.6902383215284941,-4.6549623306186545,-167.32619617566166,176.8242046075403,8.956325301204819,280,384,-0.33148321167326394,-0.19403879402903068
NAS100_USD,5m,Largo,bias diario,EMA 25,primer apoyo,impulso (RSI>=70),trailing EMA 50,662,43.10848636120521,25.377643504531722,-0.15321574074503966,0.03350247140363611,0.770935836113341,-2.4548261734279744,-101.42882037321625,123.84900380551504,17.15558912386707,278,384,-0.26569889136010877,-0.0717826264976719
NAS100_USD,5m,Largo,bias diario,EMA 25,primer apoyo,retroceso (RSI<=40),bracket 2R,105,6.837448743091461,26.666666666666668,-0.47368155031057063,-0.2176148523108256,0.4797883910654875,-3.7217968476658836,-49.736562782609916,49.73656278260991,6.495238095238095,47,58,-0.5522232812885353,-0.4100356648629097
NAS100_USD,5m,Largo,bias diario,EMA 25,primer apoyo,retroceso (RSI<=40),trailing EMA 50,105,6.837448743091461,19.047619047619047,-0.22936654707127807,-0.03731652357146932,0.6393173551723793,-1.4120579788661591,-24.0834874424842,24.083487442484195,12.114285714285714,47,58,-0.41343007727369074,-0.08021161742449545
NAS100_USD,5m,Largo,bias diario,EMA 25,primer apoyo,impulso + retroceso,bracket 2R,72,4.688536280977002,25.0,-0.5196769253129069,-0.27088379608277385,0.4318169714736681,-3.524990339619509,-37.416738622529294,37.4167386225293,6.305555555555555,35,37,-0.510826475775213,-0.5280489721728877
NAS100_USD,5m,Largo,bias diario,EMA 25,primer apoyo,impulso + retroceso,trailing EMA 50,72,4.688536280977002,18.055555555555554,-0.30243602254112106,-0.1158411756185212,0.5287304046595838,-1.9591091916828554,-21.775393622960717,21.787659942147,12.25,35,37,-0.2901028351581237,-0.3141025511466591
NAS100_USD,5m,Largo,bias diario,EMA 25,cualquier apoyo,ninguna,bracket 2R,2420,157.58691388839367,35.86776859504132,-0.2063285751711723,0.02643566979710623,0.7317825845324278,-7.418059758222356,-499.315151914237,520.1719518143988,11.541322314049587,994,1426,-0.2691314810260719,-0.16255151456824793
NAS100_USD,5m,Largo,bias diario,EMA 25,cualquier apoyo,ninguna,trailing EMA 50,2634,171.52228561240864,22.05770690964313,-0.14449620897669083,0.029140137307608786,0.720313134956873,-5.719981994142714,-380.6030144446037,400.9076857304283,13.978739559605163,1096,1538,-0.21953977177536954,-0.09101913171573386
NAS100_USD,5m,Largo,bias diario,EMA 25,cualquier apoyo,impulso (RSI>=70),bracket 2R,1471,95.78940096273845,34.87423521414004,-0.23345306866317425,-0.0003675275946893578,0.7030790557978998,-6.534751265909215,-343.4094640035293,361.231278341753,10.993881713120325,585,886,-0.30760723973825055,-0.1844912288449805
NAS100_USD,5m,Largo,bias diario,EMA 25,cualquier apoyo,impulso (RSI>=70),trailing EMA 50,1474,95.9847566411125,23.134328358208954,-0.1549504631625265,0.018046091668113735,0.72186289306363,-4.423458917749951,-228.39698270156407,259.401096030742,14.793758480325645,588,886,-0.23304042332509625,-0.10312552346095658
NAS100_USD,5m,Largo,bias diario,EMA 25,cualquier apoyo,retroceso (RSI<=40),bracket 2R,197,12.828356213228739,30.96446700507614,-0.3378705326631664,-0.1016974863169057,0.5935309935542848,-3.5597883190509423,-66.56049493464378,68.21161321109335,8.969543147208121,91,106,-0.41686729322308,-0.27005255897493874
NAS100_USD,5m,Largo,bias diario,EMA 25,cualquier apoyo,retroceso (RSI<=40),trailing EMA 50,194,12.633000534854698,17.525773195876287,-0.21538155503770023,-0.03783150011085808,0.612688538110602,-2.1340330818365527,-41.784021677313845,41.78402167731384,10.896907216494846,90,104,-0.33200892898574114,-0.1144540198903571
NAS100_USD,5m,Largo,bias diario,EMA 25,cualquier apoyo,impulso + retroceso,bracket 2R,142,9.246835443037975,32.3943661971831,-0.3083973188119139,-0.0822190366390373,0.621730828079963,-2.747648573082194,-43.79241927129178,45.443537547741364,8.69718309859155,68,74,-0.36150518980532187,-0.2595954914125661
NAS100_USD,5m,Largo,bias diario,EMA 25,cualquier apoyo,impulso + retroceso,trailing EMA 50,141,9.181716883579961,19.148936170212767,-0.21851457978011277,-0.04876275345338609,0.6082608882375004,-2.100746522689888,-30.8105557489959,30.810555748995895,11.28368794326241,67,74,-0.2238616128165722,-0.21367334716602113
NAS100_USD,5m,Largo,bias diario,EMA 50,primer apoyo,ninguna,bracket 2R,1085,70.6536370119451,33.08755760368663,-0.2827704850875017,-0.039925430943903766,0.6532948145163138,-6.842920412556432,-306.80597631993936,306.95294683528414,9.741935483870968,467,618,-0.38391696164750855,-0.2063377916351988
NAS100_USD,5m,Largo,bias diario,EMA 50,primer apoyo,ninguna,trailing EMA 50,1092,71.10946692815119,18.681318681318682,-0.2154042024159293,-0.033464662949860065,0.6114207073359277,-5.284746753739668,-235.22138903819481,238.97677283121186,11.552197802197803,470,622,-0.29753809600171827,-0.15334161401509208
NAS100_USD,5m,Largo,bias diario,EMA 50,primer apoyo,impulso (RSI>=70),bracket 2R,557,36.271037618113745,32.13644524236984,-0.3086929041716055,-0.06434257910494905,0.6312262621121066,-5.324505309899167,-171.94194762358427,175.74729568234855,7.9245960502693,232,325,-0.36185191622649054,-0.27074554787396454
NAS100_USD,5m,Largo,bias diario,EMA 50,primer apoyo,impulso (RSI>=70),trailing EMA 50,557,36.271037618113745,19.210053859964095,-0.23896404466594515,-0.05570130086595275,0.6028545002451673,-4.103464997776265,-133.10297287893144,137.55762660434593,12.174147217235188,232,325,-0.3095211970328694,-0.18859709282247913
NAS100_USD,5m,Largo,bias diario,EMA 50,primer apoyo,retroceso (RSI<=40),bracket 2R,146,9.50730968087003,28.08219178082192,-0.4286744435194929,-0.17860590123741754,0.519279760693554,-3.920773870222757,-62.58646875384596,62.586468753845935,6.102739726027397,59,87,-0.4269365953790606,-0.4298529842124296
NAS100_USD,5m,Largo,bias diario,EMA 50,primer apoyo,retroceso (RSI<=40),trailing EMA 50,146,9.50730968087003,19.863013698630137,-0.2167375554678342,-0.029186148756277723,0.6289295547430568,-1.7521636637215685,-31.643683098303793,31.657744949297353,11.32876712328767,59,87,-0.4199837417352746,-0.07890393489566197
NAS100_USD,5m,Largo,bias diario,EMA 50,primer apoyo,impulso + retroceso,bracket 2R,107,6.967685862007488,28.037383177570092,-0.43620678584880396,-0.18439752715874855,0.5084803037693449,-3.461775712717313,-46.674126085822024,46.67412608582204,6.018691588785047,49,58,-0.3448135834560629,-0.5134182844219818
NAS100_USD,5m,Largo,bias diario,EMA 50,primer apoyo,impulso + retroceso,trailing EMA 50,107,6.967685862007488,18.69158878504673,-0.2822686789899375,-0.09341173497239598,0.5154468702550365,-2.4560733855321137,-30.20274865192331,30.202748651923326,10.981308411214954,49,58,-0.3152038669320351,-0.2544441236595448
NAS100_USD,5m,Largo,bias diario,EMA 50,cualquier apoyo,ninguna,bracket 2R,1830,119.16696380816545,35.3551912568306,-0.225399296931442,0.008181633322470924,0.7104997579321679,-7.067714436341413,-412.4807133845389,424.12617830898637,10.985245901639344,768,1062,-0.2970945513239167,-0.17355188132558458
NAS100_USD,5m,Largo,bias diario,EMA 50,cualquier apoyo,ninguna,trailing EMA 50,2489,162.0800944909966,18.64202490960225,-0.1804918077612833,-0.007527977380550526,0.6198038470647854,-7.846932047631765,-449.2441095178341,464.2534566742725,11.325030132583366,1040,1449,-0.23951065730557303,-0.13813183293308362
NAS100_USD,5m,Largo,bias diario,EMA 50,cualquier apoyo,impulso (RSI>=70),bracket 2R,1066,69.41638438224282,35.553470919324575,-0.21611938100055783,0.013422328256476821,0.722947947362246,-5.1221905089728015,-230.38326014659464,246.72477595962502,10.25703564727955,434,632,-0.2841260318262201,-0.1694186112879986
NAS100_USD,5m,Largo,bias diario,EMA 50,cualquier apoyo,impulso (RSI>=70),trailing EMA 50,1360,88.56124086289891,19.705882352941178,-0.17339404798472535,-0.002919150237326015,0.6499144889430781,-5.364190264732077,-235.8159052592265,250.4454444340007,11.950735294117647,548,812,-0.22221738347638423,-0.1404443092539014
NAS100_USD,5m,Largo,bias diario,EMA 50,cualquier apoyo,retroceso (RSI<=40),bracket 2R,285,18.558789445533964,34.03508771929825,-0.24137760622563142,-0.011416223821450671,0.6922814655531497,-2.9959388721250133,-68.79261777430496,71.6909549722091,9.214035087719298,127,158,-0.2072966180423315,-0.26877181824638524
NAS100_USD,5m,Largo,bias diario,EMA 50,cualquier apoyo,retroceso (RSI<=40),trailing EMA 50,285,18.558789445533964,19.298245614035086,-0.17059611126317042,0.0023181975267224306,0.6581056036960554,-2.2482050661028876,-48.61989171000357,48.619891710003586,10.677192982456141,128,157,-0.24021243853616414,-0.11383885081130299
NAS100_USD,5m,Largo,bias diario,EMA 50,cualquier apoyo,impulso + retroceso,bracket 2R,217,14.130727402389018,35.944700460829495,-0.19141564802577818,0.03703016353789227,0.7496481944676986,-2.0466328169993915,-41.53719562159387,45.48240565614326,9.12442396313364,103,114,-0.1327966157428504,-0.244378457895441
NAS100_USD,5m,Largo,bias diario,EMA 50,cualquier apoyo,impulso + retroceso,trailing EMA 50,219,14.260964521305045,20.54794520547945,-0.17200496858063385,-0.0004033860207293563,0.653990331740794,-2.210691246115215,-37.669088119158815,38.309068131201556,10.972602739726028,104,115,-0.15495757143780395,-0.1874217451271931
NAS100_USD,5m,Corto,sin bias,EMA 25,primer apoyo,ninguna,bracket 2R,1724,112.26439650561598,34.222737819025525,-0.20858577312270543,0.009333431553096655,0.7344687935011238,-6.221550302496884,-359.60187286354414,364.276540830188,10.045823665893272,896,828,-0.24914543126920674,-0.16469512855837548
NAS100_USD,5m,Corto,sin bias,EMA 25,primer apoyo,ninguna,trailing EMA 50,1725,112.32951506507399,22.434782608695652,-0.09748838933291226,0.06574208633547438,0.8340141516261647,-2.3390929586877647,-168.16747159927365,182.03719656825925,15.27304347826087,895,830,-0.1402638971369849,-0.051362992363460425
NAS100_USD,5m,Corto,sin bias,EMA 25,primer apoyo,impulso (RSI>=70),bracket 2R,963,62.70917275806739,37.07165109034268,-0.1295136807494048,0.0840277825631763,0.826888938237903,-2.853948919347807,-124.72167456167682,140.93642704301124,9.609553478712357,493,470,-0.14894326766293162,-0.10913328426351385
NAS100_USD,5m,Corto,sin bias,EMA 25,primer apoyo,impulso (RSI>=70),trailing EMA 50,961,62.57893563915137,24.97398543184183,-0.05958072232960888,0.10048524471849672,0.9009091127261853,-1.059685613797233,-57.25707415875413,84.15597475022223,16.835587929240376,491,470,-0.08077970056806583,-0.03743455570177403
NAS100_USD,5m,Corto,sin bias,EMA 25,primer apoyo,retroceso (RSI<=40),bracket 2R,146,9.50730968087003,34.93150684931507,-0.21711321221832042,0.02741290022271542,0.7311377819563482,-1.847212974308311,-31.69852898387478,35.681904598693336,5.178082191780822,68,78,-0.3244451121977881,-0.12354181223622038
NAS100_USD,5m,Corto,sin bias,EMA 25,primer apoyo,retroceso (RSI<=40),trailing EMA 50,146,9.50730968087003,18.493150684931507,-0.10022521270574072,0.0831693716250361,0.8508742646809687,-0.5633010232454294,-14.632881055038146,33.022684915070315,12.075342465753424,68,78,0.06513097467397617,-0.24438188888292983
NAS100_USD,5m,Corto,sin bias,EMA 25,primer apoyo,impulso + retroceso,bracket 2R,106,6.902567302549474,38.67924528301887,-0.0942809450692045,0.13212607991034403,0.872727744061176,-0.6791047988007933,-9.993780177335676,26.289694938222468,5.754716981132075,45,61,-0.05240718213038408,-0.1251714259257114
NAS100_USD,5m,Corto,sin bias,EMA 25,primer apoyo,impulso + retroceso,trailing EMA 50,106,6.902567302549474,19.81132075471698,-0.16647574786850666,0.003329520866154783,0.7366802802357793,-0.8916286584718125,-17.646429274061706,29.88960279724285,12.028301886792454,45,61,0.06795054841481676,-0.33941317955292555
NAS100_USD,5m,Corto,sin bias,EMA 25,cualquier apoyo,ninguna,bracket 2R,3257,212.0911481547513,34.08044212465459,-0.21648502786307708,-0.004598915622309395,0.7234099280233492,-8.953510621757584,-705.0917357500421,709.9755311479382,10.321461467608229,1721,1536,-0.2625298277540289,-0.1648944675685927
NAS100_USD,5m,Corto,sin bias,EMA 25,cualquier apoyo,ninguna,trailing EMA 50,3466,225.7009270814762,19.619157530294288,-0.13657566890131537,0.02471383888301545,0.742022136213703,-5.445233678579037,-473.3712684119591,488.4677435170993,12.776976341604154,1802,1664,-0.17291850624117405,-0.0972188222147617
NAS100_USD,5m,Corto,sin bias,EMA 25,cualquier apoyo,impulso (RSI>=70),bracket 2R,2126,138.44205740773756,35.51269990592662,-0.17650965728712914,0.02728756694106256,0.767943061431684,-5.879372545561148,-375.25953139243654,383.6394067926681,10.272812793979304,1099,1027,-0.2091026437635912,-0.14163167078505343
NAS100_USD,5m,Corto,sin bias,EMA 25,cualquier apoyo,impulso (RSI>=70),trailing EMA 50,2169,141.24215546443216,21.300138312586444,-0.10859564361867997,0.045447493508322515,0.7941389332081097,-3.4605973525027065,-235.54395100891688,256.5265458638206,13.681420009220838,1091,1078,-0.13873202238348292,-0.07809583913593415
NAS100_USD,5m,Corto,sin bias,EMA 25,cualquier apoyo,retroceso (RSI<=40),bracket 2R,294,19.144856480656088,35.034013605442176,-0.21219460852376473,0.01990437891246988,0.7350467910002516,-2.5760884435144598,-62.38521490598683,70.63198752435325,7.173469387755102,160,134,-0.3397095422759519,-0.0599379712077203
NAS100_USD,5m,Corto,sin bias,EMA 25,cualquier apoyo,retroceso (RSI<=40),trailing EMA 50,288,18.754145123908007,18.75,-0.053245301060998174,0.11988445131293662,0.9030737573592117,-0.4908095770554524,-15.334646705567474,41.542929562394704,10.885416666666666,157,131,-0.03833307579137578,-0.07111720462840819
NAS100_USD,5m,Corto,sin bias,EMA 25,cualquier apoyo,impulso + retroceso,bracket 2R,196,12.763237653770727,36.224489795918366,-0.16300142910493376,0.04969013030190617,0.7877233037550995,-1.6208843938185111,-31.94828010456702,52.01800698273698,7.331632653061225,97,99,-0.278307269307972,-0.050024999815088234
NAS100_USD,5m,Corto,sin bias,EMA 25,cualquier apoyo,impulso + retroceso,trailing EMA 50,194,12.633000534854698,19.072164948453608,-0.10824743158855009,0.05124474858524108,0.7988796213077405,-0.8633959576692931,-21.000001728178717,44.88433257376162,11.15979381443299,96,98,-0.10103029391098543,-0.1153172807420828
NAS100_USD,5m,Corto,sin bias,EMA 50,primer apoyo,ninguna,bracket 2R,1486,96.76617935460867,32.70524899057873,-0.26427438931689934,-0.04077872385515261,0.6724007948460894,-7.425420209881349,-392.71174252491244,396.3383459190164,10.11843876177658,763,723,-0.35034519115992874,-0.17344171738573558
NAS100_USD,5m,Corto,sin bias,EMA 50,primer apoyo,ninguna,trailing EMA 50,1492,97.15689071135675,15.683646112600535,-0.15745370683636137,0.009918901871884697,0.6861260003047461,-3.9967699848717366,-234.92093059985118,243.40968284235186,10.0328418230563,762,730,-0.20641016927488326,-0.10635120768820559
NAS100_USD,5m,Corto,sin bias,EMA 50,primer apoyo,impulso (RSI>=70),bracket 2R,809,52.68091460153325,35.35228677379481,-0.19243981101576646,0.02669105115036475,0.7503266762674966,-3.9538200044800296,-155.68380711175507,166.37588921253766,9.765142150803461,404,405,-0.30106767196828604,-0.08408016700387039
NAS100_USD,5m,Corto,sin bias,EMA 50,primer apoyo,impulso (RSI>=70),trailing EMA 50,808,52.61579604207524,16.33663366336634,-0.13975384440350067,0.024590465005471532,0.7202654874300427,-2.661492734236617,-112.92110627802855,116.6317807373321,10.542079207920793,403,405,-0.1612372433197691,-0.11837653634607805
NAS100_USD,5m,Corto,sin bias,EMA 50,primer apoyo,retroceso (RSI<=40),bracket 2R,186,12.112052059190587,32.25806451612903,-0.28897687171610875,-0.04464485995657453,0.6531373121092362,-2.8405785884783636,-53.74969813919623,59.14804075086073,6.435483870967742,92,94,-0.4481061212139332,-0.13323335093100389
NAS100_USD,5m,Corto,sin bias,EMA 50,primer apoyo,retroceso (RSI<=40),trailing EMA 50,186,12.112052059190587,16.666666666666664,-0.074087254394859,0.1091617544247916,0.8736071615677286,-0.5144807716234389,-13.780229317443773,31.47405802536494,10.935483870967742,92,94,0.04799041065385403,-0.193567522314876
NAS100_USD,5m,Corto,sin bias,EMA 50,primer apoyo,impulso + retroceso,bracket 2R,133,8.66076840791585,33.83458646616541,-0.23344943376566699,-0.002262127172501922,0.7058787958601934,-1.9502724196643961,-31.04877469083371,38.29238782770074,6.894736842105263,60,73,-0.36826646265453583,-0.1226409168707063
NAS100_USD,5m,Corto,sin bias,EMA 50,primer apoyo,impulso + retroceso,trailing EMA 50,133,8.66076840791585,16.541353383458645,-0.1792066940400714,-0.005816214095197662,0.6797493138515981,-1.2014735232840084,-23.834490307329496,36.31418552294243,10.62406015037594,60,73,-0.08835109187286942,-0.2538825314377717
NAS100_USD,5m,Corto,sin bias,EMA 50,cualquier apoyo,ninguna,bracket 2R,2467,160.64748618292032,32.590190514795296,-0.26034887058856143,-0.0442073358319999,0.6749697456375087,-9.475839139634337,-642.280663741981,644.4345983672808,10.100121605188487,1296,1171,-0.3211843404150899,-0.19301943515288167
NAS100_USD,5m,Corto,sin bias,EMA 50,cualquier apoyo,ninguna,trailing EMA 50,3475,226.28699411659832,15.165467625899282,-0.17226171681905297,-0.011975741860970146,0.6270911253923069,-7.958422020256945,-598.6094659462091,614.67383557628,9.501870503597122,1766,1709,-0.21852278160891644,-0.12445771423338951
NAS100_USD,5m,Corto,sin bias,EMA 50,cualquier apoyo,impulso (RSI>=70),bracket 2R,1507,98.13366910322696,34.10749834107498,-0.21315131610427482,-0.006261440310083452,0.7245585066559113,-6.05127826395322,-321.21903336914215,328.77652643948346,9.994027869940279,772,735,-0.2529918284352199,-0.17130522696211212
NAS100_USD,5m,Corto,sin bias,EMA 50,cualquier apoyo,impulso (RSI>=70),trailing EMA 50,2097,136.55361918345517,15.736766809728184,-0.15674945410848115,-0.004566767318630185,0.6523495855445106,-5.842661224212016,-328.70360526548495,338.1163359367949,9.734859322842155,1022,1075,-0.18946019796145935,-0.1256514259989521
NAS100_USD,5m,Corto,sin bias,EMA 50,cualquier apoyo,retroceso (RSI<=40),bracket 2R,380,24.745052594045283,33.421052631578945,-0.25073542708719554,-0.021419344163786703,0.6871293079539629,-3.554674468145855,-95.2794622931343,101.9164083402298,8.034210526315789,205,175,-0.3290817860579369,-0.1589582637214698
NAS100_USD,5m,Corto,sin bias,EMA 50,cualquier apoyo,retroceso (RSI<=40),trailing EMA 50,382,24.87528971296131,14.136125654450263,-0.11069557683127397,0.06008357895572849,0.779064719624403,-1.3370796955486977,-42.285710349546655,54.35916425706585,9.539267015706807,207,175,-0.07663359410435974,-0.1509860363996811
NAS100_USD,5m,Corto,sin bias,EMA 50,cualquier apoyo,impulso + retroceso,bracket 2R,271,17.64712961312177,33.94833948339483,-0.22139287582448355,-0.009023370939553002,0.7145943308892068,-2.671574336692292,-59.99746934843505,66.60783822853126,8.564575645756458,134,137,-0.2475192867910672,-0.1958385760469492
NAS100_USD,5m,Corto,sin bias,EMA 50,cualquier apoyo,impulso + retroceso,trailing EMA 50,273,17.777366732037798,13.186813186813188,-0.18092394622479413,-0.02155574128707706,0.6267794054998748,-2.045056063506422,-49.392237319368796,63.01491582509221,9.41025641025641,137,136,-0.17458027200883516,-0.1873142651041057
NAS100_USD,5m,Corto,bias diario,EMA 25,primer apoyo,ninguna,bracket 2R,193,12.567881975396684,37.82383419689119,-0.054213959188662834,0.1307508184873405,0.9254835686605901,-0.5215506692263883,-10.463294123411927,32.00899685303014,10.005181347150259,157,36,-0.1093259301542552,0.18613546974461506
NAS100_USD,5m,Corto,bias diario,EMA 25,primer apoyo,ninguna,trailing EMA 50,195,12.698119094312712,27.17948717948718,0.03755597761722805,0.1759017725456236,1.0742231698289595,0.3318242466642044,7.32341563535947,12.274632370462623,17.71794871794872,159,36,0.013883650689919792,0.14210875487950622
NAS100_USD,5m,Corto,bias diario,EMA 25,primer apoyo,impulso (RSI>=70),bracket 2R,110,7.1630415403815295,44.54545454545455,0.13924087976789346,0.3294082542550612,1.2176250188384117,0.9981399118795958,15.316496774468279,15.94850180839319,10.363636363636363,93,17,0.06408258129701844,0.5504009831673863
NAS100_USD,5m,Corto,bias diario,EMA 25,primer apoyo,impulso (RSI>=70),trailing EMA 50,110,7.1630415403815295,33.63636363636363,0.19277861566063217,0.3354041465260079,1.4208442079605947,1.267841746047139,21.20564772266954,9.41284585212534,21.327272727272728,93,17,0.14560403153520188,0.4508513405821042
NAS100_USD,5m,Corto,bias diario,EMA 25,primer apoyo,retroceso (RSI<=40),bracket 2R,10,0.651185594580139,40.0,-0.010422202714989726,0.19999999999999757,0.9853042896413572,-0.021778770771589632,-0.10422202714989726,4.835743700196118,8.6,9,1,0.10962590812632104,-1.0908552002867866
NAS100_USD,5m,Corto,bias diario,EMA 25,primer apoyo,retroceso (RSI<=40),trailing EMA 50,10,0.651185594580139,30.0,0.7517536637127025,0.909570315748943,2.5430644636317656,0.834261570478155,7.517536637127025,3.220630702725229,24.4,9,1,0.9539642263713441,-1.0681414002150722
NAS100_USD,5m,Corto,bias diario,EMA 25,primer apoyo,impulso + retroceso,bracket 2R,8,0.5209484756641113,37.5,-0.0808643468501743,0.12499999999999711,0.8896992069644579,-0.1516522824923097,-0.6469147748013944,3.6087460004668035,5.75,7,1,0.06342006078362747,-1.0908552002867866
NAS100_USD,5m,Corto,bias diario,EMA 25,primer apoyo,impulso + retroceso,trailing EMA 50,8,0.5209484756641113,25.0,-0.06437572355002363,0.0900225365876049,0.893544866022507,-0.13050867721229858,-0.5150057884001891,3.186581047765861,18.375,7,1,0.07901937311641184,-1.0681414002150722
NAS100_USD,5m,Corto,bias diario,EMA 25,cualquier apoyo,ninguna,bracket 2R,369,24.02874844000713,36.31436314363143,-0.10772150674719351,0.07128506051861704,0.8549918135789024,-1.4578080866157896,-39.74923598971441,56.561279332633674,10.314363143631436,304,65,-0.11224341760013598,-0.08657287752727794
NAS100_USD,5m,Corto,bias diario,EMA 25,cualquier apoyo,ninguna,trailing EMA 50,382,24.87528971296131,22.5130890052356,-0.05728833234681824,0.0761369142584439,0.8794561072497732,-0.8188845046805127,-21.884142956484567,28.78567321807277,13.856020942408376,307,75,-0.051361294172368545,-0.0815496752742323
NAS100_USD,5m,Corto,bias diario,EMA 25,cualquier apoyo,impulso (RSI>=70),bracket 2R,245,15.954047067213407,40.40816326530612,0.010259343671691875,0.18794307749065028,1.0148969950541635,0.11158538252372345,2.513539199564509,25.740362953800886,10.493877551020407,206,39,-0.025032076600799997,0.1966704353674181
NAS100_USD,5m,Corto,bias diario,EMA 25,cualquier apoyo,impulso (RSI>=70),trailing EMA 50,239,15.563335710465324,25.94142259414226,0.00797492590577679,0.13871317498786417,1.0174005010069314,0.09087257025657006,1.9060072914806527,14.895440082656808,15.154811715481172,192,47,0.009331995193857795,0.002431153494892653
NAS100_USD,5m,Corto,bias diario,EMA 25,cualquier apoyo,retroceso (RSI<=40),bracket 2R,35,2.2791495810304867,31.428571428571427,-0.3015547020055361,-0.1084321821116719,0.6297235722326509,-1.3126955373591878,-10.554414570193764,14.628490026860376,8.885714285714286,32,3,-0.3233003200210903,-0.06960144317295806
NAS100_USD,5m,Corto,bias diario,EMA 25,cualquier apoyo,retroceso (RSI<=40),trailing EMA 50,35,2.2791495810304867,20.0,0.2440176969393216,0.3888595868597197,1.587058467652248,0.7541710817116631,8.540619392876255,4.491859591147952,13.742857142857142,32,3,0.3073980978732801,-0.4320399130229023
NAS100_USD,5m,Corto,bias diario,EMA 25,cualquier apoyo,impulso + retroceso,bracket 2R,22,1.432608308076306,31.818181818181817,-0.3061965398357931,-0.1270511988140239,0.6153984137674846,-1.074182495867291,-6.736323876387448,11.476386562375179,7.136363636363637,19,3,-0.34355366036150387,-0.06960144317295806
NAS100_USD,5m,Corto,bias diario,EMA 25,cualquier apoyo,impulso + retroceso,trailing EMA 50,22,1.432608308076306,18.181818181818183,-0.021631921938603946,0.11272708382772292,0.9543703198147883,-0.07386558385125801,-0.47590228264928686,4.257147084197335,11.454545454545455,19,3,0.04316933981154842,-0.4320399130229023
NAS100_USD,5m,Corto,bias diario,EMA 50,primer apoyo,ninguna,bracket 2R,172,11.200392226778392,30.813953488372093,-0.26747343315192496,-0.0840513096415403,0.6692165185325116,-2.5638064357757426,-46.00543050213109,56.59051120925511,8.831395348837209,137,35,-0.3352461145747056,-0.0021917944398981933
NAS100_USD,5m,Corto,bias diario,EMA 50,primer apoyo,ninguna,trailing EMA 50,171,11.135273667320378,18.71345029239766,-0.1513443554492135,-0.0136701072021361,0.6906537866448108,-1.5263737175059244,-25.879884781815512,35.21027533233272,10.801169590643275,135,36,-0.220139554003962,0.10663763913109346
NAS100_USD,5m,Corto,bias diario,EMA 50,primer apoyo,impulso (RSI>=70),bracket 2R,92,5.990907470137279,31.521739130434785,-0.2389516434095337,-0.050343477155842316,0.6989451804035082,-1.6658819094134532,-21.9835511936771,33.47748549276277,8.282608695652174,74,18,-0.34011830315443103,0.17695573554171076
NAS100_USD,5m,Corto,bias diario,EMA 50,primer apoyo,impulso (RSI>=70),trailing EMA 50,92,5.990907470137279,16.304347826086957,-0.1255022892857295,0.01595383540453905,0.7359865685089213,-0.97507716150559,-11.546210614287114,25.395418855543994,10.543478260869565,74,18,-0.27112676717679945,0.4731761198220028
NAS100_USD,5m,Corto,bias diario,EMA 50,primer apoyo,retroceso (RSI<=40),bracket 2R,11,0.716304154038153,27.27272727272727,-0.32925918454247366,-0.11433256161762931,0.6028277183507867,-0.7740746795709565,-3.6218510299672104,5.650429062944117,7.090909090909091,10,1,-0.25309958296804236,-1.0908552002867866
NAS100_USD,5m,Corto,bias diario,EMA 50,primer apoyo,retroceso (RSI<=40),trailing EMA 50,11,0.716304154038153,27.27272727272727,0.5377636176375785,0.6989585848312118,2.382096283354968,0.6815922964639385,5.915399794013364,2.7128119168792697,14.909090909090908,10,1,0.6983541194228436,-1.0681414002150722
NAS100_USD,5m,Corto,bias diario,EMA 50,primer apoyo,impulso + retroceso,bracket 2R,8,0.5209484756641113,12.5,-0.7388098584507005,-0.5322072722242376,0.23244088844637972,-1.9759534150072307,-5.910478867605604,5.910478867605604,6.625,7,1,-0.6885176667598311,-1.0908552002867866
NAS100_USD,5m,Corto,bias diario,EMA 50,primer apoyo,impulso + retroceso,trailing EMA 50,8,0.5209484756641113,12.5,-0.22988064170914396,-0.07492870203929683,0.5171768407912242,-0.7073060078736334,-1.8390451336731517,2.4006647640792043,7.625,7,1,-0.11012910477972562,-1.0681414002150722
NAS100_USD,5m,Corto,bias diario,EMA 50,cualquier apoyo,ninguna,bracket 2R,286,18.62390800499198,29.72027972027972,-0.3004657350644924,-0.1244415765510725,0.6308541110335039,-3.7961787580665547,-85.93320022844483,93.44198415726555,9.227272727272727,233,53,-0.3285489773501365,-0.17700544350684957
NAS100_USD,5m,Corto,bias diario,EMA 50,cualquier apoyo,ninguna,trailing EMA 50,385,25.070645391335354,15.584415584415584,-0.1691219502430858,-0.0361205525649875,0.6196935894764305,-2.9268769554680674,-65.11195084358803,68.28068173236733,9.612987012987013,314,71,-0.18333890453414545,-0.10624696929389249
NAS100_USD,5m,Corto,bias diario,EMA 50,cualquier apoyo,impulso (RSI>=70),bracket 2R,170,11.070155107862364,31.176470588235293,-0.2539184403047644,-0.08097097372705458,0.6778118989689832,-2.454170302684543,-43.16613485180995,53.42330658533886,8.935294117647059,139,31,-0.3054981737365144,-0.02264157104627276
NAS100_USD,5m,Corto,bias diario,EMA 50,cualquier apoyo,impulso (RSI>=70),trailing EMA 50,231,15.042387234801213,15.584415584415584,-0.16858378775975522,-0.03766913600113253,0.6137088800771989,-2.453614959516856,-38.942854972503454,47.694477929011526,9.121212121212121,187,44,-0.21520883694197432,0.029572671264675908
NAS100_USD,5m,Corto,bias diario,EMA 50,cualquier apoyo,retroceso (RSI<=40),bracket 2R,38,2.4745052594045283,28.947368421052634,-0.30075715977569956,-0.11204363625773643,0.633946021655001,-1.3572033230509088,-11.428772071476583,15.344940884220659,8.657894736842104,34,4,-0.21113951896279293,-1.062507106685406
NAS100_USD,5m,Corto,bias diario,EMA 50,cualquier apoyo,retroceso (RSI<=40),trailing EMA 50,39,2.5396238188625424,17.94871794871795,0.26300242106494237,0.4053137936919758,1.8183899932067502,0.9205221024589386,10.257094421532752,5.390472983418739,12.384615384615385,35,4,0.34196993313256113,-0.4279633095267214
NAS100_USD,5m,Corto,bias diario,EMA 50,cualquier apoyo,impulso + retroceso,bracket 2R,24,1.5628454269923338,25.0,-0.3950418850429165,-0.21906909074141637,0.5331787746630868,-1.4805594137012739,-9.481005241029996,11.23051292676895,7.875,21,3,-0.2985061823455298,-1.070791803924623
NAS100_USD,5m,Corto,bias diario,EMA 50,cualquier apoyo,impulso + retroceso,trailing EMA 50,24,1.5628454269923338,16.666666666666664,0.07018089044642711,0.20216048617255222,1.1986049988470642,0.2695943494606192,1.6843413707142507,4.413834932749109,10.75,21,3,0.14343494553096084,-0.44259749514530894
NAS100_USD,15m,Largo,sin bias,EMA 25,primer apoyo,ninguna,bracket 2R,812,52.89513108614232,35.960591133004925,-0.1867738190556485,-0.0123487928957693,0.7408185229504448,-4.048468346950091,-151.66034107318657,178.1524457704536,5.314039408866995,409,403,-0.268289602887073,-0.10404440072549308
NAS100_USD,15m,Largo,sin bias,EMA 25,primer apoyo,ninguna,trailing EMA 50,816,53.15569823434992,28.308823529411764,-0.12886470890693588,0.0016854620812509116,0.7841631987993255,-2.6689941153837395,-105.15360246805969,139.67703594275454,8.613970588235293,410,406,-0.20490303870977858,-0.05207723299766122
NAS100_USD,15m,Largo,sin bias,EMA 25,primer apoyo,impulso (RSI>=70),bracket 2R,538,35.046281433921884,34.20074349442379,-0.24368845892728366,-0.06944663475171718,0.6704948448837248,-4.399002237640383,-131.1043909028786,151.68869449141465,5.492565055762082,269,269,-0.311047609669162,-0.17632930818540524
NAS100_USD,15m,Largo,sin bias,EMA 25,primer apoyo,impulso (RSI>=70),trailing EMA 50,538,35.046281433921884,27.509293680297397,-0.1865226424533591,-0.05584127432168424,0.6943186105534997,-3.3186272229699263,-100.34918163990719,114.84544054200774,8.50185873605948,269,269,-0.24875651601859092,-0.12428876888812723
NAS100_USD,15m,Largo,sin bias,EMA 25,primer apoyo,retroceso (RSI<=40),bracket 2R,125,8.142723381487427,32.800000000000004,-0.27482691986739555,-0.08540429209288494,0.6472666177859718,-2.340863133475915,-34.35336498342444,43.961388993902894,5.4,65,60,-0.26023130950631285,-0.2906388310919018
NAS100_USD,15m,Largo,sin bias,EMA 25,primer apoyo,retroceso (RSI<=40),trailing EMA 50,125,8.142723381487427,22.400000000000002,-0.30407852937764973,-0.16201155854676672,0.5136165246327974,-2.9269225500627574,-38.009816172206214,41.38180162953636,7.848,65,60,-0.3012424945757613,-0.3071509004130287
NAS100_USD,15m,Largo,sin bias,EMA 25,primer apoyo,impulso + retroceso,bracket 2R,90,5.862760834670947,34.44444444444444,-0.24789893501306498,-0.06247063177165294,0.673078907665196,-1.791338135745276,-22.310904151175848,29.80444171760802,5.7,47,43,-0.1952682092911802,-0.30542554219745066
NAS100_USD,15m,Largo,sin bias,EMA 25,primer apoyo,impulso + retroceso,trailing EMA 50,90,5.862760834670947,23.333333333333332,-0.2892229084587443,-0.1501516810276854,0.5221558832496546,-2.350233683421841,-26.03006176128699,27.793327547864106,7.455555555555556,47,43,-0.2980813349932261,-0.2795404422466365
NAS100_USD,15m,Largo,sin bias,EMA 25,cualquier apoyo,ninguna,bracket 2R,1475,96.08413590155163,38.3728813559322,-0.13150541333017496,0.038584104965886455,0.8065818913783824,-3.8809324147765527,-193.97048466200806,225.63545951719465,6.1084745762711865,787,688,-0.15927320950996632,-0.09974196043265203
NAS100_USD,15m,Largo,sin bias,EMA 25,cualquier apoyo,ninguna,trailing EMA 50,1472,95.88871054039593,29.008152173913043,-0.0909792123871741,0.033036813292810725,0.8248231729443256,-2.7732704599136744,-133.92140063392029,176.44631975147388,8.280570652173912,764,708,-0.13002465956702494,-0.04884542475241982
NAS100_USD,15m,Largo,sin bias,EMA 25,cualquier apoyo,impulso (RSI>=70),bracket 2R,1062,69.18057784911717,37.75894538606403,-0.15775231296374828,0.011309245094163119,0.769589125300171,-4.008854299208481,-167.53295636750067,188.6893498560156,6.264595103578155,564,498,-0.17675800488483037,-0.13622779440252275
NAS100_USD,15m,Largo,sin bias,EMA 25,cualquier apoyo,impulso (RSI>=70),trailing EMA 50,1058,68.92001070090957,28.638941398865786,-0.12195857900468317,0.0013594748329252787,0.7694158111267321,-3.2495190418840507,-129.0321765869548,148.29318927955998,8.243856332703213,544,514,-0.16081644603878487,-0.08083274307754051
NAS100_USD,15m,Largo,sin bias,EMA 25,cualquier apoyo,retroceso (RSI<=40),bracket 2R,221,14.39633493846977,33.4841628959276,-0.21977248913426692,-0.04530557824740542,0.7013946562783072,-2.507377446968751,-48.56972009867299,56.92140996444531,6.158371040723982,118,103,-0.20039283346805556,-0.24197442475186823
NAS100_USD,15m,Largo,sin bias,EMA 25,cualquier apoyo,retroceso (RSI<=40),trailing EMA 50,216,14.070626003210274,22.685185185185187,-0.2394676339314589,-0.10914740563699724,0.5572136997516801,-3.1902683460788896,-51.72500892919512,57.846107062024856,7.7407407407407405,115,101,-0.25625385002717715,-0.22035461560465106
NAS100_USD,15m,Largo,sin bias,EMA 25,cualquier apoyo,impulso + retroceso,bracket 2R,161,10.487827715355806,34.78260869565217,-0.2039972015568532,-0.03289766118876864,0.7167620054357745,-1.9983186253410175,-32.84354945065336,39.42670442041568,6.701863354037267,86,75,-0.15508903496132534,-0.2600785659197251
NAS100_USD,15m,Largo,sin bias,EMA 25,cualquier apoyo,impulso + retroceso,trailing EMA 50,159,10.357544141252006,23.89937106918239,-0.2213861569851258,-0.09421283016450374,0.5817438163787745,-2.553369669050102,-35.200398960635,40.33772751976113,7.716981132075472,85,74,-0.2716222875377165,-0.1636824935125553
NAS100_USD,15m,Largo,sin bias,EMA 50,primer apoyo,ninguna,bracket 2R,698,45.46896736222579,32.808022922636106,-0.2612461928679858,-0.08294524924887493,0.6592437970247255,-5.2828340182838245,-182.34984262185407,195.89530808569137,5.032951289398281,365,333,-0.26608592032635775,-0.2559413864946952
NAS100_USD,15m,Largo,sin bias,EMA 50,primer apoyo,ninguna,trailing EMA 50,702,45.72953451043339,22.364672364672362,-0.1998971804652496,-0.06666001098724522,0.6669893347808253,-4.038361022303983,-140.3278206866052,149.3089754446841,7.6923076923076925,366,336,-0.20349213455489495,-0.19598124833188585
NAS100_USD,15m,Largo,sin bias,EMA 50,primer apoyo,impulso (RSI>=70),bracket 2R,465,30.290930979133226,32.043010752688176,-0.2925981745223349,-0.11438191346440146,0.621832355736795,-4.911162875011986,-136.05815115288573,144.19270866596642,5.1956989247311824,243,222,-0.2729068133970583,-0.3141522319702728
NAS100_USD,15m,Largo,sin bias,EMA 50,primer apoyo,impulso (RSI>=70),trailing EMA 50,465,30.290930979133226,22.1505376344086,-0.21454940480787416,-0.0808872090144241,0.6401168042514414,-3.5437580319229216,-99.76547323566149,107.13383279823451,7.612903225806452,243,222,-0.21540580434613682,-0.21361199450247856
NAS100_USD,15m,Largo,sin bias,EMA 50,primer apoyo,retroceso (RSI<=40),bracket 2R,149,9.706126270733012,30.201342281879196,-0.33067876084522047,-0.14750973519889884,0.5911355228953212,-3.1078830273708737,-49.27113536593785,58.959687590867794,5.456375838926174,79,70,-0.4149619441304037,-0.23555916828051351
NAS100_USD,15m,Largo,sin bias,EMA 50,primer apoyo,retroceso (RSI<=40),trailing EMA 50,149,9.706126270733012,17.449664429530202,-0.3753108777121564,-0.23793410847741525,0.40569113443205723,-4.349037793807441,-55.9213207791113,61.363851451525925,7.402684563758389,79,70,-0.4135157427015383,-0.33219395865271106
NAS100_USD,15m,Largo,sin bias,EMA 50,primer apoyo,impulso + retroceso,bracket 2R,110,7.1655965757089355,27.27272727272727,-0.4268270263992235,-0.24530276090984826,0.49315857994322687,-3.6016866299054096,-46.95097290391458,51.86205378677807,5.872727272727273,60,50,-0.5334400037747853,-0.2988914535485495
NAS100_USD,15m,Largo,sin bias,EMA 50,primer apoyo,impulso + retroceso,trailing EMA 50,110,7.1655965757089355,15.454545454545453,-0.43326004028724746,-0.2971168411702159,0.31949688746042293,-4.614032378635608,-47.65860443159722,49.16725061938036,6.590909090909091,60,50,-0.4926607037638572,-0.3619792441153157
NAS100_USD,15m,Largo,sin bias,EMA 50,cualquier apoyo,ninguna,bracket 2R,1219,79.40783841626538,35.93109105824446,-0.18494252642105136,-0.012845647712238993,0.7383458856665086,-5.004454742078217,-225.4449397072616,234.71450590804568,5.988515176374077,656,563,-0.16243290193538537,-0.2111704370118095
NAS100_USD,15m,Largo,sin bias,EMA 50,cualquier apoyo,ninguna,trailing EMA 50,1344,87.5505617977528,25.148809523809522,-0.1375779564104561,-0.013622454288742007,0.7263122097402743,-4.295509840515919,-184.90477341565298,195.64683814889136,7.421875,708,636,-0.1317172346394821,-0.14410215611776675
NAS100_USD,15m,Largo,sin bias,EMA 50,cualquier apoyo,impulso (RSI>=70),bracket 2R,866,56.41278758694489,35.45034642032333,-0.21132953445427213,-0.04031049446445447,0.701925922393394,-4.906738605334536,-183.01137683739967,188.5516060861033,6.197459584295612,463,403,-0.16921454247198886,-0.25971474856791277
NAS100_USD,15m,Largo,sin bias,EMA 50,cualquier apoyo,impulso (RSI>=70),trailing EMA 50,962,62.66639914392724,24.324324324324326,-0.14545493677065371,-0.02272611398023894,0.7073752577455565,-3.867722825458499,-139.92764917336888,145.68365619621858,7.282744282744282,504,458,-0.1268735575020379,-0.16590256810554974
NAS100_USD,15m,Largo,sin bias,EMA 50,cualquier apoyo,retroceso (RSI<=40),bracket 2R,261,17.002006420545747,33.33333333333333,-0.2206991965900735,-0.048895296026234554,0.6999962490030321,-2.731548371734213,-57.60249031000919,69.99955240321312,5.977011494252873,140,121,-0.2702367942609341,-0.16338296787998682
NAS100_USD,15m,Largo,sin bias,EMA 50,cualquier apoyo,retroceso (RSI<=40),trailing EMA 50,256,16.67629748528625,21.484375,-0.24509353583870652,-0.11685963859591256,0.5521990022592023,-3.542349333234367,-62.74394517470887,73.45368792560159,7.3046875,136,120,-0.2877682030023947,-0.19672891305319315
NAS100_USD,15m,Largo,sin bias,EMA 50,cualquier apoyo,impulso + retroceso,bracket 2R,200,13.028357410379883,33.5,-0.2342954536579871,-0.06564912279555776,0.6801099689376097,-2.5733409888921335,-46.85909073159742,55.55443300964995,6.45,109,91,-0.289777332966115,-0.16783913668451522
NAS100_USD,15m,Largo,sin bias,EMA 50,cualquier apoyo,impulso + retroceso,trailing EMA 50,198,12.898073836276083,21.21212121212121,-0.2563229419704415,-0.1309531216619847,0.5219441619889993,-3.430042933681413,-50.751942510147416,58.15275087345815,6.98989898989899,107,91,-0.3348935428600327,-0.16393772993542782
NAS100_USD,15m,Largo,bias diario,EMA 25,primer apoyo,ninguna,bracket 2R,592,38.56393793472445,34.7972972972973,-0.2354393930430129,-0.06458976249143185,0.6762852215601818,-4.502426786679024,-139.38012068146364,163.6126427472693,5.429054054054054,249,343,-0.36402368552657915,-0.14209394456368923
NAS100_USD,15m,Largo,bias diario,EMA 25,primer apoyo,ninguna,trailing EMA 50,596,38.82450508293205,26.174496644295303,-0.21134855475907405,-0.08342798041808432,0.6516325876900417,-4.077374843692793,-125.96373863640814,150.21160122194465,8.310402684563758,250,346,-0.3579785780198703,-0.10540200616023282
NAS100_USD,15m,Largo,bias diario,EMA 25,primer apoyo,impulso (RSI>=70),bracket 2R,393,25.60072231139647,34.35114503816794,-0.263980251792074,-0.09264491944361869,0.6391958965244791,-4.194165025018636,-103.7442389542851,120.909258175083,5.6183206106870225,163,230,-0.3598575952647132,-0.19603239533102973
NAS100_USD,15m,Largo,bias diario,EMA 25,primer apoyo,impulso (RSI>=70),trailing EMA 50,393,25.60072231139647,26.208651399491096,-0.22755614006315344,-0.09905464080181187,0.6256792503510294,-3.660145059994009,-89.4295630448193,99.37219307892485,8.389312977099237,163,230,-0.35597225815757305,-0.13654819550058642
NAS100_USD,15m,Largo,bias diario,EMA 25,primer apoyo,retroceso (RSI<=40),bracket 2R,96,6.253611556982343,34.375,-0.24826831528096702,-0.06932521063254274,0.6726923204402082,-1.86195829686228,-23.833758266972833,32.169748813813115,5.489583333333333,41,55,-0.2138024783606803,-0.2739610300760899
NAS100_USD,15m,Largo,bias diario,EMA 25,primer apoyo,retroceso (RSI<=40),trailing EMA 50,96,6.253611556982343,21.875,-0.3298054759085199,-0.1955981474222017,0.4728180285090093,-3.0031802302086925,-31.66132568721791,32.776403008797345,7.958333333333333,41,55,-0.3289790564567813,-0.3304215340452706
NAS100_USD,15m,Largo,bias diario,EMA 25,primer apoyo,impulso + retroceso,bracket 2R,66,4.299357945425361,36.36363636363637,-0.2256541439070584,-0.05457637225094317,0.6923882863279149,-1.4163837852719572,-14.893173497865854,22.189442304349615,5.7727272727272725,26,40,-0.07192303678796315,-0.3255793635344703
NAS100_USD,15m,Largo,bias diario,EMA 25,primer apoyo,impulso + retroceso,trailing EMA 50,66,4.299357945425361,22.727272727272727,-0.32238370761511664,-0.19407537887303017,0.4696866347259005,-2.4800062734387405,-21.2773247025977,21.277324702597713,7.575757575757576,26,40,-0.3183627155949844,-0.32499735242820255
NAS100_USD,15m,Largo,bias diario,EMA 25,cualquier apoyo,ninguna,bracket 2R,1051,68.46401819154629,37.012369172216935,-0.17699689424848422,-0.011767416360271767,0.7424884416035642,-4.533599974488787,-186.02373585515693,201.29175215088964,6.299714557564225,468,583,-0.21737187641951394,-0.14458610238563366
NAS100_USD,15m,Largo,bias diario,EMA 25,cualquier apoyo,ninguna,trailing EMA 50,1083,70.54855537720707,27.0544783010157,-0.1530598980957077,-0.03185491106027012,0.7083802374625214,-4.338550978132947,-165.76386963765142,185.47759191935933,8.035087719298245,479,604,-0.2110678926699878,-0.10705686928597229
NAS100_USD,15m,Largo,bias diario,EMA 25,cualquier apoyo,impulso (RSI>=70),bracket 2R,747,48.66091492776886,36.41231593038822,-0.20544402421011576,-0.041073649769656724,0.703667428420848,-4.509276072753392,-153.46668608495648,158.11897392046967,6.431057563587684,325,422,-0.2336584214803895,-0.18371492678632667
NAS100_USD,15m,Largo,bias diario,EMA 25,cualquier apoyo,impulso (RSI>=70),trailing EMA 50,769,50.094034242910645,27.0481144343303,-0.1591162052594078,-0.038228911286683966,0.6999539895821725,-3.7927581912936636,-122.36036184448461,124.36569072086546,8.068920676202861,331,438,-0.20712760282555986,-0.12283361942745274
NAS100_USD,15m,Largo,bias diario,EMA 25,cualquier apoyo,retroceso (RSI<=40),bracket 2R,161,10.487827715355806,32.298136645962735,-0.252894581359076,-0.09099785974315631,0.6585446671907771,-2.516926485077019,-40.71602759881124,45.81258256401455,6.354037267080745,67,94,-0.24557379764474419,-0.25811258677248283
NAS100_USD,15m,Largo,bias diario,EMA 25,cualquier apoyo,retroceso (RSI<=40),trailing EMA 50,158,10.292402354200107,22.78481012658228,-0.25339710660985854,-0.13220129947901507,0.5376191287024125,-3.077197860809409,-40.03674284435765,43.84730317597402,7.955696202531645,66,92,-0.2796541730260233,-0.23456051548521856
NAS100_USD,15m,Largo,bias diario,EMA 25,cualquier apoyo,impulso + retroceso,bracket 2R,112,7.295880149812734,33.035714285714285,-0.27144082022994664,-0.11572566881520761,0.6303491108488449,-2.3113787398002734,-30.401371865754022,33.46677121634655,6.955357142857143,44,68,-0.21127074037241106,-0.3103744013142344
NAS100_USD,15m,Largo,bias diario,EMA 25,cualquier apoyo,impulso + retroceso,trailing EMA 50,110,7.1655965757089355,23.636363636363637,-0.22988344405898278,-0.1139512435029371,0.5787015374257259,-2.2603210250565136,-25.287178846488107,28.113969604400868,7.927272727272728,43,67,-0.29338135686451355,-0.18913105225841825
NAS100_USD,15m,Largo,bias diario,EMA 50,primer apoyo,ninguna,bracket 2R,505,32.896602461209206,31.683168316831683,-0.28720220593181073,-0.11388899334849278,0.6256018907234041,-5.052782514054891,-145.03711399556443,155.09609160574647,5.267326732673268,224,281,-0.2923932522011362,-0.28306414769576493
NAS100_USD,15m,Largo,bias diario,EMA 50,primer apoyo,ninguna,trailing EMA 50,508,33.0920278223649,20.275590551181104,-0.27117159523085965,-0.14165331390771982,0.5554652109822723,-5.187306368408045,-137.7551703772767,142.38124761265408,7.46259842519685,224,284,-0.2920705734086258,-0.2546878941329031
NAS100_USD,15m,Largo,bias diario,EMA 50,primer apoyo,impulso (RSI>=70),bracket 2R,329,21.431647940074907,31.00303951367781,-0.31946565656119347,-0.1452894267150744,0.587678607798315,-4.616556415972319,-105.10420100863266,109.59787862636045,5.477203647416413,146,183,-0.27227903907816653,-0.35711181040011125
NAS100_USD,15m,Largo,bias diario,EMA 50,primer apoyo,impulso (RSI>=70),trailing EMA 50,329,21.431647940074907,20.66869300911854,-0.2587271779078444,-0.128095005523255,0.5707318657472097,-3.8871953148026788,-85.1212415316808,87.11473182053982,7.495440729483283,146,183,-0.23537398476291854,-0.2773586871928671
NAS100_USD,15m,Largo,bias diario,EMA 50,primer apoyo,retroceso (RSI<=40),bracket 2R,111,7.230738362760834,31.53153153153153,-0.30600682404085133,-0.12967649967082998,0.6142890868969867,-2.475327560925125,-33.966757468534496,40.41378624046083,5.396396396396397,48,63,-0.4102824862378284,-0.2265587004622021
NAS100_USD,15m,Largo,bias diario,EMA 50,primer apoyo,retroceso (RSI<=40),trailing EMA 50,111,7.230738362760834,17.117117117117118,-0.40892687597081484,-0.27667913269329864,0.37803296282674503,-4.288948398947601,-45.390883232760444,49.501845621169174,7.2342342342342345,48,63,-0.49609443720167157,-0.3425134959854
NAS100_USD,15m,Largo,bias diario,EMA 50,primer apoyo,impulso + retroceso,bracket 2R,77,5.015917602996255,27.27272727272727,-0.4513510786808687,-0.2779018781676564,0.4648263047289243,-3.2603283995229133,-34.75403305842689,36.42359048828674,5.805194805194805,32,45,-0.6174841438914062,-0.33321201008670887
NAS100_USD,15m,Largo,bias diario,EMA 50,primer apoyo,impulso + retroceso,trailing EMA 50,77,5.015917602996255,14.285714285714285,-0.5040730246925345,-0.3739861243076251,0.2641589446476765,-4.973184951238194,-38.813622901325154,39.28662734640132,6.103896103896104,32,45,-0.658270632236705,-0.3944213926611243
NAS100_USD,15m,Largo,bias diario,EMA 50,cualquier apoyo,ninguna,bracket 2R,884,57.58533975387908,34.61538461538461,-0.21932795825520784,-0.054763809788121565,0.691278748340958,-5.180288768058642,-193.88591509760374,196.4709061977029,6.122171945701357,402,482,-0.17241190604944245,-0.2584571138293109
NAS100_USD,15m,Largo,bias diario,EMA 50,cualquier apoyo,ninguna,trailing EMA 50,983,64.03437667201712,23.60122075279756,-0.19719829391313737,-0.07748328411690215,0.6124053663743587,-5.887304446103242,-193.84592291661403,197.42922767151222,7.250254323499491,444,539,-0.1987813313165406,-0.19589427052332103
NAS100_USD,15m,Largo,bias diario,EMA 50,cualquier apoyo,impulso (RSI>=70),bracket 2R,613,39.93191546281434,33.605220228384994,-0.2647860032665088,-0.10108620214318488,0.6318614953770354,-5.351966928937143,-162.3138200023699,164.2881780575065,6.33768352365416,272,341,-0.19811516907621982,-0.31796625810451057
NAS100_USD,15m,Largo,bias diario,EMA 50,cualquier apoyo,impulso (RSI>=70),trailing EMA 50,688,44.81754949170679,22.52906976744186,-0.20109579232490365,-0.08174065122550254,0.6005420517043498,-5.005466521576443,-138.35390511953372,140.3473954083928,7.100290697674419,305,383,-0.17062629730123746,-0.22536001159962488
NAS100_USD,15m,Largo,bias diario,EMA 50,cualquier apoyo,retroceso (RSI<=40),bracket 2R,193,12.572364901016586,34.196891191709845,-0.20361610837439537,-0.04012403701712691,0.7178895845726818,-2.1774135202845364,-39.29790891625831,44.91655963084994,6.015544041450777,87,106,-0.23337921506852274,-0.17918789816317773
NAS100_USD,15m,Largo,bias diario,EMA 50,cualquier apoyo,retroceso (RSI<=40),trailing EMA 50,190,12.376939539860889,22.105263157894736,-0.24417802058862403,-0.12190764665602963,0.558648811784498,-3.1307304047780278,-46.39382391183857,54.49538572390979,7.389473684210526,85,105,-0.2877236631809884,-0.208926786109091
NAS100_USD,15m,Largo,bias diario,EMA 50,cualquier apoyo,impulso + retroceso,bracket 2R,142,9.250133761369716,33.80281690140845,-0.24540577672279634,-0.0852964185955625,0.663252890988485,-2.308172404159041,-34.84762029463708,36.764551194077264,6.471830985915493,64,78,-0.28255889589900207,-0.21492116611667889
NAS100_USD,15m,Largo,bias diario,EMA 50,cualquier apoyo,impulso + retroceso,trailing EMA 50,140,9.119850187265918,21.428571428571427,-0.2585254783570929,-0.13931046900313074,0.5316136616333881,-2.9226408383101643,-36.19356696999301,40.98619439448219,6.964285714285714,62,78,-0.3487123104548922,-0.186838509253714
NAS100_USD,15m,Corto,sin bias,EMA 25,primer apoyo,ninguna,bracket 2R,762,49.638041733547354,35.56430446194226,-0.14562923685914161,0.011005351713919032,0.7923532069313073,-3.025718256933895,-110.9694784866659,119.24545950164381,4.562992125984252,387,375,-0.1907476721318628,-0.09906701165769329
NAS100_USD,15m,Corto,sin bias,EMA 25,primer apoyo,ninguna,trailing EMA 50,764,49.76832530765115,25.261780104712038,-0.05690405011521444,0.06070289899505381,0.9050474743528509,-0.900609318125887,-43.474694288023834,74.72286510148814,8.213350785340314,387,377,-0.1121728188135155,-0.0001692663320778251
NAS100_USD,15m,Corto,sin bias,EMA 25,primer apoyo,impulso (RSI>=70),bracket 2R,489,31.854333868378813,34.76482617586912,-0.1724631751737908,-0.021931250526092936,0.7595086956434542,-2.8810999879619965,-84.33449265998371,89.01868199945845,4.339468302658487,235,254,-0.20068652509717128,-0.14635102071711995
NAS100_USD,15m,Corto,sin bias,EMA 25,primer apoyo,impulso (RSI>=70),trailing EMA 50,489,31.854333868378813,24.130879345603272,-0.17828485174838607,-0.06538590826261265,0.719297981026967,-2.5362669845051404,-87.1812925049608,99.82423178158564,8.233128834355828,235,254,-0.27739663327014824,-0.08658694364754307
NAS100_USD,15m,Corto,sin bias,EMA 25,primer apoyo,retroceso (RSI<=40),bracket 2R,131,8.533574103798824,32.82442748091603,-0.19852805370479273,-0.0381923111753195,0.7437156462127824,-1.638940136412583,-26.007175035327847,27.983278290193283,3.3435114503816794,65,66,-0.20242250576232299,-0.19469260849661893
NAS100_USD,15m,Corto,sin bias,EMA 25,primer apoyo,retroceso (RSI<=40),trailing EMA 50,131,8.533574103798824,19.083969465648856,-0.060954939708397105,0.05929686718870782,0.9051883036558922,-0.35555168073465837,-7.9850971018000205,33.195502505772644,7.465648854961832,65,66,-0.21151227969018285,0.0873212284554828
NAS100_USD,15m,Corto,sin bias,EMA 25,primer apoyo,impulso + retroceso,bracket 2R,92,5.993044408774746,30.434782608695656,-0.2699888848991286,-0.11959992134746386,0.6612976108247351,-1.9157251787085878,-24.83897741071983,26.815080665585274,3.119565217391304,44,48,-0.2466237315596849,-0.291406942126952
NAS100_USD,15m,Corto,sin bias,EMA 25,primer apoyo,impulso + retroceso,trailing EMA 50,92,5.993044408774746,16.304347826086957,-0.23838028683658138,-0.12558856417283276,0.6413011387558419,-1.436518811602327,-21.930986388965486,37.99716636242814,6.510869565217392,44,48,-0.6117820516124175,0.10390466420793516
NAS100_USD,15m,Corto,sin bias,EMA 25,cualquier apoyo,ninguna,bracket 2R,1404,91.45906902086678,35.68376068376068,-0.1476668549012361,0.0015922852193913008,0.7879067829609856,-4.20393958866546,-207.3242642813355,214.74790170347035,5.1502849002849,729,675,-0.18403756777657915,-0.10838648499586569
NAS100_USD,15m,Corto,sin bias,EMA 25,cualquier apoyo,ninguna,trailing EMA 50,1377,89.70024077046548,24.18300653594771,-0.07812021962912871,0.031312878460355506,0.8525692040037028,-1.9179100028804377,-107.57154242931023,141.91717896229588,7.599854756717502,698,679,-0.11414194547973536,-0.04109052206841669
NAS100_USD,15m,Corto,sin bias,EMA 25,cualquier apoyo,impulso (RSI>=70),bracket 2R,1013,65.98863028357411,34.846989141164855,-0.17341919011107376,-0.03008310701631552,0.7543527042947934,-4.232780456321835,-175.67363958251772,179.86566364101367,5.170779861796643,502,511,-0.20167820348187077,-0.14565788930453738
NAS100_USD,15m,Corto,sin bias,EMA 25,cualquier apoyo,impulso (RSI>=70),trailing EMA 50,983,64.03437667201712,24.109867751780264,-0.11526960570421395,-0.00968660039246264,0.7874980231815888,-2.5312606058278058,-113.31002240724231,126.15640662947705,7.724313326551373,478,505,-0.1423569739498378,-0.08963047298855414
NAS100_USD,15m,Corto,sin bias,EMA 25,cualquier apoyo,retroceso (RSI<=40),bracket 2R,205,13.35406634563938,34.146341463414636,-0.1592349888588623,-0.005034313491890048,0.7847835132318013,-1.666563847806418,-32.64317271606677,38.58283153544996,4.009756097560976,104,101,-0.11788612903273793,-0.20181203264021808
NAS100_USD,15m,Corto,sin bias,EMA 25,cualquier apoyo,retroceso (RSI<=40),trailing EMA 50,197,12.832932049224183,19.796954314720814,-0.06638249239148479,0.04803229999157704,0.8881725855641152,-0.5315792757177424,-13.077351001122505,34.40682926484366,7.137055837563452,99,98,-0.08225088102277826,-0.05035218142721893
NAS100_USD,15m,Corto,sin bias,EMA 25,cualquier apoyo,impulso + retroceso,bracket 2R,151,9.836409844836812,31.125827814569533,-0.2463444656751387,-0.10345928845441202,0.6769112532538875,-2.2969957094576237,-37.198014316945944,43.13767313632912,4.072847682119205,74,77,-0.1805455284579688,-0.3095798079357956
NAS100_USD,15m,Corto,sin bias,EMA 25,cualquier apoyo,impulso + retroceso,trailing EMA 50,147,9.575842696629213,17.006802721088434,-0.13547021248863517,-0.0278640505651602,0.7740697296066066,-1.0206794505474053,-19.91412123582937,35.44961400544376,6.598639455782313,72,75,-0.1786722693067999,-0.09399623794319702
NAS100_USD,15m,Corto,sin bias,EMA 50,primer apoyo,ninguna,bracket 2R,671,43.7101391118245,36.36363636363637,-0.11116868216228355,0.046369436282030975,0.8416746415612895,-2.111426434760827,-74.59418573089226,82.20426270374013,4.436661698956781,338,333,-0.14500404959196456,-0.07682527618260727
NAS100_USD,15m,Corto,sin bias,EMA 50,primer apoyo,ninguna,trailing EMA 50,674,43.9055644729802,22.551928783382788,-0.06084053851678261,0.05748119009322951,0.89018390034641,-0.9551644128510811,-41.00652296031148,69.89606822095199,7.540059347181009,339,335,-0.10303457650913539,-0.0181426911155659
NAS100_USD,15m,Corto,sin bias,EMA 50,primer apoyo,impulso (RSI>=70),bracket 2R,441,28.72752808988764,34.92063492063492,-0.14190386962646537,0.009378229727035756,0.8028538401053512,-2.1907229302405256,-62.57960650527122,67.47463998668107,4.292517006802721,211,230,-0.12758647927013667,-0.15503851904031468
NAS100_USD,15m,Corto,sin bias,EMA 50,primer apoyo,impulso (RSI>=70),trailing EMA 50,441,28.72752808988764,21.08843537414966,-0.1824346133189018,-0.06897303880377594,0.6848410112471313,-2.7483838691585123,-80.45366447363568,94.60183461380439,7.469387755102041,211,230,-0.25835585440712266,-0.11278512692927305
NAS100_USD,15m,Corto,sin bias,EMA 50,primer apoyo,retroceso (RSI<=40),bracket 2R,150,9.771268057784912,34.66666666666667,-0.1391587883958742,0.015058131205467085,0.8131923459016439,-1.2216318036504505,-20.873818259381128,27.65777756769861,3.72,73,77,0.02448274980720644,-0.294299467471522
NAS100_USD,15m,Corto,sin bias,EMA 50,primer apoyo,retroceso (RSI<=40),trailing EMA 50,150,9.771268057784912,22.0,-0.059758736284510214,0.05590395341649572,0.9028937475709636,-0.3954232784244637,-8.963810442676532,30.594725959000876,7.593333333333334,73,77,0.0006159939588574725,-0.11699711690484581
NAS100_USD,15m,Corto,sin bias,EMA 50,primer apoyo,impulso + retroceso,bracket 2R,114,7.426163723916533,29.82456140350877,-0.2773169941047362,-0.13448770710490082,0.6501035336897837,-2.2211232540325048,-31.61413732793993,34.406740166440684,3.7982456140350878,52,62,-0.0862948397928621,-0.4375291235275983
NAS100_USD,15m,Corto,sin bias,EMA 50,primer apoyo,impulso + retroceso,trailing EMA 50,114,7.426163723916533,17.543859649122805,-0.2610121104861845,-0.153890145236308,0.5921400020355625,-1.9253753632483497,-29.755380595425034,39.77985523243448,6.657894736842105,52,62,-0.3562197109114444,-0.18116057464564397
NAS100_USD,15m,Corto,sin bias,EMA 50,cualquier apoyo,ninguna,bracket 2R,1122,73.08908507223114,35.02673796791444,-0.14805494768212654,0.0029153888031750027,0.7881016369075035,-3.749050284129795,-166.117651299346,171.4238889527251,5.049019607843137,582,540,-0.181425192028585,-0.11208923988649908
NAS100_USD,15m,Corto,sin bias,EMA 50,cualquier apoyo,ninguna,trailing EMA 50,1198,78.0398608881755,22.454090150250416,-0.07726926628683792,0.0316641579000901,0.8424017175998402,-1.8687585899709813,-92.56858101163182,121.32423623612533,6.981636060100167,598,600,-0.10341632516801892,-0.05120936426859418
NAS100_USD,15m,Corto,sin bias,EMA 50,cualquier apoyo,impulso (RSI>=70),bracket 2R,788,51.331728196896734,34.390862944162436,-0.1633684275892375,-0.01888500227859156,0.7676293092287719,-3.491681652050636,-128.73432094031915,136.44860418297867,5.102791878172589,393,395,-0.18973438362784703,-0.13713597006221584
NAS100_USD,15m,Corto,sin bias,EMA 50,cualquier apoyo,impulso (RSI>=70),trailing EMA 50,842,54.84938469769931,22.209026128266032,-0.11901579241761666,-0.014560423115654988,0.7570022704468036,-2.703836368198064,-100.21129721563322,114.12134018322926,7.040380047505939,402,440,-0.13322090373321588,-0.10603748617018284
NAS100_USD,15m,Corto,sin bias,EMA 50,cualquier apoyo,retroceso (RSI<=40),bracket 2R,211,13.744917067950777,32.70142180094787,-0.19295795568827417,-0.04352225557404789,0.7445167268809876,-2.0640600369154054,-40.71412865022585,46.65365337385016,4.028436018957346,107,104,-0.09863162058899379,-0.2900052427615722
NAS100_USD,15m,Corto,sin bias,EMA 50,cualquier apoyo,retroceso (RSI<=40),trailing EMA 50,203,13.22378277153558,19.704433497536947,-0.1199175531792486,-0.009066657922419119,0.7981326692044338,-1.0207063663127254,-24.343263295387466,45.722006918288294,6.906403940886699,101,102,-0.08739349564530545,-0.15212274740403547
NAS100_USD,15m,Corto,sin bias,EMA 50,cualquier apoyo,impulso + retroceso,bracket 2R,159,10.357544141252006,28.930817610062892,-0.3036203582964548,-0.1667469450117383,0.6165252566085514,-2.9440328406181933,-48.275636969136315,54.21516169276064,4.037735849056604,77,82,-0.19907895628866135,-0.4017872845720659
NAS100_USD,15m,Corto,sin bias,EMA 50,cualquier apoyo,impulso + retroceso,trailing EMA 50,155,10.096976993044409,15.483870967741936,-0.27045346258924174,-0.16786120744710345,0.5557071224796589,-2.5167500069947577,-41.92028670133247,52.91695676015199,6.083870967741936,74,81,-0.32115745543420837,-0.22413129628643264
NAS100_USD,15m,Corto,bias diario,EMA 25,primer apoyo,ninguna,bracket 2R,82,5.341626538255752,42.68292682926829,0.1538863584557433,0.29443462291188194,1.2552978181279668,0.9723740323413542,12.61868139337095,8.718249480499507,4.121951219512195,68,14,0.22208872051752285,-0.17738225727290016
NAS100_USD,15m,Corto,bias diario,EMA 25,primer apoyo,ninguna,trailing EMA 50,82,5.341626538255752,32.926829268292686,0.2689202156456168,0.37433141398772085,1.485240546538347,1.2316921068282438,22.05145768294058,12.552844741662316,9.646341463414634,68,14,0.32794952692115376,-0.017793581978420077
NAS100_USD,15m,Corto,bias diario,EMA 25,primer apoyo,impulso (RSI>=70),bracket 2R,51,3.32223113964687,35.294117647058826,-0.09339809074507101,0.049265994269508076,0.8664152692860139,-0.4833520879140823,-4.7633026279986215,8.925708518394043,3.7254901960784315,44,7,-0.01710050869504651,-0.5729828922023678
NAS100_USD,15m,Corto,bias diario,EMA 25,primer apoyo,impulso (RSI>=70),trailing EMA 50,51,3.32223113964687,23.52941176470588,-0.09510196353664586,0.011896100224288428,0.8543867665259459,-0.36858212809779217,-4.850200140368939,14.201313242555077,8.176470588235293,44,7,-0.021367883298162638,-0.5585733250356832
NAS100_USD,15m,Corto,bias diario,EMA 25,primer apoyo,retroceso (RSI<=40),bracket 2R,13,0.8468432316746923,53.84615384615385,0.5172027308346006,0.6153846153846131,2.026769897888145,1.2023717513378804,6.723635500849808,2.2898314195878022,2.6153846153846154,8,5,0.3694779300878518,0.7535624120293987
NAS100_USD,15m,Corto,bias diario,EMA 25,primer apoyo,retroceso (RSI<=40),trailing EMA 50,13,0.8468432316746923,30.76923076923077,0.25171896579562014,0.32535537920812946,1.4894189906760984,0.5036598240816076,3.272346555343062,3.070134524685305,9.307692307692308,8,5,0.1392094042534497,0.4317342642630928
NAS100_USD,15m,Corto,bias diario,EMA 25,primer apoyo,impulso + retroceso,bracket 2R,7,0.4559925093632959,42.857142857142854,0.17948096005726114,0.28571428571428775,1.2846688651217035,0.29667166933154304,1.256366720400828,3.3848766571255613,2.2857142857142856,5,2,0.06955589631168908,0.4542936194211913
NAS100_USD,15m,Corto,bias diario,EMA 25,primer apoyo,impulso + retroceso,trailing EMA 50,7,0.4559925093632959,14.285714285714285,-0.4742553716916512,-0.39458037744888125,0.21071604887630715,-1.8639862585259308,-3.3197876018415586,3.3197876018415586,5.285714285714286,5,2,-0.6369317037555924,-0.06756454153179842
NAS100_USD,15m,Corto,bias diario,EMA 25,cualquier apoyo,ninguna,bracket 2R,169,11.008962011771,39.64497041420118,0.004548488863301951,0.13928383921351448,1.0069841080471043,0.04269929339371575,0.7686946178980296,15.926016501250986,4.5325443786982245,136,33,0.030534327345946462,-0.10254466367123277
NAS100_USD,15m,Corto,bias diario,EMA 25,cualquier apoyo,ninguna,trailing EMA 50,162,10.552969502407704,29.629629629629626,0.0811977263880211,0.17991789990450152,1.1529479596308387,0.6173196421752495,13.154031674859418,21.991904738131588,8.38888888888889,128,34,0.09909001546203777,0.013838520462311037
NAS100_USD,15m,Corto,bias diario,EMA 25,cualquier apoyo,impulso (RSI>=70),bracket 2R,119,7.75187265917603,35.294117647058826,-0.14360626617344474,-0.00472934250667607,0.7979658525331883,-1.1649222447536338,-17.089145674639923,22.33336287656188,4.470588235294118,101,18,-0.1473499757307308,-0.12259989587978397
NAS100_USD,15m,Corto,bias diario,EMA 25,cualquier apoyo,impulso (RSI>=70),trailing EMA 50,112,7.295880149812734,25.0,-0.0765300954649804,0.025522543208828564,0.8703719709905058,-0.4996728004861813,-8.571370692077805,25.53330428430167,7.714285714285714,94,18,-0.08959623262467081,-0.008295823631041607
NAS100_USD,15m,Corto,bias diario,EMA 25,cualquier apoyo,retroceso (RSI<=40),bracket 2R,20,1.3028357410379883,45.0,0.24352144930025377,0.34999999999999953,1.4006689834216788,0.7115554766223354,4.870428986005075,3.3314760984352394,2.95,13,7,0.01895209577474242,0.6605788201333463
NAS100_USD,15m,Corto,bias diario,EMA 25,cualquier apoyo,retroceso (RSI<=40),trailing EMA 50,20,1.3028357410379883,30.0,0.018970458405379607,0.09882937143018888,1.0366380835027247,0.05624274230614556,0.3794091681075922,5.075894485580225,7.8,13,7,-0.07003270869192052,0.18426205444322258
NAS100_USD,15m,Corto,bias diario,EMA 25,cualquier apoyo,impulso + retroceso,bracket 2R,12,0.7817014446227929,25.0,-0.3625865488318459,-0.24999999999999986,0.5658009017216715,-0.924147710790954,-4.351038585982151,5.01654268955262,2.1666666666666665,9,3,-0.4651861524488629,-0.05478773798079454
NAS100_USD,15m,Corto,bias diario,EMA 25,cualquier apoyo,impulso + retroceso,trailing EMA 50,12,0.7817014446227929,8.333333333333332,-0.582433055651162,-0.4979931440272774,0.1125375292715348,-3.6897061151133386,-6.989196667813943,6.9891966678139426,3.8333333333333335,9,3,-0.6443727494624205,-0.3966139742173862
NAS100_USD,15m,Corto,bias diario,EMA 50,primer apoyo,ninguna,bracket 2R,74,4.820492241840556,37.83783783783784,-0.03934615139646697,0.10410193538587778,0.9441812229179786,-0.23623107410315794,-2.911615203338556,12.488418173640294,3.824324324324324,59,15,-0.03400851551675624,-0.060340852523329366
NAS100_USD,15m,Corto,bias diario,EMA 50,primer apoyo,ninguna,trailing EMA 50,74,4.820492241840556,28.37837837837838,0.07970397796028288,0.18729004304704144,1.1443871177937388,0.39304570209092915,5.898094369060933,14.755474983794727,7.72972972972973,59,15,0.09241941085458205,0.029689941909372828
NAS100_USD,15m,Corto,bias diario,EMA 50,primer apoyo,impulso (RSI>=70),bracket 2R,49,3.1919475655430714,28.57142857142857,-0.3328119408402631,-0.18213218108195087,0.5912472927883936,-1.7652265201860755,-16.307785101172893,17.69836064927213,3.9183673469387754,41,8,-0.2656214323935594,-0.6771632966296197
NAS100_USD,15m,Corto,bias diario,EMA 50,primer apoyo,impulso (RSI>=70),trailing EMA 50,49,3.1919475655430714,18.367346938775512,-0.31426262212078493,-0.20125280230205075,0.5224844679414514,-1.503097054398233,-15.398868483918461,22.996740073923203,6.163265306122449,41,8,-0.2653027355045618,-0.5651820410289281
NAS100_USD,15m,Corto,bias diario,EMA 50,primer apoyo,retroceso (RSI<=40),bracket 2R,16,1.0422685928303905,43.75,0.2101803788220069,0.3124999999999969,1.3402720879916479,0.5483721302872628,3.3628860611521105,3.1327862025962925,2.75,9,7,0.19196153089404316,0.23360461187224596
NAS100_USD,15m,Corto,bias diario,EMA 50,primer apoyo,retroceso (RSI<=40),trailing EMA 50,16,1.0422685928303905,25.0,0.10911146426319207,0.18585118014668456,1.2125699123736413,0.2650787988471877,1.7457834282110731,3.0995896519471984,8.0625,9,7,0.12050807545430524,0.09445867844604658
NAS100_USD,15m,Corto,bias diario,EMA 50,primer apoyo,impulso + retroceso,bracket 2R,10,0.6514178705189941,30.0,-0.20967088175369392,-0.10000000000000082,0.7291197600086179,-0.4592130657475161,-2.096708817536939,4.600232030914649,2.3,6,4,-0.14545271322300837,-0.3059981345497222
NAS100_USD,15m,Corto,bias diario,EMA 50,primer apoyo,impulso + retroceso,trailing EMA 50,10,0.6514178705189941,10.0,-0.5426366447209028,-0.46038348340563295,0.14039856081623547,-2.943145574573265,-5.426366447209028,5.426366447209028,4.4,6,4,-0.6322961319920489,-0.4081474138141836
NAS100_USD,15m,Corto,bias diario,EMA 50,cualquier apoyo,ninguna,bracket 2R,139,9.054708400214018,37.410071942446045,-0.04477625382017863,0.08416175810600636,0.9348370439395297,-0.37732197431516107,-6.2238992810048295,21.09592734649752,4.287769784172662,106,33,-0.059188671853857636,0.0015181798637599558
NAS100_USD,15m,Corto,bias diario,EMA 50,cualquier apoyo,ninguna,trailing EMA 50,138,8.989566613162118,29.71014492753623,0.08997913508968738,0.18484201028043012,1.184528997187638,0.6710656403923126,12.41712064237686,20.887689739644088,7.739130434782608,107,31,0.07420381297850363,0.14442944044119263
NAS100_USD,15m,Corto,bias diario,EMA 50,cualquier apoyo,impulso (RSI>=70),bracket 2R,98,6.383895131086143,33.6734693877551,-0.18096786640292337,-0.0492810788337752,0.754688761494055,-1.323310157496399,-17.73485090748649,22.754635708360127,4.326530612244898,78,20,-0.17773823703722214,-0.19356342092915807
NAS100_USD,15m,Corto,bias diario,EMA 50,cualquier apoyo,impulso (RSI>=70),trailing EMA 50,97,6.318753344034243,25.773195876288657,-0.04128899434625439,0.05646730174285943,0.921929363388254,-0.26968723725430294,-4.0050324515866755,21.308531856084684,7.061855670103093,79,18,-0.054417435605504424,0.01633027562489839
NAS100_USD,15m,Corto,bias diario,EMA 50,cualquier apoyo,retroceso (RSI<=40),bracket 2R,24,1.5634028892455858,41.66666666666667,0.14479890684754207,0.24999999999999958,1.22575846662978,0.4714109907487695,3.47517376434101,5.112801631454355,2.875,16,8,-0.005578040770994316,0.4455528020846149
NAS100_USD,15m,Corto,bias diario,EMA 50,cualquier apoyo,retroceso (RSI<=40),trailing EMA 50,23,1.4982611021936865,26.08695652173913,-0.04551756277698158,0.032525125083640874,0.9111430932487964,-0.154054122233024,-1.0469039438705763,4.998356436319961,7.130434782608695,15,8,-0.12626603949123721,0.10588583106224775
NAS100_USD,15m,Corto,bias diario,EMA 50,cualquier apoyo,impulso + retroceso,bracket 2R,16,1.0422685928303905,25.0,-0.3586637441178928,-0.2500000000000001,0.5669210418003816,-1.0751024193292733,-5.738619905886285,8.246452698046872,2.0625,12,4,-0.37621894730728306,-0.3059981345497222
NAS100_USD,15m,Corto,bias diario,EMA 50,cualquier apoyo,impulso + retroceso,trailing EMA 50,15,0.9771268057784912,6.666666666666667,-0.5997016998685061,-0.5193465616375198,0.08968875762107394,-4.584503924868273,-8.995525498027591,8.995525498027591,3.533333333333333,11,4,-0.6693578038882597,-0.4081474138141836
NAS100_USD,1h,Largo,sin bias,EMA 25,primer apoyo,ninguna,bracket 2R,292,19.06219839142091,36.986301369863014,-0.014196915981263204,0.09163647303045047,0.9798443738102799,-0.1658722804457178,-4.145499466528856,34.54946324489534,10.667808219178083,157,135,-0.04040789939008306,0.016285486946030957
NAS100_USD,1h,Largo,sin bias,EMA 25,primer apoyo,ninguna,trailing EMA 50,292,19.06219839142091,30.136986301369863,0.18828481257086144,0.267679389191771,1.33287829185,1.4743445332542173,54.97916527069154,21.438390414045305,27.496575342465754,156,136,0.1219547569833638,0.2643692880976969
NAS100_USD,1h,Largo,sin bias,EMA 25,primer apoyo,impulso (RSI>=70),bracket 2R,157,10.249195710455764,35.03184713375796,-0.08109562529770957,0.02449146944301605,0.8892275659053218,-0.6974274535278272,-12.732013171740402,38.84290561798777,11.40764331210191,83,74,-0.1281327504903389,-0.028337768662733413
NAS100_USD,1h,Largo,sin bias,EMA 25,primer apoyo,impulso (RSI>=70),trailing EMA 50,157,10.249195710455764,30.573248407643312,0.16513528222907098,0.24432560328461514,1.2806699577982659,0.9743363795216308,25.926239309964146,14.927911140277569,30.43949044585987,83,74,0.21417683786511976,0.11012921306971894
NAS100_USD,1h,Largo,sin bias,EMA 25,primer apoyo,retroceso (RSI<=40),bracket 2R,10,0.6528150134048257,30.0,-0.19530167831024897,-0.10000000000000589,0.7456360983316305,-0.4251862075314498,-1.9530167831024896,5.4738496888670385,11.0,5,5,0.07142473192107808,-0.4620280885415758
NAS100_USD,1h,Largo,sin bias,EMA 25,primer apoyo,retroceso (RSI<=40),trailing EMA 50,10,0.6528150134048257,20.0,-0.39049029188215656,-0.31901403314947435,0.2405854154288333,-1.7838224438639518,-3.9049029188215654,4.676634010349762,11.6,5,5,-0.6207124279884366,-0.1602681557758765
NAS100_USD,1h,Largo,sin bias,EMA 25,primer apoyo,impulso + retroceso,bracket 2R,6,0.3916890080428954,33.33333333333333,-0.10442655922035697,-7.142434791755173e-15,0.8569688297295721,-0.16654081361123776,-0.6265593553221418,3.2043499453464115,10.333333333333334,4,2,0.3604069412089715,-1.0340935600790138
NAS100_USD,1h,Largo,sin bias,EMA 25,primer apoyo,impulso + retroceso,trailing EMA 50,6,0.3916890080428954,16.666666666666664,-0.37390906377984995,-0.29558914436458755,0.15544672332738424,-1.4851670408429407,-2.2434543826791,2.2434543826791,7.833333333333333,4,2,-0.5100460152548295,-0.10163516082989087
NAS100_USD,1h,Largo,sin bias,EMA 25,cualquier apoyo,ninguna,bracket 2R,935,61.038203753351205,36.898395721925134,-0.017987904830859883,0.09029696363056687,0.9744162934630678,-0.3787248056999352,-16.81869101685399,53.20485449908134,11.24705882352941,502,433,-0.03801282198950814,0.005228049935055632
NAS100_USD,1h,Largo,sin bias,EMA 25,cualquier apoyo,ninguna,trailing EMA 50,795,51.89879356568365,25.534591194968552,0.07694807771598022,0.15691487510871155,1.1571353756429803,1.191593101639088,61.173721784204275,45.07951361300304,21.958490566037735,408,387,-0.034164503800938203,0.19409002412141357
NAS100_USD,1h,Largo,sin bias,EMA 25,cualquier apoyo,impulso (RSI>=70),bracket 2R,706,46.0887399463807,36.40226628895184,-0.03055024650068529,0.07832352700546397,0.956913176147709,-0.5582668833975795,-21.568474029483816,41.09912365221464,11.51841359773371,379,327,-0.04394451261711264,-0.015026005344336756
NAS100_USD,1h,Largo,sin bias,EMA 25,cualquier apoyo,impulso (RSI>=70),trailing EMA 50,601,39.23418230563003,24.625623960066555,0.04432589147626465,0.12621554674881133,1.0865435582917322,0.617592414333163,26.639860777235054,43.76807735867034,22.86855241264559,306,295,-0.011199959017505237,0.10192219741217506
NAS100_USD,1h,Largo,sin bias,EMA 25,cualquier apoyo,retroceso (RSI<=40),bracket 2R,107,6.985120643431635,32.71028037383177,-0.13283404973942736,-0.025594762764227275,0.8226522868645166,-0.9418978450756922,-14.213243322118728,28.085730912875626,12.962616822429906,62,45,-0.3582679409122453,0.1777637558764551
NAS100_USD,1h,Largo,sin bias,EMA 25,cualquier apoyo,retroceso (RSI<=40),trailing EMA 50,107,6.985120643431635,25.233644859813083,-0.26913251344494143,-0.18818402114986438,0.4335081885158112,-3.285553513676015,-28.79717893860873,28.797178938608734,14.25233644859813,62,45,-0.42314854635407556,-0.05693264588124542
NAS100_USD,1h,Largo,sin bias,EMA 25,cualquier apoyo,impulso + retroceso,bracket 2R,84,5.483646112600536,32.142857142857146,-0.12089467873015321,-0.008879901325602235,0.8379637343336636,-0.7464653993059857,-10.15515301333287,21.607791444998682,13.595238095238095,52,32,-0.32714346134900835,0.21425959302548653
NAS100_USD,1h,Largo,sin bias,EMA 25,cualquier apoyo,impulso + retroceso,trailing EMA 50,83,5.418364611260054,26.506024096385545,-0.23167968717247198,-0.14695761463496143,0.4991837475049351,-2.3750186156009088,-19.229414035315173,21.04229531292245,14.927710843373495,52,31,-0.37999576658395723,0.017108575066148764
NAS100_USD,1h,Largo,sin bias,EMA 50,primer apoyo,ninguna,bracket 2R,279,18.213538873994636,31.899641577060933,-0.13787474745551193,-0.031841435805607145,0.8187751642339781,-1.5839370428334691,-38.46705454008783,51.72122492078436,9.767025089605735,150,129,-0.22239737627180076,-0.03959262092494353
NAS100_USD,1h,Largo,sin bias,EMA 50,primer apoyo,ninguna,trailing EMA 50,282,18.409383378016084,19.50354609929078,-0.04264251103490281,0.03673831963264249,0.9120581554615581,-0.44545553689992956,-12.025188111842592,49.93121028570009,15.794326241134751,152,130,-0.2358773037611543,0.18329355430656044
NAS100_USD,1h,Largo,sin bias,EMA 50,primer apoyo,impulso (RSI>=70),bracket 2R,171,11.16313672922252,30.994152046783626,-0.1609743741216512,-0.05265474344133155,0.7930913343604965,-1.4242758888004066,-27.526617974802356,30.540397862597572,9.95906432748538,93,78,-0.24423245339227098,-0.06170512576052758
NAS100_USD,1h,Largo,sin bias,EMA 50,primer apoyo,impulso (RSI>=70),trailing EMA 50,171,11.16313672922252,19.883040935672515,-0.06011334891322969,0.021126374097009983,0.8800670007267565,-0.4855530005953647,-10.279382664162277,33.005453072023826,16.573099415204677,93,78,-0.2687825207017138,0.18868450975765513
NAS100_USD,1h,Largo,sin bias,EMA 50,primer apoyo,retroceso (RSI<=40),bracket 2R,53,3.4599195710455763,28.30188679245283,-0.2409991653575736,-0.13629586559405313,0.7049555769304645,-1.1796219673250121,-12.772955763951401,18.660953510522276,11.377358490566039,27,26,0.05884911252998822,-0.552380069317734
NAS100_USD,1h,Largo,sin bias,EMA 50,primer apoyo,retroceso (RSI<=40),trailing EMA 50,53,3.4599195710455763,9.433962264150944,-0.34412112538200385,-0.2655936505593634,0.3342813055796364,-2.8691176233049696,-18.238419645246204,20.317755698205662,12.20754716981132,27,26,-0.302410898902886,-0.3874355913410875
NAS100_USD,1h,Largo,sin bias,EMA 50,primer apoyo,impulso + retroceso,bracket 2R,42,2.741823056300268,26.190476190476193,-0.29813815644983543,-0.1958019256305911,0.646614323243662,-1.2964123074944802,-12.521802570893088,19.236545924092738,11.952380952380953,21,21,0.11503198309230758,-0.7113082959919784
NAS100_USD,1h,Largo,sin bias,EMA 50,primer apoyo,impulso + retroceso,trailing EMA 50,42,2.741823056300268,9.523809523809524,-0.32698881337775704,-0.2502366402633238,0.3776590550067274,-2.236656527846119,-13.733530161865795,16.478178637166305,12.0,21,21,-0.24839416863450967,-0.40558345812100444
NAS100_USD,1h,Largo,sin bias,EMA 50,cualquier apoyo,ninguna,bracket 2R,614,40.0828418230563,33.387622149837135,-0.11505990938553605,-0.009046174044190362,0.8449689615094184,-1.9944782561711978,-70.64678436271913,95.15912820655228,11.043973941368078,330,284,-0.2266296253026135,0.014580957701208897
NAS100_USD,1h,Largo,sin bias,EMA 50,cualquier apoyo,ninguna,trailing EMA 50,788,51.441823056300265,20.431472081218274,-0.016982769414842724,0.06336729692285696,0.9609286524647394,-0.3117906480063543,-13.382422298896067,82.26286392127388,16.39467005076142,400,388,-0.15500798181066422,0.12531126398291137
NAS100_USD,1h,Largo,sin bias,EMA 50,cualquier apoyo,impulso (RSI>=70),bracket 2R,446,29.115549597855228,32.062780269058294,-0.15232207190491226,-0.045419318976629916,0.7996343172447418,-2.2524035253087065,-67.93564406959086,83.98557364035015,10.9304932735426,243,203,-0.2860558708838335,0.007763214557540291
NAS100_USD,1h,Largo,sin bias,EMA 50,cualquier apoyo,impulso (RSI>=70),trailing EMA 50,585,38.18967828418231,19.48717948717949,-0.06015804336001379,0.02241642746296914,0.8656146147615004,-0.9688743205415119,-35.19245536560807,79.92945186887425,15.65982905982906,299,286,-0.19598365453889238,0.08184145923608659
NAS100_USD,1h,Largo,sin bias,EMA 50,cualquier apoyo,retroceso (RSI<=40),bracket 2R,166,10.836729222520107,32.53012048192771,-0.1438763937737083,-0.039679826969335315,0.8104835411593394,-1.2868402527420244,-23.88348136643558,35.67121670365293,12.319277108433734,84,82,-0.2877922292108556,0.0035495839911742805
NAS100_USD,1h,Largo,sin bias,EMA 50,cualquier apoyo,retroceso (RSI<=40),trailing EMA 50,172,11.228418230563003,19.186046511627907,-0.1996159060980354,-0.12126879793678748,0.5448797634516345,-2.5889751829701653,-34.33393584886209,38.05872632425169,14.523255813953488,89,83,-0.3370292118183468,-0.052269108397942535
NAS100_USD,1h,Largo,sin bias,EMA 50,cualquier apoyo,impulso + retroceso,bracket 2R,143,9.335254691689007,34.26573426573427,-0.08599700671232308,0.017533769693345802,0.8839308096150259,-0.6994485700811487,-12.2975719598622,23.627478930161956,12.734265734265735,71,72,-0.21759930113749046,0.04377747806805031
NAS100_USD,1h,Largo,sin bias,EMA 50,cualquier apoyo,impulso + retroceso,trailing EMA 50,148,9.66166219839142,20.27027027027027,-0.14499646250975756,-0.06711552043362624,0.6516432320026846,-1.657924258556503,-21.459476451444118,26.91800655871975,15.033783783783784,76,72,-0.28833573647898386,0.006306104457759081
NAS100_USD,1h,Largo,bias diario,EMA 25,primer apoyo,ninguna,bracket 2R,221,14.427211796246649,35.74660633484163,-0.043496067940839406,0.05801669982814682,0.9390753120976681,-0.4479670897870997,-9.612631014925508,32.824698736984544,10.828054298642535,99,122,-0.12302275872572498,0.02103788605673168
NAS100_USD,1h,Largo,bias diario,EMA 25,primer apoyo,ninguna,trailing EMA 50,222,14.492493297587131,30.180180180180184,0.2200412825823172,0.2962269094455152,1.3900819385144856,1.4603485162127152,48.84916473327442,17.312279017508025,28.28828828828829,99,123,0.1062085908437152,0.31166271739631396
NAS100_USD,1h,Largo,bias diario,EMA 25,primer apoyo,impulso (RSI>=70),bracket 2R,121,7.899061662198391,33.057851239669425,-0.12671171683017568,-0.025545444300145166,0.830667238279855,-0.9802754567277601,-15.332117736451256,34.168439550391774,11.223140495867769,54,67,-0.19155414685478955,-0.07445065382526296
NAS100_USD,1h,Largo,bias diario,EMA 25,primer apoyo,impulso (RSI>=70),trailing EMA 50,121,7.899061662198391,31.40495867768595,0.2375671318931945,0.3134418362907174,1.4075534924752866,1.2084143826149025,28.745622959076535,14.927911140277567,32.239669421487605,54,67,0.39577362548821543,0.11005742063750601
NAS100_USD,1h,Largo,bias diario,EMA 25,primer apoyo,retroceso (RSI<=40),bracket 2R,8,0.5222520107238606,12.5,-0.7133795661359383,-0.6250000000000052,0.25670680812248403,-1.8584382577827159,-5.707036529087507,6.650078844827787,10.125,3,5,-1.132298695459876,-0.4620280885415758
NAS100_USD,1h,Largo,bias diario,EMA 25,primer apoyo,retroceso (RSI<=40),trailing EMA 50,8,0.5222520107238606,12.5,-0.5123766054580112,-0.4460919308560614,0.16740465611622188,-2.0439646232006217,-4.09901284366409,4.870743935192286,10.5,3,5,-1.0992240215949025,-0.1602681557758765
NAS100_USD,1h,Largo,bias diario,EMA 25,primer apoyo,impulso + retroceso,bracket 2R,4,0.2611260053619303,0.0,-1.09514477532679,-1.0000000000000064,0.0,-30.19359853804932,-4.38057910130716,4.38057910130716,8.25,2,2,-1.156195990574566,-1.0340935600790138
NAS100_USD,1h,Largo,bias diario,EMA 25,primer apoyo,impulso + retroceso,trailing EMA 50,4,0.2611260053619303,0.0,-0.609391076880406,-0.5380324953853183,0.0,-2.0734327401556847,-2.437564307521624,2.437564307521624,3.75,2,2,-1.117146992930921,-0.10163516082989087
NAS100_USD,1h,Largo,bias diario,EMA 25,cualquier apoyo,ninguna,bracket 2R,716,46.741554959785525,36.03351955307262,-0.03411334324868342,0.0705124524006132,0.9519887161879865,-0.6298197230825978,-24.425153766057328,60.20559530329486,11.231843575418994,323,393,-0.09229361683868441,0.013704031737500606
NAS100_USD,1h,Largo,bias diario,EMA 25,cualquier apoyo,ninguna,trailing EMA 50,613,40.01756032171582,25.938009787928223,0.0955723224105924,0.17217188004861822,1.1998828841145615,1.2842412242136492,58.585833637693135,29.330929020016086,22.3768352365416,264,349,-0.04518372945831329,0.20204681436873306
NAS100_USD,1h,Largo,bias diario,EMA 25,cualquier apoyo,impulso (RSI>=70),bracket 2R,545,35.578418230563,35.77981651376147,-0.039102910933337495,0.06709532917600486,0.945174469190528,-0.6287150793571774,-21.311086458668935,45.81103364443687,11.288073394495413,246,299,-0.0647917206183425,-0.017967636075440382
NAS100_USD,1h,Largo,bias diario,EMA 25,cualquier apoyo,impulso (RSI>=70),trailing EMA 50,455,29.70308310991957,25.054945054945055,0.09325865762478479,0.1717699416665223,1.1851185107722522,1.0860278874894311,42.43268921927708,31.97675264028994,23.716483516483517,190,265,0.06661072047097409,0.11236472577280007
NAS100_USD,1h,Largo,bias diario,EMA 25,cualquier apoyo,retroceso (RSI<=40),bracket 2R,86,5.6142091152815015,31.3953488372093,-0.15280505878623998,-0.04522430172964406,0.799917142970659,-0.9602489047653436,-13.141235055616638,27.293862325105927,12.348837209302326,44,42,-0.4562779864799387,0.1651189607023968
NAS100_USD,1h,Largo,bias diario,EMA 25,cualquier apoyo,retroceso (RSI<=40),trailing EMA 50,86,5.6142091152815015,25.581395348837212,-0.24973915702468205,-0.16840782300184637,0.4771619180335244,-2.5655518494761105,-21.477567504122657,21.47756750412266,13.918604651162791,44,42,-0.43493055803674036,-0.055729117869192345
NAS100_USD,1h,Largo,bias diario,EMA 25,cualquier apoyo,impulso + retroceso,bracket 2R,64,4.178016085790885,29.6875,-0.15886953898417827,-0.0452587819426197,0.7937269952402126,-0.842678123850258,-10.16765049498741,21.900428605385635,12.828125,35,29,-0.45598813733894766,0.1997218728233019
NAS100_USD,1h,Largo,bias diario,EMA 25,cualquier apoyo,impulso + retroceso,trailing EMA 50,63,4.112734584450402,26.984126984126984,-0.19608663140716556,-0.10992286343698339,0.5752545147828434,-1.6123495906179999,-12.35345777865143,14.38768517040868,14.825396825396826,35,28,-0.37443342056720014,0.02684685504287771
NAS100_USD,1h,Largo,bias diario,EMA 50,primer apoyo,ninguna,bracket 2R,209,13.643833780160858,31.100478468899524,-0.15153889260153447,-0.048136072498281314,0.8024663705050002,-1.4994415572853805,-31.671628553720705,39.737281654577544,9.631578947368421,95,114,-0.29264622390715034,-0.033949449846854544
NAS100_USD,1h,Largo,bias diario,EMA 50,primer apoyo,ninguna,trailing EMA 50,211,13.774396782841823,18.95734597156398,-0.07652843861565903,0.001038274914160526,0.8511039604047244,-0.6950710353646622,-16.147500547904055,51.639466831078884,16.18957345971564,96,115,-0.41756758298095686,0.20816510798493743
NAS100_USD,1h,Largo,bias diario,EMA 50,primer apoyo,impulso (RSI>=70),bracket 2R,128,8.35603217158177,32.8125,-0.09398341596703999,0.012982771302202309,0.8753767332952603,-0.700856031270492,-12.029877243781119,16.529160492531854,9.84375,58,70,-0.12277235264271168,-0.07012972557862626
NAS100_USD,1h,Largo,bias diario,EMA 50,primer apoyo,impulso (RSI>=70),trailing EMA 50,128,8.35603217158177,20.3125,-0.010668682057061146,0.06955595839487053,0.9797070536074495,-0.06711857251453263,-1.3655913033038267,24.881940575434026,18.0078125,58,70,-0.2664628015657368,0.20127501696441302
NAS100_USD,1h,Largo,bias diario,EMA 50,primer apoyo,retroceso (RSI<=40),bracket 2R,45,2.937667560321716,26.666666666666668,-0.28426678691631985,-0.18274846392188498,0.6605026024929437,-1.280439584904417,-12.792005411234392,18.660953510522276,10.911111111111111,19,26,0.08262507321193108,-0.552380069317734
NAS100_USD,1h,Largo,bias diario,EMA 50,primer apoyo,retroceso (RSI<=40),trailing EMA 50,45,2.937667560321716,8.88888888888889,-0.4341111865813256,-0.3579724443354995,0.23226802146073217,-3.7705473752857888,-19.535003396159652,21.61433944911911,11.577777777777778,19,26,-0.49798305375217755,-0.3874355913410875
NAS100_USD,1h,Largo,bias diario,EMA 50,primer apoyo,impulso + retroceso,bracket 2R,36,2.3501340482573725,25.0,-0.3305761499339221,-0.2284355799023564,0.6164313346459718,-1.3215516312922313,-11.900741397621195,19.236545924092738,11.5,15,21,0.20244885454735675,-0.7113082959919784
NAS100_USD,1h,Largo,bias diario,EMA 50,primer apoyo,impulso + retroceso,trailing EMA 50,36,2.3501340482573725,8.333333333333332,-0.4248760191586508,-0.3482705916349766,0.2495364987053454,-3.1009434029118874,-15.29553668971143,17.37487274267089,11.333333333333334,15,21,-0.4518856046113558,-0.40558345812100444
NAS100_USD,1h,Largo,bias diario,EMA 50,cualquier apoyo,ninguna,bracket 2R,467,30.486461126005363,32.97644539614561,-0.11730289048020594,-0.015475184609970993,0.8423116093390809,-1.7672132329659944,-54.780449854256176,88.65797425504731,10.974304068522484,212,255,-0.27558125139000683,0.014285393884020677
NAS100_USD,1h,Largo,bias diario,EMA 50,cualquier apoyo,ninguna,trailing EMA 50,597,38.9730563002681,20.435510887772192,-0.003034468961689762,0.0741811209450301,0.993029423896383,-0.04766319894614758,-1.8115779701287877,59.69120317516482,16.938023450586265,249,348,-0.1659176692973289,0.11351126920950035
NAS100_USD,1h,Largo,bias diario,EMA 50,cualquier apoyo,impulso (RSI>=70),bracket 2R,335,21.869302949061662,32.83582089552239,-0.12143174423509802,-0.017140032063893976,0.8377405732455454,-1.5386291467125468,-40.679634318757834,64.91008112865029,10.716417910447761,154,181,-0.262493886553646,-0.001412020936443979
NAS100_USD,1h,Largo,bias diario,EMA 50,cualquier apoyo,impulso (RSI>=70),trailing EMA 50,432,28.20160857908847,19.675925925925927,-0.003960360714543227,0.07585243675712103,0.991136513596938,-0.050190340094065145,-1.7108758286826742,47.73894318710893,16.64814814814815,179,253,-0.13494357716026548,0.08871155922136299
NAS100_USD,1h,Largo,bias diario,EMA 50,cualquier apoyo,retroceso (RSI<=40),bracket 2R,132,8.617158176943699,32.57575757575758,-0.12848797407244303,-0.02831440613550585,0.8304322171937596,-1.0113360610806172,-16.96041257756248,27.09979251648044,12.234848484848484,55,77,-0.2773920740339906,-0.022127902671337584
NAS100_USD,1h,Largo,bias diario,EMA 50,cualquier apoyo,retroceso (RSI<=40),trailing EMA 50,136,8.878284182305629,19.852941176470587,-0.19255383273526086,-0.11685921352646382,0.5724872995750564,-2.0970242169682116,-26.187321251995478,30.66603655897353,14.830882352941176,59,77,-0.38874181463185464,-0.042227976476831845
NAS100_USD,1h,Largo,bias diario,EMA 50,cualquier apoyo,impulso + retroceso,bracket 2R,113,7.376809651474531,34.51327433628318,-0.06163070584067221,0.03855467905461387,0.9164788927306409,-0.4381592757393192,-6.96426975999596,16.299262337326436,12.70796460176991,46,67,-0.1765507345201368,0.017269612357169183
NAS100_USD,1h,Largo,bias diario,EMA 50,cualquier apoyo,impulso + retroceso,trailing EMA 50,116,7.572654155495979,20.689655172413794,-0.1268941705523846,-0.05114011902062292,0.6985187720432223,-1.2107662629663676,-14.719723784076614,21.26503569966542,15.508620689655173,50,66,-0.32521090226696886,0.023345777716239878
NAS100_USD,1h,Corto,sin bias,EMA 25,primer apoyo,ninguna,bracket 2R,283,18.474664879356567,31.448763250883395,-0.1511056009700173,-0.05664287234929978,0.7984769308659,-1.8214326758946962,-42.7628850745149,50.71642825840203,8.628975265017667,159,124,-0.10780965902664147,-0.2066221716877331
NAS100_USD,1h,Corto,sin bias,EMA 25,primer apoyo,ninguna,trailing EMA 50,284,18.53994638069705,20.774647887323944,-0.1280407582356662,-0.05726345954519374,0.7970679079966744,-1.0981824539798797,-36.3635753389292,65.80234279906452,19.827464788732396,160,124,-0.15052579722687798,-0.0990278046986187
NAS100_USD,1h,Corto,sin bias,EMA 25,primer apoyo,impulso (RSI>=70),bracket 2R,161,10.510321715817694,34.78260869565217,-0.043554218664174804,0.04329234239222536,0.9385912761224549,-0.38506514775088224,-7.012229204932144,17.815299523524338,9.180124223602485,86,75,-0.04101223812528552,-0.0464690230154345
NAS100_USD,1h,Corto,sin bias,EMA 25,primer apoyo,impulso (RSI>=70),trailing EMA 50,161,10.510321715817694,24.84472049689441,0.06089961695576545,0.12603453774806564,1.0994478542330064,0.3296849387100386,9.804838329878237,33.07967791847894,23.130434782608695,86,75,0.06995698513542278,0.05051383477642504
NAS100_USD,1h,Corto,sin bias,EMA 25,primer apoyo,retroceso (RSI<=40),bracket 2R,16,1.0445040214477213,43.75,0.21668362570985938,0.31062919532176136,1.3476525766843723,0.5582997283349023,3.46693801135775,3.136532089394734,13.8125,10,6,0.37839906617936275,-0.05284210840597966
NAS100_USD,1h,Corto,sin bias,EMA 25,primer apoyo,retroceso (RSI<=40),trailing EMA 50,16,1.0445040214477213,25.0,0.03901702596818277,0.10947620317710921,1.1042022866544832,0.1197029886476423,0.6242724154909243,4.178144627538474,20.875,10,6,-0.25950055566358504,0.5365463286877957
NAS100_USD,1h,Corto,sin bias,EMA 25,primer apoyo,impulso + retroceso,bracket 2R,10,0.6528150134048257,40.0,0.1102624319705644,0.197006712514814,1.1675903797095986,0.22366241333884854,1.102624319705644,2.731660481833284,18.5,7,3,0.1723051901519555,-0.03450400378601485
NAS100_USD,1h,Corto,sin bias,EMA 25,primer apoyo,impulso + retroceso,trailing EMA 50,10,0.6528150134048257,30.0,0.2612280779514367,0.3262862883596239,1.8017149162896622,0.5285345431402266,2.612280779514367,3.171993424973733,24.7,7,3,-0.1570657247727898,1.237246950974632
NAS100_USD,1h,Corto,sin bias,EMA 25,cualquier apoyo,ninguna,bracket 2R,890,58.10053619302949,32.69662921348315,-0.11358644488307952,-0.023552482071103657,0.8452177678127788,-2.411132646459182,-101.09193594594078,106.47016102523868,9.1,480,410,-0.11683138915289755,-0.10978748573792675
NAS100_USD,1h,Corto,sin bias,EMA 25,cualquier apoyo,ninguna,trailing EMA 50,753,49.15697050938338,21.646746347941566,-0.11048928575797132,-0.040670349683091314,0.7854759271933325,-1.9690771627453074,-83.1984321757524,105.76723722600313,16.195219123505975,395,358,-0.10772626693791712,-0.11353786797562884
NAS100_USD,1h,Corto,sin bias,EMA 25,cualquier apoyo,impulso (RSI>=70),bracket 2R,688,44.91367292225201,33.28488372093023,-0.09364200358851012,-0.007283183091321771,0.8709389565689438,-1.7396497157753055,-64.42569846889496,75.16823294753476,9.107558139534884,361,327,-0.10624416082791775,-0.07972953030586134
NAS100_USD,1h,Corto,sin bias,EMA 25,cualquier apoyo,impulso (RSI>=70),trailing EMA 50,570,37.210455764075064,23.50877192982456,-0.062055262989094445,0.005015872426480247,0.8775483025229702,-0.9044012377069074,-35.371499903783835,73.46392020312335,16.933333333333334,287,283,-0.03383558555452826,-0.09067380512238242
NAS100_USD,1h,Corto,sin bias,EMA 25,cualquier apoyo,retroceso (RSI<=40),bracket 2R,123,8.029624664879357,34.959349593495936,-0.05926425474354604,0.03401169245072186,0.9166301248763937,-0.46098538451938664,-7.289503333456163,19.255351583212278,10.300813008130081,64,59,0.06486837203634627,-0.19391659565732747
NAS100_USD,1h,Corto,sin bias,EMA 25,cualquier apoyo,retroceso (RSI<=40),trailing EMA 50,123,8.029624664879357,26.82926829268293,-0.024131113392868234,0.04582584700283267,0.9410480623046948,-0.21905528934196533,-2.968126947322793,12.56845148625908,16.24390243902439,64,59,-0.11551557174050764,0.07499779057745251
NAS100_USD,1h,Corto,sin bias,EMA 25,cualquier apoyo,impulso + retroceso,bracket 2R,105,6.85455764075067,34.285714285714285,-0.08099995513667754,0.011270839727988178,0.8872252708189386,-0.5847442175780726,-8.504995289351141,18.608804477219387,10.58095238095238,56,49,0.022315407997471164,-0.1990746558614189
NAS100_USD,1h,Corto,sin bias,EMA 25,cualquier apoyo,impulso + retroceso,trailing EMA 50,105,6.85455764075067,26.666666666666668,-0.029132196667353442,0.040070899481145825,0.9291785900305057,-0.2434845409839255,-3.0588806500721115,11.83293427209684,15.914285714285715,56,49,-0.11855542561279644,0.07306577927029573
NAS100_USD,1h,Corto,sin bias,EMA 50,primer apoyo,ninguna,bracket 2R,270,17.626005361930293,28.888888888888886,-0.2308441424310101,-0.13939541565555916,0.7021077480226882,-2.797692632792638,-62.32791845637272,64.0874917712657,9.34074074074074,147,123,-0.19719427595569286,-0.27105983651126725
NAS100_USD,1h,Corto,sin bias,EMA 50,primer apoyo,ninguna,trailing EMA 50,270,17.626005361930293,20.74074074074074,-0.017513615014221915,0.05107293006736625,0.9589886881750815,-0.19531781632515038,-4.728676053839917,42.2198432761307,13.877777777777778,147,123,-0.07173155322879202,0.04728343309587406
NAS100_USD,1h,Corto,sin bias,EMA 50,primer apoyo,impulso (RSI>=70),bracket 2R,171,11.16313672922252,29.239766081871345,-0.22018331618001116,-0.13236866491643862,0.7134885095661239,-2.118236490461019,-37.65134706678191,43.528392818276046,10.099415204678362,91,80,-0.1518328655895535,-0.2979319537266569
NAS100_USD,1h,Corto,sin bias,EMA 50,primer apoyo,impulso (RSI>=70),trailing EMA 50,171,11.16313672922252,25.146198830409354,0.14464856836959192,0.21050955681727143,1.3759296186683583,1.107696996434143,24.73490519120022,18.65719964683156,15.421052631578947,91,80,0.13664843535395943,0.15374871967487388
NAS100_USD,1h,Corto,sin bias,EMA 50,primer apoyo,retroceso (RSI<=40),bracket 2R,49,3.198793565683646,24.489795918367346,-0.4018854561033704,-0.302378812827781,0.5158897105241473,-2.2273995409887286,-19.69238734906515,30.757739059853975,12.53061224489796,31,18,-0.40926903227588,-0.3891692971396038
NAS100_USD,1h,Corto,sin bias,EMA 50,primer apoyo,retroceso (RSI<=40),trailing EMA 50,49,3.198793565683646,18.367346938775512,0.012266628153768227,0.08689661061046029,1.0302499671409409,0.06613076160093932,0.6010647795346431,15.836649736473092,14.571428571428571,31,18,-0.16428307696580693,0.31632445363748096
NAS100_USD,1h,Corto,sin bias,EMA 50,primer apoyo,impulso + retroceso,bracket 2R,40,2.611260053619303,22.5,-0.47527983589946043,-0.37041404571403214,0.4442198477827987,-2.4801852073816315,-19.011193435978416,28.113221574736542,12.9,27,13,-0.5306444946037863,-0.3602916985904756
NAS100_USD,1h,Corto,sin bias,EMA 50,primer apoyo,impulso + retroceso,trailing EMA 50,40,2.611260053619303,17.5,0.012544495040147884,0.09119383767921904,1.0298407666516518,0.05887606419563445,0.5017798016059154,13.110932850066066,15.0,27,13,-0.15735622484855963,0.3654152209628481
NAS100_USD,1h,Corto,sin bias,EMA 50,cualquier apoyo,ninguna,bracket 2R,611,39.886997319034855,32.242225859247135,-0.1277472526861048,-0.038775956476449464,0.8268687977519713,-2.2560644523052744,-78.05357139121003,83.1441622169322,9.787234042553191,321,290,-0.16266106989636508,-0.08910126880854083
NAS100_USD,1h,Corto,sin bias,EMA 50,cualquier apoyo,ninguna,trailing EMA 50,798,52.09463806970509,17.167919799498748,-0.1145987282716712,-0.047635000201501014,0.7178236985078982,-2.7500467223761773,-91.44978516079361,107.29373580479128,11.9937343358396,401,397,-0.12709732067251323,-0.10197420546880553
NAS100_USD,1h,Corto,sin bias,EMA 50,cualquier apoyo,impulso (RSI>=70),bracket 2R,459,29.964209115281502,32.02614379084967,-0.1283911180836558,-0.04283514253425129,0.8259608258886441,-1.9656935377373355,-58.93152320039802,69.94255109283729,9.9760348583878,233,226,-0.16231046189083972,-0.09342117513200161
NAS100_USD,1h,Corto,sin bias,EMA 50,cualquier apoyo,impulso (RSI>=70),trailing EMA 50,606,39.56058981233244,17.491749174917494,-0.09715087785660363,-0.032588250354711946,0.7563928609558436,-1.9380687871294768,-58.8734319811018,84.53642440836393,11.896039603960396,291,315,-0.0898291871183967,-0.10391472549094714
NAS100_USD,1h,Corto,sin bias,EMA 50,cualquier apoyo,retroceso (RSI<=40),bracket 2R,156,10.183914209115281,31.41025641025641,-0.1634870429134111,-0.06933693479846888,0.7821667053976862,-1.470868006895374,-25.50397869449213,41.4460336331816,11.346153846153847,87,69,-0.1448910775946973,-0.18693412961961547
NAS100_USD,1h,Corto,sin bias,EMA 50,cualquier apoyo,retroceso (RSI<=40),trailing EMA 50,166,10.836729222520107,19.27710843373494,-0.041968028011524126,0.027514584164887917,0.8921535315210842,-0.47466104354184113,-6.966692649913005,24.57465259310652,14.319277108433734,89,77,-0.07488365258955733,-0.003922695707044234
NAS100_USD,1h,Corto,sin bias,EMA 50,cualquier apoyo,impulso + retroceso,bracket 2R,133,8.682439678284181,30.075187969924812,-0.20521617998686478,-0.11140272051549768,0.7315561096010241,-1.7286684944532331,-27.293751938253017,40.046497941828946,11.736842105263158,75,58,-0.18768435626174254,-0.2278866417003849
NAS100_USD,1h,Corto,sin bias,EMA 50,cualquier apoyo,impulso + retroceso,trailing EMA 50,144,9.40053619302949,18.75,-0.052276173186734345,0.016519851148483075,0.8645503122493999,-0.5602312963227859,-7.5277689388897455,23.27042673984055,14.090277777777779,77,67,-0.052348509218354634,-0.05219304073248416
NAS100_USD,1h,Corto,bias diario,EMA 25,primer apoyo,ninguna,bracket 2R,36,2.3501340482573725,27.77777777777778,-0.2597208740156431,-0.16666666666666818,0.6738374016165511,-1.1298060694750898,-9.349951464563151,13.225147376968716,9.88888888888889,32,4,-0.3522056018448818,0.4801569486182662
NAS100_USD,1h,Corto,bias diario,EMA 25,primer apoyo,ninguna,trailing EMA 50,36,2.3501340482573725,13.88888888888889,-0.5782971178858339,-0.5085064623741027,0.17101121265614155,-4.660604301319472,-20.81869624389002,22.437863244787238,15.972222222222221,32,4,-0.6760671613838554,0.20386323009833807
NAS100_USD,1h,Corto,bias diario,EMA 25,primer apoyo,impulso (RSI>=70),bracket 2R,19,1.2403485254691688,36.84210526315789,0.03693842194701459,0.10526315789473666,1.0543693742513154,0.10754384802811207,0.7018300169932772,6.6388474063574945,11.578947368421053,15,4,-0.08125318516531914,0.4801569486182662
NAS100_USD,1h,Corto,bias diario,EMA 25,primer apoyo,impulso (RSI>=70),trailing EMA 50,19,1.2403485254691688,15.789473684210526,-0.4642682142875719,-0.41302466232678053,0.2868059094675274,-2.265180858622374,-8.821096071463867,10.440263072361082,17.526315789473685,15,4,-0.642436599457148,0.20386323009833807
NAS100_USD,1h,Corto,bias diario,EMA 25,primer apoyo,retroceso (RSI<=40),bracket 2R,1,0.06528150134048258,100.0,1.9114125458030229,1.9999999999999971,inf,,1.9114125458030229,0.0,24.0,1,0,1.9114125458030229,
NAS100_USD,1h,Corto,bias diario,EMA 25,primer apoyo,retroceso (RSI<=40),trailing EMA 50,1,0.06528150134048258,100.0,0.0863727678420469,0.15281335848977762,inf,,0.0863727678420469,0.0,23.0,1,0,0.0863727678420469,
NAS100_USD,1h,Corto,bias diario,EMA 25,primer apoyo,impulso + retroceso,bracket 2R,1,0.06528150134048258,100.0,1.9114125458030229,1.9999999999999971,inf,,1.9114125458030229,0.0,24.0,1,0,1.9114125458030229,
NAS100_USD,1h,Corto,bias diario,EMA 25,primer apoyo,impulso + retroceso,trailing EMA 50,1,0.06528150134048258,100.0,0.0863727678420469,0.15281335848977762,inf,,0.0863727678420469,0.0,23.0,1,0,0.0863727678420469,
NAS100_USD,1h,Corto,bias diario,EMA 25,cualquier apoyo,ninguna,bracket 2R,114,7.4420911528150135,31.57894736842105,-0.1381792035608882,-0.0510919557036943,0.8133522408334952,-1.0563795790433046,-15.752429205941255,24.013695657870258,9.228070175438596,95,19,-0.15120614780676053,-0.07304448233152662
NAS100_USD,1h,Corto,bias diario,EMA 25,cualquier apoyo,ninguna,trailing EMA 50,108,7.050402144772118,17.59259259259259,-0.21054913277561435,-0.14346742037845897,0.6115355354373427,-1.6311457849086954,-22.73930633976635,34.31792229582982,15.24074074074074,87,21,-0.2699666558949974,0.03560917729040099
NAS100_USD,1h,Corto,bias diario,EMA 25,cualquier apoyo,impulso (RSI>=70),bracket 2R,88,5.744772117962467,30.681818181818183,-0.15260659151896439,-0.0801869718590253,0.794298555746219,-1.0314154452261337,-13.429380053668865,25.525283618146855,8.579545454545455,69,19,-0.1745149983966646,-0.07304448233152662
NAS100_USD,1h,Corto,bias diario,EMA 25,cualquier apoyo,impulso (RSI>=70),trailing EMA 50,82,5.353083109919571,18.29268292682927,-0.1230130609912686,-0.07145709614624014,0.7660306682993778,-0.7537100279826366,-10.087071001284025,28.495532044565156,15.731707317073171,61,21,-0.17762071679315483,0.03560917729040099
NAS100_USD,1h,Corto,bias diario,EMA 25,cualquier apoyo,retroceso (RSI<=40),bracket 2R,15,0.9792225201072385,46.666666666666664,0.3312944229131025,0.39999999999999936,1.5860103042661928,0.8330976152315024,4.969416343696538,2.2690404520944574,11.266666666666667,12,3,0.417836807440501,-0.014875115196491281
NAS100_USD,1h,Corto,bias diario,EMA 25,cualquier apoyo,retroceso (RSI<=40),trailing EMA 50,15,0.9792225201072385,33.33333333333333,0.2948218581237356,0.34635104093890823,1.7290866154297821,0.6890547281625992,4.422327871856035,3.5393914821808328,21.6,12,3,0.17157291035502364,0.7878176491985837
NAS100_USD,1h,Corto,bias diario,EMA 25,cualquier apoyo,impulso + retroceso,bracket 2R,15,0.9792225201072385,46.666666666666664,0.3312944229131025,0.39999999999999936,1.5860103042661928,0.8330976152315024,4.969416343696538,2.2690404520944574,11.266666666666667,12,3,0.417836807440501,-0.014875115196491281
NAS100_USD,1h,Corto,bias diario,EMA 25,cualquier apoyo,impulso + retroceso,trailing EMA 50,15,0.9792225201072385,33.33333333333333,0.2948218581237356,0.34635104093890823,1.7290866154297821,0.6890547281625992,4.422327871856035,3.5393914821808328,21.6,12,3,0.17157291035502364,0.7878176491985837
NAS100_USD,1h,Corto,bias diario,EMA 50,primer apoyo,ninguna,bracket 2R,36,2.3501340482573725,27.77777777777778,-0.2548442785582207,-0.16666666666666427,0.6731968188574894,-1.132760003968395,-9.174394028095946,11.327913958803773,7.888888888888889,32,4,-0.2528802122940013,-0.2705568086719761
NAS100_USD,1h,Corto,bias diario,EMA 50,primer apoyo,ninguna,trailing EMA 50,36,2.3501340482573725,11.11111111111111,-0.3516133578675761,-0.2854801489489087,0.3904618230193968,-2.1239363613160243,-12.658080883232739,15.503482483885048,13.027777777777779,32,4,-0.32398239089984304,-0.5726610936094396
NAS100_USD,1h,Corto,bias diario,EMA 50,primer apoyo,impulso (RSI>=70),bracket 2R,19,1.2403485254691688,21.052631578947366,-0.4315915887333858,-0.36842105263157626,0.48275968027097327,-1.5115804042931227,-8.20024018593433,10.079005182929706,7.0,15,4,-0.4745341967497618,-0.2705568086719761
NAS100_USD,1h,Corto,bias diario,EMA 50,primer apoyo,impulso (RSI>=70),trailing EMA 50,19,1.2403485254691688,10.526315789473683,-0.33158278606108565,-0.28420488398472843,0.39438207224027805,-1.58115840835779,-6.300072935160627,7.864004473920454,8.68421052631579,15,4,-0.2672952373815246,-0.5726610936094396
NAS100_USD,1h,Corto,bias diario,EMA 50,primer apoyo,retroceso (RSI<=40),bracket 2R,6,0.3916890080428954,16.666666666666664,-0.5676557872755286,-0.4999999999999995,0.3555102647846964,-1.159703041224311,-3.4059347236531714,5.284699720648548,10.833333333333334,5,1,-0.4784906939391339,-1.0134812539575015
NAS100_USD,1h,Corto,bias diario,EMA 50,primer apoyo,retroceso (RSI<=40),trailing EMA 50,6,0.3916890080428954,16.666666666666664,-0.12506879166662718,-0.07432695120998041,0.6757557837680412,-0.3614567105114935,-0.7504127499997632,2.31434428875959,11.166666666666666,5,1,-0.0716216519672975,-0.3923044901632756
NAS100_USD,1h,Corto,bias diario,EMA 50,primer apoyo,impulso + retroceso,bracket 2R,5,0.32640750670241286,20.0,-0.45866128215963115,-0.39999999999999863,0.45031947283687357,-0.7847856907985565,-2.293306410798156,4.172071407793532,12.6,4,1,-0.3199562892101635,-1.0134812539575015
NAS100_USD,1h,Corto,bias diario,EMA 50,primer apoyo,impulso + retroceso,trailing EMA 50,5,0.32640750670241286,20.0,-0.11629405614344908,-0.07229809452372471,0.7289690558484867,-0.2745104743990633,-0.5814702807172454,2.1454018194770725,13.0,4,1,-0.047291447638492426,-0.3923044901632756
NAS100_USD,1h,Corto,bias diario,EMA 50,cualquier apoyo,ninguna,bracket 2R,89,5.810053619302949,30.337078651685395,-0.17308880669257265,-0.08988764044943666,0.7695583568220979,-1.182965044324682,-15.404903795638965,20.19177298562404,8.640449438202246,72,17,-0.22304722823844594,0.038499802207596884
NAS100_USD,1h,Corto,bias diario,EMA 50,cualquier apoyo,ninguna,trailing EMA 50,105,6.85455764075067,17.142857142857142,-0.1361851341952724,-0.07606180009489624,0.70991086367595,-1.0349700101517887,-14.2994390905036,29.98978713919631,13.495238095238095,81,24,-0.16663169053853374,-0.03342800653676522
NAS100_USD,1h,Corto,bias diario,EMA 50,cualquier apoyo,impulso (RSI>=70),bracket 2R,67,4.373860589812332,25.37313432835821,-0.3061500457582102,-0.23880597014925228,0.6154120283894317,-1.905749316581426,-20.51205306580008,25.298922255785165,8.343283582089553,50,17,-0.42333099406658464,0.038499802207596884
NAS100_USD,1h,Corto,bias diario,EMA 50,cualquier apoyo,impulso (RSI>=70),trailing EMA 50,83,5.418364611260054,16.867469879518072,-0.12244181118230162,-0.07542730971695302,0.7474725264204866,-0.7757588263162044,-10.162670328131034,24.937950882953956,12.385542168674698,59,24,-0.15865081646184187,-0.03342800653676522
NAS100_USD,1h,Corto,bias diario,EMA 50,cualquier apoyo,retroceso (RSI<=40),bracket 2R,21,1.370911528150134,28.57142857142857,-0.2077674750955064,-0.14285714285714177,0.7252871390551241,-0.6902938006734194,-4.363116977005634,9.10942241711666,11.047619047619047,17,4,-0.19432463843459283,-0.2648995309043891
NAS100_USD,1h,Corto,bias diario,EMA 50,cualquier apoyo,retroceso (RSI<=40),trailing EMA 50,21,1.370911528150134,28.57142857142857,0.18300278025817124,0.23168552943694465,1.468164736073426,0.5721001243207576,3.843058385421596,5.2578518868091875,19.047619047619047,17,4,0.0950284352018093,0.5568937467477095
NAS100_USD,1h,Corto,bias diario,EMA 50,cualquier apoyo,impulso + retroceso,bracket 2R,19,1.2403485254691688,31.57894736842105,-0.11224515175570299,-0.05263157894736698,0.8437842659929289,-0.34487217299238226,-2.1326578833583567,7.743237650188531,11.0,15,4,-0.07153731731605333,-0.2648995309043891
NAS100_USD,1h,Corto,bias diario,EMA 50,cualquier apoyo,impulso + retroceso,trailing EMA 50,19,1.2403485254691688,31.57894736842105,0.21348354723690585,0.25819372684315783,1.5072996039825384,0.6035944497294687,4.056187397501211,5.2578518868091875,20.68421052631579,15,4,0.12190749403402479,0.5568937467477095
NAS100_USD,1d,Largo,sin bias,EMA 25,primer apoyo,ninguna,bracket 2R,11,0.7639760410724473,27.27272727272727,-0.19720223579793056,-0.1818181818181822,0.7326639092202006,-0.4673710702502258,-2.169224593777236,6.134691735659779,15.272727272727273,7,4,-0.16110386869755092,-0.260374378223595
NAS100_USD,1d,Largo,sin bias,EMA 25,primer apoyo,ninguna,trailing EMA 50,11,0.7639760410724473,27.27272727272727,0.10402485241262092,0.11556289289743212,1.33802348690725,0.3549716633595431,1.1442733765388302,1.7512697078597008,21.454545454545453,7,4,0.11515640248620175,0.08454463978385446
NAS100_USD,1d,Largo,sin bias,EMA 25,primer apoyo,impulso (RSI>=70),bracket 2R,3,0.20835710211066744,66.66666666666666,0.9809212852779389,0.9999999999999994,3.9153669447298225,0.985690703854084,2.9427638558338165,1.009397414330131,21.666666666666668,2,1,1.9760806350819737,-1.009397414330131
NAS100_USD,1d,Largo,sin bias,EMA 25,primer apoyo,impulso (RSI>=70),trailing EMA 50,3,0.20835710211066744,66.66666666666666,0.9380694902858289,0.9523785263273744,14.006134829064674,1.3053741413592823,2.8142084708574866,0.21637546495124793,45.666666666666664,2,1,1.5152919679043673,-0.2163754649512478
NAS100_USD,1d,Largo,sin bias,EMA 25,primer apoyo,retroceso (RSI<=40),bracket 2R,0,0.0,,,,,,0.0,,,0,0,,
NAS100_USD,1d,Largo,sin bias,EMA 25,primer apoyo,retroceso (RSI<=40),trailing EMA 50,0,0.0,,,,,,0.0,,,0,0,,
NAS100_USD,1d,Largo,sin bias,EMA 25,primer apoyo,impulso + retroceso,bracket 2R,0,0.0,,,,,,0.0,,,0,0,,
NAS100_USD,1d,Largo,sin bias,EMA 25,primer apoyo,impulso + retroceso,trailing EMA 50,0,0.0,,,,,,0.0,,,0,0,,
NAS100_USD,1d,Largo,sin bias,EMA 25,cualquier apoyo,ninguna,bracket 2R,29,2.014118653736452,37.93103448275862,0.08146151576677696,0.09795327387812224,1.1290509741892854,0.3035496451151227,2.3623839572365317,4.381683299090435,16.310344827586206,15,14,0.18004651215123615,-0.0241652660737151
NAS100_USD,1d,Largo,sin bias,EMA 25,cualquier apoyo,ninguna,trailing EMA 50,35,2.4308328579577867,28.57142857142857,0.27736357880431395,0.2889586082316159,1.8988881037250482,1.0730666011518073,9.707725258150989,3.8254263725276383,22.057142857142857,21,14,0.39679789395636333,0.09821210607623988
NAS100_USD,1d,Largo,sin bias,EMA 25,cualquier apoyo,impulso (RSI>=70),bracket 2R,12,0.8334284084426697,33.33333333333333,-0.01823428076901747,-8.141635513917814e-16,0.9731345894894768,-0.04276867916552245,-0.21881136922820965,5.068360112117858,18.416666666666668,7,5,0.26170523349168034,-0.4101496007339945
NAS100_USD,1d,Largo,sin bias,EMA 25,cualquier apoyo,impulso (RSI>=70),trailing EMA 50,13,0.9028807758128923,30.76923076923077,-0.020671587752488726,-0.008092834326924604,0.9517277306002987,-0.07090692425624001,-0.2687306407823534,3.934157159361472,24.076923076923077,6,7,0.48912130229252576,-0.45763692207678675
NAS100_USD,1d,Largo,sin bias,EMA 25,cualquier apoyo,retroceso (RSI<=40),bracket 2R,1,0.06945236737022248,100.0,0.8259483525623071,0.8406449424655511,inf,,0.8259483525623071,0.0,50.0,0,1,,0.8259483525623071
NAS100_USD,1d,Largo,sin bias,EMA 25,cualquier apoyo,retroceso (RSI<=40),trailing EMA 50,1,0.06945236737022248,0.0,-0.2909924800842311,-0.2799700376567982,0.0,,-0.2909924800842311,0.2909924800842311,37.0,0,1,,-0.2909924800842311
NAS100_USD,1d,Largo,sin bias,EMA 25,cualquier apoyo,impulso + retroceso,bracket 2R,0,0.0,,,,,,0.0,,,0,0,,
NAS100_USD,1d,Largo,sin bias,EMA 25,cualquier apoyo,impulso + retroceso,trailing EMA 50,0,0.0,,,,,,0.0,,,0,0,,
NAS100_USD,1d,Largo,sin bias,EMA 50,primer apoyo,ninguna,bracket 2R,10,0.6945236737022248,20.0,-0.4149874629814093,-0.4,0.48759148718537987,-1.0420530292610382,-4.149874629814093,7.083259299361157,8.6,6,4,-0.018494872180750372,-1.0097263491823978
NAS100_USD,1d,Largo,sin bias,EMA 50,primer apoyo,ninguna,trailing EMA 50,10,0.6945236737022248,20.0,-0.012862981949366503,-0.0016223847133095548,0.971057050827545,-0.027654621916954503,-0.12862981949366503,4.2349666110282485,14.6,6,4,0.4167480622711046,-0.6572795482800733
NAS100_USD,1d,Largo,sin bias,EMA 50,primer apoyo,impulso (RSI>=70),bracket 2R,3,0.20835710211066744,33.33333333333333,-0.014667287015543614,5.921189464667501e-16,0.9781674260257597,-0.014770020701931204,-0.04400186104663084,2.015422510353001,15.333333333333334,1,2,1.9714206493063697,-1.0077112551765004
NAS100_USD,1d,Largo,sin bias,EMA 50,primer apoyo,impulso (RSI>=70),trailing EMA 50,3,0.20835710211066744,33.33333333333333,-0.3040790998257225,-0.2930786345640644,0.2528122137893339,-0.7968338875542091,-0.9122372994771675,1.2208942869683985,14.333333333333334,1,2,0.3086569874912311,-0.6104471434841993
NAS100_USD,1d,Largo,sin bias,EMA 50,primer apoyo,retroceso (RSI<=40),bracket 2R,1,0.06945236737022248,100.0,1.9714206493063697,2.000000000000002,inf,,1.9714206493063697,0.0,10.0,1,0,1.9714206493063697,
NAS100_USD,1d,Largo,sin bias,EMA 50,primer apoyo,retroceso (RSI<=40),trailing EMA 50,1,0.06945236737022248,100.0,0.3086569874912311,0.33009150051145536,inf,,0.3086569874912311,0.0,21.0,1,0,0.3086569874912311,
NAS100_USD,1d,Largo,sin bias,EMA 50,primer apoyo,impulso + retroceso,bracket 2R,1,0.06945236737022248,100.0,1.9714206493063697,2.000000000000002,inf,,1.9714206493063697,0.0,10.0,1,0,1.9714206493063697,
NAS100_USD,1d,Largo,sin bias,EMA 50,primer apoyo,impulso + retroceso,trailing EMA 50,1,0.06945236737022248,100.0,0.3086569874912311,0.33009150051145536,inf,,0.3086569874912311,0.0,21.0,1,0,0.3086569874912311,
NAS100_USD,1d,Largo,sin bias,EMA 50,cualquier apoyo,ninguna,bracket 2R,24,1.6668568168853395,37.5,0.06149694692864612,0.076693539269398,1.0969292592827442,0.20951168447005955,1.4759267262875069,4.457629684287217,14.291666666666666,12,12,-0.01828644958587124,0.14128034344316345
NAS100_USD,1d,Largo,sin bias,EMA 50,cualquier apoyo,ninguna,trailing EMA 50,34,2.3613804905875644,26.47058823529412,0.19424663531140324,0.20568435920457723,1.5497197390061221,0.7318784905347493,6.60438560058771,2.975042073058262,19.91176470588235,19,15,0.40250374970797204,-0.06954570959091734
NAS100_USD,1d,Largo,sin bias,EMA 50,cualquier apoyo,impulso (RSI>=70),bracket 2R,8,0.5556189389617798,37.5,0.11067694322247842,0.1249999999999997,1.1747060133078127,0.20174254530864147,0.8854155457798274,3.0809492398017597,16.0,3,5,-0.025449908676039874,0.1923530543615894
NAS100_USD,1d,Largo,sin bias,EMA 50,cualquier apoyo,impulso (RSI>=70),trailing EMA 50,11,0.7639760410724473,27.27272727272727,-0.3150487044422334,-0.3040687646676117,0.28155193962457115,-1.7480209309280577,-3.4655357488645673,4.504891441179763,14.0,4,7,-0.4150095496019169,-0.25792822149384287
NAS100_USD,1d,Largo,sin bias,EMA 50,cualquier apoyo,retroceso (RSI<=40),bracket 2R,4,0.2778094694808899,75.0,0.9449031619386019,0.9601612356163886,4.761413327804114,1.3412760546047853,3.7796126477544076,1.0048384259756205,24.25,1,3,1.9714206493063697,0.6027306661493458
NAS100_USD,1d,Largo,sin bias,EMA 50,cualquier apoyo,retroceso (RSI<=40),trailing EMA 50,4,0.2778094694808899,50.0,-0.017321908456911672,-0.0058783531985714815,0.9005480393305533,-0.08995702050247154,-0.06928763382764669,0.4057020180558444,24.25,1,3,0.3086569874912311,-0.12598154043962592
NAS100_USD,1d,Largo,sin bias,EMA 50,cualquier apoyo,impulso + retroceso,bracket 2R,3,0.20835710211066744,66.66666666666666,0.9845547650640333,1.0000000000000013,3.939442022556332,0.9897938727421925,2.9536642951921,1.0048384259756205,15.666666666666666,1,2,1.9714206493063697,0.4911218229428651
NAS100_USD,1d,Largo,sin bias,EMA 50,cualquier apoyo,impulso + retroceso,trailing EMA 50,3,0.20835710211066744,66.66666666666666,0.07390161541886149,0.08548554162083742,1.5464721307500795,0.3081551355799688,0.2217048462565845,0.4057020180558444,20.0,1,2,0.3086569874912311,-0.04347607061732334
NAS100_USD,1d,Corto,sin bias,EMA 25,primer apoyo,ninguna,bracket 2R,7,0.48616657159155735,42.857142857142854,0.27433207142610677,0.28571428571428575,1.4744478262919734,0.45244876687340935,1.9203244999827476,4.047493514705215,11.571428571428571,5,2,-0.4139543959993655,1.9950482399897875
NAS100_USD,1d,Corto,sin bias,EMA 25,primer apoyo,ninguna,trailing EMA 50,7,0.48616657159155735,28.57142857142857,-0.1945219748847396,-0.18598531416860534,0.4253033027385074,-1.019089401012784,-1.3616538241931773,2.36934339571054,19.142857142857142,5,2,-0.30341544962311995,0.07771171196121125
NAS100_USD,1d,Corto,sin bias,EMA 25,primer apoyo,impulso (RSI>=70),bracket 2R,1,0.06945236737022248,100.0,1.9777215347083867,2.0000000000000004,inf,,1.9777215347083867,0.0,16.0,1,0,1.9777215347083867,
NAS100_USD,1d,Corto,sin bias,EMA 25,primer apoyo,impulso (RSI>=70),trailing EMA 50,1,0.06945236737022248,100.0,0.628252721223512,0.6449615701922223,inf,,0.628252721223512,0.0,40.0,1,0,0.628252721223512,
NAS100_USD,1d,Corto,sin bias,EMA 25,primer apoyo,retroceso (RSI<=40),bracket 2R,0,0.0,,,,,,0.0,,,0,0,,
NAS100_USD,1d,Corto,sin bias,EMA 25,primer apoyo,retroceso (RSI<=40),trailing EMA 50,0,0.0,,,,,,0.0,,,0,0,,
NAS100_USD,1d,Corto,sin bias,EMA 25,primer apoyo,impulso + retroceso,bracket 2R,0,0.0,,,,,,0.0,,,0,0,,
NAS100_USD,1d,Corto,sin bias,EMA 25,primer apoyo,impulso + retroceso,trailing EMA 50,0,0.0,,,,,,0.0,,,0,0,,
NAS100_USD,1d,Corto,sin bias,EMA 25,cualquier apoyo,ninguna,bracket 2R,13,0.9028807758128923,46.15384615384615,0.2623333832601481,0.27455557921567414,1.480869904815956,0.6380658649315591,3.4103339823819256,4.065574579319435,12.923076923076923,10,3,0.04269164381255315,0.9944725147521313
NAS100_USD,1d,Corto,sin bias,EMA 25,cualquier apoyo,ninguna,trailing EMA 50,10,0.6945236737022248,30.0,0.6160526898595322,0.6255198604669908,3.3815387436991764,0.7678634170384723,6.1605268985953225,1.4640970075792028,22.9,8,2,0.7506379343341125,0.07771171196121125
NAS100_USD,1d,Corto,sin bias,EMA 25,cualquier apoyo,impulso (RSI>=70),bracket 2R,5,0.3472618368511124,60.0,0.4995285590395454,0.5138445059607526,2.2301066733947486,0.7448563693625264,2.497642795197727,1.0237488712449225,17.8,4,1,0.8760804327302271,-1.006678935723181
NAS100_USD,1d,Corto,sin bias,EMA 25,cualquier apoyo,impulso (RSI>=70),trailing EMA 50,3,0.20835710211066744,66.66666666666666,1.2669316778593271,1.27703886531923,5.201343363849473,0.8600043279880334,3.8007950335779817,0.904661843705036,40.0,2,1,2.352728438641509,-0.904661843705036
NAS100_USD,1d,Corto,sin bias,EMA 25,cualquier apoyo,retroceso (RSI<=40),bracket 2R,0,0.0,,,,,,0.0,,,0,0,,
NAS100_USD,1d,Corto,sin bias,EMA 25,cualquier apoyo,retroceso (RSI<=40),trailing EMA 50,0,0.0,,,,,,0.0,,,0,0,,
NAS100_USD,1d,Corto,sin bias,EMA 25,cualquier apoyo,impulso + retroceso,bracket 2R,0,0.0,,,,,,0.0,,,0,0,,
NAS100_USD,1d,Corto,sin bias,EMA 25,cualquier apoyo,impulso + retroceso,trailing EMA 50,0,0.0,,,,,,0.0,,,0,0,,
NAS100_USD,1d,Corto,sin bias,EMA 50,primer apoyo,ninguna,bracket 2R,8,0.5556189389617798,12.5,-0.6332452578173643,-0.6249999999999992,0.28265799177330164,-1.6858081326639838,-5.065962062538914,6.060663904422178,8.5,4,4,-1.011847847019998,-0.2546426686147305
NAS100_USD,1d,Corto,sin bias,EMA 50,primer apoyo,ninguna,trailing EMA 50,9,0.6250713063320024,11.11111111111111,-0.27412721843616006,-0.267835568922904,0.1332956067280029,-2.6155634349524686,-2.4671449659254407,2.638962393973756,6.666666666666667,5,4,-0.39956334913013297,-0.11733205506869394
NAS100_USD,1d,Corto,sin bias,EMA 50,primer apoyo,impulso (RSI>=70),bracket 2R,1,0.06945236737022248,0.0,-1.0067958089299895,-0.9999999999999986,0.0,,-1.0067958089299895,1.0067958089299895,11.0,0,1,,-1.0067958089299895
NAS100_USD,1d,Corto,sin bias,EMA 50,primer apoyo,impulso (RSI>=70),trailing EMA 50,1,0.06945236737022248,0.0,-0.5575961227057592,-0.5524992660082659,0.0,,-0.5575961227057592,0.5575961227057592,3.0,0,1,,-0.5575961227057592
NAS100_USD,1d,Corto,sin bias,EMA 50,primer apoyo,retroceso (RSI<=40),bracket 2R,0,0.0,,,,,,0.0,,,0,0,,
NAS100_USD,1d,Corto,sin bias,EMA 50,primer apoyo,retroceso (RSI<=40),trailing EMA 50,0,0.0,,,,,,0.0,,,0,0,,
NAS100_USD,1d,Corto,sin bias,EMA 50,primer apoyo,impulso + retroceso,bracket 2R,0,0.0,,,,,,0.0,,,0,0,,
NAS100_USD,1d,Corto,sin bias,EMA 50,primer apoyo,impulso + retroceso,trailing EMA 50,0,0.0,,,,,,0.0,,,0,0,,
NAS100_USD,1d,Corto,sin bias,EMA 50,cualquier apoyo,ninguna,bracket 2R,11,0.7639760410724473,18.181818181818183,-0.46369076618834043,-0.4545454545454538,0.4382926009511773,-1.2677038425828582,-5.100598428071745,5.100598428071745,8.0,6,5,-0.5129532968570594,-0.4045757293858777
NAS100_USD,1d,Corto,sin bias,EMA 50,cualquier apoyo,ninguna,trailing EMA 50,13,0.9028807758128923,15.384615384615385,0.3799121675872255,0.3872262727612987,2.5530022645476538,0.6149729481797627,4.938858178633931,1.6779235963804267,12.0,8,5,0.6824448713273773,-0.10414015839701726
NAS100_USD,1d,Corto,sin bias,EMA 50,cualquier apoyo,impulso (RSI>=70),bracket 2R,2,0.13890473474044496,0.0,-1.005551890700228,-0.9999999999999993,0.0,-808.3745913853775,-2.011103781400456,2.011103781400456,9.0,0,2,,-1.005551890700228
NAS100_USD,1d,Corto,sin bias,EMA 50,cualquier apoyo,impulso (RSI>=70),trailing EMA 50,2,0.13890473474044496,0.0,-0.30448434720803486,-0.30032042918286334,0.0,-1.2029639735618403,-0.6089686944160697,0.6089686944160697,2.5,0,2,,-0.30448434720803486
NAS100_USD,1d,Corto,sin bias,EMA 50,cualquier apoyo,retroceso (RSI<=40),bracket 2R,1,0.06945236737022248,0.0,-1.0043079724704667,-1.0000000000000002,0.0,,-1.0043079724704667,1.0043079724704667,7.0,0,1,,-1.0043079724704667
NAS100_USD,1d,Corto,sin bias,EMA 50,cualquier apoyo,retroceso (RSI<=40),trailing EMA 50,1,0.06945236737022248,0.0,-0.05137257171031051,-0.04814159235746072,0.0,,-0.05137257171031051,0.05137257171031051,2.0,0,1,,-0.05137257171031051
NAS100_USD,1d,Corto,sin bias,EMA 50,cualquier apoyo,impulso + retroceso,bracket 2R,1,0.06945236737022248,0.0,-1.0043079724704667,-1.0000000000000002,0.0,,-1.0043079724704667,1.0043079724704667,7.0,0,1,,-1.0043079724704667
NAS100_USD,1d,Corto,sin bias,EMA 50,cualquier apoyo,impulso + retroceso,trailing EMA 50,1,0.06945236737022248,0.0,-0.05137257171031051,-0.04814159235746072,0.0,,-0.05137257171031051,0.05137257171031051,2.0,0,1,,-0.05137257171031051
SPX500_USD,5m,Largo,sin bias,EMA 25,primer apoyo,ninguna,bracket 2R,1710,111.35273667320378,35.55555555555556,-0.22326733628010614,0.04220311906866675,0.7224937091495356,-6.562390227070759,-381.7871450389815,393.0806534600084,9.953216374269006,905,805,-0.2439579585963579,-0.20000645032208403
SPX500_USD,5m,Largo,sin bias,EMA 25,primer apoyo,ninguna,trailing EMA 50,1728,112.52487074344803,23.14814814814815,-0.19357088900730288,0.005430899267176388,0.6833440151028187,-5.533410900764156,-334.4904962046194,334.49049620462006,15.063657407407407,917,811,-0.19937173015238446,-0.187011861473345
SPX500_USD,5m,Largo,sin bias,EMA 25,primer apoyo,impulso (RSI>=70),bracket 2R,877,57.108976644678194,35.11972633979475,-0.2323047407944494,0.04030946159947308,0.7155292297140128,-4.8558789232143775,-203.73125767673213,223.38966433047568,9.062713797035348,454,423,-0.3328717811776636,-0.12436753905927392
SPX500_USD,5m,Largo,sin bias,EMA 25,primer apoyo,impulso (RSI>=70),trailing EMA 50,876,57.04385808522018,24.771689497716896,-0.1841995933160647,0.020261092268711135,0.7259479335447564,-3.469184550045259,-161.35884374487267,185.31829466966676,16.495433789954337,454,422,-0.2791930912300154,-0.08200279698209872
SPX500_USD,5m,Largo,sin bias,EMA 25,primer apoyo,retroceso (RSI<=40),bracket 2R,119,7.749108575503655,39.49579831932773,-0.0972243919844084,0.17068249707938027,0.8733679710632548,-0.7197684589165193,-11.569702646144599,29.378853457552943,9.126050420168067,62,57,-0.19071300518845535,0.004464976763853262
SPX500_USD,5m,Largo,sin bias,EMA 25,primer apoyo,retroceso (RSI<=40),trailing EMA 50,120,7.814227134961669,20.833333333333336,-0.23370864494593965,-0.033789865349515565,0.5972116769674622,-1.9648407073817367,-28.045037393512757,35.15591155468065,12.633333333333333,63,57,-0.27468320787379924,-0.188420970130937
SPX500_USD,5m,Largo,sin bias,EMA 25,primer apoyo,impulso + retroceso,bracket 2R,79,5.144366197183099,37.9746835443038,-0.1091682520080533,0.14218275013511897,0.8601972598773905,-0.6530804398485079,-8.624291908636211,25.086760332715436,8.518987341772151,37,42,-0.12800116810688383,-0.09257734973051204
SPX500_USD,5m,Largo,sin bias,EMA 25,primer apoyo,impulso + retroceso,trailing EMA 50,79,5.144366197183099,20.253164556962027,-0.16916752292998763,0.01934572867739153,0.709268482995265,-1.067781575203612,-13.364234311469023,20.242524198066732,13.632911392405063,37,42,-0.10292057469891176,-0.22752792970498315
SPX500_USD,5m,Largo,sin bias,EMA 25,cualquier apoyo,ninguna,bracket 2R,3139,204.40715813870565,36.18986938515451,-0.20158003060171403,0.05434659785700703,0.7434782420261424,-8.06764520464561,-632.7597160587803,637.484931477571,11.045237336731443,1650,1489,-0.19932288861311168,-0.20408122891010486
SPX500_USD,5m,Largo,sin bias,EMA 25,cualquier apoyo,ninguna,trailing EMA 50,3435,223.68225173827776,22.50363901018923,-0.13703658281698025,0.05332945057764271,0.737564987469648,-6.043105060693292,-470.72066197632716,481.2597743831782,13.73391557496361,1863,1572,-0.13742905491044896,-0.1365714584466671
SPX500_USD,5m,Largo,sin bias,EMA 25,cualquier apoyo,impulso (RSI>=70),bracket 2R,1941,126.39512390800499,36.0638845955693,-0.20287753081864868,0.05364803476348757,0.7428715479423993,-6.367482683101963,-393.78528731899706,398.77193677820316,10.820195775373518,998,943,-0.2182330508593681,-0.18662640780630718
SPX500_USD,5m,Largo,sin bias,EMA 25,cualquier apoyo,impulso (RSI>=70),trailing EMA 50,1990,129.58593332144767,23.919597989949747,-0.14503204045417703,0.04428060024016287,0.7383653483287195,-4.775251211615215,-288.6137605038123,296.1281551682173,14.693969849246232,1048,942,-0.17156656817462362,-0.11551167415796898
SPX500_USD,5m,Largo,sin bias,EMA 25,cualquier apoyo,retroceso (RSI<=40),bracket 2R,248,16.149402745587448,37.5,-0.14993000514284494,0.10103049412373455,0.8035609789001191,-1.6646513054786618,-37.182641275425546,55.88425062078197,10.69758064516129,133,115,-0.19951370749611935,-0.09258537546471028
SPX500_USD,5m,Largo,sin bias,EMA 25,cualquier apoyo,retroceso (RSI<=40),trailing EMA 50,250,16.279639864503476,20.4,-0.15171228094525582,0.035161120780796175,0.6984833400741837,-1.8490779707019867,-37.92807023631396,50.49383814735567,11.496,134,116,-0.2404001889987415,-0.049262456124849974
SPX500_USD,5m,Largo,sin bias,EMA 25,cualquier apoyo,impulso + retroceso,bracket 2R,168,10.939917988946336,36.30952380952381,-0.16357293878636958,0.0746029560652516,0.7885309668664412,-1.4906670369995014,-27.480253716110088,45.07514534870579,10.68452380952381,88,80,-0.16282977036636634,-0.1643904240483731
SPX500_USD,5m,Largo,sin bias,EMA 25,cualquier apoyo,impulso + retroceso,trailing EMA 50,169,11.00503654840435,19.526627218934912,-0.19528578683006212,-0.016998251304235514,0.6118163192710153,-2.185445610523784,-33.0032979742805,40.44508412633539,11.514792899408285,88,81,-0.17742053468482127,-0.21469494965452138
SPX500_USD,5m,Largo,sin bias,EMA 50,primer apoyo,ninguna,bracket 2R,1447,94.22655553574613,35.17622667588113,-0.23463782595747806,0.027767751104213003,0.7089377530117449,-6.397170009556496,-339.52093416047074,341.9323563447138,9.574982722874914,773,674,-0.2248664001025011,-0.2458445205953077
SPX500_USD,5m,Largo,sin bias,EMA 50,primer apoyo,ninguna,trailing EMA 50,1459,95.00797824924229,18.711446196024674,-0.201933872999661,-0.005082738739497214,0.6204636839616421,-5.907417134138491,-294.6215207065054,294.6215207065052,11.472241261137766,783,676,-0.22107454931675202,-0.1797635334193618
SPX500_USD,5m,Largo,sin bias,EMA 50,primer apoyo,impulso (RSI>=70),bracket 2R,725,47.210955607060086,33.6551724137931,-0.267518249905931,-0.00407989783362753,0.677559821222036,-5.150976115007882,-193.95073118179997,193.95073118179997,8.333793103448276,389,336,-0.26436595983391487,-0.27116777620954496
SPX500_USD,5m,Largo,sin bias,EMA 50,primer apoyo,impulso (RSI>=70),trailing EMA 50,723,47.08071848814406,18.672199170124482,-0.23235983629962803,-0.034614064306143257,0.5922805647558522,-4.709961953395641,-167.99616164463106,168.32579495636892,11.90179806362379,389,334,-0.27243382839947977,-0.18568683352465093
SPX500_USD,5m,Largo,sin bias,EMA 50,primer apoyo,retroceso (RSI<=40),bracket 2R,176,11.460866464610447,35.22727272727273,-0.24257475956646465,0.03267324098718859,0.7014190287937537,-2.2996954351451953,-42.69315768369778,46.53770744372704,8.25,91,85,-0.32928061281230264,-0.1497484931503322
SPX500_USD,5m,Largo,sin bias,EMA 50,primer apoyo,retroceso (RSI<=40),trailing EMA 50,176,11.460866464610447,18.75,-0.24821032884535688,-0.04177432843011696,0.5554970888049918,-2.7847438020921764,-43.68501787678281,51.362441926335755,12.068181818181818,91,85,-0.3565498569406239,-0.13222330464924742
SPX500_USD,5m,Largo,sin bias,EMA 50,primer apoyo,impulso + retroceso,bracket 2R,131,8.530531288999821,34.35114503816794,-0.24041792327449002,0.021144354519321683,0.7029592240656612,-1.970174936974919,-31.494747948958192,34.62458699674301,8.748091603053435,62,69,-0.2569107040900246,-0.22559832312140105
SPX500_USD,5m,Largo,sin bias,EMA 50,primer apoyo,impulso + retroceso,trailing EMA 50,131,8.530531288999821,17.557251908396946,-0.20169045376587552,-0.005518745420516799,0.617811789238105,-1.921922558950274,-26.421449443329692,32.84605347093394,12.442748091603054,62,69,-0.2203375842739528,-0.1849350611354293
SPX500_USD,5m,Largo,sin bias,EMA 50,cualquier apoyo,ninguna,bracket 2R,2350,153.02861472633268,36.765957446808514,-0.17667719476491342,0.07573618966331684,0.7724442023464452,-6.089417015765443,-415.19140769754654,427.02722441754946,10.731489361702128,1257,1093,-0.18930215655894528,-0.1621579111646407
SPX500_USD,5m,Largo,sin bias,EMA 50,cualquier apoyo,ninguna,trailing EMA 50,3238,210.85389552504904,19.209388511426805,-0.14498535309945826,0.04371195567389071,0.6893290535656469,-6.8889270338992725,-469.4625733360458,484.0836918415225,11.32674490426189,1782,1456,-0.156591166612786,-0.1307809851868552
SPX500_USD,5m,Largo,sin bias,EMA 50,cualquier apoyo,impulso (RSI>=70),bracket 2R,1351,87.97517382777679,36.19541080680977,-0.18123512507705253,0.07063719893424944,0.7688687592359508,-4.709200304656499,-244.84865397909797,250.71012279133103,10.429311621021466,720,631,-0.19991550476758183,-0.15991995332240744
SPX500_USD,5m,Largo,sin bias,EMA 50,cualquier apoyo,impulso (RSI>=70),trailing EMA 50,1771,115.32496880014263,20.10163749294184,-0.15128415826329314,0.035320970988078196,0.6822767394939672,-5.407507596740064,-267.9242442842922,277.120300927783,11.863918690005647,964,807,-0.15811262958493552,-0.1431272234998939
SPX500_USD,5m,Largo,sin bias,EMA 50,cualquier apoyo,retroceso (RSI<=40),bracket 2R,372,24.224104118381174,37.096774193548384,-0.17069221720764802,0.0814813228228868,0.7791140180832958,-2.3395868299285216,-63.497504801245064,77.75085227695041,9.774193548387096,198,174,-0.2563326957591703,-0.07323925885591583
SPX500_USD,5m,Largo,sin bias,EMA 50,cualquier apoyo,retroceso (RSI<=40),trailing EMA 50,380,24.745052594045283,17.63157894736842,-0.20951375858281657,-0.02047959762186879,0.5780074619925929,-3.578838797429764,-79.61522826147029,93.1226577337936,10.723684210526315,203,177,-0.3061870737868979,-0.09863984340525435
SPX500_USD,5m,Largo,sin bias,EMA 50,cualquier apoyo,impulso + retroceso,bracket 2R,266,17.3215368158317,36.84210526315789,-0.16156251448542427,0.08173214995103471,0.7905673700938054,-1.8620378574583372,-42.975628853122856,56.741151343389795,9.62781954887218,139,127,-0.22270361869598318,-0.09464429806599373
SPX500_USD,5m,Largo,sin bias,EMA 50,cualquier apoyo,impulso + retroceso,trailing EMA 50,274,17.84248529149581,17.153284671532848,-0.22503715960319856,-0.04250486379402155,0.5335112233503602,-3.629310630766413,-61.6601817312764,69.23765985067027,10.686131386861314,144,130,-0.2605488981028387,-0.18570108003436644
SPX500_USD,5m,Largo,bias diario,EMA 25,primer apoyo,ninguna,bracket 2R,1132,73.71420930647174,35.7773851590106,-0.24946722900910934,0.04592382255957975,0.6964409844438212,-5.967015672080483,-282.3969032383118,288.63532885663784,9.818904593639576,485,647,-0.2605109776838288,-0.2411886847939024
SPX500_USD,5m,Largo,bias diario,EMA 25,primer apoyo,ninguna,trailing EMA 50,1141,74.30027634159387,23.92638036809816,-0.18458504294911526,0.03701134561376247,0.7059398570704223,-4.1872812476468235,-210.61153400494052,220.6943888234369,15.744084136722174,489,652,-0.14289569238968403,-0.2158520558686887
SPX500_USD,5m,Largo,bias diario,EMA 25,primer apoyo,impulso (RSI>=70),bracket 2R,595,38.745542877518275,35.63025210084034,-0.23873959381599408,0.059808690391236985,0.7107719647697405,-4.096344430139366,-142.05005832051648,149.37107661740532,8.805042016806723,244,351,-0.32867257599756633,-0.17622207913706642
SPX500_USD,5m,Largo,bias diario,EMA 25,primer apoyo,impulso (RSI>=70),trailing EMA 50,594,38.68042431806026,26.767676767676768,-0.1598002244588811,0.06414378358007178,0.7631148761598318,-2.4559390872240505,-94.92133332857537,113.74768238394776,17.22895622895623,244,350,-0.23768552778367205,-0.10550304156959824
SPX500_USD,5m,Largo,bias diario,EMA 25,primer apoyo,retroceso (RSI<=40),bracket 2R,73,4.753654840435015,35.61643835616438,-0.2540429764464185,0.04495575130515535,0.6943136933591885,-1.5225935616912194,-18.54513728058855,22.744421698060965,8.479452054794521,33,40,-0.3341190134609174,-0.1879802459094569
SPX500_USD,5m,Largo,bias diario,EMA 25,primer apoyo,retroceso (RSI<=40),trailing EMA 50,73,4.753654840435015,17.80821917808219,-0.2471460515355439,-0.022897005721863553,0.6262107321332879,-1.3853348340674074,-18.041661762094705,23.36412333121914,12.561643835616438,33,40,-0.4009002386500524,-0.12029884716607442
SPX500_USD,5m,Largo,bias diario,EMA 25,primer apoyo,impulso + retroceso,bracket 2R,48,3.1256908539846675,29.166666666666668,-0.4083804471764074,-0.12015755706928155,0.5497469172402814,-2.049086354534683,-19.602261464467556,22.7314198069868,6.083333333333333,19,29,-0.4936386150277201,-0.35252164754968535
SPX500_USD,5m,Largo,bias diario,EMA 25,primer apoyo,impulso + retroceso,trailing EMA 50,48,3.1256908539846675,14.583333333333334,-0.25779044967525083,-0.041623282094906434,0.6451856243548164,-1.0835124405171392,-12.37394158441204,16.29141075589272,12.9375,19,29,-0.3391231378719696,-0.2045035160291247
SPX500_USD,5m,Largo,bias diario,EMA 25,cualquier apoyo,ninguna,bracket 2R,2103,136.94433054020325,35.66333808844508,-0.2490012703954618,0.03617848093704682,0.692662161913205,-8.209815785464246,-523.6496716416561,524.9734155149464,11.227294341417023,904,1199,-0.2539972803940079,-0.24523447053000258
SPX500_USD,5m,Largo,bias diario,EMA 25,cualquier apoyo,ninguna,trailing EMA 50,2256,146.90747013727938,22.25177304964539,-0.16464268424634543,0.04777129939907019,0.6957027929027254,-5.980955362521217,-371.4338956597553,381.79756402455274,14.065159574468085,1000,1256,-0.14855435459246463,-0.17745186390707857
SPX500_USD,5m,Largo,bias diario,EMA 25,cualquier apoyo,impulso (RSI>=70),bracket 2R,1324,86.21697272241042,35.57401812688822,-0.23912707936823577,0.04232906259802067,0.7038247665432351,-6.229323757659172,-316.60425308354417,318.44297147116333,11.020392749244714,548,776,-0.2756052257095435,-0.2133667389107143
SPX500_USD,5m,Largo,bias diario,EMA 25,cualquier apoyo,impulso (RSI>=70),trailing EMA 50,1315,85.63090568728829,24.486692015209126,-0.15738170878677413,0.05153473734251539,0.7212945167791289,-4.269716505644895,-206.95694705460798,213.3882666008263,15.298098859315589,551,764,-0.17579151919120542,-0.14410447641394472
SPX500_USD,5m,Largo,bias diario,EMA 25,cualquier apoyo,retroceso (RSI<=40),bracket 2R,151,9.8329024781601,32.450331125827816,-0.336322386770425,-0.05457535084639176,0.5952289811295262,-3.093280450368577,-50.784680402334175,54.05706686121198,10.788079470198676,68,83,-0.43162103156395043,-0.25824638862633187
SPX500_USD,5m,Largo,bias diario,EMA 25,cualquier apoyo,retroceso (RSI<=40),trailing EMA 50,153,9.963139597076127,16.33986928104575,-0.25802893219009837,-0.0472532945787786,0.5378723911902596,-2.5637204005925383,-39.47842662508505,47.36555473660597,11.18954248366013,69,84,-0.4262331733374887,-0.11986116267617057
SPX500_USD,5m,Largo,bias diario,EMA 25,cualquier apoyo,impulso + retroceso,bracket 2R,102,6.642093064717418,27.450980392156865,-0.4549247200225166,-0.1843296833428202,0.48691901200819515,-3.5749834630093793,-46.402321442296696,47.34623351300402,9.411764705882353,43,59,-0.587711535882962,-0.35814788812422604
SPX500_USD,5m,Largo,bias diario,EMA 25,cualquier apoyo,impulso + retroceso,trailing EMA 50,103,6.707211624175432,14.563106796116504,-0.28934544020829717,-0.08720028429997474,0.5023407965955917,-2.3620573961900035,-29.802580341454608,36.149592129846354,11.300970873786408,43,60,-0.38989357641931727,-0.21728594259039946
SPX500_USD,5m,Largo,bias diario,EMA 50,primer apoyo,ninguna,bracket 2R,946,61.602157247281156,36.57505285412262,-0.2245703889970485,0.06982133014924816,0.7220929283534956,-4.904299198843927,-212.4435879912079,212.78677548092497,9.918604651162791,415,531,-0.20152336142346225,-0.2425826610178363
SPX500_USD,5m,Largo,bias diario,EMA 50,primer apoyo,ninguna,trailing EMA 50,951,61.927750044571226,19.558359621451103,-0.2047029489204633,0.01605057266371466,0.6262649834387952,-4.7341108911654795,-194.6725044233606,197.42646588022572,12.157728706624606,418,533,-0.2554361536131272,-0.16491593285754866
SPX500_USD,5m,Largo,bias diario,EMA 50,primer apoyo,impulso (RSI>=70),bracket 2R,480,31.256908539846677,35.0,-0.24811965168536265,0.04210767096434229,0.7002369960221339,-3.8413690849259923,-119.09743280897408,119.09743280897389,8.589583333333334,207,273,-0.23964536162563402,-0.254545212280102
SPX500_USD,5m,Largo,bias diario,EMA 50,primer apoyo,impulso (RSI>=70),trailing EMA 50,479,31.191789980388663,20.250521920668056,-0.24664209037945883,-0.02894669164606357,0.5778617163214084,-4.123169116521339,-118.14156129176078,119.31409816569324,12.691022964509395,207,272,-0.35679616925838914,-0.16281159652674349
SPX500_USD,5m,Largo,bias diario,EMA 50,primer apoyo,retroceso (RSI<=40),bracket 2R,115,7.488634337671599,36.52173913043478,-0.2415266718309206,0.057639650617655754,0.7013394346243137,-1.853246450901581,-27.77556726055587,28.895679735266793,9.02608695652174,46,69,-0.3294119256117479,-0.18293650264370237
SPX500_USD,5m,Largo,bias diario,EMA 50,primer apoyo,retroceso (RSI<=40),trailing EMA 50,115,7.488634337671599,17.391304347826086,-0.24682616980206618,-0.02245142796563394,0.5743622881182339,-2.0491289605786083,-28.38500952723761,33.21744281750169,12.295652173913043,46,69,-0.41804845817875974,-0.13267797755093724
SPX500_USD,5m,Largo,bias diario,EMA 50,primer apoyo,impulso + retroceso,bracket 2R,87,5.6653146728472095,33.33333333333333,-0.30068916014129377,-0.015201986707052702,0.6381792762328204,-2.046268653170673,-26.15995693229256,26.159956932292566,8.977011494252874,31,56,-0.3313729115655393,-0.2837035120314436
SPX500_USD,5m,Largo,bias diario,EMA 50,primer apoyo,impulso + retroceso,trailing EMA 50,87,5.6653146728472095,14.942528735632186,-0.25834340311231924,-0.04422802303663847,0.5518298165793919,-1.8725467578367376,-22.475876070771772,25.234731948181263,12.172413793103448,31,56,-0.3160870770606591,-0.22637815503377398
SPX500_USD,5m,Largo,bias diario,EMA 50,cualquier apoyo,ninguna,bracket 2R,1531,99.69651453021929,37.62246897452645,-0.18077542872549657,0.10159494546635256,0.7686406175138504,-5.017254084255476,-276.76718137873524,277.1103688684527,11.175048987589811,674,857,-0.17782971410959436,-0.18309212843508593
SPX500_USD,5m,Largo,bias diario,EMA 50,cualquier apoyo,ninguna,trailing EMA 50,2105,137.07456765911928,19.192399049881235,-0.17082787514286604,0.04157693613327061,0.6455105123964644,-6.643738577379323,-359.592677175733,363.86282694849183,11.651781472684085,969,1136,-0.19042846891595755,-0.1541087066867695
SPX500_USD,5m,Largo,bias diario,EMA 50,cualquier apoyo,impulso (RSI>=70),bracket 2R,899,58.541584952754505,36.70745272525028,-0.18784244716550033,0.08775277936855734,0.7615397037937892,-3.984527153211254,-168.8703600017848,171.573246911442,10.78754171301446,388,511,-0.20420065007488614,-0.17542173732432287
SPX500_USD,5m,Largo,bias diario,EMA 50,cualquier apoyo,impulso (RSI>=70),trailing EMA 50,1168,76.05847744696024,20.54794520547945,-0.17384520774225118,0.03244310350384841,0.6449864135748364,-5.132638338015962,-203.05120264294936,204.80335684745435,12.393835616438356,524,644,-0.19412165626781927,-0.15734697943883866
SPX500_USD,5m,Largo,bias diario,EMA 50,cualquier apoyo,retroceso (RSI<=40),bracket 2R,238,15.49821715100731,35.294117647058826,-0.26030136459640213,0.01982280539398526,0.6758238286718753,-2.9417084561095885,-61.95172477394371,62.30714551906583,10.130252100840336,108,130,-0.3172253779954481,-0.21301064577257942
SPX500_USD,5m,Largo,bias diario,EMA 50,cualquier apoyo,retroceso (RSI<=40),trailing EMA 50,244,15.888928507755393,15.163934426229508,-0.2795094397131311,-0.06976564199522858,0.4655555666041614,-4.093394683106594,-68.20030329000399,71.9884585214993,10.663934426229508,111,133,-0.40799010967623345,-0.17228121139806069
SPX500_USD,5m,Largo,bias diario,EMA 50,cualquier apoyo,impulso + retroceso,bracket 2R,169,11.00503654840435,32.544378698224854,-0.3180679891669392,-0.046692049223720326,0.6169734360585785,-3.066634473018944,-53.75349016921272,53.75349016921273,9.136094674556213,74,95,-0.3836978747378632,-0.26694576251169305
SPX500_USD,5m,Largo,bias diario,EMA 50,cualquier apoyo,impulso + retroceso,trailing EMA 50,175,11.395747905152433,14.857142857142858,-0.2803114370693837,-0.07704159313974346,0.46007562280086733,-3.541388036196964,-49.054501487142154,52.50912842123859,10.697142857142858,77,98,-0.3583960770320462,-0.21895921995586323
SPX500_USD,5m,Corto,sin bias,EMA 25,primer apoyo,ninguna,bracket 2R,1823,118.71113389195935,33.24190894130554,-0.25362534722968233,-0.010388919309552372,0.6895674969330394,-7.768010174911936,-462.3590079997109,467.2084048489171,9.30444322545255,991,832,-0.2527728169603376,-0.2546408009519427
SPX500_USD,5m,Corto,sin bias,EMA 25,primer apoyo,ninguna,trailing EMA 50,1824,118.77625245141736,20.614035087719298,-0.13281703877191708,0.05004241630325491,0.779903074473447,-3.4551706140355134,-242.25827871997677,256.2269814732631,14.316337719298245,995,829,-0.09963195395783891,-0.1726471466006358
SPX500_USD,5m,Corto,sin bias,EMA 25,primer apoyo,impulso (RSI>=70),bracket 2R,967,62.969646995899446,33.402275077559466,-0.23113409764577092,0.0008526848493853255,0.7126034082123897,-5.145760300611211,-223.5066724234605,225.25673624782462,8.883143743536712,520,447,-0.19361339664465657,-0.2747823404211165
SPX500_USD,5m,Corto,sin bias,EMA 25,primer apoyo,impulso (RSI>=70),trailing EMA 50,964,62.7742913175254,22.40663900414938,-0.1211679720029308,0.05298750243579998,0.808886393643384,-2.2213458468284757,-116.80592501082529,128.79901271125252,15.770746887966805,518,446,-0.07042963972528032,-0.18009724581419306
SPX500_USD,5m,Corto,sin bias,EMA 25,primer apoyo,retroceso (RSI<=40),bracket 2R,126,8.204938491709752,31.746031746031743,-0.30464716277284143,-0.04108728331637598,0.6371147244038695,-2.4754556071131173,-38.38554250937802,41.907531929096166,5.880952380952381,55,71,-0.435221503928181,-0.20349802525814176
SPX500_USD,5m,Corto,sin bias,EMA 25,primer apoyo,retroceso (RSI<=40),trailing EMA 50,126,8.204938491709752,12.698412698412698,-0.18266549345913546,0.015004416133213554,0.6939240511885374,-1.205537823420279,-23.01585217585107,32.199042382249615,10.857142857142858,55,71,-0.31287405993915807,-0.08179970252390678
SPX500_USD,5m,Corto,sin bias,EMA 25,primer apoyo,impulso + retroceso,bracket 2R,90,5.860670351221252,31.11111111111111,-0.2907068187356918,-0.043108083911076824,0.6483113499206773,-2.006120036172968,-26.163613686212262,29.228392537301467,5.933333333333334,40,50,-0.259760069432171,-0.3154642181785084
SPX500_USD,5m,Corto,sin bias,EMA 25,primer apoyo,impulso + retroceso,trailing EMA 50,90,5.860670351221252,12.222222222222221,-0.3558523844557823,-0.17015333333732113,0.4273545345553056,-2.7989881451732757,-32.02671460102041,34.914290231328906,9.744444444444444,40,50,-0.41476256857045435,-0.3087242371640448
SPX500_USD,5m,Corto,sin bias,EMA 25,cualquier apoyo,ninguna,bracket 2R,3534,230.12898912462114,33.276740237691,-0.2525921720165104,-0.019002022832002585,0.6882624962416494,-10.843626464998565,-892.6607359063478,901.18249324156,9.78324844368987,1931,1603,-0.24761260753281605,-0.2585906367813349
SPX500_USD,5m,Corto,sin bias,EMA 25,cualquier apoyo,ninguna,trailing EMA 50,3719,242.17592262435372,19.06426458725464,-0.1298374026571581,0.05160724630095979,0.7543775129450505,-5.383095579848641,-482.86530048197096,529.8940504467919,12.31325625168056,2048,1671,-0.09961384633420041,-0.16687979843777884
SPX500_USD,5m,Corto,sin bias,EMA 25,cualquier apoyo,impulso (RSI>=70),bracket 2R,2240,145.86557318595115,33.39285714285714,-0.23670857232158685,-0.014406214348510105,0.7040241593365247,-8.095345982806604,-530.2272020003545,536.3171576175504,9.849553571428572,1234,1006,-0.2100155631436169,-0.26945128934506085
SPX500_USD,5m,Corto,sin bias,EMA 25,cualquier apoyo,impulso (RSI>=70),trailing EMA 50,2244,146.1260474237832,20.098039215686274,-0.12252719586534523,0.0485829208053797,0.7741421915477399,-3.834826559683993,-274.9510275218347,318.4863881587568,13.03698752228164,1225,1019,-0.07307520297335317,-0.18197635316926108
SPX500_USD,5m,Corto,sin bias,EMA 25,cualquier apoyo,retroceso (RSI<=40),bracket 2R,263,17.126181137457657,32.31939163498099,-0.27614332524116864,-0.023895804220388367,0.6662584725919976,-3.214394411339667,-72.62569453842735,81.53413175382404,7.20532319391635,134,129,-0.19655196722407978,-0.35881961961550907
SPX500_USD,5m,Corto,sin bias,EMA 25,cualquier apoyo,retroceso (RSI<=40),trailing EMA 50,263,17.126181137457657,15.96958174904943,-0.18775737177230006,0.0014282689932851595,0.6425221557008644,-2.2012663357111273,-49.38018877611491,55.8969238061099,10.239543726235741,134,129,-0.22842601671384657,-0.14551242276325171
SPX500_USD,5m,Corto,sin bias,EMA 25,cualquier apoyo,impulso + retroceso,bracket 2R,179,11.65622214298449,30.16759776536313,-0.31473424074204615,-0.07296992672769842,0.6228464510654437,-3.085655820596495,-56.337429092826255,71.53630452529177,7.346368715083799,88,91,-0.10593810080587675,-0.5166469914495505
SPX500_USD,5m,Corto,sin bias,EMA 25,cualquier apoyo,impulso + retroceso,trailing EMA 50,179,11.65622214298449,17.318435754189945,-0.2526930592398109,-0.07136982372905015,0.5316519810323277,-2.9215901099501886,-45.23205760392615,49.177562999590144,10.078212290502794,88,91,-0.20611844318644942,-0.2977322483903143
SPX500_USD,5m,Corto,sin bias,EMA 50,primer apoyo,ninguna,bracket 2R,1551,100.99888571937957,34.23597678916828,-0.22855681946265197,0.014782726023366688,0.7151026436788828,-6.44157004411365,-354.4916269865732,361.2037430229125,9.632495164410058,850,701,-0.24718869778570712,-0.2059646702834837
SPX500_USD,5m,Corto,sin bias,EMA 50,primer apoyo,ninguna,trailing EMA 50,1566,101.97566411124978,17.305236270753515,-0.13520164380979743,0.04798466693530277,0.7317957241770252,-3.698505677487951,-211.72577420614277,239.8046444267257,10.541507024265645,862,704,-0.12461063322764382,-0.14816961415328664
SPX500_USD,5m,Corto,sin bias,EMA 50,primer apoyo,impulso (RSI>=70),bracket 2R,821,53.462337315029416,32.521315468940315,-0.26243867223989586,-0.028356877601353556,0.6763438935254057,-5.460696694556603,-215.4621499089545,220.88864207462194,8.997563946406821,442,379,-0.28351753875211816,-0.2378559308193095
SPX500_USD,5m,Corto,sin bias,EMA 50,primer apoyo,impulso (RSI>=70),trailing EMA 50,820,53.3972187555714,17.560975609756095,-0.13411542101657348,0.041551581517632045,0.7393544242444895,-2.6899743303042767,-109.97464523359025,124.60642896584666,10.747560975609757,441,379,-0.1391764456515847,-0.12822647150723324
SPX500_USD,5m,Corto,sin bias,EMA 50,primer apoyo,retroceso (RSI<=40),bracket 2R,164,10.679443751114281,34.756097560975604,-0.22770724833708947,0.03427934719271116,0.7136541320411665,-2.095569407491734,-37.34398872728267,39.756956682528546,7.012195121951219,82,82,-0.280161652916746,-0.17525284375743289
SPX500_USD,5m,Corto,sin bias,EMA 50,primer apoyo,retroceso (RSI<=40),trailing EMA 50,164,10.679443751114281,14.634146341463413,-0.031053214280601538,0.16543673236674888,0.9431999620577151,-0.20003588938258085,-5.092727142018652,24.89473616284151,10.689024390243903,82,82,0.013141645105015351,-0.07524807366621844
SPX500_USD,5m,Corto,sin bias,EMA 50,primer apoyo,impulso + retroceso,bracket 2R,115,7.488634337671599,33.91304347826087,-0.22854047314732673,0.027629055608923998,0.7093182265288227,-1.7784638248004718,-26.282154411942575,30.567441767955398,7.086956521739131,56,59,-0.08886471503252137,-0.36111407406985385
SPX500_USD,5m,Corto,sin bias,EMA 50,primer apoyo,impulso + retroceso,trailing EMA 50,115,7.488634337671599,13.91304347826087,-0.22765594696302172,-0.03552880039583371,0.6035434103455409,-1.795124710483793,-26.1804339007475,29.058026167284236,9.495652173913044,56,59,-0.13552709016039063,-0.31510028562314624
SPX500_USD,5m,Corto,sin bias,EMA 50,cualquier apoyo,ninguna,bracket 2R,2602,169.43849170975218,34.0891621829362,-0.2318053161657342,0.004882416209837862,0.7097679256491559,-8.515453089617123,-603.1574326632403,608.3404367917556,9.9369715603382,1427,1175,-0.25055893680518365,-0.20902964241893054
SPX500_USD,5m,Corto,sin bias,EMA 50,cualquier apoyo,ninguna,trailing EMA 50,3628,236.25013371367444,16.15214994487321,-0.13566070388452506,0.04552335775027358,0.7052496832013235,-6.120399466234577,-492.17703369305696,549.3433420239031,9.765986769570011,2012,1616,-0.12323702369847336,-0.15112880074983204
SPX500_USD,5m,Corto,sin bias,EMA 50,cualquier apoyo,impulso (RSI>=70),bracket 2R,1542,100.41281868425745,33.59273670557717,-0.23676959463180683,-0.010183683783962236,0.702434583665635,-6.745714138959584,-365.09871492224613,368.80642304979364,9.868352788586252,844,698,-0.2338208873620461,-0.24033508021300745
SPX500_USD,5m,Corto,sin bias,EMA 50,cualquier apoyo,impulso (RSI>=70),trailing EMA 50,2126,138.44205740773756,16.039510818438384,-0.13585557921696217,0.03555574639023436,0.7044550830141747,-4.684312830635615,-288.8289614152616,326.9535956602118,9.713546566321732,1167,959,-0.12271943614695582,-0.15184085446482182
SPX500_USD,5m,Corto,sin bias,EMA 50,cualquier apoyo,retroceso (RSI<=40),bracket 2R,354,23.051970048136923,31.92090395480226,-0.3083534183537033,-0.05840265015033016,0.6276602151338551,-4.267712129584653,-109.15711009721096,111.86172693668014,8.282485875706215,194,160,-0.3460835359072151,-0.26260565082007015
SPX500_USD,5m,Corto,sin bias,EMA 50,cualquier apoyo,retroceso (RSI<=40),trailing EMA 50,362,23.572918523801036,13.535911602209943,-0.1366467865691474,0.05044628709037086,0.7239761908283348,-1.709564241453926,-49.46613673803135,63.81646936105331,9.560773480662984,198,164,-0.13981514683747134,-0.13282157112324405
SPX500_USD,5m,Corto,sin bias,EMA 50,cualquier apoyo,impulso + retroceso,bracket 2R,251,16.34475842396149,31.47410358565737,-0.3155539707913154,-0.07018231544733902,0.6156475190133645,-3.725293411764534,-79.20404666862017,81.80357722765541,8.661354581673306,132,119,-0.20630870061545092,-0.43673359821328267
SPX500_USD,5m,Corto,sin bias,EMA 50,cualquier apoyo,impulso + retroceso,trailing EMA 50,260,16.930825459083614,13.461538461538462,-0.21397561315867333,-0.030702187133555048,0.5786612420216652,-2.8974675289700036,-55.63365942125507,62.38542401723594,9.203846153846154,136,124,-0.16438546089148762,-0.26836481241945764
SPX500_USD,5m,Corto,bias diario,EMA 25,primer apoyo,ninguna,bracket 2R,291,18.949500802282046,33.33333333333333,-0.15770602783986495,-0.018507643419168645,0.7893491727940074,-1.9444209939365757,-45.8924541014007,48.34984675900735,9.29553264604811,219,72,-0.15383041995961969,-0.1694943351422777
SPX500_USD,5m,Corto,bias diario,EMA 25,primer apoyo,ninguna,trailing EMA 50,290,18.88438224282403,26.20689655172414,0.08150233668209018,0.1859693171151058,1.1560682718243596,0.7890163428783917,23.635677637806154,16.135987045525823,15.979310344827587,218,72,0.10092296773042835,0.0227009815635107
SPX500_USD,5m,Corto,bias diario,EMA 25,primer apoyo,impulso (RSI>=70),bracket 2R,150,9.767783918702087,34.66666666666667,-0.10718493516478418,0.03197365037289028,0.8518031092316564,-0.942612603175041,-16.077740274717627,22.938483582935866,9.68,117,33,-0.055714390929908056,-0.28967141017934483
SPX500_USD,5m,Corto,bias diario,EMA 25,primer apoyo,impulso (RSI>=70),trailing EMA 50,149,9.702665359244072,30.201342281879196,0.09718502193059392,0.20168648366714392,1.186635317691184,0.678010660197515,14.480568267658494,14.657283119771131,18.073825503355703,116,33,0.20073661079698077,-0.2668145025694325
SPX500_USD,5m,Corto,bias diario,EMA 25,primer apoyo,retroceso (RSI<=40),bracket 2R,17,1.1070155107862365,17.647058823529413,-0.6317589951624104,-0.47058823529412047,0.3317821236362203,-2.262521111313828,-10.739902917760977,13.71563227180696,5.882352941176471,15,2,-0.5747578543171027,-1.0592675515022183
SPX500_USD,5m,Corto,bias diario,EMA 25,primer apoyo,retroceso (RSI<=40),trailing EMA 50,17,1.1070155107862365,5.88235294117647,-0.1047059135464367,0.016172156354780767,0.8296786490833635,-0.1891843510193278,-1.780000530289424,8.730269067453985,10.764705882352942,15,2,0.02059338646426046,-1.044450663626665
SPX500_USD,5m,Corto,bias diario,EMA 25,primer apoyo,impulso + retroceso,bracket 2R,12,0.7814227134961669,16.666666666666664,-0.6623281693675073,-0.5000000000000063,0.3092003062417531,-2.010577058057766,-7.947938032410088,9.148591786298265,6.916666666666667,11,1,-0.6233515913544007,-1.0910705275116808
SPX500_USD,5m,Corto,bias diario,EMA 25,primer apoyo,impulso + retroceso,trailing EMA 50,12,0.7814227134961669,0.0,-0.6219812539245239,-0.5002351268988982,0.0,-6.8456852452968695,-7.463775047094286,7.463775047094286,7.833333333333333,11,1,-0.581406559223684,-1.0683028956337624
SPX500_USD,5m,Corto,bias diario,EMA 25,cualquier apoyo,ninguna,bracket 2R,527,34.31748083437333,33.396584440227706,-0.16682387204280832,-0.03242558679944779,0.7753145588710323,-2.806852658829793,-87.91618056655999,99.53591541872544,10.358633776091082,397,130,-0.1588072086224803,-0.19130552879565638
SPX500_USD,5m,Corto,bias diario,EMA 25,cualquier apoyo,ninguna,trailing EMA 50,548,35.68497058299162,22.81021897810219,-0.002982010184210798,0.09666464806627566,0.9935300108377865,-0.04745610473921478,-1.6341415809475173,44.9739257834801,13.47080291970803,401,147,0.025660448079462328,-0.08111551878103332
SPX500_USD,5m,Corto,bias diario,EMA 25,cualquier apoyo,impulso (RSI>=70),bracket 2R,320,20.83793902656445,35.0,-0.12117041620356413,0.010661050300083352,0.831513566256221,-1.5796236422406076,-38.77453318514052,60.21840590709365,11.125,248,72,-0.07065611673401827,-0.2951641143764444
SPX500_USD,5m,Corto,bias diario,EMA 25,cualquier apoyo,impulso (RSI>=70),trailing EMA 50,316,20.577464788732396,26.265822784810126,0.0296738766067038,0.12654605709697472,1.0645759225507232,0.3574216870862467,9.376945007718401,42.702335979288584,14.787974683544304,237,79,0.12433171093923888,-0.2542996263909014
SPX500_USD,5m,Corto,bias diario,EMA 25,cualquier apoyo,retroceso (RSI<=40),bracket 2R,37,2.4093866999465146,32.432432432432435,-0.14912183650534785,-1.5783170566292765e-15,0.8004486034971469,-0.642174234013347,-5.517507950697871,14.442359005885166,8.783783783783784,33,4,-0.21916260380819028,0.4287144937431017
SPX500_USD,5m,Corto,bias diario,EMA 25,cualquier apoyo,retroceso (RSI<=40),trailing EMA 50,37,2.4093866999465146,13.513513513513514,-0.14760804375354433,-0.03576666637453461,0.6768572933430578,-0.569545855188387,-5.461497618881141,12.893649874908697,10.324324324324325,33,4,-0.10229474637846175,-0.5214427470979757
SPX500_USD,5m,Corto,bias diario,EMA 25,cualquier apoyo,impulso + retroceso,bracket 2R,22,1.432608308076306,31.818181818181817,-0.1477323327612701,-2.4727694639378487e-15,0.7989457368245663,-0.49050134927181416,-3.2501113207479424,10.055866763385666,9.909090909090908,20,2,-0.20183744372390494,0.39331877686507843
SPX500_USD,5m,Corto,bias diario,EMA 25,cualquier apoyo,impulso + retroceso,trailing EMA 50,22,1.432608308076306,13.636363636363635,-0.4060425041912809,-0.29524325462033024,0.18366354817967495,-3.2807856777824145,-8.93293509220818,9.96139779441349,10.454545454545455,20,2,-0.41432696581450246,-0.3231978879590649
SPX500_USD,5m,Corto,bias diario,EMA 50,primer apoyo,ninguna,bracket 2R,252,16.409876983419505,33.33333333333333,-0.15420924544762682,-0.015698564439597787,0.7952373505260504,-1.7540393830196648,-38.86072985280196,40.81099738719498,8.369047619047619,187,65,-0.15461893128734977,-0.15303061080103922
SPX500_USD,5m,Corto,bias diario,EMA 50,primer apoyo,ninguna,trailing EMA 50,252,16.409876983419505,21.428571428571427,0.04310930688190539,0.1471157935025113,1.0953118624065306,0.42818456598919613,10.863545334240158,22.935642890327998,11.555555555555555,187,65,0.10873428670402752,-0.14568871199096903
SPX500_USD,5m,Corto,bias diario,EMA 50,primer apoyo,impulso (RSI>=70),bracket 2R,130,8.465412729541807,32.30769230769231,-0.18554844352202007,-0.044889501307167796,0.7545858609795909,-1.5431726012967704,-24.12129765786261,29.12069942651754,7.2,98,32,-0.17812806101055753,-0.2082733649633739
SPX500_USD,5m,Corto,bias diario,EMA 50,primer apoyo,impulso (RSI>=70),trailing EMA 50,129,8.400294170083795,21.705426356589147,0.08016623037246731,0.18578889622761616,1.1710764355221974,0.5443098257751999,10.341443718048284,16.479318382749252,12.178294573643411,97,32,0.12885947051133176,-0.06743515379846544
SPX500_USD,5m,Corto,bias diario,EMA 50,primer apoyo,retroceso (RSI<=40),bracket 2R,23,1.4977268675343198,21.73913043478261,-0.47954147066512415,-0.3254752815802782,0.4531826455238589,-1.840762303138017,-11.029453825297855,13.674353791087913,6.173913043478261,19,4,-0.37715243440176643,-0.965889392916073
SPX500_USD,5m,Corto,bias diario,EMA 50,primer apoyo,retroceso (RSI<=40),trailing EMA 50,23,1.4977268675343198,8.695652173913043,-0.06110992948613997,0.05443971232749442,0.8752857493667872,-0.1492304267407556,-1.4055283781812193,8.853555787673134,9.73913043478261,19,4,0.03683635714748475,-0.5263547909958574
SPX500_USD,5m,Corto,bias diario,EMA 50,primer apoyo,impulso + retroceso,bracket 2R,15,0.9767783918702087,26.666666666666668,-0.3189495927348291,-0.16572876508976517,0.6062345758309784,-0.9113456961685437,-4.784243891022436,6.848509714134243,6.333333333333333,12,3,-0.16234590790424167,-0.9453643320571787
SPX500_USD,5m,Corto,bias diario,EMA 50,primer apoyo,impulso + retroceso,trailing EMA 50,15,0.9767783918702087,6.666666666666667,-0.3915142849140443,-0.27659866418024637,0.1689171619526532,-2.756829983697205,-5.872714273710664,5.872714273710664,7.733333333333333,12,3,-0.3989911284455669,-0.3616069107879538
SPX500_USD,5m,Corto,bias diario,EMA 50,cualquier apoyo,ninguna,bracket 2R,407,26.50325369941166,31.941031941031937,-0.19769868298496104,-0.062428481710043095,0.7397090954943932,-2.9275068081167963,-80.46336397487914,83.07124581891141,9.292383292383292,304,103,-0.19882680998188687,-0.19436906544063634
SPX500_USD,5m,Corto,bias diario,EMA 50,cualquier apoyo,ninguna,trailing EMA 50,525,34.1872437154573,19.047619047619047,-0.037022748070991235,0.06314470010901164,0.9083826099026281,-0.6465823964531445,-19.4369427372704,48.421854898181536,10.48,380,145,0.00887957754228874,-0.1573184979540698
SPX500_USD,5m,Corto,bias diario,EMA 50,cualquier apoyo,impulso (RSI>=70),bracket 2R,240,15.628454269923338,31.666666666666664,-0.22339794143603087,-0.09039813167230044,0.7073318458757273,-2.583165209500872,-53.61550594464741,64.47060085288777,9.1375,187,53,-0.18675219102218554,-0.35269521176412694
SPX500_USD,5m,Corto,bias diario,EMA 50,cualquier apoyo,impulso (RSI>=70),trailing EMA 50,297,19.34021215903013,19.19191919191919,-0.04650316906243704,0.051014837628830086,0.8866371929624874,-0.614795498929553,-13.811441211543801,47.89316322771866,10.47138047138047,219,78,0.012033703909551476,-0.21085669702225096
SPX500_USD,5m,Corto,bias diario,EMA 50,cualquier apoyo,retroceso (RSI<=40),bracket 2R,49,3.1908094134426817,36.734693877551024,-0.12125386215010402,0.024658261797567412,0.8288345734604007,-0.6206119397831257,-5.941439245355097,15.218557058451122,10.551020408163266,39,10,-0.11642441266315348,-0.14008871514921134
SPX500_USD,5m,Corto,bias diario,EMA 50,cualquier apoyo,retroceso (RSI<=40),trailing EMA 50,50,3.2559279729006954,16.0,-0.046017835782312465,0.06533331292142944,0.8823948673935015,-0.21755506037451192,-2.300891789115623,9.938326581024116,10.94,40,10,0.04018638462852895,-0.3908347174256781
SPX500_USD,5m,Corto,bias diario,EMA 50,cualquier apoyo,impulso + retroceso,bracket 2R,34,2.214031021572473,38.23529411764706,-0.10778220382413696,0.035536906708258174,0.84224047338899,-0.4665005804701997,-3.6645949300206566,11.934336258163041,11.411764705882353,27,7,0.020871213473958535,-0.6040168134025053
SPX500_USD,5m,Corto,bias diario,EMA 50,cualquier apoyo,impulso + retroceso,trailing EMA 50,35,2.2791495810304867,17.142857142857142,-0.1596076722566804,-0.04932412372278765,0.5837358926265749,-1.0201834037403676,-5.5862685289838145,5.8525390976232305,11.057142857142857,28,7,-0.12702151930318054,-0.2899522840706799
SPX500_USD,15m,Largo,sin bias,EMA 25,primer apoyo,ninguna,bracket 2R,791,51.52715355805243,38.685208596713025,-0.09487377921061971,0.09062878360738287,0.8608658832213876,-1.9888194501124536,-75.04515935560019,91.2919557860678,5.855878634639697,424,367,-0.14680143676291216,-0.03488106312840718
SPX500_USD,15m,Largo,sin bias,EMA 25,primer apoyo,ninguna,trailing EMA 50,791,51.52715355805243,30.59418457648546,-0.047729539044241806,0.09159557913622195,0.9151662734713124,-0.9162387535225264,-37.75406538399527,45.619677413845636,9.209860935524652,425,366,-0.02783633061127557,-0.07082957615902495
SPX500_USD,15m,Largo,sin bias,EMA 25,primer apoyo,impulso (RSI>=70),bracket 2R,526,34.264579989299094,37.6425855513308,-0.13217354463328362,0.053923939780413474,0.8117501220161669,-2.270626712225837,-69.52328447710718,82.79387559643797,5.937262357414449,278,248,-0.18569847776291937,-0.07217382120570805
SPX500_USD,15m,Largo,sin bias,EMA 25,primer apoyo,impulso (RSI>=70),trailing EMA 50,525,34.199438202247194,30.28571428571429,-0.07694185169731738,0.06263956666005226,0.8678797925108085,-1.2006928364519815,-40.394472141091626,47.53048374224424,9.451428571428572,277,248,-0.06428569628767032,-0.09107796076373766
SPX500_USD,15m,Largo,sin bias,EMA 25,primer apoyo,retroceso (RSI<=40),bracket 2R,117,7.621589085072231,29.059829059829063,-0.373105525629935,-0.18798090854765542,0.5455369487745888,-3.173206335611189,-43.65334649870239,49.20230400307339,6.700854700854701,59,58,-0.361177610302135,-0.38523909467028306
SPX500_USD,15m,Largo,sin bias,EMA 25,primer apoyo,retroceso (RSI<=40),trailing EMA 50,117,7.621589085072231,18.803418803418804,-0.35424815367347906,-0.21540469086176955,0.4086369112567488,-3.8174471744888576,-41.44703397979705,45.39602349007797,7.777777777777778,59,58,-0.17181064521064568,-0.5398311364201546
SPX500_USD,15m,Largo,sin bias,EMA 25,primer apoyo,impulso + retroceso,bracket 2R,86,5.602193686463349,26.744186046511626,-0.4592628679712879,-0.27899728255901796,0.45369998007213963,-3.549130664266055,-39.49660664553076,41.46939142270593,7.058139534883721,43,43,-0.52075696117793,-0.39776877476464584
SPX500_USD,15m,Largo,sin bias,EMA 25,primer apoyo,impulso + retroceso,trailing EMA 50,86,5.602193686463349,19.767441860465116,-0.3537005122216761,-0.21850132316247362,0.39328271722400043,-3.4083776613949173,-30.418244051064143,30.418244051064146,7.4186046511627906,43,43,-0.24471025173310815,-0.46269077271024406
SPX500_USD,15m,Largo,sin bias,EMA 25,cualquier apoyo,ninguna,bracket 2R,1383,90.09109149277688,38.033261026753436,-0.11306038696138136,0.06317385966145803,0.8298371188160467,-3.2372365143254225,-156.36251516759043,166.03314782175016,6.295010845986985,750,633,-0.10049714817097234,-0.12794574097845368
SPX500_USD,15m,Largo,sin bias,EMA 25,cualquier apoyo,ninguna,trailing EMA 50,1404,91.45906902086678,28.917378917378915,-0.08374318256925369,0.0482756314505386,0.8336456122949898,-2.4871446584162777,-117.57542832723217,129.29531601169577,8.188746438746438,755,649,-0.054712810806436654,-0.1175150326169068
SPX500_USD,15m,Largo,sin bias,EMA 25,cualquier apoyo,impulso (RSI>=70),bracket 2R,1013,65.98863028357411,37.41362290227048,-0.13886787610059728,0.03561396559154493,0.7940763826292657,-3.4316934858042405,-140.67315848990503,147.93514297062953,6.307008884501481,544,469,-0.11698516939856311,-0.16424994954602712
SPX500_USD,15m,Largo,sin bias,EMA 25,cualquier apoyo,impulso (RSI>=70),trailing EMA 50,1009,65.72806313536651,29.137760158572846,-0.10773212796328135,0.023154212166724173,0.7908542644281213,-2.741129202202402,-108.70171711495088,118.39341000164745,8.205153617443013,531,478,-0.06571734359455413,-0.15440545536870842
SPX500_USD,15m,Largo,sin bias,EMA 25,cualquier apoyo,retroceso (RSI<=40),bracket 2R,208,13.549491706795077,35.57692307692308,-0.17579172012848168,0.0012866162475356341,0.7547474550784623,-1.9180372947516624,-36.56467778672419,44.273026318251695,7.216346153846154,112,96,-0.1138154086548577,-0.2480974168477096
SPX500_USD,15m,Largo,sin bias,EMA 25,cualquier apoyo,retroceso (RSI<=40),trailing EMA 50,204,13.28892455858748,19.11764705882353,-0.26277226909280227,-0.13006933568858717,0.5061830584203149,-3.7150023938955945,-53.60554289493166,58.29486153452878,7.563725490196078,110,94,-0.1511847950522154,-0.39335335573604213
SPX500_USD,15m,Largo,sin bias,EMA 25,cualquier apoyo,impulso + retroceso,bracket 2R,158,10.292402354200107,32.91139240506329,-0.24797159345829997,-0.07374832038126924,0.6652510162933853,-2.4140857767619193,-39.179511766411395,43.31168757074307,7.044303797468355,85,73,-0.20959554133942654,-0.2926560377063032
SPX500_USD,15m,Largo,sin bias,EMA 25,cualquier apoyo,impulso + retroceso,trailing EMA 50,155,10.096976993044409,18.70967741935484,-0.3133622418773219,-0.1829860674943153,0.42261953195491614,-4.232994956029045,-48.5711474909849,49.73074024404616,7.212903225806452,83,72,-0.2493883111766775,-0.38710996754612037
SPX500_USD,15m,Largo,sin bias,EMA 50,primer apoyo,ninguna,bracket 2R,680,44.2964151952916,35.73529411764706,-0.16703265754793822,0.01742389602832408,0.7666864395982336,-3.275305888608208,-113.582207132598,121.56425039875747,5.973529411764706,364,316,-0.19542900820814252,-0.13432293716719665
SPX500_USD,15m,Largo,sin bias,EMA 50,primer apoyo,ninguna,trailing EMA 50,681,44.3615569823435,24.52276064610866,-0.12697602076544232,0.011439867096285127,0.7602665329854537,-2.625374150260125,-86.47067014126623,89.0369214299159,7.961820851688693,365,316,-0.14659040695754724,-0.10432016329671362
SPX500_USD,15m,Largo,sin bias,EMA 50,primer apoyo,impulso (RSI>=70),bracket 2R,449,29.248662386302836,35.18930957683742,-0.1620233738206544,0.019061183047626537,0.7762586941248102,-2.5503200204031202,-72.74849484547383,81.32875426351545,6.031180400890869,242,207,-0.20114878444227322,-0.1162825556060082
SPX500_USD,15m,Largo,sin bias,EMA 50,primer apoyo,impulso (RSI>=70),trailing EMA 50,449,29.248662386302836,24.94432071269488,-0.12481399921798889,0.010999418433221815,0.7616083207375884,-2.152793580900583,-56.04148564887701,59.89841485788029,8.21826280623608,242,207,-0.1318111731960536,-0.11663372819049292
SPX500_USD,15m,Largo,sin bias,EMA 50,primer apoyo,retroceso (RSI<=40),bracket 2R,144,9.380417335473515,34.02777777777778,-0.22991856257338433,-0.04211335442428618,0.6991074131548709,-2.058272682219334,-33.108273010567345,38.54306407729523,6.75,78,66,-0.27108116798518433,-0.18127184708671162
SPX500_USD,15m,Largo,sin bias,EMA 50,primer apoyo,retroceso (RSI<=40),trailing EMA 50,144,9.380417335473515,21.52777777777778,-0.2394820422797734,-0.0986281361679498,0.5623967544220108,-2.718184718296776,-34.48541408828737,38.22562679713103,8.347222222222221,78,66,-0.15257647917211745,-0.3421886168615487
SPX500_USD,15m,Largo,sin bias,EMA 50,primer apoyo,impulso + retroceso,bracket 2R,103,6.70960406634564,33.00970873786408,-0.2836490093636793,-0.09769379178603328,0.6345902291188668,-2.2022165219994045,-29.21584796445897,33.87030726488508,6.747572815533981,59,44,-0.4020138737460855,-0.12493248666908938
SPX500_USD,15m,Largo,sin bias,EMA 50,primer apoyo,impulso + retroceso,trailing EMA 50,103,6.70960406634564,22.330097087378643,-0.27185626701230914,-0.13238985382907453,0.49692401458563895,-2.895415210161285,-28.00119550226784,28.890556493873714,8.106796116504855,59,44,-0.29413349509298475,-0.2419845293586759
SPX500_USD,15m,Largo,sin bias,EMA 50,cualquier apoyo,ninguna,bracket 2R,1088,70.87426431246656,37.13235294117647,-0.14439852297376063,0.03503335090875282,0.7902168943732722,-3.6415034498139853,-157.10559299545156,162.82832955837296,6.362132352941177,598,490,-0.1511378492253934,-0.1361737942013599
SPX500_USD,15m,Largo,sin bias,EMA 50,cualquier apoyo,ninguna,trailing EMA 50,1256,81.81808453718565,23.88535031847134,-0.12907365392963638,0.0027269090633040547,0.7296360447751015,-4.070107723730788,-162.11650933562328,169.79645230676977,7.1847133757961785,684,572,-0.13683031477447014,-0.11979820634595405
SPX500_USD,15m,Largo,sin bias,EMA 50,cualquier apoyo,impulso (RSI>=70),bracket 2R,779,50.74545211342964,36.32862644415918,-0.15836710808277624,0.016092351113579463,0.773139227208778,-3.3780514134863266,-123.36797719648268,126.97224415533435,6.314505776636714,422,357,-0.15977294044744297,-0.15670531184218975
SPX500_USD,15m,Largo,sin bias,EMA 50,cualquier apoyo,impulso (RSI>=70),trailing EMA 50,891,58.041332263242374,23.456790123456788,-0.15112476471711028,-0.022504553159943326,0.6843812449366339,-4.180085212062995,-134.65216536294525,144.3799094948437,7.083052749719417,476,415,-0.13298503928720523,-0.17193081123430257
SPX500_USD,15m,Largo,sin bias,EMA 50,cualquier apoyo,retroceso (RSI<=40),bracket 2R,244,15.894596040663457,37.704918032786885,-0.13239021661279401,0.04479372815698942,0.8097205323772627,-1.5560342739098272,-32.30321285352174,40.887482905905955,7.098360655737705,133,111,-0.12560745271840085,-0.14051731208985985
SPX500_USD,15m,Largo,sin bias,EMA 50,cualquier apoyo,retroceso (RSI<=40),trailing EMA 50,243,15.829454253611557,20.98765432098765,-0.19719717234168424,-0.06498553246639222,0.609933210235867,-2.8624572021240797,-47.91891287902927,57.677946556905944,7.7407407407407405,132,111,-0.12186254476707137,-0.2867842970250075
SPX500_USD,15m,Largo,sin bias,EMA 50,cualquier apoyo,impulso + retroceso,bracket 2R,190,12.376939539860889,36.31578947368421,-0.1876522719841742,-0.012567806606284485,0.7360284276602059,-1.986492159344816,-35.653931676993096,41.502982219453834,7.057894736842106,106,84,-0.226932976070532,-0.1380837644466275
SPX500_USD,15m,Largo,sin bias,EMA 50,cualquier apoyo,impulso + retroceso,trailing EMA 50,189,12.311797752808989,20.105820105820104,-0.24455270036787888,-0.11411723521880554,0.5220554860119049,-3.3421667024624435,-46.22046036952911,52.030504537124855,7.322751322751323,105,84,-0.2145039159162166,-0.2821136809324567
SPX500_USD,15m,Largo,bias diario,EMA 25,primer apoyo,ninguna,bracket 2R,537,34.981139646869984,38.361266294227185,-0.11286575754735204,0.0861814517920727,0.8340532191321381,-1.9784477325366028,-60.60891180292804,66.41134384734504,5.8417132216014895,242,295,-0.13947340500497465,-0.09103846709059045
SPX500_USD,15m,Largo,bias diario,EMA 25,primer apoyo,ninguna,trailing EMA 50,538,35.046281433921884,30.111524163568777,-0.11231104327766743,0.03707050139754796,0.8008406073349948,-1.9437075784438136,-60.42334128338508,65.3324727718133,9.182156133828997,243,295,-0.09874507433146204,-0.12348572278250781
SPX500_USD,15m,Largo,bias diario,EMA 25,primer apoyo,impulso (RSI>=70),bracket 2R,356,23.19047619047619,37.92134831460674,-0.1250639791403851,0.07364909448694668,0.8188950618062899,-1.7822548467121628,-44.5227765739771,49.53390095883214,5.912921348314606,155,201,-0.15189728684836698,-0.10437162742527475
SPX500_USD,15m,Largo,bias diario,EMA 25,primer apoyo,impulso (RSI>=70),trailing EMA 50,355,23.12533440342429,29.859154929577464,-0.12784384774989602,0.021229892235774817,0.7807263539900491,-1.7650029695661222,-45.384565951213084,45.47984580513383,9.450704225352112,154,201,-0.09780923765357387,-0.1508554395649886
SPX500_USD,15m,Largo,bias diario,EMA 25,primer apoyo,retroceso (RSI<=40),bracket 2R,85,5.53705189941145,30.58823529411765,-0.33584510413248,-0.1492836252091623,0.5798816800567606,-2.420019988063807,-28.546833851260796,30.42217245044759,6.929411764705883,36,49,-0.35101900271163544,-0.32469693374779435
SPX500_USD,15m,Largo,bias diario,EMA 25,primer apoyo,retroceso (RSI<=40),trailing EMA 50,85,5.53705189941145,18.823529411764707,-0.3848749732703561,-0.24495386407786782,0.376938979935908,-3.7033531965052497,-32.71437272798027,32.71437272798026,8.211764705882352,36,49,-0.1668229350027479,-0.5450764707730886
SPX500_USD,15m,Largo,bias diario,EMA 25,primer apoyo,impulso + retroceso,bracket 2R,62,4.0387907972177635,27.419354838709676,-0.45240679893467806,-0.26917916359320226,0.45187509857572705,-3.0225619834555744,-28.04922153395004,28.04922153395004,7.419354838709677,26,36,-0.5835298470198533,-0.3577068197620516
SPX500_USD,15m,Largo,bias diario,EMA 25,primer apoyo,impulso + retroceso,trailing EMA 50,62,4.0387907972177635,19.35483870967742,-0.3591908786144656,-0.22177015210835874,0.3995346101919435,-2.8855836367660013,-22.269834474096864,23.010547942626502,7.870967741935484,26,36,-0.21349972966788577,-0.4644122639647732
SPX500_USD,15m,Largo,bias diario,EMA 25,cualquier apoyo,ninguna,bracket 2R,936,60.97271268057785,36.217948717948715,-0.16459882635438342,0.022718071814663333,0.7555534692129775,-3.979517174536368,-154.06450146770288,156.98467673026636,6.3664529914529915,428,508,-0.12869966124907653,-0.1948445796320829
SPX500_USD,15m,Largo,bias diario,EMA 25,cualquier apoyo,ninguna,trailing EMA 50,952,62.01498127340824,27.836134453781515,-0.14384264652541398,-0.0031092493328081557,0.7187230763622801,-3.802587149017218,-136.93819949219412,137.70209519018644,8.157563025210084,432,520,-0.09589123495591385,-0.18367920382930647
SPX500_USD,15m,Largo,bias diario,EMA 25,cualquier apoyo,impulso (RSI>=70),bracket 2R,681,44.3615569823435,35.24229074889868,-0.19241639331431182,-0.0074233193155325,0.7181149548819192,-4.01373340091652,-131.03556384704635,131.78610051693477,6.390602055800294,306,375,-0.1498740576578819,-0.22713093920995864
SPX500_USD,15m,Largo,bias diario,EMA 25,cualquier apoyo,impulso (RSI>=70),trailing EMA 50,679,44.2312734082397,27.835051546391753,-0.17232834724176882,-0.03353549769177484,0.671755473772887,-3.907931414513225,-117.01094777716102,117.01094777716096,8.1620029455081,294,385,-0.09978090086581395,-0.227728215383407
SPX500_USD,15m,Largo,bias diario,EMA 25,cualquier apoyo,retroceso (RSI<=40),bracket 2R,140,9.119850187265918,34.285714285714285,-0.20707064719500426,-0.02677928905873082,0.7117959310962446,-1.8915942449438188,-28.989890607300595,34.207208486413464,7.55,64,76,-0.12055886971081056,-0.2799226703395884
SPX500_USD,15m,Largo,bias diario,EMA 25,cualquier apoyo,retroceso (RSI<=40),trailing EMA 50,136,8.85928303905832,19.852941176470587,-0.25572755049992896,-0.12059688473441496,0.5270359771855399,-2.8913235275792384,-34.778946867990335,36.09724431568431,8.095588235294118,62,74,-0.008214403123677695,-0.46310343073408533
SPX500_USD,15m,Largo,bias diario,EMA 25,cualquier apoyo,impulso + retroceso,bracket 2R,105,6.839887640449438,31.428571428571427,-0.2982387280751234,-0.12065561257769876,0.5979028948547629,-2.4716918909377132,-31.315066447887958,31.315066447887965,7.628571428571429,48,57,-0.2653842739808333,-0.3259056367861045
SPX500_USD,15m,Largo,bias diario,EMA 25,cualquier apoyo,impulso + retroceso,trailing EMA 50,102,6.64446227929374,18.627450980392158,-0.3130124924576584,-0.18019367368157918,0.4260879680240859,-3.402427575044557,-31.927274230681157,33.39034685391024,7.578431372549019,46,56,-0.11493118206283985,-0.4757221402819736
SPX500_USD,15m,Largo,bias diario,EMA 50,primer apoyo,ninguna,bracket 2R,469,30.551498127340825,36.46055437100213,-0.15819121020828947,0.03713927173460665,0.7766697489693906,-2.5829756286590646,-74.19167758768776,86.66031512761457,6.113006396588486,214,255,-0.16064960700320277,-0.15612808505491124
SPX500_USD,15m,Largo,bias diario,EMA 50,primer apoyo,ninguna,trailing EMA 50,470,30.616639914392724,26.170212765957444,-0.10570374124492003,0.040883225421795594,0.7977471125162592,-1.7991762891455982,-49.68075838511241,51.244414353640245,8.325531914893617,215,255,-0.07652637205917187,-0.13030426820545277
SPX500_USD,15m,Largo,bias diario,EMA 50,primer apoyo,impulso (RSI>=70),bracket 2R,302,19.672819689673624,36.092715231788084,-0.13525690242342212,0.05618656446826922,0.8091530557289479,-1.7443017263521412,-40.84758453187348,53.55491376341086,6.3841059602649,134,168,-0.16613486780351638,-0.11062804908453741
SPX500_USD,15m,Largo,bias diario,EMA 50,primer apoyo,impulso (RSI>=70),trailing EMA 50,302,19.672819689673624,26.82119205298013,-0.09884565899361307,0.04473694117515544,0.807417100098042,-1.3857839232073819,-29.851389016071145,35.661400512828656,8.708609271523178,134,168,-0.016335868853897546,-0.1646570392241004
SPX500_USD,15m,Largo,bias diario,EMA 50,primer apoyo,retroceso (RSI<=40),bracket 2R,105,6.839887640449438,34.285714285714285,-0.21468484046023126,-0.027076558240445286,0.714853539383281,-1.6446038700357786,-22.541908248324283,25.242631798836957,6.914285714285715,50,55,-0.2735996093836093,-0.16112595962079668
SPX500_USD,15m,Largo,bias diario,EMA 50,primer apoyo,retroceso (RSI<=40),trailing EMA 50,105,6.839887640449438,23.809523809523807,-0.2160835516210877,-0.07537733995624818,0.6096425168537634,-2.031497310250448,-22.68877292021421,23.45859852058574,8.952380952380953,50,55,-0.03170716415820054,-0.3836984493146215
SPX500_USD,15m,Largo,bias diario,EMA 50,primer apoyo,impulso + retroceso,bracket 2R,73,4.755350454788657,32.87671232876712,-0.2788689587747982,-0.0937147415357651,0.6359974672344378,-1.8409537751088463,-20.35743399056027,23.97865990278018,7.041095890410959,37,36,-0.4778179584611128,-0.07439359798608597
SPX500_USD,15m,Largo,bias diario,EMA 50,primer apoyo,impulso + retroceso,trailing EMA 50,73,4.755350454788657,24.65753424657534,-0.23085803834669075,-0.09199237541741596,0.5741584695112322,-1.9260818521186682,-16.852636799308424,18.288538217952123,8.73972602739726,37,36,-0.15721275082797026,-0.30654902829648684
SPX500_USD,15m,Largo,bias diario,EMA 50,cualquier apoyo,ninguna,bracket 2R,741,48.270064205457466,36.97705802968961,-0.16386263971685303,0.02405046573601329,0.7609399847521685,-3.4716095344892905,-121.42221603018808,123.47577894578174,6.562753036437247,341,400,-0.14003272074701667,-0.18417764563863845
SPX500_USD,15m,Largo,bias diario,EMA 50,cualquier apoyo,ninguna,trailing EMA 50,846,55.1099518459069,23.995271867612296,-0.15016429412818216,-0.010883977209498973,0.688860427709743,-3.974880527469111,-127.0389928324421,127.03899283244196,7.425531914893617,388,458,-0.1267569036035073,-0.16999413588271017
SPX500_USD,15m,Largo,bias diario,EMA 50,cualquier apoyo,impulso (RSI>=70),bracket 2R,516,33.613162118780096,35.27131782945737,-0.19257438677839522,-0.009878447731318513,0.7244243911320498,-3.4265657421569715,-99.36838357765194,99.368383577652,6.62015503875969,226,290,-0.1823021932155559,-0.20057961348598724
SPX500_USD,15m,Largo,bias diario,EMA 50,cualquier apoyo,impulso (RSI>=70),trailing EMA 50,585,38.10794542536116,23.247863247863247,-0.18351394701814822,-0.04801230011716827,0.624000646296614,-4.27187911381273,-107.3556590056167,107.3556590056167,7.343589743589743,251,334,-0.12121183526375745,-0.2303337974683042
SPX500_USD,15m,Largo,bias diario,EMA 50,cualquier apoyo,retroceso (RSI<=40),bracket 2R,167,10.878678437667201,35.92814371257485,-0.17895231263168374,-0.0018853140743103685,0.7451918668520967,-1.786533493709969,-29.885036209491183,32.83374254820254,7.407185628742515,78,89,-0.15146297693991903,-0.20304408997952256
SPX500_USD,15m,Largo,bias diario,EMA 50,cualquier apoyo,retroceso (RSI<=40),trailing EMA 50,166,10.813536650615303,22.289156626506024,-0.2075071148159263,-0.07569742706811554,0.5988022750282248,-2.600245581179891,-34.44618105944377,34.74731738011186,8.22289156626506,77,89,-0.05105453257384374,-0.34286496686806506
SPX500_USD,15m,Largo,bias diario,EMA 50,cualquier apoyo,impulso + retroceso,bracket 2R,126,8.207865168539326,34.12698412698413,-0.24998078214557878,-0.0748557407249907,0.6532559839112428,-2.2400780498078277,-31.497578550342926,31.584771179392753,7.444444444444445,60,66,-0.3169882689679981,-0.1890648850342885
SPX500_USD,15m,Largo,bias diario,EMA 50,cualquier apoyo,impulso + retroceso,trailing EMA 50,125,8.142723381487427,20.8,-0.26825197489522706,-0.13823531080665794,0.4869010599150958,-3.2488030208522276,-33.531496861903385,33.932678822707096,7.696,59,66,-0.17260298882113445,-0.35375637153721906
SPX500_USD,15m,Corto,sin bias,EMA 25,primer apoyo,ninguna,bracket 2R,782,50.94087747458534,32.608695652173914,-0.22099908669335752,-0.057526742852800884,0.7008671904083255,-4.716512564337129,-172.82128579420558,178.22601906296907,5.181585677749361,404,378,-0.19965970460316343,-0.2438062569696496
SPX500_USD,15m,Corto,sin bias,EMA 25,primer apoyo,ninguna,trailing EMA 50,789,51.39686998394863,22.433460076045627,-0.1408243132450465,-0.018360157669502403,0.7594827728434115,-2.630541488032764,-111.11038315034168,120.52795356196837,7.840304182509506,408,381,-0.13445423891699765,-0.14764581016327202
SPX500_USD,15m,Corto,sin bias,EMA 25,primer apoyo,impulso (RSI>=70),bracket 2R,505,32.896602461209206,34.05940594059406,-0.17926159760277693,-0.019240874742481484,0.7547411660339374,-3.0015055349234645,-90.52710678940235,97.18097045608961,4.938613861386139,258,247,-0.11264005262873146,-0.24885009397242774
SPX500_USD,15m,Corto,sin bias,EMA 25,primer apoyo,impulso (RSI>=70),trailing EMA 50,505,32.896602461209206,24.95049504950495,-0.10723974910765872,0.012775793037562879,0.8225462732765949,-1.525811654042016,-54.156073299367655,79.96326143682253,8.281188118811881,258,247,-0.03510576743991873,-0.18258617530311183
SPX500_USD,15m,Corto,sin bias,EMA 25,primer apoyo,retroceso (RSI<=40),bracket 2R,112,7.295880149812734,36.607142857142854,-0.06000637180697558,0.09813154544181872,0.9143904888875144,-0.4497973598567723,-6.720713642381265,22.07774274771575,5.625,48,64,0.15402174377104225,-0.22052745849048885
SPX500_USD,15m,Corto,sin bias,EMA 25,primer apoyo,retroceso (RSI<=40),trailing EMA 50,112,7.295880149812734,19.642857142857142,-0.21771703032010728,-0.09911359238351161,0.6010629588623798,-1.808241137733563,-24.384307395852016,27.751428449043477,7.794642857142857,48,64,-0.24090722836535072,-0.20032438178617476
SPX500_USD,15m,Corto,sin bias,EMA 25,primer apoyo,impulso + retroceso,bracket 2R,81,5.276484751203852,37.03703703703704,-0.05204986995220156,0.09957002958968966,0.9243984295560068,-0.3338074585827595,-4.2160394661283265,18.834273746209067,5.345679012345679,39,42,0.15634829854141244,-0.245562454981986
SPX500_USD,15m,Corto,sin bias,EMA 25,primer apoyo,impulso + retroceso,trailing EMA 50,81,5.276484751203852,18.51851851851852,-0.2895879999245514,-0.17587307526813303,0.4878106032227803,-2.3490594857442364,-23.456627993888667,26.623196284763647,7.2592592592592595,39,42,-0.251050240503215,-0.3253730622443638
SPX500_USD,15m,Corto,sin bias,EMA 25,cualquier apoyo,ninguna,bracket 2R,1387,90.35165864098448,33.88608507570295,-0.19558822397675218,-0.03781319083588089,0.7278980319425168,-5.585936257141678,-271.2808666557553,278.2554544422679,5.447728911319395,724,663,-0.2045644254245252,-0.18578615784072258
SPX500_USD,15m,Corto,sin bias,EMA 25,cualquier apoyo,ninguna,trailing EMA 50,1378,89.76538255751738,23.00435413642961,-0.11988726112250662,-0.0031575078016177938,0.7750305957371288,-3.1995445218539746,-165.20464582681413,172.1164368068279,7.362844702467344,708,670,-0.12104380836756456,-0.11866511866056478
SPX500_USD,15m,Corto,sin bias,EMA 25,cualquier apoyo,impulso (RSI>=70),bracket 2R,990,64.49036918138042,34.54545454545455,-0.1759348727180619,-0.022910219485011308,0.7531803270548462,-4.208195164119153,-174.1755239908813,185.552875931006,5.347474747474747,509,481,-0.15487883929517682,-0.198216621184275
SPX500_USD,15m,Corto,sin bias,EMA 25,cualquier apoyo,impulso (RSI>=70),trailing EMA 50,960,62.53611556982344,24.375,-0.1093802258127401,0.003703404038141491,0.8000936508664436,-2.370549833617965,-105.00501678023049,115.63501807275712,7.564583333333333,484,476,-0.09168438335728187,-0.1273734773850968
SPX500_USD,15m,Corto,sin bias,EMA 25,cualquier apoyo,retroceso (RSI<=40),bracket 2R,169,11.008962011771,35.50295857988166,-0.10016645841671493,0.05688574299631861,0.8534243648362302,-0.9619677772629727,-16.928131472424823,20.33552996501943,5.514792899408284,78,91,-0.05449121275674735,-0.1393166689824014
SPX500_USD,15m,Corto,sin bias,EMA 25,cualquier apoyo,retroceso (RSI<=40),trailing EMA 50,167,10.878678437667201,21.55688622754491,-0.21451429274049647,-0.09662868745120862,0.5730746814873204,-2.445865972661833,-35.82388688766291,37.68106422341572,6.712574850299402,78,89,-0.23274890752516691,-0.19853339438988651
SPX500_USD,15m,Corto,sin bias,EMA 25,cualquier apoyo,impulso + retroceso,bracket 2R,127,8.273006955591224,36.22047244094488,-0.06755721476048913,0.0839049270358315,0.8972512159559024,-0.5647583661891394,-8.57976627458212,18.57982524515117,5.480314960629921,63,64,0.01989059265069401,-0.15363865018087253
SPX500_USD,15m,Corto,sin bias,EMA 25,cualquier apoyo,impulso + retroceso,trailing EMA 50,125,8.142723381487427,20.8,-0.24929738455939884,-0.13563899607692986,0.509478999416526,-2.746878819217572,-31.162173069924854,33.03539301109859,6.44,63,62,-0.20632259719345597,-0.2929653136570505
SPX500_USD,15m,Corto,sin bias,EMA 50,primer apoyo,ninguna,bracket 2R,678,44.1661316211878,30.23598820058997,-0.2724552010577967,-0.11084456976416271,0.6461562963732776,-5.436498438512696,-184.72462631718616,196.16065930005783,5.314159292035399,337,341,-0.25887283318296694,-0.2858782449692853
SPX500_USD,15m,Corto,sin bias,EMA 50,primer apoyo,ninguna,trailing EMA 50,684,44.5569823434992,17.105263157894736,-0.19231303213775963,-0.07154894379757554,0.6497706787586844,-3.7637822139111257,-131.5421139822276,141.35084732410445,6.752923976608187,340,344,-0.17686695915538894,-0.20757949962033528
SPX500_USD,15m,Corto,sin bias,EMA 50,primer apoyo,impulso (RSI>=70),bracket 2R,447,29.118378812199037,29.977628635346754,-0.2682304460772259,-0.11026770832038485,0.6550801405391457,-4.28488555101869,-119.89900939651999,131.1629617433423,5.214765100671141,220,227,-0.2546152345317031,-0.28142580528434064
SPX500_USD,15m,Corto,sin bias,EMA 50,primer apoyo,impulso (RSI>=70),trailing EMA 50,447,29.118378812199037,17.67337807606264,-0.1973754903113684,-0.0789034369937376,0.6550814681502093,-3.112147914053202,-88.22684416918167,100.45785623082725,6.977628635346756,220,227,-0.15627110572535508,-0.23721233880882625
SPX500_USD,15m,Corto,sin bias,EMA 50,primer apoyo,retroceso (RSI<=40),bracket 2R,118,7.686730872124131,37.28813559322034,-0.050355876596891364,0.10558170973269553,0.928807672882888,-0.3833897571320021,-5.9419934384331805,15.524674382961598,5.127118644067797,52,66,0.050104784343004916,-0.1295067003677187
SPX500_USD,15m,Corto,sin bias,EMA 50,primer apoyo,retroceso (RSI<=40),trailing EMA 50,118,7.686730872124131,16.94915254237288,-0.20699813368327136,-0.09004494393608119,0.6443606461001681,-1.6554465097186715,-24.42577977462602,30.72690763899395,8.0,52,66,-0.22150550115707815,-0.19556808658269628
SPX500_USD,15m,Corto,sin bias,EMA 50,primer apoyo,impulso + retroceso,bracket 2R,88,5.732477260567149,36.36363636363637,-0.08614337138823412,0.06670438235191233,0.8798396540078661,-0.5716913287685704,-7.580616682164602,14.673979439473165,5.1022727272727275,43,45,-0.04395770384996825,-0.12645412036924375
SPX500_USD,15m,Corto,sin bias,EMA 50,primer apoyo,impulso + retroceso,trailing EMA 50,88,5.732477260567149,17.045454545454543,-0.2347242909121415,-0.12008847560703168,0.609839030988062,-1.728226569877565,-20.655737600268452,24.78803232779942,7.7727272727272725,43,45,-0.23723079436127714,-0.23232918761630073
SPX500_USD,15m,Corto,sin bias,EMA 50,cualquier apoyo,ninguna,bracket 2R,1083,70.54855537720707,32.31763619575254,-0.2300712861431205,-0.07199584868307539,0.6875827284388337,-5.8385434163463055,-249.1672028929995,258.3557996168754,5.5826408125577105,549,534,-0.23805646932213234,-0.22186180006582187
SPX500_USD,15m,Corto,sin bias,EMA 50,cualquier apoyo,ninguna,trailing EMA 50,1220,79.47298020331728,19.34426229508197,-0.13172429024411117,-0.016810710832096197,0.7290905151152215,-3.6131608581852537,-160.70363409781564,171.17472248425494,6.526229508196721,607,613,-0.12128917099345651,-0.1420572712965539
SPX500_USD,15m,Corto,sin bias,EMA 50,cualquier apoyo,impulso (RSI>=70),bracket 2R,743,48.400347779561265,32.16689098250337,-0.21899521558119933,-0.06496932761938043,0.7027497126645322,-4.557108045163421,-162.7134451768311,173.10407478659215,5.5477792732166895,373,370,-0.2116847768481318,-0.22636492814183232
SPX500_USD,15m,Corto,sin bias,EMA 50,cualquier apoyo,impulso (RSI>=70),trailing EMA 50,834,54.32825040128411,19.664268585131893,-0.13808822151036576,-0.025745457145541436,0.7220291113251529,-3.1349738562629557,-115.16557673964505,126.90296932748242,6.630695443645084,415,419,-0.13911912950270933,-0.13706715512176776
SPX500_USD,15m,Corto,sin bias,EMA 50,cualquier apoyo,retroceso (RSI<=40),bracket 2R,180,11.725521669341894,34.44444444444444,-0.14991174483451739,0.00501796292278012,0.7866908904535317,-1.5067116987759124,-26.98411407021313,29.030360435920574,5.166666666666667,85,95,-0.15254075386696908,-0.14755947359495541
SPX500_USD,15m,Corto,sin bias,EMA 50,cualquier apoyo,retroceso (RSI<=40),trailing EMA 50,177,11.530096308186195,20.903954802259886,-0.17395110458733995,-0.057545758177459286,0.6624443148178016,-1.9092740240898771,-30.78934551195917,39.621072733929374,7.005649717514125,85,92,-0.23158965054500216,-0.12069810016993456
SPX500_USD,15m,Corto,sin bias,EMA 50,cualquier apoyo,impulso + retroceso,bracket 2R,138,8.989566613162118,32.608695652173914,-0.1789039595639663,-0.025557699312490013,0.7484102086537818,-1.5896434854833008,-24.68874641982735,30.938896619639376,5.036231884057971,71,67,-0.1852181297855265,-0.1722128239560443
SPX500_USD,15m,Corto,sin bias,EMA 50,cualquier apoyo,impulso + retroceso,trailing EMA 50,136,8.85928303905832,19.852941176470587,-0.20600759247590497,-0.09092033151828095,0.6132364284445273,-2.1132625954005926,-28.017032576723075,33.454430033854116,6.727941176470588,71,65,-0.22571731987284518,-0.18447850562693954
SPX500_USD,15m,Corto,bias diario,EMA 25,primer apoyo,ninguna,bracket 2R,129,8.403290529695024,37.2093023255814,-0.0006064582740378183,0.09447266713197397,0.9990590533286117,-0.004993312265440936,-0.07823311735087857,10.288833770310122,5.62015503875969,94,35,-0.0035035143749999843,0.007174206682832006
SPX500_USD,15m,Corto,bias diario,EMA 25,primer apoyo,ninguna,trailing EMA 50,132,8.598715890850722,22.727272727272727,-0.056344256883658066,0.015425306488475732,0.88506937543938,-0.4954972170719115,-7.437441908642865,16.288082848812415,8.946969696969697,96,36,-0.07297103300235724,-0.012006187233793542
SPX500_USD,15m,Corto,bias diario,EMA 25,primer apoyo,impulso (RSI>=70),bracket 2R,78,5.081059390048154,39.743589743589745,0.07107607254283874,0.16693955639789032,1.1108327025188809,0.4372035654192175,5.543933658341421,7.579896232434606,5.32051282051282,60,18,0.035187905317523645,0.1907032966272224
SPX500_USD,15m,Corto,bias diario,EMA 25,primer apoyo,impulso (RSI>=70),trailing EMA 50,78,5.081059390048154,28.205128205128204,0.05618366837792772,0.12808128126921636,1.1063111110744543,0.32277044554130385,4.3823261334783625,10.80587044007462,10.576923076923077,60,18,-0.0028018666777714345,0.2528021185635916
SPX500_USD,15m,Corto,bias diario,EMA 25,primer apoyo,retroceso (RSI<=40),bracket 2R,17,1.10741037988229,52.94117647058824,0.5900490232330422,0.6859835101949819,2.439147488619026,1.6834333475822907,10.030833394961718,2.3419020061466327,6.823529411764706,11,6,0.8811606715886646,0.05634433458106817
SPX500_USD,15m,Corto,bias diario,EMA 25,primer apoyo,retroceso (RSI<=40),trailing EMA 50,17,1.10741037988229,17.647058823529413,-0.2590977994428163,-0.1871469342213616,0.37669909410057667,-1.3598830063642875,-4.404662590527877,5.009063175673841,10.764705882352942,11,6,-0.21079628578712217,-0.3476505744782554
SPX500_USD,15m,Corto,bias diario,EMA 25,primer apoyo,impulso + retroceso,bracket 2R,12,0.7817014446227929,50.0,0.4872936950796955,0.5758715846218586,2.0564486686069765,1.1285350344444167,5.847524340956346,2.3419020061466327,5.083333333333333,9,3,0.6662244608448751,-0.04949860221584309
SPX500_USD,15m,Corto,bias diario,EMA 25,primer apoyo,impulso + retroceso,trailing EMA 50,12,0.7817014446227929,16.666666666666664,-0.2861298846433806,-0.21969646748675828,0.43121628955900265,-1.0577543433611605,-3.4335586157205675,4.09932119393878,9.083333333333334,9,3,-0.2285695355508651,-0.4588109319209274
SPX500_USD,15m,Corto,bias diario,EMA 25,cualquier apoyo,ninguna,bracket 2R,213,13.875200642054574,40.375586854460096,0.037192905124613616,0.1254514423104686,1.0613420888196716,0.40195288746469654,7.9220887915427,17.209181022808878,5.901408450704225,158,55,-0.024176509355461145,0.2134904958128284
SPX500_USD,15m,Corto,bias diario,EMA 25,cualquier apoyo,ninguna,trailing EMA 50,216,14.070626003210274,25.462962962962965,-0.04497975722031581,0.02235191308406806,0.8975815274805944,-0.5660024236537151,-9.715627559588215,18.480884814853532,8.347222222222221,160,56,-0.07390310856991146,0.03765838949281467
SPX500_USD,15m,Corto,bias diario,EMA 25,cualquier apoyo,impulso (RSI>=70),bracket 2R,145,9.445559122525415,40.689655172413794,0.029859463613322538,0.11734075266005062,1.0488975891163,0.2650398684789937,4.329622223931768,16.943906589130997,5.7172413793103445,110,35,-0.07727789831346116,0.3665768868117856
SPX500_USD,15m,Corto,bias diario,EMA 25,cualquier apoyo,impulso (RSI>=70),trailing EMA 50,136,8.85928303905832,28.676470588235293,-0.004765606446051076,0.06294870987346424,0.989950163581592,-0.04288187172548679,-0.6481224766629463,18.963585249646307,9.279411764705882,108,28,-0.08338198860079764,0.2984690104365429
SPX500_USD,15m,Corto,bias diario,EMA 25,cualquier apoyo,retroceso (RSI<=40),bracket 2R,25,1.6285446762974853,40.0,0.19182313182714342,0.28621562335132594,1.3894639471639105,0.7123741580871472,4.7955782956785855,4.833095161908661,6.48,18,7,0.30876584411351526,-0.10888669976638411
SPX500_USD,15m,Corto,bias diario,EMA 25,cualquier apoyo,retroceso (RSI<=40),trailing EMA 50,25,1.6285446762974853,20.0,-0.27604189712791033,-0.2052475284847734,0.30121768811838456,-2.037890869541805,-6.901047428197758,7.023079122265086,9.04,18,7,-0.20817986300075833,-0.4505442705977297
SPX500_USD,15m,Corto,bias diario,EMA 25,cualquier apoyo,impulso + retroceso,bracket 2R,18,1.1725521669341894,38.88888888888889,0.15393503685899537,0.2446738847739306,1.317762681114855,0.49332860407563967,2.7708306634619166,3.7688448038007047,5.555555555555555,14,4,0.28711424114003875,-0.31219217812465677
SPX500_USD,15m,Corto,bias diario,EMA 25,cualquier apoyo,impulso + retroceso,trailing EMA 50,18,1.1725521669341894,22.22222222222222,-0.280197801694118,-0.21214366575791654,0.36634172641062224,-1.4960643453538278,-5.043560430494124,5.679647223301274,8.11111111111111,14,4,-0.18565865624405475,-0.6110848107693394
SPX500_USD,15m,Corto,bias diario,EMA 50,primer apoyo,ninguna,bracket 2R,115,7.491305510968433,32.17391304347826,-0.10289549394365115,-0.014450561115742232,0.8499519749315202,-0.8163495552354982,-11.832981803519882,17.020730189725334,6.008695652173913,81,34,-0.1672776621529089,0.05048555384899224
SPX500_USD,15m,Corto,bias diario,EMA 50,primer apoyo,ninguna,trailing EMA 50,119,7.75187265917603,20.168067226890756,-0.007023230734848418,0.059324051117828826,0.9835447417029297,-0.061033697323025896,-0.8357644574469618,12.205529018471381,7.80672268907563,83,36,-0.01357798620267138,0.008089122149298997
SPX500_USD,15m,Corto,bias diario,EMA 50,primer apoyo,impulso (RSI>=70),bracket 2R,72,4.690208667736758,34.72222222222222,-0.04025506438192502,0.04709112277637257,0.940133388699644,-0.24505943854472265,-2.8983646354986012,10.342327305049087,5.722222222222222,54,18,-0.18391720803688227,0.3907313665829467
SPX500_USD,15m,Corto,bias diario,EMA 50,primer apoyo,impulso (RSI>=70),trailing EMA 50,72,4.690208667736758,23.61111111111111,0.07582153694791731,0.1413311773166405,1.1651398293797812,0.4425390394092353,5.459150660250046,10.074547946399324,8.76388888888889,54,18,-0.004079658064523589,0.31552512198523996
SPX500_USD,15m,Corto,bias diario,EMA 50,primer apoyo,retroceso (RSI<=40),bracket 2R,18,1.1725521669341894,50.0,0.44609229550302154,0.5405335047256442,1.8872472661688957,1.2580216410974043,8.029661319054387,2.5039823132744017,5.777777777777778,12,6,0.4533808343855545,0.4315152177379556
SPX500_USD,15m,Corto,bias diario,EMA 50,primer apoyo,retroceso (RSI<=40),trailing EMA 50,18,1.1725521669341894,11.11111111111111,-0.1495539874660946,-0.07872308054912766,0.6799873613488765,-0.5529847352034822,-2.691971774389703,4.743738039099785,11.11111111111111,12,6,-0.2591083108059738,0.06955465921366376
SPX500_USD,15m,Corto,bias diario,EMA 50,primer apoyo,impulso + retroceso,bracket 2R,13,0.8468432316746923,46.15384615384615,0.35294888973548877,0.44073869885089234,1.6680005772704671,0.84039224422963,4.588335566561354,2.8851814410282794,5.153846153846154,9,4,0.31200812565146374,0.445065608924545
SPX500_USD,15m,Corto,bias diario,EMA 50,primer apoyo,impulso + retroceso,trailing EMA 50,13,0.8468432316746923,15.384615384615385,-0.07764979632486857,-0.011807439488316097,0.8499979073571253,-0.20683724560800562,-1.0094473522232914,3.122575610005623,9.923076923076923,9,4,-0.26821960986026394,0.35113228412977104
SPX500_USD,15m,Corto,bias diario,EMA 50,cualquier apoyo,ninguna,bracket 2R,174,11.334670947030498,35.63218390804598,-0.04594841048356031,0.037990706945201416,0.9273412953929032,-0.45888337745149577,-7.995023424139494,17.839837105325664,6.155172413793103,126,48,-0.09285988759298057,0.07719421692866786
SPX500_USD,15m,Corto,bias diario,EMA 50,cualquier apoyo,ninguna,trailing EMA 50,205,13.35406634563938,20.975609756097562,-0.04085311625002773,0.022951243989156406,0.8973175193376224,-0.5306231643944044,-8.374888831255685,16.40197122255918,7.263414634146342,147,58,-0.04612218268866042,-0.027498758207286266
SPX500_USD,15m,Corto,bias diario,EMA 50,cualquier apoyo,impulso (RSI>=70),bracket 2R,113,7.361021936864634,34.51327433628318,-0.06895789066916501,0.013664113063680407,0.8932567755139247,-0.5521579596477684,-7.792241645615646,16.12737438415259,6.115044247787611,85,28,-0.1598065312083233,0.20683262525327986
SPX500_USD,15m,Corto,bias diario,EMA 50,cualquier apoyo,impulso (RSI>=70),trailing EMA 50,126,8.207865168539326,20.634920634920633,-0.027140176019339966,0.03603251774306016,0.9356633237409685,-0.25355559621470974,-3.4196621784368357,18.27437424553264,7.777777777777778,98,28,-0.09818729302305831,0.22152473349367416
SPX500_USD,15m,Corto,bias diario,EMA 50,cualquier apoyo,retroceso (RSI<=40),bracket 2R,30,1.9542536115569824,36.666666666666664,0.004223042802618763,0.09410277383469626,1.007254484514391,0.01748932702153225,0.1266912840785629,7.6592764238598114,5.366666666666666,22,8,-0.07645623219367215,0.22609104904241883
SPX500_USD,15m,Corto,bias diario,EMA 50,cualquier apoyo,retroceso (RSI<=40),trailing EMA 50,30,1.9542536115569824,16.666666666666664,-0.21837784289306292,-0.1509680446190048,0.49160377092641105,-1.3003934966787292,-6.551335286791888,8.687581801946653,8.466666666666667,22,8,-0.30386184795681126,0.016703171032244973
SPX500_USD,15m,Corto,bias diario,EMA 50,cualquier apoyo,impulso + retroceso,bracket 2R,22,1.4331193151417871,27.27272727272727,-0.12414218183801223,-0.036906924532660354,0.8075074014600275,-0.4438912503950802,-2.7311280004362692,8.984229740648914,5.181818181818182,17,5,-0.20329580342215842,0.14498013154808484
SPX500_USD,15m,Corto,bias diario,EMA 50,cualquier apoyo,impulso + retroceso,trailing EMA 50,22,1.4331193151417871,13.636363636363635,-0.21814641844249155,-0.15271997546347765,0.5536048661412929,-0.958706816853874,-4.799221205734814,6.882673678106082,7.863636363636363,17,5,-0.33610580043104976,0.18291548031860633
SPX500_USD,1h,Largo,sin bias,EMA 25,primer apoyo,ninguna,bracket 2R,315,20.56367292225201,37.77777777777778,0.011716062222251997,0.1226331768982542,1.0168794973225332,0.14289198095824493,3.6905596000093794,32.17181315272821,9.59047619047619,172,143,-0.013711060329121368,0.04229973410222556
SPX500_USD,1h,Largo,sin bias,EMA 25,primer apoyo,ninguna,trailing EMA 50,318,20.759517426273458,25.78616352201258,-0.06620979535725312,0.01715019775988059,0.8863545398786512,-0.7570443470461753,-21.054714923606493,47.90016248152567,22.80503144654088,172,146,-0.13042594495429458,0.009442106907754612
SPX500_USD,1h,Largo,sin bias,EMA 25,primer apoyo,impulso (RSI>=70),bracket 2R,162,10.575603217158177,38.2716049382716,0.010768105175000134,0.1252711368302243,1.015505868303074,0.09401596398900004,1.7444330383500217,19.035387421315022,10.444444444444445,99,63,0.011758276294467502,0.009212121987265743
SPX500_USD,1h,Largo,sin bias,EMA 25,primer apoyo,impulso (RSI>=70),trailing EMA 50,162,10.575603217158177,27.160493827160494,-0.13984334026921583,-0.053966066527797715,0.7758683247466658,-1.1901338686355256,-22.654621123612966,31.008625253763373,25.320987654320987,99,63,-0.15277079842900784,-0.11952876316097134
SPX500_USD,1h,Largo,sin bias,EMA 25,primer apoyo,retroceso (RSI<=40),bracket 2R,13,0.8486595174262734,7.6923076923076925,-0.8676128681698081,-0.7692307692307703,0.14285769365070175,-3.7847590358849508,-11.278967286207505,11.278967286207505,9.307692307692308,6,7,-0.6051690398070012,-1.092564721052214
SPX500_USD,1h,Largo,sin bias,EMA 25,primer apoyo,retroceso (RSI<=40),trailing EMA 50,13,0.8486595174262734,7.6923076923076925,-0.44025432616175564,-0.3664677519574772,0.2590260101620005,-1.973221679854018,-5.723306240102823,6.192832332215087,12.615384615384615,6,7,-0.254342152346707,-0.5996076180032259
SPX500_USD,1h,Largo,sin bias,EMA 25,primer apoyo,impulso + retroceso,bracket 2R,5,0.32640750670241286,0.0,-1.0818476375317134,-0.9999999999999938,0.0,-158.08716881085314,-5.409238187658567,5.409238187658567,11.2,2,3,-1.086576697842466,-1.0786949306578784
SPX500_USD,1h,Largo,sin bias,EMA 25,primer apoyo,impulso + retroceso,trailing EMA 50,5,0.32640750670241286,0.0,-0.5249912046424436,-0.46360547649365386,0.0,-3.2845774233461205,-2.6249560232122184,2.6249560232122184,7.2,2,3,-0.5465125973978238,-0.5106436094721903
SPX500_USD,1h,Largo,sin bias,EMA 25,cualquier apoyo,ninguna,bracket 2R,980,63.97587131367292,35.91836734693877,-0.04349093759036437,0.06737500083009111,0.9392287701359026,-0.9432184338334119,-42.62111883855708,79.83864664270179,10.69795918367347,566,414,-0.08500909733724199,0.013270604479038358
SPX500_USD,1h,Largo,sin bias,EMA 25,cualquier apoyo,ninguna,trailing EMA 50,829,54.118364611260056,27.141133896260556,-0.02228112968936022,0.05864231814139675,0.9547784537848119,-0.44045639217540766,-18.47105651247962,69.73591031676703,20.698431845597106,441,388,-0.0956651524965292,0.061126999326004516
SPX500_USD,1h,Largo,sin bias,EMA 25,cualquier apoyo,impulso (RSI>=70),bracket 2R,705,46.02345844504021,34.184397163120565,-0.10009515894003561,0.012144428867634368,0.864092339261712,-1.8654332675703629,-70.5670870527251,92.60915377909754,11.070921985815604,423,282,-0.14208820622223667,-0.037105588016734026
SPX500_USD,1h,Largo,sin bias,EMA 25,cualquier apoyo,impulso (RSI>=70),trailing EMA 50,587,38.32024128686327,27.086882453151617,-0.0929426072035051,-0.009421893882654967,0.8226052718642979,-1.5913352477173066,-54.55731042845749,81.03882880363248,21.153321976149915,340,247,-0.15931970166397605,-0.0015733273793750214
SPX500_USD,1h,Largo,sin bias,EMA 25,cualquier apoyo,retroceso (RSI<=40),bracket 2R,114,7.4420911528150135,30.701754385964914,-0.20233853066141422,-0.10227828085746755,0.7351111441555427,-1.5824890659130417,-23.06659249540122,23.066592495401224,12.894736842105264,64,50,-0.20007949414642734,-0.20523009740059744
SPX500_USD,1h,Largo,sin bias,EMA 25,cualquier apoyo,retroceso (RSI<=40),trailing EMA 50,113,7.376809651474531,19.469026548672566,-0.2370864109089736,-0.16188080662811624,0.5161821196018771,-2.5321448864757743,-26.790764432714017,26.79076443271401,14.973451327433628,63,50,-0.2907765695297902,-0.16943681104674468
SPX500_USD,1h,Largo,sin bias,EMA 25,cualquier apoyo,impulso + retroceso,bracket 2R,82,5.353083109919571,32.926829268292686,-0.14299234107844858,-0.0446307807042832,0.8059218686680288,-0.937339673412205,-11.725371968432784,12.552956540821427,14.024390243902438,50,32,-0.18252583843056536,-0.08122125146576616
SPX500_USD,1h,Largo,sin bias,EMA 25,cualquier apoyo,impulso + retroceso,trailing EMA 50,82,5.353083109919571,19.51219512195122,-0.26213234445740974,-0.18763142383104228,0.45022796648586666,-2.5817106930480964,-21.494852245507598,21.494852245507605,14.804878048780488,50,32,-0.34083738454207657,-0.1391557193251178
SPX500_USD,1h,Largo,sin bias,EMA 50,primer apoyo,ninguna,bracket 2R,298,19.453887399463806,38.59060402684564,0.03737197473673199,0.14778752832362457,1.054364874059639,0.4399460201987965,11.136848471546132,20.67522273331854,9.624161073825503,164,134,0.1760448236775877,-0.13234703441476306
SPX500_USD,1h,Largo,sin bias,EMA 50,primer apoyo,ninguna,trailing EMA 50,300,19.58445040214477,21.666666666666668,-0.09867919774100344,-0.015911937104805287,0.788133947957322,-1.3740056967359333,-29.60375932230103,36.97860833036654,15.48,164,136,-0.00597193520192339,-0.21047324962636468
SPX500_USD,1h,Largo,sin bias,EMA 50,primer apoyo,impulso (RSI>=70),bracket 2R,163,10.64088471849866,42.331288343558285,0.14415402342083256,0.258510072452634,1.2209364421824096,1.227784072135044,23.497105817595706,11.0702867932812,9.895705521472392,96,67,0.2776362419054855,-0.047104080676580715
SPX500_USD,1h,Largo,sin bias,EMA 50,primer apoyo,impulso (RSI>=70),trailing EMA 50,163,10.64088471849866,25.153374233128833,-0.1402808593266918,-0.05451382255284071,0.7005912432564241,-1.623043532697982,-22.865780070250764,27.960274428763704,17.01840490797546,96,67,-0.13073806460253184,-0.1539541174389211
SPX500_USD,1h,Largo,sin bias,EMA 50,primer apoyo,retroceso (RSI<=40),bracket 2R,48,3.1335120643431633,41.66666666666667,0.14402118565433145,0.25013605126120764,1.2236789592803956,0.6684798509527938,6.91301691140791,4.601102025701007,10.375,25,23,0.3198566233908401,-0.04710429014622147
SPX500_USD,1h,Largo,sin bias,EMA 50,primer apoyo,retroceso (RSI<=40),trailing EMA 50,48,3.1335120643431633,22.916666666666664,-0.2064918987939642,-0.126905749588807,0.5343561101116605,-1.6717779577738536,-9.911611142110281,13.337668163884643,15.833333333333334,25,23,-0.454664640992503,0.06326108185662138
SPX500_USD,1h,Largo,sin bias,EMA 50,primer apoyo,impulso + retroceso,bracket 2R,38,2.4806970509383377,44.73684210526316,0.23903215621283191,0.34227711738257915,1.3938235192886292,0.977850344290317,9.083221936087613,4.358857549815047,9.894736842105264,19,19,0.46129011353106436,0.016774198894599465
SPX500_USD,1h,Largo,sin bias,EMA 50,primer apoyo,impulso + retroceso,trailing EMA 50,38,2.4806970509383377,23.684210526315788,-0.19242883278085268,-0.11499511190354222,0.5787182159838334,-1.2927488682981072,-7.3122956456724015,10.915340963821155,16.736842105263158,19,19,-0.4707520434078465,0.08589437784614125
SPX500_USD,1h,Largo,sin bias,EMA 50,cualquier apoyo,ninguna,bracket 2R,679,44.326139410187665,33.726067746686304,-0.10179735754595631,0.003184028644555359,0.862098364661126,-1.8587416141469373,-69.12040577370433,99.14802641884097,10.430044182621502,374,305,-0.07321666724824512,-0.13684384335364158
SPX500_USD,1h,Largo,sin bias,EMA 50,cualquier apoyo,ninguna,trailing EMA 50,854,55.75040214477212,19.789227166276348,-0.08811806029797452,-0.00787428093848322,0.7980687069707859,-2.039540499966587,-75.25282349447023,98.17276330588669,15.274004683840749,451,403,-0.11121601947770685,-0.06226897942934105
SPX500_USD,1h,Largo,sin bias,EMA 50,cualquier apoyo,impulso (RSI>=70),bracket 2R,456,29.768364611260054,33.114035087719294,-0.12067076157451458,-0.014550042803721675,0.8385006478855714,-1.8057734994133632,-55.02586727797865,79.59383041476262,10.831140350877194,260,196,-0.12176414737985516,-0.11922035183273623
SPX500_USD,1h,Largo,sin bias,EMA 50,cualquier apoyo,impulso (RSI>=70),trailing EMA 50,584,38.12439678284182,20.034246575342465,-0.10995782247419897,-0.02931552512810486,0.7477291466224524,-2.1336327418426917,-64.2153683249322,79.96229048937651,15.058219178082192,323,261,-0.1639813701739014,-0.04310109486115727
SPX500_USD,1h,Largo,sin bias,EMA 50,cualquier apoyo,retroceso (RSI<=40),bracket 2R,170,11.097855227882038,30.0,-0.21016368922606615,-0.10479375154440614,0.7288980372368367,-1.99058930888854,-35.72782716843125,39.749622864516894,11.24705882352941,91,79,-0.1926000618928125,-0.23039520931880145
SPX500_USD,1h,Largo,sin bias,EMA 50,cualquier apoyo,retroceso (RSI<=40),trailing EMA 50,171,11.16313672922252,17.543859649122805,-0.19293118698307613,-0.11362208003310934,0.5772115046246721,-2.3697407646085384,-32.99123297410602,34.11581318407814,14.035087719298245,92,79,-0.33018058606492884,-0.03309644374851359
SPX500_USD,1h,Largo,sin bias,EMA 50,cualquier apoyo,impulso + retroceso,bracket 2R,134,8.747721179624664,30.597014925373134,-0.1914241082407656,-0.08817117733245532,0.7503543879911398,-1.602186802913276,-25.650830504262593,30.14500457282351,11.925373134328359,73,61,-0.2088027073946355,-0.17062676826974096
SPX500_USD,1h,Largo,sin bias,EMA 50,cualquier apoyo,impulso + retroceso,trailing EMA 50,135,8.813002680965146,17.77777777777778,-0.19046518808668653,-0.1124359525214788,0.5674144532923863,-2.0927331680203904,-25.712800391702682,29.46462508506813,14.096296296296297,74,61,-0.35470383983000653,0.008775143536357326
SPX500_USD,1h,Largo,bias diario,EMA 25,primer apoyo,ninguna,bracket 2R,222,14.492493297587131,39.189189189189186,0.04601011096753047,0.16371602842562874,1.0677451588418891,0.4697023314168794,10.214244634791765,19.771731124823006,9.707207207207206,93,129,0.07386907793549559,0.025925739432485863
SPX500_USD,1h,Largo,bias diario,EMA 25,primer apoyo,ninguna,trailing EMA 50,225,14.68833780160858,27.111111111111114,0.021526933465641315,0.10998179891371401,1.03794308717006,0.19156878303611954,4.843560029769296,25.1903035267986,23.942222222222224,93,132,0.021007717941683653,0.02189274440297509
SPX500_USD,1h,Largo,bias diario,EMA 25,primer apoyo,impulso (RSI>=70),bracket 2R,112,7.311528150134048,36.607142857142854,-0.05209835474568173,0.0715127835181776,0.9269263551460197,-0.38509803605782816,-5.8350157315163536,15.976953550578973,10.3125,59,53,-0.04301899371572538,-0.062205567967708604
SPX500_USD,1h,Largo,bias diario,EMA 25,primer apoyo,impulso (RSI>=70),trailing EMA 50,112,7.311528150134048,26.785714285714285,-0.1484611519151293,-0.05575279821723481,0.7683447231593613,-1.010745881392278,-16.62764901449448,21.674111518668564,25.330357142857142,59,53,-0.1460537336284815,-0.15114110812102033
SPX500_USD,1h,Largo,bias diario,EMA 25,primer apoyo,retroceso (RSI<=40),bracket 2R,10,0.6528150134048257,10.0,-0.792361171240219,-0.7000000000000064,0.19175256780589237,-2.667382729875989,-7.92361171240219,9.803448049185098,9.2,3,7,-0.091886221678897,-1.092564721052214
SPX500_USD,1h,Largo,bias diario,EMA 25,primer apoyo,retroceso (RSI<=40),trailing EMA 50,10,0.6528150134048257,10.0,-0.3481454162944906,-0.2788745378643312,0.36495067669465614,-1.2395343147208524,-3.481454162944906,5.4821791555093995,14.0,3,7,0.2385997210258919,-0.5996076180032259
SPX500_USD,1h,Largo,bias diario,EMA 25,primer apoyo,impulso + retroceso,bracket 2R,4,0.2611260053619303,0.0,-1.078806750633386,-0.9999999999999973,0.0,-136.30578796305767,-4.315227002533544,4.315227002533544,8.0,1,3,-1.0791422105599089,-1.0786949306578784
SPX500_USD,1h,Largo,bias diario,EMA 25,primer apoyo,impulso + retroceso,trailing EMA 50,4,0.2611260053619303,0.0,-0.5610526808639468,-0.5019476178889052,0.0,-2.7909458115563823,-2.244210723455787,2.244210723455787,4.5,1,3,-0.7122798950392162,-0.5106436094721903
SPX500_USD,1h,Largo,bias diario,EMA 25,cualquier apoyo,ninguna,bracket 2R,698,45.56648793565684,34.67048710601719,-0.08456082309410129,0.033505765256896455,0.8847582917614586,-1.555518686801536,-59.0234545196827,77.35308653235846,10.773638968481375,330,368,-0.142879389108751,-0.032264282917920835
SPX500_USD,1h,Largo,bias diario,EMA 25,cualquier apoyo,ninguna,trailing EMA 50,603,39.364745308310994,26.69983416252073,-0.008945589451107846,0.07655461607875474,0.9821286817168,-0.14212746396967027,-5.394190439018031,44.30592144185376,21.091210613598673,254,349,-0.06676174827202282,0.03313264648159241
SPX500_USD,1h,Largo,bias diario,EMA 25,cualquier apoyo,impulso (RSI>=70),bracket 2R,505,32.9671581769437,32.07920792079208,-0.1698389428355189,-0.048713382502348954,0.7781392632564123,-2.7159622852791667,-85.76866613193704,92.18444275206011,11.073267326732672,262,243,-0.22762620414637588,-0.10753333599006816
SPX500_USD,1h,Largo,bias diario,EMA 25,cualquier apoyo,impulso (RSI>=70),trailing EMA 50,428,27.94048257372654,26.401869158878505,-0.10584565599130212,-0.016522088550707442,0.8072688144466634,-1.4570803911578294,-45.301940764277305,62.0192295675415,21.44158878504673,209,219,-0.16560404563316294,-0.048815959940393866
SPX500_USD,1h,Largo,bias diario,EMA 25,cualquier apoyo,retroceso (RSI<=40),bracket 2R,91,5.9406166219839145,29.67032967032967,-0.22402400558671456,-0.1189172332207354,0.7121702670737006,-1.5605577431414892,-20.386184508391025,21.761339036723268,12.945054945054945,43,48,-0.2837768176019962,-0.1704954448230247
SPX500_USD,1h,Largo,bias diario,EMA 25,cualquier apoyo,retroceso (RSI<=40),trailing EMA 50,90,5.875335120643432,20.0,-0.22395101994205477,-0.14487747394786016,0.5567751301286863,-1.9980848813441854,-20.15559179478493,21.29925536043306,15.766666666666667,42,48,-0.29691416349729755,-0.16010826933121733
SPX500_USD,1h,Largo,bias diario,EMA 25,cualquier apoyo,impulso + retroceso,bracket 2R,63,4.112734584450402,31.746031746031743,-0.16819739003776693,-0.06065822576328241,0.7773709334849735,-0.9594939002419961,-10.596435572379317,13.236220979457514,13.873015873015873,33,30,-0.305305425575742,-0.017378550945994425
SPX500_USD,1h,Largo,bias diario,EMA 25,cualquier apoyo,impulso + retroceso,trailing EMA 50,63,4.112734584450402,19.047619047619047,-0.2869714608826943,-0.20536725389348232,0.4423181740582231,-2.3170791940447764,-18.079202035609743,18.180768649528275,15.619047619047619,33,30,-0.4367534133831749,-0.12221131313216554
SPX500_USD,1h,Largo,bias diario,EMA 50,primer apoyo,ninguna,bracket 2R,214,13.97024128686327,37.850467289719624,0.006118173604177749,0.12306111698039503,1.0087263392927195,0.06118327860286258,1.3092891512940383,20.234906895068807,9.817757009345794,92,122,0.23133905280742764,-0.16372052218843686
SPX500_USD,1h,Largo,bias diario,EMA 50,primer apoyo,ninguna,trailing EMA 50,216,14.100804289544236,18.98148148148148,-0.12867930286702728,-0.04107909742225031,0.7374054023053043,-1.4746762371599234,-27.794729419277893,37.718869626691024,15.680555555555555,92,124,0.018962738884342877,-0.2382201725535277
SPX500_USD,1h,Largo,bias diario,EMA 50,primer apoyo,impulso (RSI>=70),bracket 2R,118,7.703217158176944,40.67796610169492,0.08472545400106858,0.2070469271452858,1.1249946960925965,0.6153556794186222,9.997603572126092,11.070286793281209,10.05084745762712,59,59,0.28078170784045065,-0.11133079983831352
SPX500_USD,1h,Largo,bias diario,EMA 50,primer apoyo,impulso (RSI>=70),trailing EMA 50,118,7.703217158176944,20.33898305084746,-0.17589262520704835,-0.08415152034888548,0.6492079411616957,-1.6677037533579215,-20.755329774431704,22.34297644474146,17.54237288135593,59,59,-0.12522756149640835,-0.22655768891768832
SPX500_USD,1h,Largo,bias diario,EMA 50,primer apoyo,retroceso (RSI<=40),bracket 2R,38,2.4806970509383377,39.473684210526315,0.08094027775669319,0.18438238054047382,1.1215875357654117,0.3365776560362498,3.075730554754341,4.601102025701007,10.236842105263158,15,23,0.2772752818744957,-0.04710429014622147
SPX500_USD,1h,Largo,bias diario,EMA 50,primer apoyo,retroceso (RSI<=40),trailing EMA 50,38,2.4806970509383377,18.421052631578945,-0.21064801131971228,-0.13306643423187678,0.5504278752241736,-1.4125580936570463,-8.004624430149066,11.430681451923425,16.789473684210527,15,23,-0.6306419541900902,0.06326108185662138
SPX500_USD,1h,Largo,bias diario,EMA 50,primer apoyo,impulso + retroceso,bracket 2R,32,2.0890080428954425,43.75,0.2113674643182739,0.3127040768918138,1.3439286239538775,0.7956547972268331,6.763758858184765,4.204031832114817,10.125,13,19,0.4957730060913366,0.016774198894599465
SPX500_USD,1h,Largo,bias diario,EMA 50,primer apoyo,impulso + retroceso,trailing EMA 50,32,2.0890080428954425,18.75,-0.19055671576466784,-0.11455425633451288,0.5926911468684334,-1.1208964893590416,-6.097814904469371,9.700860222618125,17.375,13,19,-0.594600621811235,0.08589437784614125
SPX500_USD,1h,Largo,bias diario,EMA 50,cualquier apoyo,ninguna,bracket 2R,499,32.5754691689008,32.06412825651302,-0.1607851019256934,-0.0491856692524702,0.7891698231414985,-2.545344860763505,-80.231765860921,87.61260816227369,10.50501002004008,222,277,-0.1296991551035825,-0.18569874883727683
SPX500_USD,1h,Largo,bias diario,EMA 50,cualquier apoyo,ninguna,trailing EMA 50,623,40.670375335120646,18.298555377207062,-0.09812432531701103,-0.013449219037644998,0.7850587224829614,-1.8286555185809668,-61.13145467249787,81.302728039032,15.621187800963082,260,363,-0.0944176554279551,-0.10077924038906202
SPX500_USD,1h,Largo,bias diario,EMA 50,cualquier apoyo,impulso (RSI>=70),bracket 2R,333,21.738739946380697,31.23123123123123,-0.18707990015188924,-0.07309436614153991,0.7588108524044206,-2.420159377634107,-62.29760675057912,67.92746925117915,10.972972972972974,158,175,-0.1957533790334292,-0.17924898779027035
SPX500_USD,1h,Largo,bias diario,EMA 50,cualquier apoyo,impulso (RSI>=70),trailing EMA 50,426,27.809919571045576,17.84037558685446,-0.11953111136283925,-0.03292631900981437,0.7427750373102305,-1.8255835771769073,-50.920253440569525,61.586171606568264,15.586854460093896,194,232,-0.15781024643970587,-0.0875218346175284
SPX500_USD,1h,Largo,bias diario,EMA 50,cualquier apoyo,retroceso (RSI<=40),bracket 2R,140,9.13941018766756,27.857142857142858,-0.27702447565924004,-0.17010669830392172,0.6536376255580304,-2.4364761600113582,-38.78342659229361,38.78342659229361,11.471428571428572,62,78,-0.34852659082248866,-0.2201894610422989
SPX500_USD,1h,Largo,bias diario,EMA 50,cualquier apoyo,retroceso (RSI<=40),trailing EMA 50,142,9.269973190348525,15.492957746478872,-0.18609106207486736,-0.10544341618941809,0.6034002339858375,-1.9622221215730735,-26.424930814631164,27.74387130001542,14.669014084507042,64,78,-0.375073000529855,-0.031028958727185214
SPX500_USD,1h,Largo,bias diario,EMA 50,cualquier apoyo,impulso + retroceso,bracket 2R,110,7.180965147453083,28.18181818181818,-0.2687453495013003,-0.16195397965953617,0.6622259851445144,-2.0905480083510017,-29.561988445143033,29.561988445143033,12.327272727272728,50,60,-0.40360398311149676,-0.1563631548261366
SPX500_USD,1h,Largo,bias diario,EMA 50,cualquier apoyo,impulso + retroceso,trailing EMA 50,112,7.311528150134048,15.178571428571427,-0.19749143348047063,-0.11654746815586241,0.5697575282439687,-1.8630119431453072,-22.11904054981271,26.065225518590275,14.607142857142858,52,60,-0.43939778040274285,0.01216073385216536
SPX500_USD,1h,Corto,sin bias,EMA 25,primer apoyo,ninguna,bracket 2R,287,18.735790884718497,33.44947735191638,-0.07609315128923079,0.01857723885768393,0.8957300840523209,-0.8797548562671315,-21.838734420009235,35.572567249046074,8.236933797909408,153,134,-0.08963450571418234,-0.06063175407268158
SPX500_USD,1h,Corto,sin bias,EMA 25,primer apoyo,ninguna,trailing EMA 50,288,18.80107238605898,22.22222222222222,-0.16904462759416036,-0.09819426981600793,0.712264730667251,-2.022714536991517,-48.684852747118185,53.61830840801823,18.614583333333332,153,135,-0.11536357694145524,-0.22988315166722614
SPX500_USD,1h,Corto,sin bias,EMA 25,primer apoyo,impulso (RSI>=70),bracket 2R,160,10.445040214477212,34.375,-0.05723004084673776,0.031249999999998068,0.9200565373988805,-0.5050699062373011,-9.156806535478042,24.203694227773145,9.4,90,70,-0.17075105023612824,0.08872554265390711
SPX500_USD,1h,Corto,sin bias,EMA 25,primer apoyo,impulso (RSI>=70),trailing EMA 50,160,10.445040214477212,25.0,-0.11516018329617542,-0.048800152661123516,0.8009836122507878,-0.9936573413456602,-18.425629327388066,30.008062115142526,21.35,90,70,-0.19126042568325788,-0.017317014512783745
SPX500_USD,1h,Corto,sin bias,EMA 25,primer apoyo,retroceso (RSI<=40),bracket 2R,8,0.5222520107238606,37.5,0.06050310856242114,0.12500000000000291,1.0904311635109931,0.10961264744679437,0.4840248684993691,2.1975582556620443,6.75,0,8,,0.06050310856242114
SPX500_USD,1h,Corto,sin bias,EMA 25,primer apoyo,retroceso (RSI<=40),trailing EMA 50,8,0.5222520107238606,25.0,0.1887643715419425,0.2371370401201289,1.4910596354859154,0.31512172968493396,1.51011497233554,2.5708816992879715,15.875,0,8,,0.1887643715419425
SPX500_USD,1h,Corto,sin bias,EMA 25,primer apoyo,impulso + retroceso,bracket 2R,6,0.3916890080428954,33.33333333333333,-0.06547096189920532,1.6283271027835629e-15,0.9085932986023104,-0.10257813197622324,-0.3928257713952319,2.1975582556620443,6.5,0,6,,-0.06547096189920532
SPX500_USD,1h,Corto,sin bias,EMA 25,primer apoyo,impulso + retroceso,trailing EMA 50,6,0.3916890080428954,16.666666666666664,0.3194578083416364,0.36856102976604155,1.829751154321395,0.40086096252140035,1.9167468500498184,2.164249821573694,14.833333333333334,0,6,,0.3194578083416364
SPX500_USD,1h,Corto,sin bias,EMA 25,cualquier apoyo,ninguna,bracket 2R,916,59.79785522788204,32.532751091703055,-0.11123618777412336,-0.02325548272076242,0.8487863196927131,-2.3701283599146366,-101.892348001097,109.84542277271979,9.135371179039302,506,410,-0.11046578762248666,-0.11218697430272874
SPX500_USD,1h,Corto,sin bias,EMA 25,cualquier apoyo,ninguna,trailing EMA 50,797,52.02935656836461,21.20451693851945,-0.10030020147163082,-0.03048762938380861,0.7968929453584385,-2.027185672113149,-79.93926057288976,85.33420732036558,15.70263488080301,420,377,-0.10748380556284215,-0.0922972473116607
SPX500_USD,1h,Corto,sin bias,EMA 25,cualquier apoyo,impulso (RSI>=70),bracket 2R,669,43.67332439678284,33.18385650224215,-0.09213694564253375,-0.00722615199124731,0.8733026503504167,-1.6829400863420372,-61.639616634855074,71.02928451602881,9.6203288490284,382,287,-0.12811763251580918,-0.044246275309463325
SPX500_USD,1h,Corto,sin bias,EMA 25,cualquier apoyo,impulso (RSI>=70),trailing EMA 50,564,36.81876675603217,22.872340425531913,-0.09012499397214124,-0.022610951555266923,0.8170121337645363,-1.5792189534272847,-50.83049660028766,68.9044350446319,17.06028368794326,320,244,-0.13250011206440435,-0.03455106860523876
SPX500_USD,1h,Corto,sin bias,EMA 25,cualquier apoyo,retroceso (RSI<=40),bracket 2R,109,7.1156836461126005,32.11009174311927,-0.12292242247956442,-0.03695460050358762,0.8331035626463007,-0.9129469621422045,-13.398544050272521,17.22459584332993,9.65137614678899,48,61,-0.09792990506430588,-0.14258866569157116
SPX500_USD,1h,Corto,sin bias,EMA 25,cualquier apoyo,retroceso (RSI<=40),trailing EMA 50,109,7.1156836461126005,19.26605504587156,0.0018423458601549514,0.06639248201275172,1.004199823284344,0.012611335587952039,0.2008156987568897,12.154189199720918,15.46788990825688,47,62,-0.03488371242907601,0.02968306746650743
SPX500_USD,1h,Corto,sin bias,EMA 25,cualquier apoyo,impulso + retroceso,bracket 2R,88,5.744772117962467,30.681818181818183,-0.1630029592816976,-0.07954545454545778,0.7828648309114679,-1.0990580395050078,-14.344260416789389,17.86387181354654,9.886363636363637,41,47,-0.21686587719593128,-0.11601615854800434
SPX500_USD,1h,Corto,sin bias,EMA 25,cualquier apoyo,impulso + retroceso,trailing EMA 50,88,5.744772117962467,19.318181818181817,-0.029403706169959777,0.03328141549695818,0.9316655505677013,-0.200950233239428,-2.5875261429564604,10.860590707687587,14.534090909090908,40,48,-0.0822980271492027,0.014674894646075964
SPX500_USD,1h,Corto,sin bias,EMA 50,primer apoyo,ninguna,bracket 2R,275,17.952412868632706,34.909090909090914,-0.022423920872598573,0.06513795292013728,0.9682713201091845,-0.2514480454882604,-6.166578239964608,20.49247055410929,10.101818181818182,145,130,0.06236733182629073,-0.11699877965212892
SPX500_USD,1h,Corto,sin bias,EMA 50,primer apoyo,ninguna,trailing EMA 50,279,18.213538873994636,21.50537634408602,-0.06971930260394929,-0.004369961271096337,0.8245396111464107,-1.0212568392461303,-19.45168542650185,24.34468208679301,13.03225806451613,145,134,0.0016474096210424018,-0.14694447628024618
SPX500_USD,1h,Corto,sin bias,EMA 50,primer apoyo,impulso (RSI>=70),bracket 2R,167,10.90201072386059,35.32934131736527,-0.024844705736234343,0.059880239520957966,0.9644729731482503,-0.2238430775065643,-4.149065857951135,20.965503230582897,10.562874251497005,96,71,0.061338586127996496,-0.1413742271301239
SPX500_USD,1h,Corto,sin bias,EMA 50,primer apoyo,impulso (RSI>=70),trailing EMA 50,167,10.90201072386059,20.958083832335326,-0.06857514133644496,-0.005031432393550722,0.8249220224794447,-0.805597059348065,-11.45204860318631,20.189134361914668,13.778443113772456,96,71,-0.004835479435166064,-0.1547583461607094
SPX500_USD,1h,Corto,sin bias,EMA 50,primer apoyo,retroceso (RSI<=40),bracket 2R,38,2.4806970509383377,42.10526315789473,0.175969333260147,0.26315789473684287,1.2798214047758711,0.722952859042084,6.686834663885586,4.587550619753449,9.947368421052632,16,22,0.2057689655968873,0.1542968733788814
SPX500_USD,1h,Corto,sin bias,EMA 50,primer apoyo,retroceso (RSI<=40),trailing EMA 50,38,2.4806970509383377,28.947368421052634,0.17545517145410403,0.24084659256162583,1.5071430285387484,0.7306548343726826,6.667296515255953,3.573603522893726,15.868421052631579,16,22,0.06193673873109477,0.2580140316162925
SPX500_USD,1h,Corto,sin bias,EMA 50,primer apoyo,impulso + retroceso,bracket 2R,28,1.827882037533512,46.42857142857143,0.3005356331367364,0.39285714285714135,1.512053182169179,1.0408909961041715,8.41499772782862,4.897423644722618,10.142857142857142,14,14,0.1755161316547471,0.42555513461872574
SPX500_USD,1h,Corto,sin bias,EMA 50,primer apoyo,impulso + retroceso,trailing EMA 50,28,1.827882037533512,28.57142857142857,0.3265024711330163,0.39574360342332,1.9662132002407076,1.026702015429616,9.142069191724456,3.7826192626420707,17.464285714285715,14,14,0.08598175741662291,0.5670231848494096
SPX500_USD,1h,Corto,sin bias,EMA 50,cualquier apoyo,ninguna,bracket 2R,618,40.34396782841823,32.68608414239482,-0.09952533821807827,-0.013201485997171284,0.8637361587329011,-1.7327647219785878,-61.50665901877237,65.7426598081186,9.828478964401295,317,301,-0.11263993475290758,-0.08571362027275965
SPX500_USD,1h,Corto,sin bias,EMA 50,cualquier apoyo,ninguna,trailing EMA 50,775,50.593163538873995,17.93548387096774,-0.07193563876797311,-0.005566675252358267,0.8228776217207966,-1.592234082289398,-55.75012004517916,61.15974304227943,13.001290322580646,407,368,-0.05200099844770208,-0.09398291760044676
SPX500_USD,1h,Corto,sin bias,EMA 50,cualquier apoyo,impulso (RSI>=70),bracket 2R,436,28.462734584450402,31.880733944954127,-0.1295626982855975,-0.04603544816350837,0.824219480031167,-1.938215218993914,-56.489336452520504,66.77970088463492,10.155963302752294,235,201,-0.18704051002352307,-0.06236227162682882
SPX500_USD,1h,Corto,sin bias,EMA 50,cualquier apoyo,impulso (RSI>=70),trailing EMA 50,543,35.44785522788204,17.495395948434624,-0.09370889897708254,-0.029382864104823013,0.7646074703467043,-1.9086015357752126,-50.88393214455582,59.31199405673892,13.081031307550644,309,234,-0.10249745220709047,-0.08210350176309768
SPX500_USD,1h,Corto,sin bias,EMA 50,cualquier apoyo,retroceso (RSI<=40),bracket 2R,138,9.008847184986594,34.05797101449276,-0.062108935912841695,0.025713779481026534,0.9129059367492092,-0.5119572735387248,-8.571033155972154,18.824156157374162,9.94927536231884,69,69,-0.08959279168876905,-0.03462508013691435
SPX500_USD,1h,Corto,sin bias,EMA 50,cualquier apoyo,retroceso (RSI<=40),trailing EMA 50,136,8.878284182305629,16.911764705882355,-0.0767027631262532,-0.010708883779079343,0.8232843587382179,-0.659322894330575,-10.431575785170434,20.602858185636354,13.889705882352942,68,68,-0.14515382980267275,-0.00825169644983362
SPX500_USD,1h,Corto,sin bias,EMA 50,cualquier apoyo,impulso + retroceso,bracket 2R,108,7.050402144772118,35.18518518518518,-0.02618263385633459,0.06089400947474502,0.9625872296934352,-0.1891499552725856,-2.8277244564841357,18.762434774570004,10.203703703703704,58,50,-0.15580114577645052,0.12417483997099983
SPX500_USD,1h,Corto,sin bias,EMA 50,cualquier apoyo,impulso + retroceso,trailing EMA 50,107,6.985120643431635,16.822429906542055,-0.05151872883913484,0.0139723278303139,0.8767314017905118,-0.41400018424847035,-5.512503985787427,14.066705113463742,14.121495327102803,57,50,-0.17097602656190147,0.08466259056481913
SPX500_USD,1h,Corto,bias diario,EMA 25,primer apoyo,ninguna,bracket 2R,51,3.329356568364611,37.254901960784316,0.05569889726188588,0.11764705882352676,1.083859636842232,0.27232007109505724,2.84064376035618,6.789903532208405,11.235294117647058,42,9,0.07439242740512529,-0.03153757673989789
SPX500_USD,1h,Corto,bias diario,EMA 25,primer apoyo,ninguna,trailing EMA 50,52,3.3946380697050937,23.076923076923077,-0.2278635118548338,-0.18177468991796322,0.5871696321359374,-1.3282641455116841,-11.848902616451358,12.528156670632836,19.384615384615383,42,10,-0.17483620741338313,-0.45057819050892656
SPX500_USD,1h,Corto,bias diario,EMA 25,primer apoyo,impulso (RSI>=70),bracket 2R,28,1.827882037533512,32.142857142857146,-0.10143892994897341,-0.035714285714290014,0.858911624737809,-0.3785574597174963,-2.8402900385712555,5.508849820782634,12.857142857142858,24,4,-0.07114597118068584,-0.28319668255869884
SPX500_USD,1h,Corto,bias diario,EMA 25,primer apoyo,impulso (RSI>=70),trailing EMA 50,28,1.827882037533512,21.428571428571427,-0.35468593107037016,-0.3053924478943576,0.4086633176005627,-1.9570412072079153,-9.931206069970365,9.931206069970365,19.285714285714285,24,4,-0.33606930818353414,-0.4663856683913862
SPX500_USD,1h,Corto,bias diario,EMA 25,primer apoyo,retroceso (RSI<=40),bracket 2R,0,0.0,,,,,,0.0,,,0,0,,
SPX500_USD,1h,Corto,bias diario,EMA 25,primer apoyo,retroceso (RSI<=40),trailing EMA 50,0,0.0,,,,,,0.0,,,0,0,,
SPX500_USD,1h,Corto,bias diario,EMA 25,primer apoyo,impulso + retroceso,bracket 2R,0,0.0,,,,,,0.0,,,0,0,,
SPX500_USD,1h,Corto,bias diario,EMA 25,primer apoyo,impulso + retroceso,trailing EMA 50,0,0.0,,,,,,0.0,,,0,0,,
SPX500_USD,1h,Corto,bias diario,EMA 25,cualquier apoyo,ninguna,bracket 2R,164,10.706166219839142,28.65853658536585,-0.20089486592129946,-0.140243902439025,0.7344747962113644,-1.8906615977357686,-32.94675801109311,35.331340252068756,9.46951219512195,135,29,-0.17806164062301166,-0.3071874664478117
SPX500_USD,1h,Corto,bias diario,EMA 25,cualquier apoyo,ninguna,trailing EMA 50,152,9.92278820375335,18.421052631578945,-0.22152436494278918,-0.17578593802657339,0.5590987165747148,-2.4959476366336917,-33.67170347130396,33.67170347130395,14.56578947368421,122,30,-0.2177983694779369,-0.23667674649985523
SPX500_USD,1h,Corto,bias diario,EMA 25,cualquier apoyo,impulso (RSI>=70),bracket 2R,121,7.899061662198391,28.09917355371901,-0.21708903340989158,-0.1570247933884304,0.7150520308652641,-1.7641681852907767,-26.267773042596883,27.95390310746126,9.84297520661157,101,20,-0.20384287501729664,-0.283982133292496
SPX500_USD,1h,Corto,bias diario,EMA 25,cualquier apoyo,impulso (RSI>=70),trailing EMA 50,113,7.376809651474531,21.238938053097346,-0.19863206905553757,-0.15267499111994612,0.5986569773299102,-1.915656942157483,-22.445423803275744,24.144142865484305,15.327433628318584,95,18,-0.22541978681281816,-0.05725244755877887
SPX500_USD,1h,Corto,bias diario,EMA 25,cualquier apoyo,retroceso (RSI<=40),bracket 2R,15,0.9792225201072385,26.666666666666668,-0.25030318441368865,-0.20000000000000115,0.6758229679520693,-0.7035694557777811,-3.75454776620533,5.59628471021063,8.533333333333333,12,3,-0.30588725736423195,-0.027966892611515526
SPX500_USD,1h,Corto,bias diario,EMA 25,cualquier apoyo,retroceso (RSI<=40),trailing EMA 50,14,0.913941018766756,14.285714285714285,-0.02536964213470134,0.013401238027756498,0.9389720249003812,-0.0678342962483239,-0.3551749898858188,3.0463712910710896,14.142857142857142,11,3,-0.056791190318055934,0.08984270120426553
SPX500_USD,1h,Corto,bias diario,EMA 25,cualquier apoyo,impulso + retroceso,bracket 2R,15,0.9792225201072385,26.666666666666668,-0.25030318441368865,-0.20000000000000115,0.6758229679520693,-0.7035694557777811,-3.75454776620533,5.59628471021063,8.533333333333333,12,3,-0.30588725736423195,-0.027966892611515526
SPX500_USD,1h,Corto,bias diario,EMA 25,cualquier apoyo,impulso + retroceso,trailing EMA 50,14,0.913941018766756,14.285714285714285,-0.02536964213470134,0.013401238027756498,0.9389720249003812,-0.0678342962483239,-0.3551749898858188,3.0463712910710896,14.142857142857142,11,3,-0.056791190318055934,0.08984270120426553
SPX500_USD,1h,Corto,bias diario,EMA 50,primer apoyo,ninguna,bracket 2R,52,3.3946380697050937,28.846153846153843,-0.1940692802190228,-0.1346153846153839,0.7422244266275286,-1.0211524010054396,-10.091602571389187,12.951021304957814,10.461538461538462,44,8,-0.24644518647935582,0.09399820421280869
SPX500_USD,1h,Corto,bias diario,EMA 50,primer apoyo,ninguna,trailing EMA 50,54,3.525201072386059,18.51851851851852,-0.18065963533176144,-0.13665491965399187,0.5962530310350658,-1.2772863268936485,-9.755620307915118,12.357794793977229,11.61111111111111,44,10,-0.1891485301733068,-0.14330849802896206
SPX500_USD,1h,Corto,bias diario,EMA 50,primer apoyo,impulso (RSI>=70),bracket 2R,31,2.02372654155496,25.806451612903224,-0.2863041934520119,-0.22580645161290305,0.6360133307478371,-1.1948213818205256,-8.87542999701237,13.1689463350346,10.903225806451612,28,3,-0.4205048246737464,0.9662350312841766
SPX500_USD,1h,Corto,bias diario,EMA 50,primer apoyo,impulso (RSI>=70),trailing EMA 50,31,2.02372654155496,19.35483870967742,-0.08161869863622415,-0.036245392256892536,0.8163274257076321,-0.3567887150428514,-2.5301796577229485,9.229407640616056,13.516129032258064,28,3,-0.10679475952663517,0.15335786967427875
SPX500_USD,1h,Corto,bias diario,EMA 50,primer apoyo,retroceso (RSI<=40),bracket 2R,2,0.13056300268096516,0.0,-1.0425228512141416,-1.0000000000000033,0.0,-55.1497440711658,-2.085045702428283,2.085045702428283,9.5,1,1,-1.0614263451246275,-1.0236193573036556
SPX500_USD,1h,Corto,bias diario,EMA 50,primer apoyo,retroceso (RSI<=40),trailing EMA 50,2,0.13056300268096516,0.0,-0.3160858600194677,-0.2841937216088641,0.0,-2.3344981568259064,-0.6321717200389354,0.6321717200389354,7.0,1,1,-0.4514836366659196,-0.18068808337301578
SPX500_USD,1h,Corto,bias diario,EMA 50,primer apoyo,impulso + retroceso,bracket 2R,1,0.06528150134048258,0.0,-1.0614263451246275,-1.0000000000000138,0.0,,-1.0614263451246275,1.0614263451246275,12.0,1,0,-1.0614263451246275,
SPX500_USD,1h,Corto,bias diario,EMA 50,primer apoyo,impulso + retroceso,trailing EMA 50,1,0.06528150134048258,0.0,-0.4514836366659196,-0.4054138778224593,0.0,,-0.4514836366659196,0.4514836366659196,11.0,1,0,-0.4514836366659196,
SPX500_USD,1h,Corto,bias diario,EMA 50,cualquier apoyo,ninguna,bracket 2R,110,7.180965147453083,26.36363636363636,-0.2604870312444527,-0.20384951797024883,0.6627729495353583,-2.0614284943136942,-28.6535734368898,28.653573436889786,10.290909090909091,87,23,-0.2636130606256998,-0.2486624853240835
SPX500_USD,1h,Corto,bias diario,EMA 50,cualquier apoyo,ninguna,trailing EMA 50,154,10.053351206434316,14.935064935064934,-0.16102923826002272,-0.11770416232790626,0.6011304226532629,-2.088449083017513,-24.7985026920435,25.304934228310735,11.987012987012987,124,30,-0.16680366302498406,-0.13716161589818257
SPX500_USD,1h,Corto,bias diario,EMA 50,cualquier apoyo,impulso (RSI>=70),bracket 2R,82,5.353083109919571,24.390243902439025,-0.3184075694944581,-0.2612615484966756,0.5979806294135781,-2.228948792637074,-26.109420698545563,28.420813591380114,10.121951219512194,67,15,-0.3822673623888536,-0.033167161232824906
SPX500_USD,1h,Corto,bias diario,EMA 50,cualquier apoyo,impulso (RSI>=70),trailing EMA 50,111,7.246246648793566,15.315315315315313,-0.12633272755030367,-0.08260349369760059,0.6686308868598608,-1.342139019278442,-14.022932758083707,19.55902981337398,12.252252252252251,95,16,-0.16295502731003184,0.09111217727308248
SPX500_USD,1h,Corto,bias diario,EMA 50,cualquier apoyo,retroceso (RSI<=40),bracket 2R,25,1.6320375335120643,28.000000000000004,-0.18862002403834935,-0.13693787906909674,0.7421241118143549,-0.6938660261567726,-4.715500600958734,5.3600404155199675,11.72,20,5,-0.12907808678782326,-0.426787773040454
SPX500_USD,1h,Corto,bias diario,EMA 50,cualquier apoyo,retroceso (RSI<=40),trailing EMA 50,24,1.5667560321715817,8.333333333333332,-0.19438007668603738,-0.1549666718612911,0.5026869293000147,-1.0089477314261042,-4.665121840464897,4.908018603352868,11.0,19,5,-0.2143345286869402,-0.11855315908260647
SPX500_USD,1h,Corto,bias diario,EMA 50,cualquier apoyo,impulso + retroceso,bracket 2R,21,1.370911528150134,28.57142857142857,-0.16697065242895975,-0.11540223698702008,0.7684705814344629,-0.5579338881111796,-3.506383701008155,5.60354229673894,11.333333333333334,18,3,-0.19013794573186715,-0.027966892611515526
SPX500_USD,1h,Corto,bias diario,EMA 50,cualquier apoyo,impulso + retroceso,trailing EMA 50,20,1.3056300268096515,10.0,-0.16514414084212894,-0.12568993880058027,0.5880878164716665,-0.7158577571302932,-3.302882816842579,4.150630432447251,12.1,17,3,-0.21014181885031621,0.08984270120426553
SPX500_USD,1d,Largo,sin bias,EMA 25,primer apoyo,ninguna,bracket 2R,9,0.6250713063320024,44.44444444444444,0.31706471760525445,0.33333333333333237,1.5624546995725916,0.602299538504916,2.85358245844729,2.0275421797834747,8.88888888888889,6,3,0.48200026195152673,-0.012806371087289955
SPX500_USD,1d,Largo,sin bias,EMA 25,primer apoyo,ninguna,trailing EMA 50,9,0.6250713063320024,55.55555555555556,0.7015866816078715,0.71378814340393,3.474054446302646,1.2246412680778216,6.3142801344708435,2.0206566348376,39.55555555555556,6,3,1.3361310775109094,-0.567502110198204
SPX500_USD,1d,Largo,sin bias,EMA 25,primer apoyo,impulso (RSI>=70),bracket 2R,3,0.20835710211066744,66.66666666666666,0.9796747260116431,1.000000000000001,3.87900469322858,0.9794182072265101,2.9390241780349293,1.0208473035655394,9.666666666666666,3,0,0.9796747260116431,
SPX500_USD,1d,Largo,sin bias,EMA 25,primer apoyo,impulso (RSI>=70),trailing EMA 50,3,0.20835710211066744,100.0,1.5423457029966485,1.5575896584879168,inf,2.105048821368536,4.627037108989946,0.0,52.333333333333336,3,0,1.5423457029966485,
SPX500_USD,1d,Largo,sin bias,EMA 25,primer apoyo,retroceso (RSI<=40),bracket 2R,0,0.0,,,,,,0.0,,,0,0,,
SPX500_USD,1d,Largo,sin bias,EMA 25,primer apoyo,retroceso (RSI<=40),trailing EMA 50,0,0.0,,,,,,0.0,,,0,0,,
SPX500_USD,1d,Largo,sin bias,EMA 25,primer apoyo,impulso + retroceso,bracket 2R,0,0.0,,,,,,0.0,,,0,0,,
SPX500_USD,1d,Largo,sin bias,EMA 25,primer apoyo,impulso + retroceso,trailing EMA 50,0,0.0,,,,,,0.0,,,0,0,,
SPX500_USD,1d,Largo,sin bias,EMA 25,cualquier apoyo,ninguna,bracket 2R,28,1.9446662863662294,42.857142857142854,0.25637570756108186,0.27365010503755277,1.4327189191489091,0.8913274902720343,7.1785198117102915,11.510092757988957,9.5,16,12,0.6459418312921138,-0.2630457907469609
SPX500_USD,1d,Largo,sin bias,EMA 25,cualquier apoyo,ninguna,trailing EMA 50,21,1.458499714774672,38.095238095238095,0.1965098258248732,0.207949404323193,1.518148049437545,0.6801736775312802,4.126706342322337,7.438817239669272,26.523809523809526,10,11,0.6977435270006167,-0.2591571752439844
SPX500_USD,1d,Largo,sin bias,EMA 25,cualquier apoyo,impulso (RSI>=70),bracket 2R,16,1.1112378779235597,62.5,0.8330681202679046,0.8538876838157172,3.0662929666308596,2.1798836104893895,13.329089924286473,5.429878774266433,9.75,14,2,0.8821297166491637,0.48963694559909
SPX500_USD,1d,Largo,sin bias,EMA 25,cualquier apoyo,impulso (RSI>=70),trailing EMA 50,10,0.6945236737022248,60.0,0.845420555211452,0.8595054356719333,3.6839476023719104,1.4946087163485826,8.45420555211452,3.1499145306127456,39.2,8,2,1.0008075242510108,0.22387267905321584
SPX500_USD,1d,Largo,sin bias,EMA 25,cualquier apoyo,retroceso (RSI<=40),bracket 2R,3,0.20835710211066744,33.33333333333333,-0.01382089851898923,-4.440892098500626e-16,0.9795847471955043,-0.013797909643668069,-0.04146269555696769,2.0309665500608984,6.666666666666667,1,2,-1.0202220166009448,0.48937966052198856
SPX500_USD,1d,Largo,sin bias,EMA 25,cualquier apoyo,retroceso (RSI<=40),trailing EMA 50,3,0.20835710211066744,33.33333333333333,-0.17061425960394186,-0.16024858571470027,0.5677444931952352,-0.4046967570883481,-0.5118427788118256,1.1841208978351032,19.0,1,2,-0.5732941706367084,0.030725695912441398
SPX500_USD,1d,Largo,sin bias,EMA 25,cualquier apoyo,impulso + retroceso,bracket 2R,1,0.06945236737022248,0.0,-1.0202220166009448,-1.0000000000000029,0.0,,-1.0202220166009448,1.0202220166009448,3.0,1,0,-1.0202220166009448,
SPX500_USD,1d,Largo,sin bias,EMA 25,cualquier apoyo,impulso + retroceso,trailing EMA 50,1,0.06945236737022248,0.0,-0.5732941706367084,-0.5581276581860019,0.0,,-0.5732941706367084,0.5732941706367084,2.0,1,0,-0.5732941706367084,
SPX500_USD,1d,Largo,sin bias,EMA 50,primer apoyo,ninguna,bracket 2R,8,0.5556189389617798,37.5,0.10874851841883859,0.12499999999999956,1.1716137598175511,0.19852118186378526,0.8699881473507087,4.057915967976088,10.5,5,3,0.7815364197451705,-1.012564650458381
SPX500_USD,1d,Largo,sin bias,EMA 50,primer apoyo,ninguna,trailing EMA 50,8,0.5556189389617798,37.5,0.5167205484897472,0.5289091596756179,2.246667098361976,0.7632231582525815,4.133764387917978,2.9039269662295366,31.25,5,3,1.2928794367021614,-0.7768775985309428
SPX500_USD,1d,Largo,sin bias,EMA 50,primer apoyo,impulso (RSI>=70),bracket 2R,4,0.2778094694808899,50.0,0.48271775752641866,0.5000000000000006,1.9509152098961149,0.5581417320025288,1.9308710301056746,2.0305396422427804,5.0,3,1,0.9803962185825034,-1.0103176256418354
SPX500_USD,1d,Largo,sin bias,EMA 50,primer apoyo,impulso (RSI>=70),trailing EMA 50,4,0.2778094694808899,50.0,0.4868231429656393,0.49978482482082554,2.231658873241069,0.5282185057270395,1.947292571862557,1.581032389868083,24.0,3,1,0.9850102636979772,-1.0077382192313744
SPX500_USD,1d,Largo,sin bias,EMA 50,primer apoyo,retroceso (RSI<=40),bracket 2R,1,0.06945236737022248,0.0,-1.0202220166009448,-1.0000000000000029,0.0,,-1.0202220166009448,1.0202220166009448,3.0,1,0,-1.0202220166009448,
SPX500_USD,1d,Largo,sin bias,EMA 50,primer apoyo,retroceso (RSI<=40),trailing EMA 50,1,0.06945236737022248,0.0,-0.5732941706367084,-0.5581276581860019,0.0,,-0.5732941706367084,0.5732941706367084,2.0,1,0,-0.5732941706367084,
SPX500_USD,1d,Largo,sin bias,EMA 50,primer apoyo,impulso + retroceso,bracket 2R,1,0.06945236737022248,0.0,-1.0202220166009448,-1.0000000000000029,0.0,,-1.0202220166009448,1.0202220166009448,3.0,1,0,-1.0202220166009448,
SPX500_USD,1d,Largo,sin bias,EMA 50,primer apoyo,impulso + retroceso,trailing EMA 50,1,0.06945236737022248,0.0,-0.5732941706367084,-0.5581276581860019,0.0,,-0.5732941706367084,0.5732941706367084,2.0,1,0,-0.5732941706367084,
SPX500_USD,1d,Largo,sin bias,EMA 50,cualquier apoyo,ninguna,bracket 2R,20,1.3890473474044496,35.0,0.035318767264493824,0.04999999999999991,1.0535981036765598,0.1076818518169176,0.7063753452898764,8.148108083262494,9.15,11,9,0.3459299278677293,-0.3443170956950161
SPX500_USD,1d,Largo,sin bias,EMA 50,cualquier apoyo,ninguna,trailing EMA 50,23,1.597404449515117,30.434782608695656,0.15936844062466904,0.17017181148304952,1.487920322073982,0.6114073500086605,3.665474134367388,5.454743368822522,19.82608695652174,10,13,0.5887842604885446,-0.17095142080908138
SPX500_USD,1d,Largo,sin bias,EMA 50,cualquier apoyo,impulso (RSI>=70),bracket 2R,11,0.7639760410724473,45.45454545454545,0.3476311931514346,0.3636363636363638,1.627492391529891,0.7360971946802028,3.8239431246657807,5.076668567886951,7.818181818181818,8,3,0.4814196838181728,-0.009138115293200707
SPX500_USD,1d,Largo,sin bias,EMA 50,cualquier apoyo,impulso (RSI>=70),trailing EMA 50,11,0.7639760410724473,36.36363636363637,0.22407529241155463,0.23543374459403352,1.6062251583026506,0.576352651178782,2.464828216527101,3.259618257054225,19.363636363636363,7,4,0.35601022503955176,-0.006810839687440229
SPX500_USD,1d,Largo,sin bias,EMA 50,cualquier apoyo,retroceso (RSI<=40),bracket 2R,3,0.20835710211066744,33.33333333333333,-0.01382089851898923,-4.440892098500626e-16,0.9795847471955043,-0.013797909643668069,-0.04146269555696769,2.0309665500608984,6.666666666666667,1,2,-1.0202220166009448,0.48937966052198856
SPX500_USD,1d,Largo,sin bias,EMA 50,cualquier apoyo,retroceso (RSI<=40),trailing EMA 50,3,0.20835710211066744,33.33333333333333,-0.17061425960394186,-0.16024858571470027,0.5677444931952352,-0.4046967570883481,-0.5118427788118256,1.1841208978351032,19.0,1,2,-0.5732941706367084,0.030725695912441398
SPX500_USD,1d,Largo,sin bias,EMA 50,cualquier apoyo,impulso + retroceso,bracket 2R,1,0.06945236737022248,0.0,-1.0202220166009448,-1.0000000000000029,0.0,,-1.0202220166009448,1.0202220166009448,3.0,1,0,-1.0202220166009448,
SPX500_USD,1d,Largo,sin bias,EMA 50,cualquier apoyo,impulso + retroceso,trailing EMA 50,1,0.06945236737022248,0.0,-0.5732941706367084,-0.5581276581860019,0.0,,-0.5732941706367084,0.5732941706367084,2.0,1,0,-0.5732941706367084,
SPX500_USD,1d,Corto,sin bias,EMA 25,primer apoyo,ninguna,bracket 2R,8,0.5556189389617798,12.5,-0.8949437170258543,-0.886614132906797,0.013012932801132549,-6.243055781059345,-7.159549736206834,7.253944832859963,11.375,4,4,-1.0583513845336467,-0.7315360495180617
SPX500_USD,1d,Corto,sin bias,EMA 25,primer apoyo,ninguna,trailing EMA 50,8,0.5556189389617798,12.5,-0.3270366259108588,-0.3207894378215659,0.0263468436666115,-3.6267652794542364,-2.6162930072868704,2.6870893297767173,13.25,4,4,-0.3950883775522579,-0.25898487426945965
SPX500_USD,1d,Corto,sin bias,EMA 25,primer apoyo,impulso (RSI>=70),bracket 2R,5,0.3472618368511124,20.0,-0.7881208800575772,-0.7803718132356188,0.02339407891492713,-3.5720728531812527,-3.940604400287886,4.0349994969410155,8.4,2,3,-1.0111553345024848,-0.6394312437609718
SPX500_USD,1d,Corto,sin bias,EMA 25,primer apoyo,impulso (RSI>=70),trailing EMA 50,5,0.3472618368511124,20.0,-0.23899604017668943,-0.2331842400602206,0.055931138856308425,-2.0147074225250545,-1.1949802008834471,1.2657765233732943,13.6,2,3,-0.38451098666838085,-0.1419860758488952
SPX500_USD,1d,Corto,sin bias,EMA 25,primer apoyo,retroceso (RSI<=40),bracket 2R,0,0.0,,,,,,0.0,,,0,0,,
SPX500_USD,1d,Corto,sin bias,EMA 25,primer apoyo,retroceso (RSI<=40),trailing EMA 50,0,0.0,,,,,,0.0,,,0,0,,
SPX500_USD,1d,Corto,sin bias,EMA 25,primer apoyo,impulso + retroceso,bracket 2R,0,0.0,,,,,,0.0,,,0,0,,
SPX500_USD,1d,Corto,sin bias,EMA 25,primer apoyo,impulso + retroceso,trailing EMA 50,0,0.0,,,,,,0.0,,,0,0,,
SPX500_USD,1d,Corto,sin bias,EMA 25,cualquier apoyo,ninguna,bracket 2R,15,1.0417855105533371,20.0,-0.5361941621061167,-0.5267906044118731,0.33603025611480075,-1.9530247807854146,-8.04291243159175,9.120614555574619,13.266666666666667,9,6,-0.3439168628242944,-0.8246101110288501
SPX500_USD,1d,Corto,sin bias,EMA 25,cualquier apoyo,ninguna,trailing EMA 50,16,1.1112378779235597,12.5,-0.3168425917504933,-0.3091902376284531,0.015990945719436468,-5.4277529115043235,-5.069481468007893,5.1402777904977395,9.25,11,5,-0.35394203915937045,-0.23522380745096344
SPX500_USD,1d,Corto,sin bias,EMA 25,cualquier apoyo,impulso (RSI>=70),bracket 2R,10,0.6945236737022248,30.0,-0.29947479184723186,-0.2901859066178095,0.5761273861340744,-0.7553332392892018,-2.9947479184723185,4.0724500424551895,10.7,7,3,-0.15377916959848617,-0.6394312437609718
SPX500_USD,1d,Corto,sin bias,EMA 25,cualquier apoyo,impulso (RSI>=70),trailing EMA 50,9,0.6250713063320024,22.22222222222222,-0.2963885557597904,-0.28864747083127,0.029958828159705606,-3.269615612852212,-2.6674970018381137,2.7382933243279606,8.88888888888889,6,3,-0.37358979571523804,-0.1419860758488952
SPX500_USD,1d,Corto,sin bias,EMA 25,cualquier apoyo,retroceso (RSI<=40),bracket 2R,2,0.13890473474044496,50.0,0.4873521257386644,0.4999999999999979,1.965200315440176,0.3255093122762246,0.9747042514773288,1.0098465944168475,29.5,2,0,0.4873521257386644,
SPX500_USD,1d,Corto,sin bias,EMA 25,cualquier apoyo,retroceso (RSI<=40),trailing EMA 50,2,0.13890473474044496,50.0,-0.08061043321814934,-0.07112452752214916,0.06705062004005055,-0.8743253248144239,-0.16122086643629868,0.17280773201566382,2.0,2,0,-0.08061043321814934,
SPX500_USD,1d,Corto,sin bias,EMA 25,cualquier apoyo,impulso + retroceso,bracket 2R,1,0.06945236737022248,100.0,1.9845508458941763,1.9999999999999964,inf,,1.9845508458941763,0.0,22.0,1,0,1.9845508458941763,
SPX500_USD,1d,Corto,sin bias,EMA 25,cualquier apoyo,impulso + retroceso,trailing EMA 50,1,0.06945236737022248,100.0,0.011586865579365153,0.023173731158730306,inf,,0.011586865579365153,0.0,2.0,1,0,0.011586865579365153,
SPX500_USD,1d,Corto,sin bias,EMA 50,primer apoyo,ninguna,bracket 2R,8,0.5556189389617798,37.5,0.23774960701548029,0.24827373471355593,1.4674256451139716,0.451330116083094,1.9019968561238423,1.0244497799367747,10.125,5,3,0.18700601644529474,0.3223222579657895
SPX500_USD,1d,Corto,sin bias,EMA 50,primer apoyo,ninguna,trailing EMA 50,8,0.5556189389617798,25.0,-0.14190150787896477,-0.13400841210540804,0.350538718500734,-1.169068412121429,-1.1352120630317182,1.4653122068081639,8.875,5,3,-0.1330390616539546,-0.15667225158731504
SPX500_USD,1d,Corto,sin bias,EMA 50,primer apoyo,impulso (RSI>=70),bracket 2R,4,0.2778094694808899,25.0,-0.012318256113550825,-0.0034525305728869476,0.9758294234940712,-0.01741746446447026,-0.0492730244542033,2.0385539601058924,11.25,2,2,0.4875883777412857,-0.5122248899683873
SPX500_USD,1d,Corto,sin bias,EMA 50,primer apoyo,impulso (RSI>=70),trailing EMA 50,4,0.2778094694808899,25.0,-0.10668987912082814,-0.10004058496533028,0.5263900988138724,-0.4967280495305199,-0.42675951648331256,0.9010781138960967,7.5,2,2,-0.04210346864217401,-0.17127628959948227
SPX500_USD,1d,Corto,sin bias,EMA 50,primer apoyo,retroceso (RSI<=40),bracket 2R,0,0.0,,,,,,0.0,,,0,0,,
SPX500_USD,1d,Corto,sin bias,EMA 50,primer apoyo,retroceso (RSI<=40),trailing EMA 50,0,0.0,,,,,,0.0,,,0,0,,
SPX500_USD,1d,Corto,sin bias,EMA 50,primer apoyo,impulso + retroceso,bracket 2R,0,0.0,,,,,,0.0,,,0,0,,
SPX500_USD,1d,Corto,sin bias,EMA 50,primer apoyo,impulso + retroceso,trailing EMA 50,0,0.0,,,,,,0.0,,,0,0,,
SPX500_USD,1d,Corto,sin bias,EMA 50,cualquier apoyo,ninguna,bracket 2R,14,0.9723331431831147,21.428571428571427,-0.2976537310612836,-0.28670072302082455,0.5889668471959005,-0.8785616822446894,-4.167152234857971,5.136402829726832,8.428571428571429,9,5,-0.3459260283656616,-0.21076359591340324
SPX500_USD,1d,Corto,sin bias,EMA 50,cualquier apoyo,ninguna,trailing EMA 50,18,1.2501426126640047,16.666666666666664,-0.302438102276044,-0.2952628049188457,0.11155027598466075,-4.001584770839245,-5.443885840968792,5.844782307235083,5.611111111111111,9,9,-0.28746203743320486,-0.3174141671188831
SPX500_USD,1d,Corto,sin bias,EMA 50,cualquier apoyo,impulso (RSI>=70),bracket 2R,7,0.48616657159155735,14.285714285714285,-0.4409106632206529,-0.43054430318450626,0.39192591085122874,-1.0286327928193615,-3.0863746425445706,5.07565557819626,8.857142857142858,5,2,-0.41238497252155915,-0.5122248899683873
SPX500_USD,1d,Corto,sin bias,EMA 50,cualquier apoyo,impulso (RSI>=70),trailing EMA 50,12,0.8334284084426697,16.666666666666664,-0.2853096459554337,-0.2790880554598833,0.13734899899742017,-3.0839595032103166,-3.423715751465204,3.9688306713678347,4.416666666666667,5,7,-0.2985179920078652,-0.2758751130608396
SPX500_USD,1d,Corto,sin bias,EMA 50,cualquier apoyo,retroceso (RSI<=40),bracket 2R,0,0.0,,,,,,0.0,,,0,0,,
SPX500_USD,1d,Corto,sin bias,EMA 50,cualquier apoyo,retroceso (RSI<=40),trailing EMA 50,0,0.0,,,,,,0.0,,,0,0,,
SPX500_USD,1d,Corto,sin bias,EMA 50,cualquier apoyo,impulso + retroceso,bracket 2R,0,0.0,,,,,,0.0,,,0,0,,
SPX500_USD,1d,Corto,sin bias,EMA 50,cualquier apoyo,impulso + retroceso,trailing EMA 50,0,0.0,,,,,,0.0,,,0,0,,
US2000_USD,5m,Largo,sin bias,EMA 25,primer apoyo,ninguna,bracket 2R,1741,113.39162803138373,34.0608845491097,-0.18991409669663104,-0.006213225185587626,0.7518853812048862,-5.757593573800533,-330.64044234883465,333.1017857597554,9.990235496840896,861,880,-0.24251906488210073,-0.138444917596984
US2000_USD,5m,Largo,sin bias,EMA 25,primer apoyo,ninguna,trailing EMA 50,1748,113.8475392296719,24.77116704805492,-0.11356550017938274,0.02402895647274109,0.8034759157202898,-3.146617593062972,-198.51249431356104,202.6422012742838,15.510297482837528,866,882,-0.12883332153094232,-0.09857464610857711
US2000_USD,5m,Largo,sin bias,EMA 25,primer apoyo,impulso (RSI>=70),bracket 2R,900,58.61715406562054,34.333333333333336,-0.1841490207899909,0.003792946845847034,0.7609674133729605,-3.977116853433396,-165.73411871099182,168.17535233734733,8.991111111111111,428,472,-0.29323189536821664,-0.08523488875719297
US2000_USD,5m,Largo,sin bias,EMA 25,primer apoyo,impulso (RSI>=70),trailing EMA 50,897,58.42176355206847,26.421404682274247,-0.10531748832814114,0.035669590145752446,0.8349223212578601,-1.9600843999747815,-94.4697870303426,95.60151769558253,16.83500557413601,427,470,-0.13751094576216358,-0.076069389765742
US2000_USD,5m,Largo,sin bias,EMA 25,primer apoyo,retroceso (RSI<=40),bracket 2R,157,10.225436875891583,33.12101910828025,-0.20853046479033782,-0.01801553945632896,0.7374100807101932,-1.8598571559943575,-32.73928297208304,34.30462427349702,6.171974522292993,76,81,-0.38309291273267787,-0.04474347659752495
US2000_USD,5m,Largo,sin bias,EMA 25,primer apoyo,retroceso (RSI<=40),trailing EMA 50,157,10.225436875891583,22.929936305732486,0.03923308180184139,0.182119275802348,1.0658990327955424,0.2659389327373263,6.159593842889098,26.127339032990587,14.643312101910828,76,81,0.08983433531418378,-0.008244637543072478
US2000_USD,5m,Largo,sin bias,EMA 25,primer apoyo,impulso + retroceso,bracket 2R,103,6.70840763195435,34.95145631067961,-0.14192146537857958,0.038538203595875974,0.8139047231659472,-1.0121535819798004,-14.617910933993697,15.281072517339808,6.436893203883495,47,56,-0.2960068057941106,-0.012599840386973213
US2000_USD,5m,Largo,sin bias,EMA 25,primer apoyo,impulso + retroceso,trailing EMA 50,103,6.70840763195435,23.300970873786408,0.05088999179183368,0.1862347435226754,1.0846917484745708,0.283865235492887,5.241669154558869,21.6500113654629,15.436893203883495,47,56,0.3953540137857576,-0.2382137409530666
US2000_USD,5m,Largo,sin bias,EMA 25,cualquier apoyo,ninguna,bracket 2R,3177,206.9185538516405,35.47371734340573,-0.15708981392763674,0.01788781682766461,0.7875795512848351,-6.4725200894154735,-499.0743388481019,503.0535335613715,11.061063896757947,1527,1650,-0.20297205805229954,-0.11462788254681244
US2000_USD,5m,Largo,sin bias,EMA 25,cualquier apoyo,ninguna,trailing EMA 50,3371,219.55380706134093,23.346188074755265,-0.1097751146682985,0.02046148567745929,0.7813404738875059,-4.808014994073081,-370.0519115468343,379.127905469643,13.859388905369327,1651,1720,-0.10775298391895365,-0.11171612505618705
US2000_USD,5m,Largo,sin bias,EMA 25,cualquier apoyo,impulso (RSI>=70),bracket 2R,1966,128.04591654778886,36.673448626653105,-0.12426087944855521,0.049793905247991765,0.8289812026626919,-3.995818389591845,-244.29688899585955,250.37482515810052,11.001525940996949,901,1065,-0.20007453507083942,-0.060121814926791736
US2000_USD,5m,Largo,sin bias,EMA 25,cualquier apoyo,impulso (RSI>=70),trailing EMA 50,1978,128.82747860199714,25.12639029322548,-0.09903981717207468,0.02931896433111701,0.8135928956530531,-3.195166400194894,-195.9007583663637,198.12146344027553,14.920626895854399,935,1043,-0.11434562062526689,-0.08531889077827341
US2000_USD,5m,Largo,sin bias,EMA 25,cualquier apoyo,retroceso (RSI<=40),bracket 2R,293,19.083140156918688,34.470989761092156,-0.18248246689403222,-0.006370589656241408,0.7612878550561686,-2.258776840986029,-53.46736279995144,56.63809610263217,8.15358361774744,142,151,-0.3201415567523516,-0.05302822345110927
US2000_USD,5m,Largo,sin bias,EMA 25,cualquier apoyo,retroceso (RSI<=40),trailing EMA 50,291,18.95287981455064,20.618556701030926,-0.04879467095255267,0.08318033042020491,0.909952047213645,-0.5290812507867455,-14.199249247192826,29.810683901555485,12.714776632302405,141,150,-0.031375017971996676,-0.06516914475427539
US2000_USD,5m,Largo,sin bias,EMA 25,cualquier apoyo,impulso + retroceso,bracket 2R,196,12.765513552068473,35.204081632653065,-0.1508727997949785,0.017008112008961233,0.7997820800275104,-1.513371288956289,-29.571068759815784,30.282590755520516,8.168367346938776,92,104,-0.2900682896328885,-0.02773832801528873
US2000_USD,5m,Largo,sin bias,EMA 25,cualquier apoyo,impulso + retroceso,trailing EMA 50,195,12.70038338088445,21.025641025641026,-0.07913771530037451,0.046712501413629946,0.8585876506276167,-0.7345649747909245,-15.43185448357303,26.29441895972779,13.471794871794872,92,103,0.0680557190132208,-0.21061146245426543
US2000_USD,5m,Largo,sin bias,EMA 50,primer apoyo,ninguna,bracket 2R,1484,96.65317403708987,35.44474393530997,-0.15863253046311143,0.023190313361182435,0.7886284746836637,-4.4224815475259724,-235.41067520725738,238.19618623987407,9.714959568733153,720,764,-0.23067727392855553,-0.09073696070510133
US2000_USD,5m,Largo,sin bias,EMA 50,primer apoyo,ninguna,trailing EMA 50,1494,97.30447574893009,19.812583668005352,-0.11512196668642784,0.021148609247861546,0.7725813463323777,-3.160775803337532,-171.9922182295232,176.76200622715768,12.257028112449799,727,767,-0.15382378652972875,-0.07843849468371632
US2000_USD,5m,Largo,sin bias,EMA 50,primer apoyo,impulso (RSI>=70),bracket 2R,769,50.08510164051355,36.28088426527958,-0.12415672867743036,0.058955898516511375,0.832777256173574,-2.4533415475777614,-95.47652435294394,104.5739018884765,8.810143042912873,347,422,-0.2864527916903897,0.00929524730715948
US2000_USD,5m,Largo,sin bias,EMA 50,primer apoyo,impulso (RSI>=70),trailing EMA 50,768,50.019971469329526,19.921875,-0.15106837853120733,-0.013669193105885333,0.7261679175437721,-2.9850135384458554,-116.02051471196724,116.02051471196711,12.662760416666666,347,421,-0.24104963988212572,-0.07690330088567605
US2000_USD,5m,Largo,sin bias,EMA 50,primer apoyo,retroceso (RSI<=40),bracket 2R,212,13.807596291012839,35.37735849056604,-0.12675244663951402,0.06112013956223713,0.8325317766403604,-1.2971649268043068,-26.87151868757697,39.58994065169682,7.127358490566038,98,114,-0.37662703047624274,0.08805202016749837
US2000_USD,5m,Largo,sin bias,EMA 50,primer apoyo,retroceso (RSI<=40),trailing EMA 50,212,13.807596291012839,21.69811320754717,-0.028428010910900862,0.11247642874041247,0.9482494000354031,-0.2610470707478923,-6.026738313110982,27.48820675901278,12.584905660377359,98,114,-0.05491471688939876,-0.005658737350437715
US2000_USD,5m,Largo,sin bias,EMA 50,primer apoyo,impulso + retroceso,bracket 2R,152,9.899786019971469,36.18421052631579,-0.0923335483336107,0.08867538692109886,0.8756566919329936,-0.7945257120297058,-14.034699346708827,32.44026017880838,7.519736842105263,64,88,-0.49186353992105375,0.19823371827543879
US2000_USD,5m,Largo,sin bias,EMA 50,primer apoyo,impulso + retroceso,trailing EMA 50,152,9.899786019971469,20.394736842105264,-0.0385525385922824,0.09720416284874976,0.9286167321359828,-0.32010403982557606,-5.859985866026925,24.735224459922303,12.953947368421053,64,88,0.03757265575207906,-0.09391631629727257
US2000_USD,5m,Largo,sin bias,EMA 50,cualquier apoyo,ninguna,bracket 2R,2384,155.2703281027104,36.07382550335571,-0.13701043493401274,0.036702484292490865,0.8129752547304208,-4.863611136944273,-326.6328768826864,331.06683738957645,10.69756711409396,1117,1267,-0.18745042565342765,-0.09254202954049547
US2000_USD,5m,Largo,sin bias,EMA 50,cualquier apoyo,ninguna,trailing EMA 50,3194,208.0257667617689,19.849718221665626,-0.09849481933078906,0.02928370239431094,0.7766859595453878,-4.5110852011839935,-314.59245294254026,324.3058248709627,11.54727614276769,1527,1667,-0.10720650731162677,-0.09051476681324906
US2000_USD,5m,Largo,sin bias,EMA 50,cualquier apoyo,impulso (RSI>=70),bracket 2R,1409,91.76841119828815,37.189496096522355,-0.09493869662764433,0.0761698400804944,0.8673589481326677,-2.565607263077607,-133.76862354835086,143.61362540197305,10.488999290276793,627,782,-0.18904484912429548,-0.019485298142477726
US2000_USD,5m,Largo,sin bias,EMA 50,cualquier apoyo,impulso (RSI>=70),trailing EMA 50,1839,119.77438480741797,20.337139749864054,-0.09872427876568746,0.02587293607229898,0.7826817573252878,-3.4429042609997538,-181.55394865009924,183.96719904783998,11.958129418162045,820,1019,-0.125153906650605,-0.07745607968263313
US2000_USD,5m,Largo,sin bias,EMA 50,cualquier apoyo,retroceso (RSI<=40),bracket 2R,402,26.182328815977176,34.82587064676617,-0.15584080874808845,0.019102313663272745,0.7916472517780124,-2.2613918005915177,-62.648005116731554,69.00300652638606,8.888059701492537,183,219,-0.2722125789873996,-0.05859864457551333
US2000_USD,5m,Largo,sin bias,EMA 50,cualquier apoyo,retroceso (RSI<=40),trailing EMA 50,408,26.573109843081312,19.607843137254903,-0.06957794667776622,0.06164841669632354,0.8572924714308905,-1.0089475989597354,-28.38780224452862,33.89302286065463,11.367647058823529,189,219,-0.06139547395026463,-0.07663953273026758
US2000_USD,5m,Largo,sin bias,EMA 50,cualquier apoyo,impulso + retroceso,bracket 2R,285,18.562098787446505,34.73684210526316,-0.1457364705028252,0.024057778995774576,0.8029336513758276,-1.7856499647176558,-41.534894093305184,43.608707733019216,9.119298245614035,121,164,-0.30685523870848425,-0.02686225737547919
US2000_USD,5m,Largo,sin bias,EMA 50,cualquier apoyo,impulso + retroceso,trailing EMA 50,291,18.95287981455064,18.556701030927837,-0.09381189472925995,0.033640083552282825,0.8094458496629955,-1.225192352526372,-27.299261366214644,36.75396287728421,11.563573883161512,127,164,0.0026182644500945718,-0.1684864692157113
US2000_USD,5m,Largo,bias diario,EMA 25,primer apoyo,ninguna,bracket 2R,1058,68.90772111269615,33.55387523629489,-0.22760965493418722,-0.030796562835607468,0.7085215118361158,-5.433083310037103,-240.81101492037007,247.8307838426021,10.414933837429112,438,620,-0.2728382748674856,-0.19565782343292162
US2000_USD,5m,Largo,bias diario,EMA 25,primer apoyo,ninguna,trailing EMA 50,1058,68.90772111269615,24.85822306238185,-0.15556836959904982,-0.008012384350066343,0.7349097316898566,-3.694302321176223,-164.5913350357947,167.42655796178647,15.536862003780719,439,619,-0.1654679474563924,-0.14854750581977125
US2000_USD,5m,Largo,bias diario,EMA 25,primer apoyo,impulso (RSI>=70),bracket 2R,550,35.82159415121255,34.18181818181818,-0.20795156917323523,-0.008340092073623982,0.7344575977010094,-3.519347280544498,-114.37336304527938,118.74833985363324,9.214545454545455,221,329,-0.29822144648033233,-0.14731435675722165
US2000_USD,5m,Largo,bias diario,EMA 25,primer apoyo,impulso (RSI>=70),trailing EMA 50,548,35.691333808844504,26.824817518248175,-0.11729368991954862,0.03245185976489381,0.8163685815890468,-1.8157322162939782,-64.27694207591264,64.9436102074891,16.96897810218978,221,327,-0.07332258683581865,-0.14701116325748229
US2000_USD,5m,Largo,bias diario,EMA 25,primer apoyo,retroceso (RSI<=40),bracket 2R,100,6.513017118402282,37.0,-0.11532869704471044,0.09171560305356102,0.8475736671350719,-0.8031326476682745,-11.532869704471043,14.88247475688102,6.09,46,54,-0.24993613102975132,-0.0006631051315275103
US2000_USD,5m,Largo,bias diario,EMA 25,primer apoyo,retroceso (RSI<=40),trailing EMA 50,100,6.513017118402282,28.000000000000004,0.13730029780129027,0.2925835228749939,1.2367912471554638,0.7011122097184468,13.730029780129026,17.537238936264288,15.88,46,54,0.27611056697167735,0.01905451295244208
US2000_USD,5m,Largo,bias diario,EMA 25,primer apoyo,impulso + retroceso,bracket 2R,63,4.1032007845934375,39.682539682539684,-0.022382818992854013,0.17411801540277852,0.9687624859956595,-0.12143101583720478,-1.4101175965498027,9.617054589006003,6.301587301587301,26,37,-0.16255358505215034,0.07611555715692166
US2000_USD,5m,Largo,bias diario,EMA 25,primer apoyo,impulso + retroceso,trailing EMA 50,63,4.1032007845934375,31.746031746031743,0.2995850982989025,0.44696072409562704,1.53771437695064,1.1548559996827408,18.87386119283086,14.012579369109972,18.333333333333332,26,37,0.8099558526542785,-0.05905381016703733
US2000_USD,5m,Largo,bias diario,EMA 25,cualquier apoyo,ninguna,bracket 2R,1891,123.16115370898716,34.37334743521946,-0.20961136291538815,-0.022090651626279077,0.723314383514366,-6.779859831260727,-396.375087272999,402.7889467298713,11.546800634584876,735,1156,-0.25140957041833817,-0.18303551298920454
US2000_USD,5m,Largo,bias diario,EMA 25,cualquier apoyo,ninguna,trailing EMA 50,2038,132.7352888730385,22.52208047105005,-0.15615509875495465,-0.01639691030434294,0.6958309653878487,-5.759203721623051,-318.2440912625976,321.0793141885893,13.911678115799804,811,1227,-0.1516681308913069,-0.1591208126403812
US2000_USD,5m,Largo,bias diario,EMA 25,cualquier apoyo,impulso (RSI>=70),bracket 2R,1170,76.2023002853067,35.64102564102564,-0.16743171267218412,0.018413449319265942,0.7743117431281306,-4.2052751992332045,-195.89510382645543,200.444315435223,11.270085470085471,435,735,-0.24310734218225385,-0.12264409520704084
US2000_USD,5m,Largo,bias diario,EMA 25,cualquier apoyo,impulso (RSI>=70),trailing EMA 50,1177,76.65821148359485,24.723874256584537,-0.12472176707887375,0.013487838038689672,0.7682807427323853,-3.255132218114651,-146.7975198518344,147.31145337283868,15.166525063721325,450,727,-0.126931948529292,-0.12335370428287899
US2000_USD,5m,Largo,bias diario,EMA 25,cualquier apoyo,retroceso (RSI<=40),bracket 2R,178,11.593170470756062,34.26966292134831,-0.20711081495705766,-0.016031731144858726,0.7325917255665053,-2.008388246327992,-36.86572506235626,40.50531745060685,7.640449438202247,78,100,-0.35947230088554616,-0.08826885593283658
US2000_USD,5m,Largo,bias diario,EMA 25,cualquier apoyo,retroceso (RSI<=40),trailing EMA 50,176,11.462910128388016,22.727272727272727,-0.036893830488541925,0.1063629767012109,0.9342962134291499,-0.29839990760728147,-6.493314165983379,21.254293856096915,13.75,77,99,0.04462856797760889,-0.10030014040665923
US2000_USD,5m,Largo,bias diario,EMA 25,cualquier apoyo,impulso + retroceso,bracket 2R,115,7.489969686162625,37.391304347826086,-0.09886599889992038,0.07997902530117897,0.8652868262402316,-0.747915773640856,-11.369589873490844,15.140704677536483,7.6695652173913045,44,71,-0.3003383221652025,0.025990088757437576
US2000_USD,5m,Largo,bias diario,EMA 25,cualquier apoyo,impulso + retroceso,trailing EMA 50,114,7.4248395149786015,25.438596491228072,0.03274480529829658,0.1668472751351085,1.0581804634000915,0.20518727986919583,3.7329078040058095,18.41666820103117,15.552631578947368,44,70,0.2908347488451809,-0.12948315921688783
US2000_USD,5m,Largo,bias diario,EMA 50,primer apoyo,ninguna,bracket 2R,897,58.42176355206847,34.225195094760316,-0.20949027704342507,-0.014860207459595452,0.7277759103948808,-4.611392298620243,-187.91277850795228,192.30706380632594,10.172798216276478,370,527,-0.3000488584911018,-0.14591024832304486
US2000_USD,5m,Largo,bias diario,EMA 50,primer apoyo,ninguna,trailing EMA 50,900,58.61715406562054,19.11111111111111,-0.1910205595463063,-0.04508905112690353,0.6335715374620451,-4.654676304609813,-171.9185035916757,174.62368306992448,11.992222222222223,373,527,-0.23987408250059977,-0.15644301863178742
US2000_USD,5m,Largo,bias diario,EMA 50,primer apoyo,impulso (RSI>=70),bracket 2R,456,29.699358059914406,36.18421052631579,-0.13364239908054334,0.060847592885808585,0.8199067829241321,-2.0471818480602044,-60.94093398072777,64.29699199925903,9.62938596491228,171,285,-0.3306965411977585,-0.015409913810214218
US2000_USD,5m,Largo,bias diario,EMA 50,primer apoyo,impulso (RSI>=70),trailing EMA 50,455,29.634227888730383,20.21978021978022,-0.19982481205906655,-0.05382933090514613,0.6409462067523516,-3.381725615063861,-90.92028948687528,90.92028948687529,12.826373626373627,171,284,-0.25823419984976537,-0.16465577926959646
US2000_USD,5m,Largo,bias diario,EMA 50,primer apoyo,retroceso (RSI<=40),bracket 2R,133,8.662312767475035,32.33082706766917,-0.2325787806171058,-0.02738461894868933,0.7097810246924913,-1.929693334349268,-30.93297782207507,33.79362007624643,7.067669172932331,59,74,-0.5597935043829539,0.02830863427728658
US2000_USD,5m,Largo,bias diario,EMA 50,primer apoyo,retroceso (RSI<=40),trailing EMA 50,133,8.662312767475035,21.052631578947366,-0.08928437320299965,0.0646112480483127,0.8463747395818265,-0.6423893421817549,-11.874821635998952,23.31587548501988,12.105263157894736,59,74,-0.15707341506134911,-0.03523635334296426
US2000_USD,5m,Largo,bias diario,EMA 50,primer apoyo,impulso + retroceso,bracket 2R,92,5.991975748930099,33.69565217391305,-0.1692516041087805,0.027615486974713596,0.7820496683965713,-1.1441840497856124,-15.571147578007807,25.81468976415457,7.5,36,56,-0.695802401291734,0.1692453369374037
US2000_USD,5m,Largo,bias diario,EMA 50,primer apoyo,impulso + retroceso,trailing EMA 50,92,5.991975748930099,21.73913043478261,-0.015604383333402026,0.13204593497921852,0.9719812765283018,-0.09383960713166685,-1.4356032666729863,14.675618988823672,13.195652173913043,36,56,-0.01754086749747395,-0.014359500656498618
US2000_USD,5m,Largo,bias diario,EMA 50,cualquier apoyo,ninguna,bracket 2R,1437,93.59205599144079,34.37717466945024,-0.20364916562236862,-0.018162314803993683,0.7302792848211488,-5.739771747736485,-292.6438509993437,299.65321059161613,11.08141962421712,549,888,-0.27921930096515135,-0.1569284400557158
US2000_USD,5m,Largo,bias diario,EMA 50,cualquier apoyo,ninguna,trailing EMA 50,1939,126.28740192582025,19.030428055698813,-0.15426943210987687,-0.016548854571153352,0.6585680826857688,-6.1004537048357985,-299.12842886105125,301.8336083392992,11.426508509541,758,1181,-0.17621247529510978,-0.14018575155576465
US2000_USD,5m,Largo,bias diario,EMA 50,cualquier apoyo,impulso (RSI>=70),bracket 2R,823,53.60213088445078,35.60145808019441,-0.15204539385151752,0.030044383713930266,0.7923209499037646,-3.203829106730236,-125.13335913979893,130.2959866911788,11.009720534629405,290,533,-0.3053415896478717,-0.06863845805237549
US2000_USD,5m,Largo,bias diario,EMA 50,cualquier apoyo,impulso (RSI>=70),trailing EMA 50,1096,71.38266761768901,19.89051094890511,-0.14726067859157008,-0.012601747020520552,0.6802834525076239,-4.340957513658718,-161.3977037363608,161.39770373636077,11.940693430656934,385,711,-0.19431620906614255,-0.12178053902376357
US2000_USD,5m,Largo,bias diario,EMA 50,cualquier apoyo,retroceso (RSI<=40),bracket 2R,251,16.347672967189727,32.27091633466135,-0.2568549349596118,-0.06562129830824964,0.6721291293466152,-3.047080759628014,-64.47058867486257,67.16734349288932,8.589641434262948,103,148,-0.3579541874868707,-0.18649532002510064
US2000_USD,5m,Largo,bias diario,EMA 50,cualquier apoyo,retroceso (RSI<=40),trailing EMA 50,251,16.347672967189727,20.318725099601593,-0.08227678640441706,0.061847266021470906,0.8386145909646086,-0.9094865943554533,-20.65147338750868,28.925228838464903,11.653386454183266,105,146,-0.03056971283545074,-0.11946338040949556
US2000_USD,5m,Largo,bias diario,EMA 50,cualquier apoyo,impulso + retroceso,bracket 2R,174,11.33264978601997,33.33333333333333,-0.20307646639591628,-0.019145057031959567,0.7315573429702564,-1.985375967439941,-35.33530515288943,37.46339456515379,8.977011494252874,63,111,-0.3650934728349837,-0.11112086814671579
US2000_USD,5m,Largo,bias diario,EMA 50,cualquier apoyo,impulso + retroceso,trailing EMA 50,174,11.33264978601997,20.689655172413794,-0.04748600514055045,0.09147062693574438,0.906233945653074,-0.4349060729456883,-8.262564894455778,24.173373800677226,12.425287356321839,65,109,0.11448527070033886,-0.14407438064199818
US2000_USD,5m,Corto,sin bias,EMA 25,primer apoyo,ninguna,bracket 2R,1721,112.08902460770328,34.863451481696686,-0.15039193164363146,0.01430158621988152,0.7981638405737863,-4.511083861900661,-258.8245143586897,281.9268787024918,10.199883788495061,857,864,-0.1703926819372557,-0.13055322446581202
US2000_USD,5m,Corto,sin bias,EMA 25,primer apoyo,ninguna,trailing EMA 50,1720,112.02389443651926,23.953488372093023,-0.029500471558390647,0.094104771762356,0.9477756262960242,-0.6697591842410102,-50.74081108043191,124.32168093578031,15.641279069767442,857,863,0.036563295395950296,-0.09510493074711622
US2000_USD,5m,Corto,sin bias,EMA 25,primer apoyo,impulso (RSI>=70),bracket 2R,963,62.72035485021398,34.7871235721703,-0.14739369665873037,0.01182489569964886,0.8024775929460378,-3.2949628939575213,-141.94012988235735,153.403442139644,9.655244029075805,451,512,-0.1853686350357104,-0.11394311617432025
US2000_USD,5m,Corto,sin bias,EMA 25,primer apoyo,impulso (RSI>=70),trailing EMA 50,963,62.72035485021398,25.33748701973001,0.029928092339613455,0.14934203660839784,1.0497116914935323,0.46328968197906945,28.820752923047756,66.61100097241686,16.95846313603323,451,512,0.1402784942962374,-0.06727509375889708
US2000_USD,5m,Corto,sin bias,EMA 25,primer apoyo,retroceso (RSI<=40),bracket 2R,138,8.98796362339515,33.33333333333333,-0.20655047681131133,-0.02071807441219685,0.7368405850273265,-1.746888447948621,-28.503965799960966,50.5314006596036,5.239130434782608,54,84,0.10895928961376494,-0.4093781837988605
US2000_USD,5m,Corto,sin bias,EMA 25,primer apoyo,retroceso (RSI<=40),trailing EMA 50,138,8.98796362339515,16.666666666666664,-0.11407225201101374,0.025302049788322154,0.8229246445018342,-0.6637682692022854,-15.741970777519896,53.17840791234775,12.5,54,84,0.27267977284233624,-0.362698553702453
US2000_USD,5m,Corto,sin bias,EMA 25,primer apoyo,impulso + retroceso,bracket 2R,92,5.991975748930099,34.78260869565217,-0.17042945115904243,0.01240114925126998,0.7779179137810722,-1.1668424481194106,-15.679509506631902,30.240163771966202,5.358695652173913,35,57,0.13687104019795968,-0.35912273532562267
US2000_USD,5m,Corto,sin bias,EMA 25,primer apoyo,impulso + retroceso,trailing EMA 50,92,5.991975748930099,15.217391304347828,-0.23936663624858454,-0.10224368594085033,0.6271675642805383,-1.390490604769648,-22.02173053486978,40.85427566325012,11.532608695652174,35,57,0.3151575169749784,-0.5798639233156847
US2000_USD,5m,Corto,sin bias,EMA 25,cualquier apoyo,ninguna,bracket 2R,3232,210.50071326676175,35.64356435643564,-0.13010662425726666,0.02719864630301552,0.8211082867353112,-5.373256114363036,-420.50460959948583,438.0862233227022,10.721225247524753,1556,1676,-0.15135266636134473,-0.11038177848522286
US2000_USD,5m,Corto,sin bias,EMA 25,cualquier apoyo,ninguna,trailing EMA 50,3342,217.66503209700426,22.681029323758228,-0.0394821683381168,0.08058417074327015,0.9186880649691432,-1.4647404136941082,-131.94940658598637,201.74604689527035,13.65409934171155,1584,1758,-0.008391385624574232,-0.0674957063462234
US2000_USD,5m,Corto,sin bias,EMA 25,cualquier apoyo,impulso (RSI>=70),bracket 2R,2119,138.01083273894434,35.96035865974516,-0.1205597909894741,0.031633032346004286,0.8329949050924362,-4.027837983497181,-255.46619710669563,274.88053035147726,10.809815950920246,961,1158,-0.1491361082371453,-0.09684490249637218
US2000_USD,5m,Corto,sin bias,EMA 25,cualquier apoyo,impulso (RSI>=70),trailing EMA 50,2138,139.2483059914408,23.386342376052387,-0.026551605715345632,0.09012702798637046,0.9465083387430883,-0.7704959340866733,-56.76733301940896,152.22220851503695,14.323199251637044,945,1193,0.02507445647964263,-0.06744567845152663
US2000_USD,5m,Corto,sin bias,EMA 25,cualquier apoyo,retroceso (RSI<=40),bracket 2R,276,17.9759272467903,35.14492753623188,-0.15270739178081283,0.018622103392927872,0.7952902030866558,-1.832087348935542,-42.14724013150434,65.11482347381914,7.5398550724637685,124,152,-0.016876131129144604,-0.26351710441770004
US2000_USD,5m,Corto,sin bias,EMA 25,cualquier apoyo,retroceso (RSI<=40),trailing EMA 50,274,17.845666904422252,18.97810218978102,-0.1283969019782417,-1.0694952214753581e-05,0.7595330117366059,-1.3290572227692532,-35.180751142038226,68.3620027018924,11.343065693430656,124,150,0.014010004058890484,-0.246119944302271
US2000_USD,5m,Corto,sin bias,EMA 25,cualquier apoyo,impulso + retroceso,bracket 2R,192,12.504992867332382,38.02083333333333,-0.08341123627274843,0.0841254849304755,0.8828043002114412,-0.8257413240666163,-16.0149573643677,39.92137068989058,7.822916666666667,81,111,0.07500850104301232,-0.19901482836803328
US2000_USD,5m,Corto,sin bias,EMA 25,cualquier apoyo,impulso + retroceso,trailing EMA 50,192,12.504992867332382,19.791666666666664,-0.14365078636180592,-0.01799824545938793,0.717485729350917,-1.4492800571342053,-27.580950981466735,51.36859125795412,11.338541666666666,81,111,0.1391824152434164,-0.35004258212777895
US2000_USD,5m,Corto,sin bias,EMA 50,primer apoyo,ninguna,bracket 2R,1480,96.39265335235378,34.86486486486486,-0.14996123079432083,0.01659010128836412,0.7969034272292161,-4.195628072643947,-221.94262157559484,259.4888969377341,10.146621621621621,719,761,-0.21394784523172658,-0.08950607208144992
US2000_USD,5m,Corto,sin bias,EMA 50,primer apoyo,ninguna,trailing EMA 50,1484,96.65317403708987,18.39622641509434,-0.03696940470718255,0.08799649456694109,0.919511859253452,-0.8364787566558003,-54.86259658545891,106.23619646124293,11.027628032345014,721,763,-0.026194707045953097,-0.04715099974485811
US2000_USD,5m,Corto,sin bias,EMA 50,primer apoyo,impulso (RSI>=70),bracket 2R,810,52.755438659058484,35.92592592592593,-0.12461185337965211,0.03561540034038243,0.828397879943389,-2.5698846434340217,-100.93560123751821,123.36156072770831,10.204938271604938,365,445,-0.21250143999822532,-0.05252264188351897
US2000_USD,5m,Corto,sin bias,EMA 50,primer apoyo,impulso (RSI>=70),trailing EMA 50,810,52.755438659058484,20.123456790123456,0.026332986629505326,0.14650342691953125,1.0575321534721243,0.4056103253343908,21.329719169899313,58.031554818202004,11.512345679012345,365,445,0.05376305424341096,0.0038341671259647468
US2000_USD,5m,Corto,sin bias,EMA 50,primer apoyo,retroceso (RSI<=40),bracket 2R,203,13.221424750356633,33.004926108374384,-0.21686353688761892,-0.03752089682034292,0.7203224800520912,-2.264915406366489,-44.02329798818664,59.106541044147775,7.221674876847291,89,114,-0.11212562518931316,-0.2986326083012085
US2000_USD,5m,Corto,sin bias,EMA 50,primer apoyo,retroceso (RSI<=40),trailing EMA 50,203,13.221424750356633,17.24137931034483,-0.11231703195857702,0.02218994809187999,0.7968850586456232,-0.9257441556468222,-22.800357487591135,57.94801468722238,11.192118226600986,89,114,0.14483917799569296,-0.3130793362211211
US2000_USD,5m,Corto,sin bias,EMA 50,primer apoyo,impulso + retroceso,bracket 2R,154,10.030046362339515,33.116883116883116,-0.21881879684310604,-0.045427194141063575,0.7159689342549219,-2.0016338910037264,-33.69809471383833,38.775466856044176,7.746753246753247,68,86,-0.16948692005651417,-0.2578253970929694
US2000_USD,5m,Corto,sin bias,EMA 50,primer apoyo,impulso + retroceso,trailing EMA 50,154,10.030046362339515,16.883116883116884,-0.18073535133878635,-0.050691649312254485,0.6613532655052885,-1.5932241666871234,-27.833244106173098,46.1055119174001,10.318181818181818,68,86,0.14160012007911424,-0.43560525897154495
US2000_USD,5m,Corto,sin bias,EMA 50,cualquier apoyo,ninguna,bracket 2R,2419,157.5498840941512,35.0558081852005,-0.14685370414470178,0.013213403670791924,0.7997860889530738,-5.272320279632823,-355.2391103260336,383.0795885147722,10.423315419594873,1154,1265,-0.1943604112028137,-0.1035155698007799
US2000_USD,5m,Corto,sin bias,EMA 50,cualquier apoyo,ninguna,trailing EMA 50,3342,217.66503209700426,18.282465589467385,-0.051729998722681136,0.0679597053726003,0.8728523279310257,-2.129008474722089,-172.88165573120037,233.20984898855664,10.468282465589468,1592,1750,-0.053657377399741024,-0.04997663480617865
US2000_USD,5m,Corto,sin bias,EMA 50,cualquier apoyo,impulso (RSI>=70),bracket 2R,1497,97.49986626248216,35.47094188376754,-0.13948946765874323,0.014183314450526046,0.8084905095624849,-3.943431941119148,-208.81573308513862,224.84403564553082,10.710086840347362,657,840,-0.19663033928077628,-0.09479714306865313
US2000_USD,5m,Corto,sin bias,EMA 50,cualquier apoyo,impulso (RSI>=70),trailing EMA 50,2094,136.3825784593438,18.624641833810887,-0.0406719710342573,0.07477980116600703,0.8981952035974989,-1.3187140477089463,-85.16710734573479,157.54581490139856,10.488061127029608,912,1182,-0.03377097188690934,-0.045996599817997856
US2000_USD,5m,Corto,sin bias,EMA 50,cualquier apoyo,retroceso (RSI<=40),bracket 2R,411,26.76850035663338,34.79318734793188,-0.17249111654479637,-0.006231817607289029,0.7685332605367856,-2.5682622389893512,-70.8938488999113,86.75233726119224,8.929440389294404,196,215,-0.19877264994354513,-0.1485321372603557
US2000_USD,5m,Corto,sin bias,EMA 50,cualquier apoyo,retroceso (RSI<=40),trailing EMA 50,420,27.354671897289585,17.142857142857142,-0.13089225853058772,-0.004787719253158401,0.7187385937650961,-1.9416439465144844,-54.97474858284685,73.46605233636389,9.91904761904762,204,216,-0.0714466449848986,-0.18703533799040528
US2000_USD,5m,Corto,sin bias,EMA 50,cualquier apoyo,impulso + retroceso,bracket 2R,322,20.97191512125535,35.714285714285715,-0.1476223367149946,0.014900703735032314,0.7981184374547537,-1.9404339730516595,-47.534392422228265,55.88981133397949,9.350931677018634,150,172,-0.21498607692986554,-0.08887488885318853
US2000_USD,5m,Corto,sin bias,EMA 50,cualquier apoyo,impulso + retroceso,trailing EMA 50,333,21.6883470042796,17.417417417417415,-0.13764705430224686,-0.013807468698227797,0.6875231650832453,-2.106098036105008,-45.83646908264821,57.59544547446367,9.612612612612613,159,174,-0.025294379250177842,-0.2403141539187926
US2000_USD,5m,Corto,bias diario,EMA 25,primer apoyo,ninguna,bracket 2R,333,21.6883470042796,33.633633633633636,-0.14479647309645677,-0.024661579953940783,0.803403306075835,-1.9168251533274443,-48.21722554112011,51.32859213095732,9.945945945945946,186,147,-0.18044953854952986,-0.09968443109460923
US2000_USD,5m,Corto,bias diario,EMA 25,primer apoyo,ninguna,trailing EMA 50,331,21.558086661911553,25.6797583081571,0.03721024262872395,0.1274500439124266,1.0684666471858841,0.37732394545651204,12.316590310107628,32.73255803518282,16.220543806646525,185,146,0.20526797519611908,-0.17573962398064663
US2000_USD,5m,Corto,bias diario,EMA 25,primer apoyo,impulso (RSI>=70),bracket 2R,192,12.504992867332382,35.41666666666667,-0.09754556096101445,0.02022274825453597,0.8645594621692788,-0.9670135788738418,-18.728747704514774,24.368240078629945,9.135416666666666,101,91,-0.15383781637582025,-0.035067343412713455
US2000_USD,5m,Corto,bias diario,EMA 25,primer apoyo,impulso (RSI>=70),trailing EMA 50,192,12.504992867332382,27.604166666666668,0.18419152126132557,0.2725177531729884,1.3184274655410189,1.200079683142164,35.36477208217451,21.026652178027227,18.557291666666668,101,91,0.5095191733748314,-0.17688642229322477
US2000_USD,5m,Corto,bias diario,EMA 25,primer apoyo,retroceso (RSI<=40),bracket 2R,22,1.432863766048502,36.36363636363637,-0.047447115417004256,0.09090909090910149,0.9338775481077844,-0.15209624510697514,-1.0438365391740936,9.005531433085006,5.181818181818182,10,12,0.05505646038919354,-0.13286676192216906
US2000_USD,5m,Corto,bias diario,EMA 25,primer apoyo,retroceso (RSI<=40),trailing EMA 50,22,1.432863766048502,18.181818181818183,-0.1044336531080632,-0.0006664983634840562,0.836714555728792,-0.28788044476237384,-2.2975403683773905,13.77227693440858,12.727272727272727,10,12,0.6097763772847505,-0.6996086784354082
US2000_USD,5m,Corto,bias diario,EMA 25,primer apoyo,impulso + retroceso,bracket 2R,12,0.7815620542082738,41.66666666666667,0.09934786380053394,0.2500000000000112,1.1492704191292231,0.22442083569331714,1.1921743656064072,4.596569710869564,4.583333333333333,6,6,0.34908873214282504,-0.15039300454175727
US2000_USD,5m,Corto,bias diario,EMA 25,primer apoyo,impulso + retroceso,trailing EMA 50,12,0.7815620542082738,25.0,-0.09641167705360043,0.01657742509600747,0.8572637225777026,-0.19509217798841855,-1.1569401246432052,7.807016288808828,16.416666666666668,6,6,0.6463449449072737,-0.8391682990144745
US2000_USD,5m,Corto,bias diario,EMA 25,cualquier apoyo,ninguna,bracket 2R,653,42.5300017831669,35.68147013782542,-0.07369028376905012,0.04178169511692933,0.8948559523181194,-1.353704559524784,-48.119755301189734,62.94873096639877,10.537519142419601,351,302,-0.057663101000027445,-0.09231790347741753
US2000_USD,5m,Corto,bias diario,EMA 25,cualquier apoyo,ninguna,trailing EMA 50,653,42.5300017831669,24.808575803981622,0.033435610286535584,0.11920514352218786,1.0711846891337347,0.5477897903290342,21.83345351710774,49.33254133604433,14.016845329249618,346,307,0.16280957347426858,-0.11237348177520914
US2000_USD,5m,Corto,bias diario,EMA 25,cualquier apoyo,impulso (RSI>=70),bracket 2R,433,28.20136412268188,37.644341801385686,-0.01074294383920677,0.10258385663885329,0.9841370829166121,-0.1586369912540893,-4.651694682376531,20.64176105708705,10.61431870669746,228,205,0.028620446399232023,-0.0545227144458607
US2000_USD,5m,Corto,bias diario,EMA 25,cualquier apoyo,impulso (RSI>=70),trailing EMA 50,416,27.094151212553495,26.442307692307693,0.11143781586964797,0.1953878565197862,1.2348462954184594,1.3399016389353875,46.358131401773555,27.114297540155697,15.25,210,206,0.31598704139190503,-0.09708323927440046
US2000_USD,5m,Corto,bias diario,EMA 25,cualquier apoyo,retroceso (RSI<=40),bracket 2R,46,2.9959878744650497,34.78260869565217,-0.08310931405325588,0.04347826086957078,0.8868869041381799,-0.38992445102162304,-3.8230284464497704,12.5641337449613,7.804347826086956,24,22,-0.01007263097797828,-0.1627856955899223
US2000_USD,5m,Corto,bias diario,EMA 25,cualquier apoyo,retroceso (RSI<=40),trailing EMA 50,45,2.930857703281027,20.0,-0.0567752371183097,0.03851873068262581,0.8960777429840864,-0.2517725177632698,-2.5548856703239364,15.103932603305434,11.533333333333333,24,21,0.23428010645248665,-0.38940991548493403
US2000_USD,5m,Corto,bias diario,EMA 25,cualquier apoyo,impulso + retroceso,bracket 2R,27,1.758514621968616,44.44444444444444,0.19912279160482185,0.3333333333333389,1.3140292493050723,0.6769744557066536,5.37631537333019,6.089798520887509,9.296296296296296,14,13,0.3567824114234938,0.029335508723175082
US2000_USD,5m,Corto,bias diario,EMA 25,cualquier apoyo,impulso + retroceso,trailing EMA 50,27,1.758514621968616,25.925925925925924,0.15782504008665926,0.25848294638304703,1.3302801075655746,0.515838930281325,4.2612760823398,6.704004633134509,14.851851851851851,14,13,0.5504052660888626,-0.2649536648387904
US2000_USD,5m,Corto,bias diario,EMA 50,primer apoyo,ninguna,bracket 2R,298,19.4087910128388,35.90604026845637,-0.07808139713537308,0.04244130132577821,0.8901322045798948,-0.9613808778453308,-23.26825634634118,43.837097956028956,10.070469798657719,158,140,-0.14717465200544577,-0.00010472378200537337
US2000_USD,5m,Corto,bias diario,EMA 50,primer apoyo,ninguna,trailing EMA 50,297,19.343660841654778,20.875420875420875,0.06467945350885253,0.15503841911318292,1.1509044066355782,0.6762885495437087,19.2097976921292,22.445270180373413,11.848484848484848,157,140,0.2070636066204812,-0.09499420390918822
US2000_USD,5m,Corto,bias diario,EMA 50,primer apoyo,impulso (RSI>=70),bracket 2R,174,11.33264978601997,39.6551724137931,0.03238683529777603,0.1476286371468779,1.0481789078842283,0.29684061544831997,5.635309341813029,17.46485718548371,10.298850574712644,86,88,0.032085524548191025,0.032681298075779575
US2000_USD,5m,Corto,bias diario,EMA 50,primer apoyo,impulso (RSI>=70),trailing EMA 50,174,11.33264978601997,25.862068965517242,0.250101693163239,0.33653304455006533,1.6203241046613532,1.7498155255608943,43.51769461040358,9.864201231694317,14.24712643678161,86,88,0.5799371588286908,-0.07223751191890711
US2000_USD,5m,Corto,bias diario,EMA 50,primer apoyo,retroceso (RSI<=40),bracket 2R,31,2.0190353067047075,41.935483870967744,0.131692167849953,0.25806451612903775,1.2012368085797953,0.4866978715452423,4.082457203348543,7.140202710908961,6.354838709677419,16,15,0.17331208746871024,0.08729758692327862
US2000_USD,5m,Corto,bias diario,EMA 50,primer apoyo,retroceso (RSI<=40),trailing EMA 50,31,2.0190353067047075,22.58064516129032,0.05882251015881432,0.1536017713681279,1.1015649707347066,0.1963531250680783,1.823497814923244,11.207446677330832,14.32258064516129,16,15,0.477045227230869,-0.3872817213847107
US2000_USD,5m,Corto,bias diario,EMA 50,primer apoyo,impulso + retroceso,bracket 2R,22,1.432863766048502,45.45454545454545,0.23510305793688965,0.36363636363636864,1.3797642401025905,0.7173657167167227,5.172267274611572,5.601372182292797,6.863636363636363,12,10,0.3586124502321207,0.0868917871826123
US2000_USD,5m,Corto,bias diario,EMA 50,primer apoyo,impulso + retroceso,trailing EMA 50,22,1.432863766048502,27.27272727272727,0.1745477040998871,0.2709476833744963,1.3165845240379521,0.4726515654281307,3.840049490197516,6.263824676136724,16.545454545454547,12,10,0.5358214022632188,-0.2589807336961109
US2000_USD,5m,Corto,bias diario,EMA 50,cualquier apoyo,ninguna,bracket 2R,477,31.067091654778885,35.22012578616352,-0.09641998104450922,0.0199903369840532,0.864457476929683,-1.5197965780783358,-45.992330958230895,68.7824684752058,10.255765199161425,240,237,-0.13527885777331744,-0.05706921980014644
US2000_USD,5m,Corto,bias diario,EMA 50,cualquier apoyo,ninguna,trailing EMA 50,673,43.83260520684736,19.910846953937593,0.012754208830476193,0.09896176699094583,1.0324434928441824,0.2401458071537313,8.583582542910477,43.14891363763537,10.790490341753344,352,321,0.11148327160577107,-0.09550943633121789
US2000_USD,5m,Corto,bias diario,EMA 50,cualquier apoyo,impulso (RSI>=70),bracket 2R,298,19.4087910128388,37.919463087248324,-0.014414274617287164,0.09813380200856006,0.9788583999625785,-0.17606707308799105,-4.295453835951575,23.246658030622385,10.741610738255034,145,153,0.024056924164482213,-0.05087390744968298
US2000_USD,5m,Corto,bias diario,EMA 50,cualquier apoyo,impulso (RSI>=70),trailing EMA 50,422,27.48493223965763,22.03791469194313,0.09369983208944103,0.1768127310140024,1.2470709504163073,1.2983341661799295,39.541329141744114,20.996668389022915,11.637440758293838,207,215,0.2710656974861962,-0.07706637319952785
US2000_USD,5m,Corto,bias diario,EMA 50,cualquier apoyo,retroceso (RSI<=40),bracket 2R,71,4.6242421540656204,38.028169014084504,-0.02156984977155033,0.0976830677102487,0.9689651309535807,-0.1265250201361501,-1.5314593337800733,11.373798383949426,8.112676056338028,38,33,-0.10373234696912557,0.07304151063777886
US2000_USD,5m,Corto,bias diario,EMA 50,cualquier apoyo,retroceso (RSI<=40),trailing EMA 50,70,4.559111982881597,21.428571428571427,-0.005417959901790907,0.08417025541407153,0.9881603435416026,-0.034482608740920906,-0.3792571931253635,14.667582524178579,10.685714285714285,38,32,0.14963718271254423,-0.1895459417563139
US2000_USD,5m,Corto,bias diario,EMA 50,cualquier apoyo,impulso + retroceso,bracket 2R,53,3.4518990727532097,41.509433962264154,0.08932667774151179,0.21078782105660032,1.1354458180505411,0.4398627960332694,4.734313920300125,7.243801311854562,8.622641509433961,29,24,0.004442632999730345,0.19189489847116445
US2000_USD,5m,Corto,bias diario,EMA 50,cualquier apoyo,impulso + retroceso,trailing EMA 50,53,3.4518990727532097,24.528301886792452,0.11741598091937272,0.20851183840568907,1.2883591149874865,0.6338669135338306,6.223046988726754,5.948738924857745,11.867924528301886,29,24,0.2495307211551569,-0.042222663532199944
US2000_USD,15m,Largo,sin bias,EMA 25,primer apoyo,ninguna,bracket 2R,795,51.796958615768816,37.61006289308176,-0.10188993169169967,0.030232752363293727,0.8498756854724402,-2.165539060599892,-81.00249569490124,81.44981517736673,4.913207547169812,395,400,-0.11507227616283149,-0.08887236652645704
US2000_USD,15m,Largo,sin bias,EMA 25,primer apoyo,ninguna,trailing EMA 50,798,51.9924188369604,31.203007518796994,0.013401149467201215,0.11236585347227715,1.0240220635898454,0.23216977567147387,10.694117274826569,24.51148773765798,8.839598997493734,398,400,-0.005285336504667932,0.03199420300921102
US2000_USD,15m,Largo,sin bias,EMA 25,primer apoyo,impulso (RSI>=70),bracket 2R,514,33.48885123082412,40.07782101167315,-0.03705281777581941,0.09253709392567394,0.9435027348110017,-0.6202993761792733,-19.045148336771177,33.32075750327572,5.095330739299611,247,267,-0.08987346676918787,0.011811228296697455
US2000_USD,15m,Largo,sin bias,EMA 25,primer apoyo,impulso (RSI>=70),trailing EMA 50,514,33.48885123082412,33.07392996108949,0.040375071186925585,0.13756750496304562,1.0728081028699215,0.568669002153298,20.75278659007975,28.53179487176172,9.496108949416342,247,267,-0.05071102534641948,0.12463823914099391
US2000_USD,15m,Largo,sin bias,EMA 25,primer apoyo,retroceso (RSI<=40),bracket 2R,140,9.12147698894042,45.714285714285715,0.14994554779295124,0.2801764844070686,1.2492199272776088,1.2490590167618496,20.992376691013174,11.665833924504451,5.3,73,67,0.09977700956584848,0.20460679093591405
US2000_USD,15m,Largo,sin bias,EMA 25,primer apoyo,retroceso (RSI<=40),trailing EMA 50,140,9.12147698894042,40.0,0.12292811180465456,0.2206013142652426,1.2608291151730529,0.9910144126858708,17.209935652651637,11.004725167905402,10.257142857142858,73,67,0.04835649751046401,0.20417778111026524
US2000_USD,15m,Largo,sin bias,EMA 25,primer apoyo,impulso + retroceso,bracket 2R,102,6.645647520513735,46.07843137254902,0.14529165939128738,0.2691811144190344,1.2433415478632746,1.0399877121342753,14.819749257911312,7.817133692019292,5.990196078431373,49,53,0.0668183495991466,0.21784245523685147
US2000_USD,15m,Largo,sin bias,EMA 25,primer apoyo,impulso + retroceso,trailing EMA 50,102,6.645647520513735,39.21568627450981,0.13199119762658632,0.22490828889739659,1.2870964818113062,0.907850894702128,13.463102157911806,9.43479351733095,10.264705882352942,49,53,-0.04195090122936373,0.2928055909085024
US2000_USD,15m,Largo,sin bias,EMA 25,cualquier apoyo,ninguna,bracket 2R,1496,97.46949696753478,38.56951871657754,-0.09155615307265182,0.034682317674283585,0.8588465922374925,-2.740270626109902,-136.9680049966871,139.1667286863049,5.689171122994653,776,720,-0.07933955643932826,-0.10472292944412279
US2000_USD,15m,Largo,sin bias,EMA 25,cualquier apoyo,ninguna,trailing EMA 50,1460,95.12397431323582,30.0,-0.011202276162341365,0.08247456718911489,0.9775098632311878,-0.2981784303507603,-16.355323197018393,45.12756234767425,8.167123287671233,756,704,0.009317384996965015,-0.03323759411182376
US2000_USD,15m,Largo,sin bias,EMA 25,cualquier apoyo,impulso (RSI>=70),bracket 2R,1031,67.17316268283982,40.64015518913676,-0.03628518410091519,0.0876742894491727,0.9418216092408527,-0.8921276956727772,-37.41002480804356,52.860534954063944,5.94180407371484,525,506,-0.055403069059467895,-0.016449433896883227
US2000_USD,15m,Largo,sin bias,EMA 25,cualquier apoyo,impulso (RSI>=70),trailing EMA 50,1001,65.218560470924,32.26773226773227,0.031700458891785945,0.12380706576418837,1.0648867532486348,0.6969014231919095,31.732159350677733,24.89769878238743,8.685314685314685,510,491,0.020158486307183178,0.04368906585338962
US2000_USD,15m,Largo,sin bias,EMA 25,cualquier apoyo,retroceso (RSI<=40),bracket 2R,247,16.092891544773455,41.29554655870445,0.011098750624720332,0.139159683449619,1.017891628941625,0.12976893121708358,2.741391404305922,23.902813483203754,5.967611336032388,134,113,0.09191417189940194,-0.08473546575410565
US2000_USD,15m,Largo,sin bias,EMA 25,cualquier apoyo,retroceso (RSI<=40),trailing EMA 50,240,15.636817695326435,31.666666666666664,0.009766240149871505,0.10531966385344498,1.0210870160442151,0.1136549653091849,2.343897635969161,21.69853093542097,8.65,129,111,0.02791251908373008,-0.01132267861109925
US2000_USD,15m,Largo,sin bias,EMA 25,cualquier apoyo,impulso + retroceso,bracket 2R,174,11.336692829111666,40.804597701149426,-0.023165079990117476,0.10130880023197221,0.962882310597922,-0.23065832488147653,-4.030723918280441,16.35394765612537,6.471264367816092,89,85,-0.026702450653706408,-0.019461244824712565
US2000_USD,15m,Largo,sin bias,EMA 25,cualquier apoyo,impulso + retroceso,trailing EMA 50,171,11.141232607920085,32.16374269005848,0.009929890992361624,0.10304462148311665,1.0214615526403494,0.0971065558794972,1.6980113596938375,19.12363224782636,8.789473684210526,88,83,-0.07298836963159792,0.09784322755752355
US2000_USD,15m,Largo,sin bias,EMA 50,primer apoyo,ninguna,bracket 2R,712,46.38922582946842,38.764044943820224,-0.0707670359649357,0.0634959445821946,0.894780967799699,-1.4007243950102943,-50.38612960703422,60.82617911674911,5.042134831460674,372,340,-0.08291604308274614,-0.05747459288309611
US2000_USD,15m,Largo,sin bias,EMA 50,primer apoyo,ninguna,trailing EMA 50,712,46.38922582946842,25.42134831460674,-0.036286247321918784,0.06438291041643138,0.9317919087198209,-0.6284277743965717,-25.83580809320617,34.39517949993314,8.01685393258427,373,339,-0.05568915266451376,-0.014937327874166777
US2000_USD,15m,Largo,sin bias,EMA 50,primer apoyo,impulso (RSI>=70),bracket 2R,459,29.905413842311805,39.651416122004356,-0.03638481787383,0.09686603306684244,0.9456717502772123,-0.5673651678171802,-16.70063140408797,24.05724810714787,4.971677559912854,232,227,-0.04916275430171827,-0.023325429101715138
US2000_USD,15m,Largo,sin bias,EMA 50,primer apoyo,impulso (RSI>=70),trailing EMA 50,459,29.905413842311805,26.361655773420477,-0.0455707574579429,0.05436738074756139,0.914412655575701,-0.6702458305620907,-20.91697767319579,40.58638542715075,8.30718954248366,232,227,-0.1527342735613338,0.0639531885155667
US2000_USD,15m,Largo,sin bias,EMA 50,primer apoyo,retroceso (RSI<=40),bracket 2R,159,10.359391723153763,44.65408805031446,0.11184526345282529,0.2476135792036668,1.1771497233350172,0.9828578923392431,17.78339688899922,16.01691386076525,5.012578616352202,83,76,0.12508892874147023,0.09738178688759452
US2000_USD,15m,Largo,sin bias,EMA 50,primer apoyo,retroceso (RSI<=40),trailing EMA 50,159,10.359391723153763,33.9622641509434,0.028680416312927635,0.13050665312605883,1.0571905970909758,0.24905493639898318,4.560186193755494,16.955512047400624,9.264150943396226,83,76,-0.06076679417327505,0.12636618565970162
US2000_USD,15m,Largo,sin bias,EMA 50,primer apoyo,impulso + retroceso,bracket 2R,120,7.818408847663218,45.83333333333333,0.13904635101072588,0.27101909946969227,1.2262014685515648,1.0641735416429157,16.685562121287106,8.804755334410451,5.65,61,59,0.13102300888476803,0.14734167083586874
US2000_USD,15m,Largo,sin bias,EMA 50,primer apoyo,impulso + retroceso,trailing EMA 50,120,7.818408847663218,33.33333333333333,0.0650197115189994,0.1639992728632242,1.1321400784366307,0.4799245215900382,7.802365382279929,16.190736146966863,9.35,61,59,-0.1291887811790923,0.2658115429526196
US2000_USD,15m,Largo,sin bias,EMA 50,cualquier apoyo,ninguna,bracket 2R,1231,80.20384409561184,38.8302193338749,-0.07842208913782046,0.04992567879953944,0.87966557169501,-2.100137577468265,-96.53759172865699,105.01986211649847,5.674248578391552,662,569,-0.048537809622551234,-0.11319079395171892
US2000_USD,15m,Largo,sin bias,EMA 50,cualquier apoyo,ninguna,trailing EMA 50,1356,88.34801997859435,26.40117994100295,-0.03182867105085289,0.06077971476569166,0.9308454897176952,-0.8803160520708679,-43.15967794495651,66.52707253224372,7.428466076696165,729,627,0.0047310794944121805,-0.07433594082357736
US2000_USD,15m,Largo,sin bias,EMA 50,cualquier apoyo,impulso (RSI>=70),bracket 2R,833,54.272788084195504,40.45618247298919,-0.024389194809338738,0.10265264529063671,0.9615241880774968,-0.5290532580715913,-20.31619927617917,35.02077470461771,5.749099639855943,437,396,-0.004073447428692513,-0.04680834027737509
US2000_USD,15m,Largo,sin bias,EMA 50,cualquier apoyo,impulso (RSI>=70),trailing EMA 50,916,59.6805208704959,28.16593886462882,-0.0015984553056543006,0.09046812193171863,0.996465150290223,-0.03704064874867328,-1.4641850599793393,25.276841573306708,7.743449781659389,480,436,0.007884850166357005,-0.012038791605116303
US2000_USD,15m,Largo,sin bias,EMA 50,cualquier apoyo,retroceso (RSI<=40),bracket 2R,277,18.04749375668926,42.238267148014444,0.017036610076294763,0.14670929304986932,1.0272608555287206,0.20961235254954286,4.719140991133649,20.89777557658438,5.855595667870036,151,126,0.07775337020343714,-0.05572712626655054
US2000_USD,15m,Largo,sin bias,EMA 50,cualquier apoyo,retroceso (RSI<=40),trailing EMA 50,273,17.78688012843382,30.76923076923077,-0.013092220704073891,0.08366927053812906,0.971867554827504,-0.16478167795854015,-3.5741762522121725,25.99176927709251,8.336996336996338,148,125,-0.004268320618454109,-0.023539718405447684
US2000_USD,15m,Largo,sin bias,EMA 50,cualquier apoyo,impulso + retroceso,bracket 2R,207,13.48675526221905,43.47826086956522,0.04201582004377621,0.16858507389044225,1.069070427917453,0.44775153389349054,8.697274749061675,13.51046633905087,6.260869565217392,109,98,0.032960579606983294,0.05208746501939278
US2000_USD,15m,Largo,sin bias,EMA 50,cualquier apoyo,impulso + retroceso,trailing EMA 50,203,13.226141633963609,31.527093596059114,0.012993097950710547,0.1078285762560447,1.028033933150923,0.13842002117902438,2.637598883994241,22.365844361563962,8.47783251231527,107,96,-0.06372927064061033,0.09850657127645364
US2000_USD,15m,Largo,bias diario,EMA 25,primer apoyo,ninguna,bracket 2R,497,32.38124331073849,38.028169014084504,-0.10120048689662854,0.03869049502986614,0.8491572908086958,-1.7147671991837732,-50.29664198762438,60.55648510556496,5.086519114688128,215,282,-0.09298300604600544,-0.10746558754515322
US2000_USD,15m,Largo,bias diario,EMA 25,primer apoyo,ninguna,trailing EMA 50,498,32.44639671780235,31.32530120481928,-0.026593115610743876,0.07825900675250144,0.9520499028138576,-0.38148272771234815,-13.24337157415045,32.765523461868256,8.88152610441767,216,282,-0.01414373990281644,-0.036128807642347875
US2000_USD,15m,Largo,bias diario,EMA 25,primer apoyo,impulso (RSI>=70),bracket 2R,325,21.17485729575455,41.23076923076923,-0.02764711599974199,0.10954785666843066,0.9570315999952006,-0.37055368860750865,-8.985312699916147,26.383037222766973,5.369230769230769,141,184,-0.1034042048563324,0.030405870569710423
US2000_USD,15m,Largo,bias diario,EMA 25,primer apoyo,impulso (RSI>=70),trailing EMA 50,325,21.17485729575455,33.53846153846154,-0.0018842881268347448,0.10101194137429471,0.9965550509412421,-0.02257215142451026,-0.612393641221292,33.2683099343342,9.593846153846155,141,184,-0.12590853540523533,0.09315603179846137
US2000_USD,15m,Largo,bias diario,EMA 25,primer apoyo,retroceso (RSI<=40),bracket 2R,91,5.928960042811274,43.956043956043956,0.1219965755052328,0.2572255773973584,1.1958150781363384,0.8125616014942139,11.101688370976184,12.875973744220092,5.34065934065934,41,50,0.03060950124124876,0.19693397640169968
US2000_USD,15m,Largo,bias diario,EMA 25,primer apoyo,retroceso (RSI<=40),trailing EMA 50,91,5.928960042811274,38.46153846153847,0.07283741500645152,0.17425916642554573,1.1522735696736102,0.5102422450535268,6.628204765587089,10.531603779913716,10.54945054945055,41,50,-0.05504626745164269,0.17770203462208875
US2000_USD,15m,Largo,bias diario,EMA 25,primer apoyo,impulso + retroceso,bracket 2R,70,4.56073849447021,42.857142857142854,0.07712626044534221,0.20582182204513982,1.1229120537717665,0.45870869792593755,5.398838231173954,10.156920521920647,6.1,31,39,-0.06280361238826232,0.18835256962077138
US2000_USD,15m,Largo,bias diario,EMA 25,primer apoyo,impulso + retroceso,trailing EMA 50,70,4.56073849447021,37.142857142857146,0.11846038311467007,0.21498205431451825,1.2633658836790045,0.7016992024787571,8.292226818026904,7.709280237242035,10.385714285714286,31,39,-0.10487120864526006,0.2959803663084607
US2000_USD,15m,Largo,bias diario,EMA 25,cualquier apoyo,ninguna,bracket 2R,890,57.98653228683553,38.651685393258425,-0.11131084489160104,0.021973068729565243,0.8275001844603906,-2.616889933170662,-99.06665195352493,102.47560563348972,5.9337078651685395,398,492,-0.13102906438967973,-0.09535992749274876
US2000_USD,15m,Largo,bias diario,EMA 25,cualquier apoyo,ninguna,trailing EMA 50,873,56.87892436674991,30.240549828178693,-0.05387555450981731,0.04530539402624225,0.8899504851671127,-1.1881385608528383,-47.033359087070515,60.557946632718114,8.232531500572737,392,481,-0.03989582812028737,-0.06526859555908081
US2000_USD,15m,Largo,bias diario,EMA 25,cualquier apoyo,impulso (RSI>=70),bracket 2R,620,40.39511237959329,40.96774193548387,-0.05337248505479009,0.07887362929368807,0.9135736811640548,-1.0354331729916155,-33.09094073396986,53.70101029179582,6.183870967741935,290,330,-0.15344652732435357,0.03457137027300814
US2000_USD,15m,Largo,bias diario,EMA 25,cualquier apoyo,impulso (RSI>=70),trailing EMA 50,606,39.48296468069925,32.67326732673268,-0.02482088354681555,0.07382377794447206,0.9480756941041604,-0.46639100199291483,-15.041455429370224,49.19569853593938,8.6996699669967,284,322,-0.10448570905788118,0.04544250292878272
US2000_USD,15m,Largo,bias diario,EMA 25,cualquier apoyo,retroceso (RSI<=40),bracket 2R,150,9.773011059579021,40.666666666666664,-0.028029617785980617,0.10543608192135011,0.9566583450998752,-0.2552814744383391,-4.2044426678970925,23.447903741955585,6.286666666666667,69,81,-0.025270186583977748,-0.030380244365464507
US2000_USD,15m,Largo,bias diario,EMA 25,cualquier apoyo,retroceso (RSI<=40),trailing EMA 50,147,9.577550838387442,31.292517006802722,-0.04868028557562273,0.05075171456809081,0.8987680828856758,-0.48060394409258606,-7.156001979616541,16.646324608972417,9.061224489795919,67,80,-0.1026865922300522,-0.003450003752538
US2000_USD,15m,Largo,bias diario,EMA 25,cualquier apoyo,impulso + retroceso,bracket 2R,114,7.427488405280057,38.59649122807017,-0.09451845264603491,0.03591543464996714,0.8569662191808307,-0.7690518651709056,-10.775103601647979,16.793142327976614,6.771929824561403,52,62,-0.20196633379828158,-0.004400874905440839
US2000_USD,15m,Largo,bias diario,EMA 25,cualquier apoyo,impulso + retroceso,trailing EMA 50,112,7.297181591152336,31.25,-0.018575417320954888,0.07864208899739997,0.9603440565963491,-0.15280139104726725,-2.0804467399469475,15.492312543618402,9.026785714285714,51,61,-0.16753063206950614,0.10596090976389937
US2000_USD,15m,Largo,bias diario,EMA 50,primer apoyo,ninguna,bracket 2R,449,29.253879771673205,40.089086859688194,-0.062086846904564404,0.08218430282453114,0.9058796842750468,-0.984692965294408,-27.876994260149417,36.51486075163257,5.048997772828508,205,244,-0.07993053561809736,-0.04709522319032567
US2000_USD,15m,Largo,bias diario,EMA 50,primer apoyo,ninguna,trailing EMA 50,448,29.188726364609344,25.669642857142854,-0.03632717222114218,0.07195679116029462,0.9318866609258558,-0.4923969674896327,-16.274573155071696,33.05857968135851,8.118303571428571,205,243,-0.05577699494740739,-0.019918885559066627
US2000_USD,15m,Largo,bias diario,EMA 50,primer apoyo,impulso (RSI>=70),bracket 2R,296,19.285408490902604,41.55405405405405,-0.013522174089697029,0.13088119949734203,0.9792323321366223,-0.17040340769890555,-4.00256353055032,24.014960755197503,5.016891891891892,137,159,-0.05201472589724124,0.019644364260199547
US2000_USD,15m,Largo,bias diario,EMA 50,primer apoyo,impulso (RSI>=70),trailing EMA 50,296,19.285408490902604,26.68918918918919,-0.017830976620000293,0.09047155357027899,0.9662918028404451,-0.2040828527856224,-5.277969079520087,34.64413794819032,8.408783783783784,137,159,-0.16137422716855576,0.10585094366397514
US2000_USD,15m,Largo,bias diario,EMA 50,primer apoyo,retroceso (RSI<=40),bracket 2R,104,6.7759543346414555,45.19230769230769,0.12870641365145855,0.2694588375570892,1.205469297317025,0.9108780167996487,13.385467019751689,14.240909579037796,5.211538461538462,48,56,0.16403077477909814,0.09842838982776746
US2000_USD,15m,Largo,bias diario,EMA 50,primer apoyo,retroceso (RSI<=40),trailing EMA 50,104,6.7759543346414555,32.69230769230769,-0.037525443797757456,0.06803887413146555,0.9287895549965951,-0.27523659663724304,-3.9026461549667752,13.787957710468795,9.35576923076923,48,56,-0.17298406510685727,0.07858194589575669
US2000_USD,15m,Largo,bias diario,EMA 50,primer apoyo,impulso + retroceso,bracket 2R,83,5.407732786300392,44.57831325301205,0.09103347440370357,0.22920143501129472,1.1442589031580055,0.5838743230839698,7.555778375507397,10.41679830114358,6.0120481927710845,40,43,0.1308701990419382,0.05397605613557838
US2000_USD,15m,Largo,bias diario,EMA 50,primer apoyo,impulso + retroceso,trailing EMA 50,83,5.407732786300392,31.32530120481928,0.014199325150737435,0.11782529560643085,1.0281538225288007,0.08888730619750809,1.1785439875112071,11.07582671426784,9.228915662650602,40,43,-0.16803118890207513,0.18371608240916779
US2000_USD,15m,Largo,bias diario,EMA 50,cualquier apoyo,ninguna,bracket 2R,739,48.14836782019265,39.918809201623816,-0.0748256591931298,0.061822300705925225,0.8832728871253676,-1.5680565373707656,-55.29616214372293,72.25348666907367,5.7023004059539915,345,394,-0.04107009407739545,-0.10438319717518148
US2000_USD,15m,Largo,bias diario,EMA 50,cualquier apoyo,ninguna,trailing EMA 50,804,52.38333927934356,26.865671641791046,-0.053959553377757305,0.0455083989200471,0.8840174073797449,-1.1720712975824206,-43.38348091571687,58.86160379709234,7.603233830845771,379,425,-0.023602930936576876,-0.08103051786059819
US2000_USD,15m,Largo,bias diario,EMA 50,cualquier apoyo,impulso (RSI>=70),bracket 2R,508,33.097930788440955,41.732283464566926,-0.017710734034431592,0.11837962886671714,0.9714566148805706,-0.30323897346938594,-8.997052889491249,27.774226747852985,5.769685039370079,245,263,-0.03378281961192734,-0.0027386391048252797
US2000_USD,15m,Largo,bias diario,EMA 50,cualquier apoyo,impulso (RSI>=70),trailing EMA 50,559,36.42075454869782,28.622540250447226,-0.02444004676046924,0.07478747743182916,0.9463748110653393,-0.4560946588714067,-13.661986139102305,37.92641696944021,7.831842576028622,269,290,-0.05940779982720108,0.007995558670395756
US2000_USD,15m,Largo,bias diario,EMA 50,cualquier apoyo,retroceso (RSI<=40),bracket 2R,168,10.945772386728505,44.047619047619044,0.05522115848454262,0.19087757116893017,1.0894408489989613,0.5218392402603067,9.27715462540316,12.92268355706316,5.910714285714286,82,86,0.09492893555767837,0.017360254763645753
US2000_USD,15m,Largo,bias diario,EMA 50,cualquier apoyo,retroceso (RSI<=40),trailing EMA 50,165,10.750312165536924,32.121212121212125,-0.050257363819130804,0.05126941941378995,0.897600294242204,-0.5100073406080444,-8.292465030156583,14.904221782468092,8.787878787878787,80,85,-0.10263415383260732,-0.0009615614535058547
US2000_USD,15m,Largo,bias diario,EMA 50,cualquier apoyo,impulso + retroceso,bracket 2R,133,8.6654031394934,44.3609022556391,0.049760136292151334,0.18326131259786296,1.0812662528434869,0.42191539384163906,6.618098126856127,9.531223662143034,6.37593984962406,65,68,0.04324914891272404,0.05598387422836854
US2000_USD,15m,Largo,bias diario,EMA 50,cualquier apoyo,impulso + retroceso,trailing EMA 50,130,8.469942918301818,32.30769230769231,-0.005475570589808656,0.09433945688475932,0.9884430816083059,-0.04713609386706926,-0.7118241766751252,12.647570241406221,8.76923076923077,63,67,-0.11244800305875434,0.09511044800039398
US2000_USD,15m,Corto,sin bias,EMA 25,primer apoyo,ninguna,bracket 2R,765,49.84235640385301,34.90196078431372,-0.13741028577509662,-0.02160841498235785,0.7971274252895271,-2.9342742988288513,-105.11886861794892,125.0067442712431,4.597385620915032,374,391,-0.16875784679856204,-0.1074256621874341
US2000_USD,15m,Corto,sin bias,EMA 25,primer apoyo,ninguna,trailing EMA 50,764,49.77720299678915,27.094240837696336,-0.039845204871808676,0.04693738298863601,0.9289980740545871,-0.6719846180097173,-30.441736522061827,92.82439738099326,8.094240837696335,375,389,-0.11747574754197528,0.034991436519740134
US2000_USD,15m,Corto,sin bias,EMA 25,primer apoyo,impulso (RSI>=70),bracket 2R,521,33.94492508027113,34.74088291746641,-0.14562717202832443,-0.03318376416370468,0.7899091241314962,-2.539025633458283,-75.87175662675702,83.26928798726044,4.485604606525912,256,265,-0.1857928389742861,-0.10682562207298031
US2000_USD,15m,Corto,sin bias,EMA 25,primer apoyo,impulso (RSI>=70),trailing EMA 50,521,33.94492508027113,27.63915547024952,-0.0764670820402236,0.007865473858241209,0.8685569780364577,-1.1237190883118346,-39.83934974295649,71.83326166296096,8.35700575815739,256,265,-0.11060924085440471,-0.04348446824237316
US2000_USD,15m,Corto,sin bias,EMA 25,primer apoyo,retroceso (RSI<=40),bracket 2R,158,10.294238316089903,29.746835443037973,-0.2401025950908367,-0.12573499577966823,0.6865750961266491,-2.2702248648647445,-37.9362100243522,37.98546464814203,4.075949367088608,64,94,-0.15111345987571728,-0.3006909424713436
US2000_USD,15m,Corto,sin bias,EMA 25,primer apoyo,retroceso (RSI<=40),trailing EMA 50,158,10.294238316089903,18.9873417721519,-0.24125154177787922,-0.15547584229450287,0.6104300110190396,-2.221292302557321,-38.117743600904916,38.11774360090491,7.265822784810126,64,94,-0.2610881734819026,-0.2277457499793952
US2000_USD,15m,Corto,sin bias,EMA 25,primer apoyo,impulso + retroceso,bracket 2R,119,7.753255440599357,27.73109243697479,-0.27910906586124473,-0.16707634371086674,0.6428625677773419,-2.319570811827112,-33.21397883748812,33.21397883748814,4.168067226890757,51,68,-0.25576618836956444,-0.296616223980005
US2000_USD,15m,Corto,sin bias,EMA 25,primer apoyo,impulso + retroceso,trailing EMA 50,119,7.753255440599357,19.327731092436977,-0.23892271110904784,-0.1548981694962643,0.6054424050355381,-2.0362223177186523,-28.431802621976694,28.431802621976694,7.310924369747899,51,68,-0.33846202657911945,-0.1642682245064941
US2000_USD,15m,Corto,sin bias,EMA 25,cualquier apoyo,ninguna,bracket 2R,1431,93.23452550838387,35.84905660377358,-0.1172122335626927,-0.007498921066093716,0.8238400730100651,-3.4225322779127754,-167.73070622821325,189.0466577118011,5.209643605870021,727,704,-0.1654739553447958,-0.06737377939282205
US2000_USD,15m,Corto,sin bias,EMA 25,cualquier apoyo,ninguna,trailing EMA 50,1393,90.75869603995719,25.628140703517587,-0.08730452289659787,-0.005649860878269161,0.8288819050035587,-2.3431631264391934,-121.61520039496084,159.6107972256003,7.51543431442929,705,688,-0.1409635094079798,-0.03231966026502189
US2000_USD,15m,Corto,sin bias,EMA 25,cualquier apoyo,impulso (RSI>=70),bracket 2R,1071,69.77929896539422,36.04108309990663,-0.11472748836004047,-0.008914373114054396,0.8285044597061895,-2.8848626139707236,-122.87314003360335,128.31094761407203,5.258636788048553,541,530,-0.16426722568584468,-0.0641595678067196
US2000_USD,15m,Corto,sin bias,EMA 25,cualquier apoyo,impulso (RSI>=70),trailing EMA 50,1031,67.17316268283982,26.382153249272548,-0.11431139197883038,-0.035222134702091124,0.7792076335807813,-2.814170329378431,-117.85504513017412,129.6975489514002,7.680892337536372,527,504,-0.14641261316241513,-0.08074523411424865
US2000_USD,15m,Corto,sin bias,EMA 25,cualquier apoyo,retroceso (RSI<=40),bracket 2R,237,15.441357474134854,32.48945147679325,-0.17873997632677874,-0.06666023576157032,0.7531797092967885,-2.0739030476367692,-42.36137438944656,44.88308158910211,4.590717299578059,103,134,-0.20296932765561723,-0.16011592269341776
US2000_USD,15m,Corto,sin bias,EMA 25,cualquier apoyo,retroceso (RSI<=40),trailing EMA 50,230,14.985283624687833,20.434782608695652,-0.2190923623740592,-0.13490147828088195,0.6048136841598122,-2.6962270549269407,-50.39124334603362,51.729280206423844,7.1173913043478265,101,129,-0.23742655814629446,-0.20473768196323938
US2000_USD,15m,Corto,sin bias,EMA 25,cualquier apoyo,impulso + retroceso,bracket 2R,183,11.923073492686406,31.147540983606557,-0.2094248019042019,-0.09932655131493884,0.7165700328528883,-2.1495522307956736,-38.324738748468945,41.20674047441121,4.699453551912568,81,102,-0.29831524540111104,-0.13883533206842114
US2000_USD,15m,Corto,sin bias,EMA 25,cualquier apoyo,impulso + retroceso,trailing EMA 50,177,11.532153050303245,20.903954802259886,-0.23893752427399695,-0.15622311028483096,0.560952123751841,-2.8369083613069885,-42.29194179649746,43.629978656887666,7.1807909604519775,80,97,-0.33936208828746056,-0.15611314158248057
US2000_USD,15m,Corto,sin bias,EMA 50,primer apoyo,ninguna,bracket 2R,667,43.45732251159472,33.28335832083958,-0.16828854551654848,-0.05166575493192194,0.7604622388700271,-3.3259185276793577,-112.24845985953785,136.72301097576604,4.4497751124437785,320,347,-0.19061134403634816,-0.14770267944641624
US2000_USD,15m,Corto,sin bias,EMA 50,primer apoyo,ninguna,trailing EMA 50,666,43.39216910453086,20.57057057057057,-0.1269980781648748,-0.03949613921873337,0.7777407200235809,-2.1725811250747715,-84.58072005780662,126.0699717755591,7.253753753753754,321,345,-0.2681886140346305,0.004370507383506644
US2000_USD,15m,Corto,sin bias,EMA 50,primer apoyo,impulso (RSI>=70),bracket 2R,453,29.514493399928647,32.22958057395143,-0.19817202056137234,-0.08678337121147588,0.7268074837063426,-3.22083282578122,-89.77192531430167,101.92281362036681,4.432671081677705,220,233,-0.24885015772932748,-0.1503214189435606
US2000_USD,15m,Corto,sin bias,EMA 50,primer apoyo,impulso (RSI>=70),trailing EMA 50,453,29.514493399928647,20.08830022075055,-0.21102816556225817,-0.12748667854983578,0.6478425090204929,-3.4661050697174405,-95.59575899970295,111.18556890686017,7.262693156732892,220,233,-0.3247550407967614,-0.10364656662839253
US2000_USD,15m,Corto,sin bias,EMA 50,primer apoyo,retroceso (RSI<=40),bracket 2R,166,10.815465572600784,27.710843373493976,-0.30748450070489936,-0.193649049630582,0.6119192931421569,-3.0544451462375672,-51.0424271170133,51.715688821575924,3.6626506024096384,69,97,-0.33936524165746373,-0.28480644786235365
US2000_USD,15m,Corto,sin bias,EMA 50,primer apoyo,retroceso (RSI<=40),trailing EMA 50,166,10.815465572600784,15.66265060240964,-0.3218966933929005,-0.23652010508716242,0.5170881482155867,-3.1620680531843934,-53.43485110322148,53.49196642842778,6.945783132530121,69,97,-0.43762486592344657,-0.23957459128354308
US2000_USD,15m,Corto,sin bias,EMA 50,primer apoyo,impulso + retroceso,bracket 2R,129,8.40478951123796,27.906976744186046,-0.3047351875435936,-0.19492823440834356,0.6109754877791017,-2.6913815945213826,-39.31083919312357,39.9841008976862,3.8449612403100777,54,75,-0.39666313142473253,-0.2385470679491735
US2000_USD,15m,Corto,sin bias,EMA 50,primer apoyo,impulso + retroceso,trailing EMA 50,129,8.40478951123796,16.27906976744186,-0.3365351848085672,-0.2541799699571297,0.48799501145866964,-3.1796841351755813,-43.41303884030517,43.47015416551145,6.945736434108527,54,75,-0.5253749601382927,-0.20057054657116483
US2000_USD,15m,Corto,sin bias,EMA 50,cualquier apoyo,ninguna,bracket 2R,1112,72.45058865501248,34.71223021582734,-0.1382904396714706,-0.027212451281946597,0.7975659622250311,-3.537981674656094,-153.7789689146753,176.72641674128192,5.112410071942446,559,553,-0.16940396593306845,-0.10683933446309227
US2000_USD,15m,Corto,sin bias,EMA 50,cualquier apoyo,ninguna,trailing EMA 50,1226,79.87807706029254,21.778140293637847,-0.09270522909619487,-0.01228301098636576,0.8078058254879834,-2.4637292906203143,-113.65661087193492,149.55646377348336,6.801794453507341,603,623,-0.16326199514567516,-0.02441352776740419
US2000_USD,15m,Corto,sin bias,EMA 50,cualquier apoyo,impulso (RSI>=70),bracket 2R,793,51.666651801641095,34.42622950819672,-0.15064495752964108,-0.04533226372143199,0.7826933994631203,-3.2529991447862283,-119.46145132100537,127.4950107175838,5.264817150063052,394,399,-0.18796014683761758,-0.1137973771102357
US2000_USD,15m,Corto,sin bias,EMA 50,cualquier apoyo,impulso (RSI>=70),trailing EMA 50,888,57.85622547270781,21.396396396396398,-0.13389016647373717,-0.05735249879564474,0.7269578204553401,-3.3705175501476594,-118.89446782867861,131.20690767945752,6.788288288288288,434,454,-0.19417745222950425,-0.07625870828430345
US2000_USD,15m,Corto,sin bias,EMA 50,cualquier apoyo,retroceso (RSI<=40),bracket 2R,247,16.092891544773455,31.57894736842105,-0.2187555698660232,-0.10881955360400158,0.7036697071459461,-2.635102410521885,-54.032625756907734,57.33742437172752,4.627530364372469,109,138,-0.24364822088461638,-0.19909398319191698
US2000_USD,15m,Corto,sin bias,EMA 50,cualquier apoyo,retroceso (RSI<=40),trailing EMA 50,243,15.832277916518015,16.46090534979424,-0.26128593112465637,-0.17934029051059275,0.5526730908508565,-3.3154874272260444,-63.492481263291495,64.79211626947678,6.9753086419753085,107,136,-0.28465694956505927,-0.24289843867522176
US2000_USD,15m,Corto,sin bias,EMA 50,cualquier apoyo,impulso + retroceso,bracket 2R,193,12.574607563325008,30.569948186528496,-0.25694724713116723,-0.1507724342360485,0.6574123383684316,-2.786611317612333,-49.590818696315274,52.2313747448215,4.901554404145077,85,108,-0.3925303281876313,-0.15023834074413533
US2000_USD,15m,Corto,sin bias,EMA 50,cualquier apoyo,impulso + retroceso,trailing EMA 50,191,12.444300749197287,16.230366492146597,-0.2813091957285372,-0.20233578955064022,0.5116683457028915,-3.452856435499024,-53.7300563841506,54.50138205941878,6.890052356020942,84,107,-0.4045225388184624,-0.1845809637700913
US2000_USD,15m,Corto,bias diario,EMA 25,primer apoyo,ninguna,bracket 2R,158,10.294238316089903,31.645569620253166,-0.19406967785311238,-0.1034798767391803,0.7293918899268653,-1.8676863013272127,-30.663009100791754,37.9852163381657,5.037974683544304,94,64,-0.2805463949159909,-0.06705699966700943
US2000_USD,15m,Corto,bias diario,EMA 25,primer apoyo,ninguna,trailing EMA 50,160,10.424545130217624,26.25,0.0517174854273616,0.11924395667547097,1.0953134586116415,0.39462842180645413,8.274797668377856,14.66601659478849,8.90625,95,65,-0.007961244772228196,0.13894024494983903
US2000_USD,15m,Corto,bias diario,EMA 25,primer apoyo,impulso (RSI>=70),bracket 2R,116,7.557795219407777,32.758620689655174,-0.1623682423445775,-0.07477120676493108,0.7708873255251389,-1.3173776471052006,-18.83471611197099,25.889082838034913,4.905172413793103,68,48,-0.2257199705375148,-0.07261996073791634
US2000_USD,15m,Corto,bias diario,EMA 25,primer apoyo,impulso (RSI>=70),trailing EMA 50,116,7.557795219407777,26.72413793103448,0.01726903161847165,0.08296680830320645,1.0310229059757747,0.11715045788615376,2.0032076677427115,10.233489638208113,9.60344827586207,68,48,-0.04716694514053931,0.10855333202707047
US2000_USD,15m,Corto,bias diario,EMA 25,primer apoyo,retroceso (RSI<=40),bracket 2R,24,1.5636817695326435,20.833333333333336,-0.41201658643038086,-0.31830709270550733,0.4859445491602974,-1.6645457802207189,-9.88839807432914,15.964402127637058,5.75,13,11,-0.11795184992437947,-0.7595476386647462
US2000_USD,15m,Corto,bias diario,EMA 25,primer apoyo,retroceso (RSI<=40),trailing EMA 50,24,1.5636817695326435,12.5,-0.10640564970282478,-0.036123529409169595,0.8473994297734786,-0.26686637548536274,-2.5537355928677945,11.064361938153905,8.75,13,11,-0.10422464197182475,-0.10898320429400671
US2000_USD,15m,Corto,bias diario,EMA 25,primer apoyo,impulso + retroceso,bracket 2R,21,1.3682215483410631,19.047619047619047,-0.4560710113432197,-0.36377953452058,0.4367585538191933,-1.7873635648922308,-9.577491238207614,15.653495291515531,5.428571428571429,12,9,-0.03593329499572958,-1.0162546331398734
US2000_USD,15m,Corto,bias diario,EMA 25,primer apoyo,impulso + retroceso,trailing EMA 50,21,1.3682215483410631,9.523809523809524,-0.3538143457956948,-0.284595738178715,0.5071265564915659,-1.1302297227777716,-7.430101261709591,13.116957299945623,8.476190476190476,12,9,-0.06603747276777837,-0.7375168431662501
US2000_USD,15m,Corto,bias diario,EMA 25,cualquier apoyo,ninguna,bracket 2R,295,19.220255083838744,35.59322033898305,-0.09117492203966705,-0.0036528021479850835,0.8633608977425168,-1.1832152971809002,-26.89660200170178,47.45256510056274,5.627118644067797,185,110,-0.23563477845949365,0.15178029103004137
US2000_USD,15m,Corto,bias diario,EMA 25,cualquier apoyo,ninguna,trailing EMA 50,293,19.089948269711023,25.597269624573375,-0.04050843600817229,0.023288546274372154,0.9174718720957842,-0.5097279047138358,-11.868971750394481,27.118104341127506,8.0,189,104,-0.11077059080819383,0.08717951838802064
US2000_USD,15m,Corto,bias diario,EMA 25,cualquier apoyo,impulso (RSI>=70),bracket 2R,227,14.789823403496253,37.44493392070485,-0.04003082673689556,0.04373199920204729,0.9380505475717882,-0.4505401304233612,-9.086997669275291,29.44921832111767,5.722466960352423,139,88,-0.18293109811597802,0.18568664737324614
US2000_USD,15m,Corto,bias diario,EMA 25,cualquier apoyo,impulso (RSI>=70),trailing EMA 50,220,14.333749554049232,26.36363636363636,-0.05211240975732748,0.00847743396329193,0.893279698182301,-0.5957549109229879,-11.464730146612045,23.950235331054962,8.418181818181818,138,82,-0.11952961487206269,0.06134581348454395
US2000_USD,15m,Corto,bias diario,EMA 25,cualquier apoyo,retroceso (RSI<=40),bracket 2R,44,2.8667499108098466,27.27272727272727,-0.22429323314398542,-0.13661634380361723,0.6909356602487237,-1.145801762696428,-9.868902258335359,16.29694871115553,5.818181818181818,26,18,-0.3735393501335342,-0.008715508603526026
US2000_USD,15m,Corto,bias diario,EMA 25,cualquier apoyo,retroceso (RSI<=40),trailing EMA 50,44,2.8667499108098466,20.454545454545457,-0.06136356965944236,0.004394097345833769,0.8861731678744266,-0.2636289727979958,-2.699997065015464,12.733506304597718,8.545454545454545,26,18,-0.2048077211655168,0.14583353807155408
US2000_USD,15m,Corto,bias diario,EMA 25,cualquier apoyo,impulso + retroceso,bracket 2R,35,2.280369247235105,25.71428571428571,-0.2504638178801432,-0.16693486969767357,0.6614507463503829,-1.1391860101567974,-8.766233625805013,12.319097432207563,5.457142857142857,20,15,-0.2949980126738111,-0.19108489148858604
US2000_USD,15m,Corto,bias diario,EMA 25,cualquier apoyo,impulso + retroceso,trailing EMA 50,35,2.280369247235105,17.142857142857142,-0.23576196998283236,-0.17311525884598009,0.5869303097365597,-1.141187425839758,-8.251668949399132,13.642705115887772,8.628571428571428,20,15,-0.17503551683681667,-0.3167305741775198
US2000_USD,15m,Corto,bias diario,EMA 50,primer apoyo,ninguna,bracket 2R,142,9.251783803068141,32.3943661971831,-0.17217774423011112,-0.08465436421491969,0.7543764255949899,-1.5703796173999571,-24.449239680675777,42.53763960453762,4.570422535211268,90,52,-0.3224233363182774,0.08786270361479219
US2000_USD,15m,Corto,bias diario,EMA 50,primer apoyo,ninguna,trailing EMA 50,142,9.251783803068141,19.718309859154928,-0.09748320015299147,-0.03203470223400961,0.8237384457551222,-0.7787779579620459,-13.84261442172479,21.03005747712743,7.514084507042254,90,52,-0.18646350409800805,0.05652117205953719
US2000_USD,15m,Corto,bias diario,EMA 50,primer apoyo,impulso (RSI>=70),bracket 2R,107,6.971414555833036,31.775700934579437,-0.1905477678747286,-0.10688705434249661,0.7310611573024083,-1.5173135862538971,-20.38861116259596,34.76404477429294,4.392523364485982,68,39,-0.31259000210867516,0.022243820020357623
US2000_USD,15m,Corto,bias diario,EMA 50,primer apoyo,impulso (RSI>=70),trailing EMA 50,107,6.971414555833036,18.69158878504673,-0.2028097318417901,-0.14006419669261608,0.6460324725492761,-1.6489089824794665,-21.700641307071542,28.523916081726192,7.598130841121495,68,39,-0.29073909645942975,-0.04949699353411066
US2000_USD,15m,Corto,bias diario,EMA 50,primer apoyo,retroceso (RSI<=40),bracket 2R,31,2.0197556189796644,25.806451612903224,-0.3543236476189142,-0.2697306949763838,0.5381479231736225,-1.63344176795175,-10.984033076186341,14.809923993564123,4.32258064516129,17,14,-0.4605701053328629,-0.22531009182340503
US2000_USD,15m,Corto,bias diario,EMA 50,primer apoyo,retroceso (RSI<=40),trailing EMA 50,31,2.0197556189796644,9.67741935483871,-0.3516032747787409,-0.28815856029684317,0.49766679303501704,-1.261090025036772,-10.899701518140969,14.591502744829823,7.129032258064516,17,14,-0.6102382432674152,-0.0375465273282078
US2000_USD,15m,Corto,bias diario,EMA 50,primer apoyo,impulso + retroceso,bracket 2R,26,1.6939885836603639,26.923076923076923,-0.32468773740184825,-0.24467890554876573,0.5630387050948084,-1.3750736550829337,-8.441881172448054,13.565584332193794,4.576923076923077,14,12,-0.3211623009981238,-0.3288007465395268
US2000_USD,15m,Corto,bias diario,EMA 50,primer apoyo,impulso + retroceso,trailing EMA 50,26,1.6939885836603639,7.6923076923076925,-0.5339436712239609,-0.4739370473341492,0.23490774424164995,-2.8625094315780153,-13.882535451822985,15.603379312230265,7.0,14,12,-0.56557483771185,-0.4970406436547572
US2000_USD,15m,Corto,bias diario,EMA 50,cualquier apoyo,ninguna,bracket 2R,234,15.245897252943275,33.76068376068376,-0.13544043156386765,-0.05075618003829233,0.8020250914332313,-1.579383144900453,-31.69306098594503,50.975032752822,5.452991452991453,156,78,-0.25961851288992305,0.11291573108824315
US2000_USD,15m,Corto,bias diario,EMA 50,cualquier apoyo,ninguna,trailing EMA 50,255,16.614118801284338,20.392156862745097,-0.10138124504176955,-0.040382935242386724,0.7868942658279034,-1.2849845940746252,-25.852217485651238,35.35119451440566,6.901960784313726,163,92,-0.17963895464945742,0.037271001328373056
US2000_USD,15m,Corto,bias diario,EMA 50,cualquier apoyo,impulso (RSI>=70),bracket 2R,181,11.792766678558687,34.25414364640884,-0.12546953871817002,-0.04488697534336092,0.8149577774908899,-1.286451140834128,-22.709986507988773,36.48680162721585,5.513812154696133,119,62,-0.23562459982273376,0.08595711082123467
US2000_USD,15m,Corto,bias diario,EMA 50,cualquier apoyo,impulso (RSI>=70),trailing EMA 50,200,13.03068141277203,19.5,-0.16061318903327768,-0.10302766922851198,0.6653498483528866,-2.0485400420897983,-32.12263780665553,41.22411206670267,6.875,126,74,-0.23965309638449778,-0.026031725164983848
US2000_USD,15m,Corto,bias diario,EMA 50,cualquier apoyo,retroceso (RSI<=40),bracket 2R,52,3.3879771673207277,28.846153846153843,-0.27056271239702323,-0.18760831605013348,0.6319032441896312,-1.56435146413721,-14.069261044645208,21.5956665298205,5.9423076923076925,31,21,-0.40155451470729797,-0.0771938613675701
US2000_USD,15m,Corto,bias diario,EMA 50,cualquier apoyo,retroceso (RSI<=40),trailing EMA 50,53,3.4531305743845877,13.20754716981132,-0.20450125987242204,-0.14458532920958703,0.6434815855683261,-1.0192276529767887,-10.838566773238368,14.785693450600673,7.283018867924528,30,23,-0.2876954771193356,-0.09598706346340424
US2000_USD,15m,Corto,bias diario,EMA 50,cualquier apoyo,impulso + retroceso,bracket 2R,44,2.8667499108098466,29.545454545454547,-0.25218562760212565,-0.17243713060605306,0.6557333680860362,-1.3193337806543601,-11.096167614493528,16.662775395191613,5.9772727272727275,26,18,-0.3746637320760709,-0.07527281002864913
US2000_USD,15m,Corto,bias diario,EMA 50,cualquier apoyo,impulso + retroceso,trailing EMA 50,45,2.9319033178737066,11.11111111111111,-0.3062568244667262,-0.24910075183401625,0.46965100707597546,-1.733655106536509,-13.781557101002678,14.552882776270872,7.333333333333333,25,20,-0.26577625067528254,-0.35685754170603073
US2000_USD,1h,Largo,sin bias,EMA 25,primer apoyo,ninguna,bracket 2R,313,20.436762602788704,34.185303514377,-0.05510694732984807,0.02329205554917326,0.922390110593601,-0.6832402125527947,-17.248474514242446,45.01816380505747,8.869009584664537,164,149,-0.027604365619417603,-0.08537824531985207
US2000_USD,1h,Largo,sin bias,EMA 25,primer apoyo,ninguna,trailing EMA 50,314,20.50205577404362,26.11464968152866,-0.12142321230482482,-0.06266912433859897,0.7970566232792816,-1.4503375240693974,-38.12688866371499,48.31222014189717,22.340764331210192,164,150,-0.16204532144237854,-0.07700970631443277
US2000_USD,1h,Largo,sin bias,EMA 25,primer apoyo,impulso (RSI>=70),bracket 2R,172,11.230425455845548,30.813953488372093,-0.164241195339293,-0.08205531273264036,0.7802481870738874,-1.561391404422817,-28.249485598358394,33.24057701223231,8.738372093023257,97,75,-0.134367739050706,-0.2028775321391989
US2000_USD,1h,Largo,sin bias,EMA 25,primer apoyo,impulso (RSI>=70),trailing EMA 50,172,11.230425455845548,21.511627906976745,-0.20306951055735104,-0.14143009860236158,0.6979540188788789,-1.7001270666603954,-34.92795581586438,46.309065673181955,23.11627906976744,97,75,-0.3302027397595735,-0.038643867455810124
US2000_USD,1h,Largo,sin bias,EMA 25,primer apoyo,retroceso (RSI<=40),bracket 2R,9,0.5876385412942439,0.0,-1.0650642230040688,-0.9999999999999988,0.0,-204.16023499256252,-9.585578007036618,9.585578007036618,6.111111111111111,5,4,-1.064094150353316,-1.0662768138175098
US2000_USD,1h,Largo,sin bias,EMA 25,primer apoyo,retroceso (RSI<=40),trailing EMA 50,9,0.5876385412942439,11.11111111111111,-0.6934553782989643,-0.644657211045912,0.0002781340300707788,-5.347991576330867,-6.241098404690678,6.241098404690678,6.666666666666667,5,4,-0.9279272902156587,-0.4003654884030964
US2000_USD,1h,Largo,sin bias,EMA 25,primer apoyo,impulso + retroceso,bracket 2R,6,0.39175902752949593,0.0,-1.0654575494750271,-0.9999999999999973,0.0,-139.28622216088942,-6.392745296850163,6.392745296850163,4.666666666666667,3,3,-1.0656972776993485,-1.0652178212507055
US2000_USD,1h,Largo,sin bias,EMA 25,primer apoyo,impulso + retroceso,trailing EMA 50,6,0.39175902752949593,0.0,-0.791836195537313,-0.7427430334310409,0.0,-5.449519249113174,-4.751017173223878,4.751017173223878,5.333333333333333,3,3,-1.049272958274518,-0.5343994328001079
US2000_USD,1h,Largo,sin bias,EMA 25,cualquier apoyo,ninguna,bracket 2R,988,64.509653199857,34.21052631578947,-0.05684233473632669,0.022895595246021,0.9198222208196262,-1.254032132548397,-56.160226719490765,115.7451196278989,10.479757085020243,537,451,-0.12090650443765909,0.019438062446856235
US2000_USD,1h,Largo,sin bias,EMA 25,cualquier apoyo,ninguna,trailing EMA 50,845,55.172729710404006,24.615384615384617,-0.0887765052448025,-0.031021122407430938,0.8265336711723821,-1.8518769905888521,-75.01614693185812,101.51126164040934,19.306508875739645,443,402,-0.17040635406239718,0.0011787759148851704
US2000_USD,1h,Largo,sin bias,EMA 25,cualquier apoyo,impulso (RSI>=70),bracket 2R,755,49.296344297461566,32.980132450331126,-0.09709722398839919,-0.0148501044205909,0.8655207078586113,-1.8948591317565848,-73.30840411124139,119.09084840727371,10.495364238410597,432,323,-0.1787294617323546,0.012082734851813605
US2000_USD,1h,Largo,sin bias,EMA 25,cualquier apoyo,impulso (RSI>=70),trailing EMA 50,627,40.93881837683232,23.125996810207337,-0.12635872066153597,-0.06598989568252271,0.7666926980286449,-2.198803703130716,-79.22691785478305,100.72617164068478,19.79585326953748,343,284,-0.23654596240305653,0.006719532568539992
US2000_USD,1h,Largo,sin bias,EMA 25,cualquier apoyo,retroceso (RSI<=40),bracket 2R,124,8.096353235609582,32.25806451612903,-0.08981433168034024,-0.01750083086045694,0.8740665249363913,-0.7115703233146208,-11.13697712836219,17.41836910422471,12.653225806451612,69,55,-0.07057037210516216,-0.11395675369283635
US2000_USD,1h,Largo,sin bias,EMA 25,cualquier apoyo,retroceso (RSI<=40),trailing EMA 50,124,8.096353235609582,25.806451612903224,-0.1261580185657153,-0.07191861464426187,0.7198444249674155,-1.247771580133702,-15.643594302148697,16.656545955846322,17.169354838709676,69,55,-0.07864517170621428,-0.1857650446258166
US2000_USD,1h,Largo,sin bias,EMA 25,cualquier apoyo,impulso + retroceso,bracket 2R,101,6.594610296746515,32.67326732673268,-0.07904571252451734,-0.004336345229417002,0.8881716378669479,-0.5651854927916661,-7.983616964976251,13.887241402839855,12.485148514851485,58,43,-0.036222573778615416,-0.136807155484106
US2000_USD,1h,Largo,sin bias,EMA 25,cualquier apoyo,impulso + retroceso,trailing EMA 50,101,6.594610296746515,25.742574257425744,-0.126604702485336,-0.07056742443964363,0.7153263466635943,-1.148770107430427,-12.787074951018937,13.143920668378998,17.10891089108911,58,43,-0.0750895174411768,-0.19609030091699262
US2000_USD,1h,Largo,sin bias,EMA 50,primer apoyo,ninguna,bracket 2R,300,19.587951376474795,33.666666666666664,-0.0645256164668874,0.011791456585681672,0.9102039627075804,-0.7765516413002453,-19.35768494006622,29.048147330016352,9.14,161,139,-0.10067821385981743,-0.02265102524198289
US2000_USD,1h,Largo,sin bias,EMA 50,primer apoyo,ninguna,trailing EMA 50,299,19.52265820521988,25.08361204013378,-0.09570774307406055,-0.03854960405060376,0.7990823741964252,-1.2968643825495667,-28.6166151791441,33.98079934376992,16.193979933110366,160,139,-0.16347154603560923,-0.01770624326220595
US2000_USD,1h,Largo,sin bias,EMA 50,primer apoyo,impulso (RSI>=70),bracket 2R,175,11.426304969610298,32.0,-0.11571956158689269,-0.0358426428786622,0.8439775590826665,-1.0657588692203308,-20.25092327770622,31.791317034817673,9.234285714285715,102,73,-0.1495889333382869,-0.06839523393425974
US2000_USD,1h,Largo,sin bias,EMA 50,primer apoyo,impulso (RSI>=70),trailing EMA 50,175,11.426304969610298,23.42857142857143,-0.10887106298895965,-0.04896337395778682,0.7654484311084552,-1.1216626831593777,-19.05243602306794,29.768480752825283,15.342857142857143,102,73,-0.19978252636709035,0.01815591323801753
US2000_USD,1h,Largo,sin bias,EMA 50,primer apoyo,retroceso (RSI<=40),bracket 2R,55,3.591124419020379,32.72727272727273,-0.08955031846874353,-0.013311493791374094,0.8759271873188421,-0.4664814090446041,-4.925267515780894,8.578234777512494,11.363636363636363,27,28,-0.08930800309969411,-0.08978397971746979
US2000_USD,1h,Largo,sin bias,EMA 50,primer apoyo,retroceso (RSI<=40),trailing EMA 50,55,3.591124419020379,23.636363636363637,-0.22617422097404416,-0.16899510246601704,0.46986308129925664,-2.151029063862734,-12.43958215357243,12.439582153572433,12.89090909090909,27,28,-0.30591369331297485,-0.14928258693293253
US2000_USD,1h,Largo,sin bias,EMA 50,primer apoyo,impulso + retroceso,bracket 2R,45,2.938192706471219,31.11111111111111,-0.14699699348169876,-0.06666666666666782,0.8014802870519366,-0.7060684220729724,-6.614864706676444,8.956877965637199,10.933333333333334,24,21,-0.09277392556992205,-0.20896621395230067
US2000_USD,1h,Largo,sin bias,EMA 50,primer apoyo,impulso + retroceso,trailing EMA 50,45,2.938192706471219,24.444444444444443,-0.23206288623746313,-0.17181514112618995,0.46325927093212166,-1.9411079221575411,-10.44282988068584,10.442829880685839,12.733333333333333,24,21,-0.31336918553410936,-0.1391414013270103
US2000_USD,1h,Largo,sin bias,EMA 50,cualquier apoyo,ninguna,bracket 2R,700,45.70521987844119,34.57142857142857,-0.04111737838300458,0.03539638560855196,0.9419706772276443,-0.755098842701445,-28.78216486810321,63.18306710919964,10.284285714285714,363,337,-0.11808170313700855,0.041784846797124346
US2000_USD,1h,Largo,sin bias,EMA 50,cualquier apoyo,ninguna,trailing EMA 50,862,56.28271362173758,22.73781902552204,-0.08481553639679179,-0.02726845302882337,0.8112443708046281,-1.976443713940843,-73.11099237403452,94.05012431112222,15.734338747099768,443,419,-0.15025550768284854,-0.015627213533490742
US2000_USD,1h,Largo,sin bias,EMA 50,cualquier apoyo,impulso (RSI>=70),bracket 2R,491,32.05894708616375,34.0122199592668,-0.061803230097806125,0.01718094909046276,0.913714084990646,-0.9548252808876109,-30.345385978022808,68.0609493387463,10.637474541751528,267,224,-0.14142225783526,0.03309980742853399
US2000_USD,1h,Largo,sin bias,EMA 50,cualquier apoyo,impulso (RSI>=70),trailing EMA 50,627,40.93881837683232,21.5311004784689,-0.10285782285456639,-0.04321480585973088,0.7706838543894724,-2.050818601561233,-64.49185492981313,81.47930025288461,15.21531100478469,335,292,-0.17211439252476451,-0.023402511760332253
US2000_USD,1h,Largo,sin bias,EMA 50,cualquier apoyo,retroceso (RSI<=40),bracket 2R,190,12.405702538434037,34.21052631578947,-0.050432922937121184,0.024923938404104513,0.9289480792735596,-0.4858514056063067,-9.582255358053025,19.101547953193172,11.847368421052632,98,92,0.014253497627790462,-0.11933802310409218
US2000_USD,1h,Largo,sin bias,EMA 50,cualquier apoyo,retroceso (RSI<=40),trailing EMA 50,196,12.797461565963532,24.489795918367346,-0.10468428504851886,-0.047311637482658486,0.753866152441078,-1.3400785780838802,-20.518119869509697,21.119809198497865,16.0765306122449,105,91,-0.09469911941449412,-0.11620563001085518
US2000_USD,1h,Largo,sin bias,EMA 50,cualquier apoyo,impulso + retroceso,bracket 2R,158,10.316321058276726,34.810126582278485,-0.03660425847653615,0.04093468642598347,0.9480746168755997,-0.32062957818923304,-5.7834728392927115,14.52264900789146,11.981012658227849,84,74,0.052878997445883466,-0.13817984628036378
US2000_USD,1h,Largo,sin bias,EMA 50,cualquier apoyo,impulso + retroceso,trailing EMA 50,165,10.773373257061138,25.454545454545453,-0.09681380371632865,-0.03776171246380511,0.7696573381285383,-1.1369827126121141,-15.974277613194229,17.09689552375591,16.527272727272727,91,74,-0.09104006600665596,-0.10391394062957489
US2000_USD,1h,Largo,bias diario,EMA 25,primer apoyo,ninguna,bracket 2R,198,12.928047908473365,30.808080808080806,-0.1635676504158293,-0.07906140632097941,0.7812476196336687,-1.6655356882596495,-32.3863947823342,39.41529400978106,8.47979797979798,84,114,-0.23828348841421018,-0.10851387504860124
US2000_USD,1h,Largo,bias diario,EMA 25,primer apoyo,ninguna,trailing EMA 50,199,12.99334107972828,25.628140703517587,-0.1030448373405401,-0.03975943561375682,0.830548704375137,-0.8964508471921251,-20.50592263076748,33.441372080266305,21.266331658291456,84,115,-0.15756288459389067,-0.0632229593467883
US2000_USD,1h,Largo,bias diario,EMA 25,primer apoyo,impulso (RSI>=70),bracket 2R,104,6.7904898105112625,29.807692307692307,-0.204013908720269,-0.11647609413475157,0.7320559508495867,-1.5269069000552418,-21.217446506907976,25.617343861114563,8.60576923076923,47,57,-0.21170471531167712,-0.19767236644314293
US2000_USD,1h,Largo,bias diario,EMA 25,primer apoyo,impulso (RSI>=70),trailing EMA 50,104,6.7904898105112625,23.076923076923077,-0.1137529408598937,-0.04809957992075559,0.8271545456183708,-0.6587744501484037,-11.830305849428944,27.058450767218346,23.509615384615383,47,57,-0.29166267041521143,0.03294455544010517
US2000_USD,1h,Largo,bias diario,EMA 25,primer apoyo,retroceso (RSI<=40),bracket 2R,6,0.39175902752949593,0.0,-1.0742040879326742,-1.0000000000000002,0.0,-293.8896683932495,-6.445224527596045,6.445224527596045,5.666666666666667,3,3,-1.0742903041780316,-1.0741178716873165
US2000_USD,1h,Largo,bias diario,EMA 25,primer apoyo,retroceso (RSI<=40),trailing EMA 50,6,0.39175902752949593,16.666666666666664,-0.6215189752631123,-0.5658659093136067,0.0004654019048069457,-3.3501520496828587,-3.7291138515786737,3.7291138515786737,5.833333333333333,3,3,-0.9943840795100639,-0.24865387101616065
US2000_USD,1h,Largo,bias diario,EMA 25,primer apoyo,impulso + retroceso,bracket 2R,4,0.26117268501966395,0.0,-1.0762765429905268,-0.9999999999999962,0.0,-199.70900925278406,-4.305106171962107,4.305106171962107,2.25,2,2,-1.07610317420904,-1.0764499117720137
US2000_USD,1h,Largo,bias diario,EMA 25,primer apoyo,impulso + retroceso,trailing EMA 50,4,0.26117268501966395,0.0,-0.7154631797874991,-0.6582557725446012,0.0,-3.349449946673477,-2.8618527191499963,2.8618527191499963,2.75,2,2,-1.057077380656788,-0.3738489789182102
US2000_USD,1h,Largo,bias diario,EMA 25,cualquier apoyo,ninguna,bracket 2R,624,40.74293886306757,34.13461538461539,-0.06764675197830695,0.017196723567392706,0.9050830369308414,-1.1886408965591506,-42.21157323446354,83.63873182620688,10.443910256410257,285,339,-0.1355631027800639,-0.010548934932582093
US2000_USD,1h,Largo,bias diario,EMA 25,cualquier apoyo,ninguna,trailing EMA 50,542,35.388898820164464,23.985239852398525,-0.0895439809559081,-0.027761377965804742,0.8298153796039761,-1.4501618544041004,-48.53283767810219,61.54016571006832,19.269372693726936,242,300,-0.14720793589608405,-0.04302839063749951
US2000_USD,1h,Largo,bias diario,EMA 25,cualquier apoyo,impulso (RSI>=70),bracket 2R,458,29.90427243475152,33.18777292576419,-0.10038823852863543,-0.012859130468651413,0.8611053007098177,-1.5254561801960838,-45.977813246115026,78.18019329876495,10.696506550218341,219,239,-0.1774891717456265,-0.029739266250304663
US2000_USD,1h,Largo,bias diario,EMA 25,cualquier apoyo,impulso (RSI>=70),trailing EMA 50,388,25.333750446907402,23.195876288659793,-0.11309372752300932,-0.049067523281539044,0.795380343491166,-1.4952983966550928,-43.88036627892762,51.774295061579096,20.317010309278352,179,209,-0.1958269664942271,-0.042236073093114695
US2000_USD,1h,Largo,bias diario,EMA 25,cualquier apoyo,retroceso (RSI<=40),bracket 2R,75,4.896987844118699,26.666666666666668,-0.264992150273093,-0.19005405022349162,0.6593060250371683,-1.7237405992561001,-19.874411270481975,22.730848891236626,12.013333333333334,36,39,-0.25516873135299495,-0.27405992158395276
US2000_USD,1h,Largo,bias diario,EMA 25,cualquier apoyo,retroceso (RSI<=40),trailing EMA 50,75,4.896987844118699,22.666666666666664,-0.17496090588655602,-0.11875025738254055,0.6278859551221383,-1.3500410267796827,-13.122067941491702,13.122067941491698,16.68,36,39,-0.1189112133948552,-0.22669908357120286
US2000_USD,1h,Largo,bias diario,EMA 25,cualquier apoyo,impulso + retroceso,bracket 2R,57,3.721710761530211,28.07017543859649,-0.2225163413430157,-0.1448079608203833,0.7076069103444869,-1.241460203866854,-12.683431456551896,18.100425333283177,11.929824561403509,28,29,-0.23483341312457556,-0.21062399617461308
US2000_USD,1h,Largo,bias diario,EMA 25,cualquier apoyo,impulso + retroceso,trailing EMA 50,57,3.721710761530211,21.052631578947366,-0.2019737278080866,-0.14368313522293544,0.5739951723795308,-1.4302939820108682,-11.512502485060935,11.512502485060935,16.43859649122807,28,29,-0.1927939471234271,-0.210836964331206
US2000_USD,1h,Largo,bias diario,EMA 50,primer apoyo,ninguna,bracket 2R,189,12.34040936717912,30.158730158730158,-0.16613838481153562,-0.08492685924482016,0.7800421443123167,-1.6264656476928692,-31.400154729380233,37.652638570682434,8.53968253968254,84,105,-0.2415470669200285,-0.10581143912474139
US2000_USD,1h,Largo,bias diario,EMA 50,primer apoyo,ninguna,trailing EMA 50,188,12.275116195924205,22.872340425531913,-0.13192510363768553,-0.07112363618945446,0.7361680962765603,-1.423996852708007,-24.80191948388488,27.791589177388467,15.611702127659575,83,105,-0.2216478099399594,-0.06100144056065002
US2000_USD,1h,Largo,bias diario,EMA 50,primer apoyo,impulso (RSI>=70),bracket 2R,103,6.725196639256346,29.126213592233007,-0.19150700020662564,-0.10710376437419798,0.7511702535839718,-1.3730026303302365,-19.72522102128244,24.434107399960567,8.854368932038835,47,56,-0.2732659329238505,-0.12288789596181192
US2000_USD,1h,Largo,bias diario,EMA 50,primer apoyo,impulso (RSI>=70),trailing EMA 50,103,6.725196639256346,20.388349514563107,-0.1472570876662525,-0.08395466079193178,0.7012455654399561,-1.1878140773095474,-15.16748002962401,19.11016084085635,15.009708737864077,47,56,-0.2651241331018949,-0.048332960247052706
US2000_USD,1h,Largo,bias diario,EMA 50,primer apoyo,retroceso (RSI<=40),bracket 2R,36,2.3505541651769755,33.33333333333333,-0.07888022660019876,2.6521994477156517e-16,0.8903203402328116,-0.3299638076144531,-2.8396881576071555,6.8089996525785255,10.916666666666666,14,22,-0.025535383021252467,-0.11282694524134639
US2000_USD,1h,Largo,bias diario,EMA 50,primer apoyo,retroceso (RSI<=40),trailing EMA 50,36,2.3505541651769755,25.0,-0.18799393916151977,-0.12883376921137046,0.5466499674701839,-1.3873177608575529,-6.767781809814712,6.767781809814712,13.722222222222221,14,22,-0.22594919598559882,-0.16384059390983305
US2000_USD,1h,Largo,bias diario,EMA 50,primer apoyo,impulso + retroceso,bracket 2R,28,1.8282087951376476,32.142857142857146,-0.11958172187227774,-0.03571428571428505,0.8372074069789804,-0.44404277530611097,-3.3482882124237765,4.684831782029907,10.25,12,16,-0.10212232056970351,-0.13267627284920835
US2000_USD,1h,Largo,bias diario,EMA 50,primer apoyo,impulso + retroceso,trailing EMA 50,28,1.8282087951376476,25.0,-0.21023105735713746,-0.147330480238643,0.5108865074732999,-1.3304765089858308,-5.8864696059998485,5.8864696059998485,13.0,12,16,-0.2539416313504011,-0.17744812686218972
US2000_USD,1h,Largo,bias diario,EMA 50,cualquier apoyo,ninguna,bracket 2R,451,29.44722023596711,32.8159645232816,-0.10010362507197981,-0.019071348999916003,0.8628871917274039,-1.4971076578930043,-45.14673490746289,56.02178156801554,9.88470066518847,196,255,-0.22026588615846618,-0.007743612629033416
US2000_USD,1h,Largo,bias diario,EMA 50,cualquier apoyo,ninguna,trailing EMA 50,552,36.041830532713625,20.833333333333336,-0.1282479218946116,-0.06773903084241971,0.7312459920736964,-2.371186529372021,-70.7928528858256,75.9958123648343,15.422101449275363,243,309,-0.19741110510591392,-0.07385745742747088
US2000_USD,1h,Largo,bias diario,EMA 50,cualquier apoyo,impulso (RSI>=70),bracket 2R,303,19.783830890239543,32.34323432343234,-0.11528245140972955,-0.03215370182992924,0.8433290280269821,-1.4154011443487988,-34.930582777148054,51.177987715768104,10.448844884488448,135,168,-0.26910047142812854,0.008321314676483945
US2000_USD,1h,Largo,bias diario,EMA 50,cualquier apoyo,impulso (RSI>=70),trailing EMA 50,387,25.268457275652487,19.638242894056848,-0.1540130796229114,-0.0918717419621898,0.6772738174849325,-2.4305234375992155,-59.603061814066706,61.06996470658497,15.02842377260982,170,217,-0.24407714190668217,-0.08345598013792965
US2000_USD,1h,Largo,bias diario,EMA 50,cualquier apoyo,retroceso (RSI<=40),bracket 2R,121,7.900473721844834,30.57851239669421,-0.16433000558920485,-0.08659071757905255,0.7814923946997959,-1.299251125194935,-19.883930676293787,22.709758296971593,11.40495867768595,53,68,-0.13183145825116382,-0.18965975572032506
US2000_USD,1h,Largo,bias diario,EMA 50,cualquier apoyo,retroceso (RSI<=40),trailing EMA 50,124,8.096353235609582,20.161290322580644,-0.20050222558294203,-0.1413663678132766,0.556343441679174,-2.2417781060480473,-24.862275972284813,25.986594648792376,14.03225806451613,57,67,-0.21219010533142504,-0.1905588054984117
US2000_USD,1h,Largo,bias diario,EMA 50,cualquier apoyo,impulso + retroceso,bracket 2R,96,6.268144440471935,31.25,-0.14744786390460188,-0.06747371694859768,0.8025990287512699,-1.0311033962894696,-14.154994934841781,16.980822555519595,11.583333333333334,43,53,-0.12018226349602132,-0.16956901140590308
US2000_USD,1h,Largo,bias diario,EMA 50,cualquier apoyo,impulso + retroceso,trailing EMA 50,100,6.529317125491598,20.0,-0.22085099291342375,-0.1600041083005905,0.5117046154453132,-2.3334872638998623,-22.085099291342374,23.209417967849934,14.1,47,53,-0.27517648630815517,-0.17267555537469967
US2000_USD,1h,Corto,sin bias,EMA 25,primer apoyo,ninguna,bracket 2R,282,18.412674293886308,27.30496453900709,-0.25063391053161455,-0.18048140202243212,0.6797316898946741,-3.0846887330230084,-70.6787627699153,77.97927734055963,7.060283687943262,154,128,-0.21373853883740265,-0.29502365460121316
US2000_USD,1h,Corto,sin bias,EMA 25,primer apoyo,ninguna,trailing EMA 50,282,18.412674293886308,20.56737588652482,-0.20482036400093354,-0.15220598261904675,0.6726517088282594,-2.084849078543695,-57.75934264826326,71.90065790012544,16.80496453900709,154,128,-0.2248936031503074,-0.18066974814934306
US2000_USD,1h,Corto,sin bias,EMA 25,primer apoyo,impulso (RSI>=70),bracket 2R,163,10.642786914551305,28.22085889570552,-0.22200617926143487,-0.15273469552347216,0.713747298038035,-2.0279888926272833,-36.18700721961388,44.61524280664129,7.110429447852761,96,67,-0.18858998952203612,-0.26988609291788684
US2000_USD,1h,Corto,sin bias,EMA 25,primer apoyo,impulso (RSI>=70),trailing EMA 50,163,10.642786914551305,23.92638036809816,-0.07680600254756911,-0.024852389744097186,0.8789603953004482,-0.4965445306606456,-12.519378415253765,27.756484429403226,19.94478527607362,96,67,-0.09954146414738185,-0.04422981876276288
US2000_USD,1h,Corto,sin bias,EMA 25,primer apoyo,retroceso (RSI<=40),bracket 2R,17,1.1099839113335717,29.411764705882355,-0.18521787025521885,-0.1176470588235259,0.7526816180087703,-0.54598473130897,-3.1487037943387204,4.714041824248979,9.764705882352942,10,7,-0.4714041824248979,0.22361971855860815
US2000_USD,1h,Corto,sin bias,EMA 25,primer apoyo,retroceso (RSI<=40),trailing EMA 50,17,1.1099839113335717,17.647058823529413,-0.12038393347032957,-0.06970582489655977,0.6489414299567587,-0.6872042219412514,-2.0465268689956027,4.022895997502535,12.705882352941176,10,7,-0.31309766816343193,0.15492140180553096
US2000_USD,1h,Corto,sin bias,EMA 25,primer apoyo,impulso + retroceso,bracket 2R,11,0.7182248838040758,27.27272727272727,-0.25791264307593587,-0.18181818181817952,0.6681153226617741,-0.6159865868084671,-2.8370390738352946,3.504640002865576,11.272727272727273,8,3,-0.32642015824543447,-0.07522593595727296
US2000_USD,1h,Corto,sin bias,EMA 25,primer apoyo,impulso + retroceso,trailing EMA 50,11,0.7182248838040758,18.181818181818183,-0.07683032622653306,-0.019759480283215794,0.7888096447902865,-0.3080348335365352,-0.8451335884918636,2.9760669577209167,14.727272727272727,8,3,-0.23029934957540785,0.33242040270379974
US2000_USD,1h,Corto,sin bias,EMA 25,cualquier apoyo,ninguna,bracket 2R,928,60.592062924562036,31.14224137931034,-0.13203237210325067,-0.06410612025430704,0.8204791135580138,-2.8779245330584495,-122.52604131181663,136.31251828238527,8.313577586206897,501,427,-0.16882878621565303,-0.08885906186832429
US2000_USD,1h,Corto,sin bias,EMA 25,cualquier apoyo,ninguna,trailing EMA 50,767,50.07986235252056,21.642764015645373,-0.09792520371475066,-0.046441694425428136,0.8026954146843475,-1.8020615674265623,-75.10863124921376,92.39844794394395,15.882659713168188,395,372,-0.08362025621926969,-0.11311459688871568
US2000_USD,1h,Corto,sin bias,EMA 25,cualquier apoyo,impulso (RSI>=70),bracket 2R,722,47.14166964604934,30.747922437673132,-0.1433742184769331,-0.07547157838780753,0.8062067194746579,-2.760975748639741,-103.51618574034569,118.43038372729734,8.361495844875346,403,319,-0.1863700569695934,-0.08905659179184809
US2000_USD,1h,Corto,sin bias,EMA 25,cualquier apoyo,impulso (RSI>=70),trailing EMA 50,576,37.60886664283161,22.22222222222222,-0.08018434864883328,-0.028607283795168945,0.838116064877149,-1.2217864685853128,-46.18618482172797,66.54663931094794,16.78472222222222,319,257,-0.07661556559809968,-0.08461408325266216
US2000_USD,1h,Corto,sin bias,EMA 25,cualquier apoyo,retroceso (RSI<=40),bracket 2R,138,9.010457633178406,37.68115942028986,0.06619777142913871,0.1359818265040268,1.1003288823533524,0.5348924273036271,9.135292457221142,16.49361836638159,9.891304347826088,78,60,-0.06904754123924804,0.24201667789804157
US2000_USD,1h,Corto,sin bias,EMA 25,cualquier apoyo,retroceso (RSI<=40),trailing EMA 50,137,8.94516446192349,27.00729927007299,0.10446839603709814,0.15674176717167576,1.2643876050931318,0.7827986113102328,14.312170257082444,9.351175604445018,17.693430656934307,77,60,0.2082310553617169,-0.028693683429496037
US2000_USD,1h,Corto,sin bias,EMA 25,cualquier apoyo,impulso + retroceso,bracket 2R,107,6.98636932427601,38.31775700934579,0.08329193458197794,0.15668684165939867,1.1274735020808218,0.5905848222064444,8.91223700027164,13.81430562857958,9.36448598130841,67,40,-0.040393962371034944,0.29046581197827454
US2000_USD,1h,Corto,sin bias,EMA 25,cualquier apoyo,impulso + retroceso,trailing EMA 50,106,6.921076153021095,26.41509433962264,0.12271378959394859,0.17770193523686587,1.3093818814056641,0.7630250981670448,13.00766169695855,9.109361742429915,18.10377358490566,66,40,0.1598787864578612,0.061391544768492914
US2000_USD,1h,Corto,sin bias,EMA 50,primer apoyo,ninguna,bracket 2R,261,17.04151769753307,32.56704980842912,-0.09744391110582781,-0.0308435359191537,0.8647023889664673,-1.121399691063283,-25.43286079862106,37.40899216318556,8.873563218390805,144,117,-0.09520299154045442,-0.1002019659555182
US2000_USD,1h,Corto,sin bias,EMA 50,primer apoyo,ninguna,trailing EMA 50,262,17.10681086878799,21.755725190839694,-0.041132248878225336,0.008765836006163652,0.8997501399465175,-0.4774106848636318,-10.776649206095039,31.998655059814762,13.438931297709924,144,118,0.09587378463989002,-0.20832605249355254
US2000_USD,1h,Corto,sin bias,EMA 50,primer apoyo,impulso (RSI>=70),bracket 2R,171,11.165132284590634,33.33333333333333,-0.07731100664434648,-0.010525905964768845,0.891385043679768,-0.7163406598297116,-13.220182136183247,26.845295592156194,8.7953216374269,98,73,-0.12625650999281038,-0.011603344614901825
US2000_USD,1h,Corto,sin bias,EMA 50,primer apoyo,impulso (RSI>=70),trailing EMA 50,171,11.165132284590634,22.807017543859647,0.01779413078856567,0.06788295629824888,1.0440433793843815,0.1490295990664679,3.0427963648447296,15.0839715977364,14.2046783625731,98,73,0.15029240623445217,-0.1600802663853641
US2000_USD,1h,Corto,sin bias,EMA 50,primer apoyo,retroceso (RSI<=40),bracket 2R,46,3.0034858777261353,28.26086956521739,-0.22877459814493625,-0.15301642095236098,0.7045236497803081,-1.132167622836483,-10.523631514667068,13.99509569797506,7.673913043478261,29,17,-0.15327935152318528,-0.35756060708792325
US2000_USD,1h,Corto,sin bias,EMA 50,primer apoyo,retroceso (RSI<=40),trailing EMA 50,46,3.0034858777261353,21.73913043478261,0.031316625309983956,0.08813525820441544,1.08427881605046,0.1650502958938755,1.440564764259262,5.365654216073742,15.434782608695652,29,17,0.21995978595909746,-0.2904864134443862
US2000_USD,1h,Corto,sin bias,EMA 50,primer apoyo,impulso + retroceso,bracket 2R,37,2.4158473364318915,29.72972972972973,-0.18808410653332344,-0.10915555037320664,0.7528933368079302,-0.8197605879047207,-6.959111941732967,10.430576125040954,6.1891891891891895,23,14,-0.04659529462289584,-0.4205300118147403
US2000_USD,1h,Corto,sin bias,EMA 50,primer apoyo,impulso + retroceso,trailing EMA 50,37,2.4158473364318915,18.91891891891892,-0.025728472998623304,0.033467944121464366,0.9322763786656416,-0.12980588787671607,-0.9519535009490623,4.71224412932428,13.621621621621621,23,14,0.14490893221113224,-0.3060613529860788
US2000_USD,1h,Corto,sin bias,EMA 50,cualquier apoyo,ninguna,bracket 2R,611,39.894127636753666,32.89689034369886,-0.08847685671872049,-0.021703805377069806,0.8764824552286572,-1.5572050341479362,-54.05935945513822,72.43916709291626,9.104746317512275,334,277,-0.0972599266514522,-0.077886440265535
US2000_USD,1h,Corto,sin bias,EMA 50,cualquier apoyo,ninguna,trailing EMA 50,735,47.99048087236325,19.183673469387756,-0.054085292855513466,-0.00327002415774836,0.8656062793457723,-1.063577120181792,-39.752690248802395,62.24894398844355,13.152380952380952,373,362,0.03428668882116945,-0.1451426109919851
US2000_USD,1h,Corto,sin bias,EMA 50,cualquier apoyo,impulso (RSI>=70),bracket 2R,467,30.491910976045766,32.97644539614561,-0.08968018866400727,-0.021436385718342416,0.8748323024139647,-1.380165285552645,-41.8806481060914,63.5008816301805,8.9186295503212,266,201,-0.13144483573788884,-0.03440956119309939
US2000_USD,1h,Corto,sin bias,EMA 50,cualquier apoyo,impulso (RSI>=70),trailing EMA 50,545,35.58477833392921,18.71559633027523,-0.05500801966314032,-0.003456081066305008,0.8621346864076043,-0.9060318816297092,-29.979370716411474,44.49339367280034,13.163302752293578,301,244,-0.014521619731708311,-0.10495230810314454
US2000_USD,1h,Corto,sin bias,EMA 50,cualquier apoyo,retroceso (RSI<=40),bracket 2R,170,11.099839113335717,34.11764705882353,-0.05765474842448151,0.012801146808966933,0.9183411168325788,-0.5294010225759431,-9.801307232161857,25.188437388795773,9.888235294117647,98,72,-0.1193029548626044,0.026255310338519036
US2000_USD,1h,Corto,sin bias,EMA 50,cualquier apoyo,retroceso (RSI<=40),trailing EMA 50,175,11.426304969610298,22.285714285714285,-0.033277985845082604,0.020110505324683874,0.9150555404922605,-0.3435751525507309,-5.8236475228894555,12.345260110851454,15.062857142857142,102,73,-0.0053290835033147025,-0.07232987678837477
US2000_USD,1h,Corto,sin bias,EMA 50,cualquier apoyo,impulso + retroceso,bracket 2R,141,9.206337146943154,34.751773049645394,-0.04360781331615321,0.02961840395407335,0.9378101697149728,-0.3631738538334423,-6.148701677577603,23.16616777550124,9.453900709219859,85,56,-0.08101975219568505,0.013178165340279007
US2000_USD,1h,Corto,sin bias,EMA 50,cualquier apoyo,impulso + retroceso,trailing EMA 50,146,9.532803003217733,20.54794520547945,-0.04651770067213788,0.008985941716704048,0.8813410954426507,-0.4318741176049489,-6.791584298132131,13.285991712042414,14.86986301369863,89,57,-0.04826019718387891,-0.043796960504682604
US2000_USD,1h,Corto,bias diario,EMA 25,primer apoyo,ninguna,bracket 2R,65,4.244056131569539,29.230769230769234,-0.17895130630278172,-0.12307692307692097,0.7603289398619906,-1.0500722587058637,-11.631834909680812,17.786392205654355,8.0,46,19,-0.146763095466665,-0.2568806588533802
US2000_USD,1h,Corto,bias diario,EMA 25,primer apoyo,ninguna,trailing EMA 50,65,4.244056131569539,16.923076923076923,-0.2804172420901449,-0.2385114546707493,0.5590552832627489,-1.5046368709455886,-18.22712073585942,22.592279747461184,16.53846153846154,46,19,-0.3763000977651772,-0.04827980203480368
US2000_USD,1h,Corto,bias diario,EMA 25,primer apoyo,impulso (RSI>=70),bracket 2R,37,2.4158473364318915,35.13513513513514,0.0012126240711042681,0.05405405405405566,1.001783048986296,0.005100942904621687,0.04486709063085792,10.330386388628863,7.594594594594595,25,12,0.02308269467593023,-0.04435002302228317
US2000_USD,1h,Corto,bias diario,EMA 25,primer apoyo,impulso (RSI>=70),trailing EMA 50,37,2.4158473364318915,18.91891891891892,-0.08125540651813026,-0.04162433403091674,0.8690991118579797,-0.26167610671088753,-3.0064500411708197,12.579935961193982,20.37837837837838,25,12,-0.21836711580569168,0.2043939878309562
US2000_USD,1h,Corto,bias diario,EMA 25,primer apoyo,retroceso (RSI<=40),bracket 2R,5,0.3264658562745799,0.0,-1.0407694178775087,-0.9999999999999977,0.0,-162.06217674316176,-5.203847089387543,5.203847089387543,9.4,4,1,-1.0453167423777305,-1.0225801198766211
US2000_USD,1h,Corto,bias diario,EMA 25,primer apoyo,retroceso (RSI<=40),trailing EMA 50,5,0.3264658562745799,0.0,-0.5506854131583833,-0.5201083497502499,0.0,-3.843056497171297,-2.753427065791916,2.753427065791916,6.2,4,1,-0.6129109409102335,-0.30178330215098215
US2000_USD,1h,Corto,bias diario,EMA 25,primer apoyo,impulso + retroceso,bracket 2R,2,0.13058634250983198,0.0,-1.039293205612709,-0.9999999999999964,0.0,-330.2637807951605,-2.078586411225418,2.078586411225418,12.5,2,0,-1.039293205612709,
US2000_USD,1h,Corto,bias diario,EMA 25,primer apoyo,impulso + retroceso,trailing EMA 50,2,0.13058634250983198,0.0,-0.5815309393049386,-0.552061035095404,0.0,-11.395831670215385,-1.1630618786098772,1.1630618786098772,12.5,2,0,-0.5815309393049386,
US2000_USD,1h,Corto,bias diario,EMA 25,cualquier apoyo,ninguna,bracket 2R,222,14.49508401859135,29.72972972972973,-0.16148448704077092,-0.10810810810810807,0.7818458152566601,-1.750495769386415,-35.849556123051144,40.25553175987375,8.72072072072072,151,71,-0.18447586471656133,-0.1125873317021181
US2000_USD,1h,Corto,bias diario,EMA 25,cualquier apoyo,ninguna,trailing EMA 50,189,12.34040936717912,21.693121693121693,-0.1232922673839491,-0.08273724769683537,0.7552818156601478,-1.201937555183541,-23.30223853556638,30.821269280706982,16.58730158730159,127,62,-0.1978824360689221,0.029497271696559933
US2000_USD,1h,Corto,bias diario,EMA 25,cualquier apoyo,impulso (RSI>=70),bracket 2R,166,10.838666428316053,30.72289156626506,-0.13011006138784084,-0.07831325301204851,0.8212050478748726,-1.2092213715665234,-21.59827019038158,27.80978281866239,8.590361445783133,109,57,-0.17625674281355205,-0.04186465304744569
US2000_USD,1h,Corto,bias diario,EMA 25,cualquier apoyo,impulso (RSI>=70),trailing EMA 50,134,8.749284948158742,23.134328358208954,-0.05934258137878354,-0.01945098229848284,0.8747934800824376,-0.4655448375745396,-7.951905904756994,21.660742658489827,18.276119402985074,92,42,-0.1724672774440057,0.18845437190694123
US2000_USD,1h,Corto,bias diario,EMA 25,cualquier apoyo,retroceso (RSI<=40),bracket 2R,33,2.1546746514122272,33.33333333333333,-0.050316890091762115,-9.150929172667957e-16,0.9282024703019068,-0.2010629171087547,-1.6604573730281498,9.058786909711435,10.575757575757576,22,11,-0.23756692199337406,0.3241831737114619
US2000_USD,1h,Corto,bias diario,EMA 25,cualquier apoyo,retroceso (RSI<=40),trailing EMA 50,33,2.1546746514122272,30.303030303030305,0.22580702996449975,0.26354469753332055,1.6084355796071619,0.6937328347865703,7.451631988828492,4.580319311201516,18.78787878787879,22,11,0.0975986654205452,0.48222375905240883
US2000_USD,1h,Corto,bias diario,EMA 25,cualquier apoyo,impulso + retroceso,bracket 2R,23,1.5017429388630676,34.78260869565217,-0.008109416292113968,0.043478260869563856,0.9881660189073903,-0.02663915957198094,-0.18651657471862126,8.730681477433953,8.91304347826087,16,7,-0.3061479282235468,0.6731214681225897
US2000_USD,1h,Corto,bias diario,EMA 25,cualquier apoyo,impulso + retroceso,trailing EMA 50,23,1.5017429388630676,30.434782608695656,0.18509071124192134,0.22378146911317967,1.4982287167426556,0.45241867646610995,4.257086358564191,5.85170676870352,19.26086956521739,16,7,-0.18350531045267532,1.0275959036867137
US2000_USD,1h,Corto,bias diario,EMA 50,primer apoyo,ninguna,bracket 2R,62,4.048176617804791,32.25806451612903,-0.08629928288916305,-0.032258064516130135,0.8791561632679047,-0.4804790550987654,-5.350555539128109,14.095211271799872,8.516129032258064,45,17,-0.25799190852497755,0.36818119673505184
US2000_USD,1h,Corto,bias diario,EMA 50,primer apoyo,ninguna,trailing EMA 50,62,4.048176617804791,19.35483870967742,-0.18722491133836835,-0.1466939975585937,0.5327871948924351,-1.5543027184884013,-11.607944502978839,13.155787507411082,12.14516129032258,45,17,-0.11186739294531961,-0.386700695319968
US2000_USD,1h,Corto,bias diario,EMA 50,primer apoyo,impulso (RSI>=70),bracket 2R,36,2.3505541651769755,36.11111111111111,0.03328015543501205,0.08333333333333154,1.0497754328335738,0.13706999676809217,1.198085595660434,8.969827627999226,9.027777777777779,25,11,-0.2125452502021372,0.5919742591558058
US2000_USD,1h,Corto,bias diario,EMA 50,primer apoyo,impulso (RSI>=70),trailing EMA 50,36,2.3505541651769755,16.666666666666664,-0.1747817492885002,-0.13724186586476061,0.5072134761279643,-1.2530831938665983,-6.292142974386008,6.739190200126078,11.583333333333334,25,11,-0.15201156721540954,-0.22653216309097904
US2000_USD,1h,Corto,bias diario,EMA 50,primer apoyo,retroceso (RSI<=40),bracket 2R,9,0.5876385412942439,22.22222222222222,-0.3924281327930026,-0.3333333333333284,0.5239319434070374,-0.8888637917425717,-3.5318531951370233,4.20062257922822,8.11111111111111,7,2,-0.20299089928422726,-1.0554584500737163
US2000_USD,1h,Corto,bias diario,EMA 50,primer apoyo,retroceso (RSI<=40),trailing EMA 50,9,0.5876385412942439,11.11111111111111,0.04207712621712156,0.08639822581187727,1.093490372619428,0.07518497060006794,0.37869413595409407,2.633594885105623,16.666666666666668,7,2,0.3516974015806696,-1.041593837555296
US2000_USD,1h,Corto,bias diario,EMA 50,primer apoyo,impulso + retroceso,bracket 2R,4,0.26117268501966395,25.0,-0.30595834047375303,-0.24999999999999695,0.6118819432868897,-0.41060776962540374,-1.2238333618950121,3.1532502565312166,5.0,3,1,-0.05416233647830474,-1.061346352460098
US2000_USD,1h,Corto,bias diario,EMA 50,primer apoyo,impulso + retroceso,trailing EMA 50,4,0.26117268501966395,0.0,-0.4977157809901548,-0.4557470256348377,0.0,-2.4602363463071804,-1.9908631239606192,1.9908631239606192,9.0,3,1,-0.3149511198718454,-1.046009764345083
US2000_USD,1h,Corto,bias diario,EMA 50,cualquier apoyo,ninguna,bracket 2R,149,9.72868251698248,30.87248322147651,-0.12702249336442345,-0.07382550335570595,0.8256224756936164,-1.114183614891517,-18.926351511299096,34.968115061351995,9.0,103,46,-0.30162672174925825,0.2639391484537935
US2000_USD,1h,Corto,bias diario,EMA 50,cualquier apoyo,ninguna,trailing EMA 50,175,11.426304969610298,21.714285714285715,-0.07752655384800235,-0.038211543806997574,0.8077546348586215,-0.8201132356403072,-13.56714692340041,22.407288200350838,13.994285714285715,116,59,-0.15092481822923834,0.06678189815578363
US2000_USD,1h,Corto,bias diario,EMA 50,cualquier apoyo,impulso (RSI>=70),bracket 2R,102,6.65990346800143,32.35294117647059,-0.08197026628921951,-0.029411764705884132,0.8848556272110204,-0.5870004107434016,-8.36096716150039,25.96504171877597,8.754901960784315,67,35,-0.3417510214832784,0.4153243222251219
US2000_USD,1h,Corto,bias diario,EMA 50,cualquier apoyo,impulso (RSI>=70),trailing EMA 50,118,7.704594208080086,21.1864406779661,-0.09317298600934312,-0.05417841532911532,0.7552631269240407,-0.8601915241069069,-10.994412349102488,20.1258245754919,13.754237288135593,77,41,-0.2510061026017377,0.20324530612759306
US2000_USD,1h,Corto,bias diario,EMA 50,cualquier apoyo,retroceso (RSI<=40),bracket 2R,39,2.5464336789417232,28.205128205128204,-0.20652810378856218,-0.15384615384615408,0.726987681855971,-0.941832812026283,-8.054596047753925,13.502427763833879,11.384615384615385,28,11,-0.414991679538444,0.32410645266568233
US2000_USD,1h,Corto,bias diario,EMA 50,cualquier apoyo,retroceso (RSI<=40),trailing EMA 50,39,2.5464336789417232,25.64102564102564,0.11507915073826946,0.15459061319507553,1.299786262648028,0.412753537770971,4.488086878792509,6.215133713216562,16.897435897435898,28,11,-0.043661688890017814,0.5191467425193644
US2000_USD,1h,Corto,bias diario,EMA 50,cualquier apoyo,impulso + retroceso,bracket 2R,25,1.6323292813728996,32.0,-0.09193910025899786,-0.04000000000000064,0.8712673911456066,-0.32237288726774666,-2.2984775064749465,8.892144588586948,9.88,18,7,-0.38941576954608326,0.6730009064792218
US2000_USD,1h,Corto,bias diario,EMA 50,cualquier apoyo,impulso + retroceso,trailing EMA 50,25,1.6323292813728996,28.000000000000004,0.1288961866385949,0.16785051183284289,1.3450357827355408,0.3409116726336914,3.2224046659648726,5.883641617376068,18.76,18,7,-0.2431621932210352,1.0856177348490723
US2000_USD,1d,Largo,sin bias,EMA 25,primer apoyo,ninguna,bracket 2R,13,0.9028807758128923,30.76923076923077,-0.08961633499000528,-0.07692307692307668,0.872099476810368,-0.22435510795328029,-1.1650123548700686,6.071074210530742,10.846153846153847,8,5,0.11123581618031689,-0.41097977686252063
US2000_USD,1d,Largo,sin bias,EMA 25,primer apoyo,ninguna,trailing EMA 50,13,0.9028807758128923,30.76923076923077,0.07959334227078421,0.08911328582098066,1.1544457109697512,0.20471478012986566,1.0347134495201948,4.1576337964424175,24.923076923076923,8,5,0.32173625564776037,-0.3078353191323777
US2000_USD,1d,Largo,sin bias,EMA 25,primer apoyo,impulso (RSI>=70),bracket 2R,4,0.2778094694808899,75.0,1.2367699917009212,1.2499999999999991,5.880092037986797,1.648661672579929,4.947079966803685,1.0137267757032964,10.5,3,1,0.9859465860383776,1.9892402086885521
US2000_USD,1d,Largo,sin bias,EMA 25,primer apoyo,impulso (RSI>=70),trailing EMA 50,4,0.2778094694808899,75.0,0.976465892538433,0.9863883987627415,4.866062144222183,1.27070815442548,3.905863570153732,1.0102950817774703,43.0,3,1,0.9509163318486031,1.0531145746079225
US2000_USD,1d,Largo,sin bias,EMA 25,primer apoyo,retroceso (RSI<=40),bracket 2R,0,0.0,,,,,,0.0,,,0,0,,
US2000_USD,1d,Largo,sin bias,EMA 25,primer apoyo,retroceso (RSI<=40),trailing EMA 50,0,0.0,,,,,,0.0,,,0,0,,
US2000_USD,1d,Largo,sin bias,EMA 25,primer apoyo,impulso + retroceso,bracket 2R,0,0.0,,,,,,0.0,,,0,0,,
US2000_USD,1d,Largo,sin bias,EMA 25,primer apoyo,impulso + retroceso,trailing EMA 50,0,0.0,,,,,,0.0,,,0,0,,
US2000_USD,1d,Largo,sin bias,EMA 25,cualquier apoyo,ninguna,bracket 2R,38,2.639189960068454,34.21052631578947,0.013079613265811816,0.02631578947368403,1.0196243264556863,0.05590900541062355,0.497025304100849,8.25558828923066,13.342105263157896,24,14,-0.014503820218786897,0.06036549923940958
US2000_USD,1d,Largo,sin bias,EMA 25,cualquier apoyo,ninguna,trailing EMA 50,38,2.639189960068454,21.052631578947366,-0.15585373624508958,-0.14650284503867694,0.6703389499065256,-0.9880082561918058,-5.922441977313404,8.50389560656638,17.86842105263158,23,15,-0.13111267507899782,-0.19379003003309683
US2000_USD,1d,Largo,sin bias,EMA 25,cualquier apoyo,impulso (RSI>=70),bracket 2R,20,1.3890473474044496,40.0,0.18577740141935067,0.19999999999999968,1.3053288118475423,0.5510516158553301,3.7155480283870137,7.103646718317352,12.25,16,4,0.10978194615447184,0.48975922247886583
US2000_USD,1d,Largo,sin bias,EMA 25,cualquier apoyo,impulso (RSI>=70),trailing EMA 50,19,1.319594980034227,26.31578947368421,-0.1402107235320532,-0.1294215388052832,0.708962746091566,-0.6179344239378627,-2.6640037471090103,5.773960872233976,18.789473684210527,17,2,-0.17359989515157936,0.14359723523391943
US2000_USD,1d,Largo,sin bias,EMA 25,cualquier apoyo,retroceso (RSI<=40),bracket 2R,2,0.13890473474044496,0.0,-1.0125007065083491,-1.0,0.0,-248.62355154135741,-2.0250014130166982,2.0250014130166982,9.0,1,1,-1.0165731312655022,-1.008428281751196
US2000_USD,1d,Largo,sin bias,EMA 25,cualquier apoyo,retroceso (RSI<=40),trailing EMA 50,2,0.13890473474044496,0.0,-0.723455033919748,-0.7140795040384862,0.0,-17.036473274764553,-1.446910067839496,1.446910067839496,8.5,1,1,-0.6809899636994123,-0.7659201041400836
US2000_USD,1d,Largo,sin bias,EMA 25,cualquier apoyo,impulso + retroceso,bracket 2R,2,0.13890473474044496,0.0,-1.0125007065083491,-1.0,0.0,-248.62355154135741,-2.0250014130166982,2.0250014130166982,9.0,1,1,-1.0165731312655022,-1.008428281751196
US2000_USD,1d,Largo,sin bias,EMA 25,cualquier apoyo,impulso + retroceso,trailing EMA 50,2,0.13890473474044496,0.0,-0.723455033919748,-0.7140795040384862,0.0,-17.036473274764553,-1.446910067839496,1.446910067839496,8.5,1,1,-0.6809899636994123,-0.7659201041400836
US2000_USD,1d,Largo,sin bias,EMA 50,primer apoyo,ninguna,bracket 2R,13,0.9028807758128923,30.76923076923077,-0.08934827749580104,-0.07692307692307719,0.8723756662343133,-0.22382371809434923,-1.1615276074454135,6.065110942385108,9.153846153846153,8,5,0.48630001508824555,-1.0103855456302757
US2000_USD,1d,Largo,sin bias,EMA 50,primer apoyo,ninguna,trailing EMA 50,13,0.9028807758128923,23.076923076923077,-0.2115528486398156,-0.20223394821027266,0.5709907654089033,-0.7352303158874489,-2.7501870323176028,5.322837751435928,14.076923076923077,8,5,0.15268819044079573,-0.7943385111687936
US2000_USD,1d,Largo,sin bias,EMA 50,primer apoyo,impulso (RSI>=70),bracket 2R,4,0.2778094694808899,75.0,1.236637406795632,1.2499999999999993,5.8968505803640054,1.65120796136848,4.946549627182528,1.0101491858905831,11.5,3,1,1.9855662710243704,-1.010149185890583
US2000_USD,1d,Largo,sin bias,EMA 50,primer apoyo,impulso (RSI>=70),trailing EMA 50,4,0.2778094694808899,50.0,-0.08679498075509917,-0.07677303585182366,0.7081206817510568,-0.28480002780191455,-0.3471799230203967,1.1894639370244373,15.75,3,1,0.08421232103764442,-0.59981688613333
US2000_USD,1d,Largo,sin bias,EMA 50,primer apoyo,retroceso (RSI<=40),bracket 2R,1,0.06945236737022248,0.0,-1.0119863293763007,-0.9999999999999986,0.0,,-1.0119863293763007,1.0119863293763007,9.0,1,0,-1.0119863293763007,
US2000_USD,1d,Largo,sin bias,EMA 50,primer apoyo,retroceso (RSI<=40),trailing EMA 50,1,0.06945236737022248,0.0,-0.04923384791315992,-0.0402441008809333,0.0,,-0.04923384791315992,0.04923384791315992,2.0,1,0,-0.04923384791315992,
US2000_USD,1d,Largo,sin bias,EMA 50,primer apoyo,impulso + retroceso,bracket 2R,0,0.0,,,,,,0.0,,,0,0,,
US2000_USD,1d,Largo,sin bias,EMA 50,primer apoyo,impulso + retroceso,trailing EMA 50,0,0.0,,,,,,0.0,,,0,0,,
US2000_USD,1d,Largo,sin bias,EMA 50,cualquier apoyo,ninguna,bracket 2R,32,2.2224757558471193,31.25,-0.07517364977423416,-0.0625000000000003,0.8919852082785872,-0.3011172389335882,-2.405556792775493,8.232166904756077,10.5625,19,13,0.0909414112932418,-0.3179572005651605
US2000_USD,1d,Largo,sin bias,EMA 50,cualquier apoyo,ninguna,trailing EMA 50,42,2.916999429549344,19.047619047619047,-0.20429305999430852,-0.19490026357066187,0.4995738801793614,-1.7206990491905794,-8.580308519760958,10.460296944715514,13.214285714285714,25,17,-0.10583574783042268,-0.3490832249411995
US2000_USD,1d,Largo,sin bias,EMA 50,cualquier apoyo,impulso (RSI>=70),bracket 2R,16,1.1112378779235597,31.25,-0.07614856807375547,-0.06250000000000079,0.890666504719082,-0.21222466396269524,-1.2183770891800876,8.098102679294088,8.9375,12,4,0.23491656962183594,-1.0093439811605298
US2000_USD,1d,Largo,sin bias,EMA 50,cualquier apoyo,impulso (RSI>=70),trailing EMA 50,20,1.3890473474044496,15.0,-0.29962868015729577,-0.28854210221263416,0.24144027627412884,-2.679102483134471,-5.992573603145916,5.9925736031459165,10.3,17,3,-0.21292866954837247,-0.790928740274528
US2000_USD,1d,Largo,sin bias,EMA 50,cualquier apoyo,retroceso (RSI<=40),bracket 2R,6,0.41671420422133487,50.0,0.48876533047064963,0.5000000000000006,1.9656252285408164,0.7280756318908475,2.9325919828238978,1.0165731312655022,13.166666666666666,3,3,-0.014083292935725522,0.9916139538770249
US2000_USD,1d,Largo,sin bias,EMA 50,cualquier apoyo,retroceso (RSI<=40),trailing EMA 50,6,0.41671420422133487,16.666666666666664,-0.007127026119483533,0.0012989760275296525,0.9742537914596128,-0.02033552459773605,-0.0427621567169012,0.8949907305492915,16.0,3,3,-0.26596290113164517,0.25170884889267814
US2000_USD,1d,Largo,sin bias,EMA 50,cualquier apoyo,impulso + retroceso,bracket 2R,3,0.20835710211066744,33.33333333333333,-0.012897277060690623,2.220446049250313e-16,0.980892936205693,-0.01290235807835961,-0.03869183118207187,2.0250014130166982,10.0,2,1,0.4848682252845621,-1.008428281751196
US2000_USD,1d,Largo,sin bias,EMA 50,cualquier apoyo,impulso + retroceso,trailing EMA 50,3,0.20835710211066744,0.0,-0.504858319873953,-0.495185362078435,0.0,-2.2951515838757897,-1.5145749596218592,1.5145749596218592,13.0,2,1,-0.3743274277408878,-0.7659201041400836
US2000_USD,1d,Corto,sin bias,EMA 25,primer apoyo,ninguna,bracket 2R,14,0.9723331431831147,14.285714285714285,-0.5799339408390488,-0.5714285714285717,0.32934143615154293,-1.9902498037139673,-8.119075171746683,8.119075171746685,7.428571428571429,6,8,-0.5101804646699569,-0.6322490479658679
US2000_USD,1d,Corto,sin bias,EMA 25,primer apoyo,ninguna,trailing EMA 50,14,0.9723331431831147,14.285714285714285,-0.44372690510603224,-0.43734787804817427,0.20885245658955556,-2.5640311961953928,-6.2121766714844515,6.2121766714844515,10.857142857142858,6,8,-0.554890153498684,-0.3603544688115434
US2000_USD,1d,Corto,sin bias,EMA 25,primer apoyo,impulso (RSI>=70),bracket 2R,1,0.06945236737022248,0.0,-1.002467747413816,-1.0,0.0,,-1.002467747413816,1.002467747413816,2.0,0,1,,-1.002467747413816
US2000_USD,1d,Corto,sin bias,EMA 25,primer apoyo,impulso (RSI>=70),trailing EMA 50,1,0.06945236737022248,0.0,-1.0018508105603616,-0.9999999999999997,0.0,,-1.0018508105603616,1.0018508105603616,13.0,0,1,,-1.0018508105603616
US2000_USD,1d,Corto,sin bias,EMA 25,primer apoyo,retroceso (RSI<=40),bracket 2R,0,0.0,,,,,,0.0,,,0,0,,
US2000_USD,1d,Corto,sin bias,EMA 25,primer apoyo,retroceso (RSI<=40),trailing EMA 50,0,0.0,,,,,,0.0,,,0,0,,
US2000_USD,1d,Corto,sin bias,EMA 25,primer apoyo,impulso + retroceso,bracket 2R,0,0.0,,,,,,0.0,,,0,0,,
US2000_USD,1d,Corto,sin bias,EMA 25,primer apoyo,impulso + retroceso,trailing EMA 50,0,0.0,,,,,,0.0,,,0,0,,
US2000_USD,1d,Corto,sin bias,EMA 25,cualquier apoyo,ninguna,bracket 2R,38,2.639189960068454,26.31578947368421,-0.24845204108546276,-0.2401373775795451,0.6563969654970264,-1.1938955294580957,-9.441177561247585,9.552118479822465,9.842105263157896,19,19,-0.17929472033646743,-0.3176093618344581
US2000_USD,1d,Corto,sin bias,EMA 25,cualquier apoyo,ninguna,trailing EMA 50,42,2.916999429549344,28.57142857142857,-0.11363710161789499,-0.10683471417634227,0.7137726231594109,-0.7399885563848788,-4.772758267951589,7.14906894424193,11.428571428571429,18,24,-0.0033845339861459964,-0.19632652734170675
US2000_USD,1d,Corto,sin bias,EMA 25,cualquier apoyo,impulso (RSI>=70),bracket 2R,16,1.1112378779235597,31.25,-0.1401799019966826,-0.13282627175141914,0.7826415108696246,-0.4278574072640089,-2.2428784319469215,5.033011370009673,10.6875,6,10,0.11966113907145974,-0.29608452663756796
US2000_USD,1d,Corto,sin bias,EMA 25,cualquier apoyo,impulso (RSI>=70),trailing EMA 50,18,1.2501426126640047,33.33333333333333,-0.10110720459428821,-0.09476269751043802,0.7174759234247094,-0.5177888499079412,-1.8199296826971878,3.360614309017807,13.11111111111111,4,14,0.16099624071036442,-0.17599390325276035
US2000_USD,1d,Corto,sin bias,EMA 25,cualquier apoyo,retroceso (RSI<=40),bracket 2R,2,0.13890473474044496,50.0,0.48953483512463314,0.49999999999999756,1.9694600230759216,0.32647687308203066,0.9790696702492663,1.009912370747228,7.0,0,2,,0.48953483512463314
US2000_USD,1d,Corto,sin bias,EMA 25,cualquier apoyo,retroceso (RSI<=40),trailing EMA 50,2,0.13890473474044496,50.0,0.007010998762671111,0.014859872419194398,1.0428465372904723,0.020973938329847158,0.014021997525342222,0.3272609273015934,2.0,0,2,,0.007010998762671111
US2000_USD,1d,Corto,sin bias,EMA 25,cualquier apoyo,impulso + retroceso,bracket 2R,2,0.13890473474044496,50.0,0.48953483512463314,0.49999999999999756,1.9694600230759216,0.32647687308203066,0.9790696702492663,1.009912370747228,7.0,0,2,,0.48953483512463314
US2000_USD,1d,Corto,sin bias,EMA 25,cualquier apoyo,impulso + retroceso,trailing EMA 50,2,0.13890473474044496,50.0,0.007010998762671111,0.014859872419194398,1.0428465372904723,0.020973938329847158,0.014021997525342222,0.3272609273015934,2.0,0,2,,0.007010998762671111
US2000_USD,1d,Corto,sin bias,EMA 50,primer apoyo,ninguna,bracket 2R,13,0.9028807758128923,15.384615384615385,-0.5470168216821221,-0.5384615384615382,0.3591094821469553,-1.7500594090895147,-7.111218681867587,7.111218681867587,6.846153846153846,5,8,-1.0104022994037287,-0.257400898106118
US2000_USD,1d,Corto,sin bias,EMA 50,primer apoyo,ninguna,trailing EMA 50,13,0.9028807758128923,15.384615384615385,-0.19307622685892825,-0.1866597644434903,0.4255925717052914,-1.1975599590177917,-2.5099909491660672,2.6234424986699287,7.769230769230769,5,8,-0.41203989001150826,-0.05622393738856574
US2000_USD,1d,Corto,sin bias,EMA 50,primer apoyo,impulso (RSI>=70),bracket 2R,1,0.06945236737022248,0.0,-1.0030553541372609,-1.0000000000000007,0.0,,-1.0030553541372609,1.0030553541372609,6.0,0,1,,-1.0030553541372609
US2000_USD,1d,Corto,sin bias,EMA 50,primer apoyo,impulso (RSI>=70),trailing EMA 50,1,0.06945236737022248,0.0,-0.3704769659134989,-0.36818545031055366,0.0,,-0.3704769659134989,0.3704769659134989,5.0,0,1,,-0.3704769659134989
US2000_USD,1d,Corto,sin bias,EMA 50,primer apoyo,retroceso (RSI<=40),bracket 2R,1,0.06945236737022248,0.0,-1.0030553541372609,-1.0000000000000007,0.0,,-1.0030553541372609,1.0030553541372609,6.0,0,1,,-1.0030553541372609
US2000_USD,1d,Corto,sin bias,EMA 50,primer apoyo,retroceso (RSI<=40),trailing EMA 50,1,0.06945236737022248,0.0,-0.3704769659134989,-0.36818545031055366,0.0,,-0.3704769659134989,0.3704769659134989,5.0,0,1,,-0.3704769659134989
US2000_USD,1d,Corto,sin bias,EMA 50,primer apoyo,impulso + retroceso,bracket 2R,1,0.06945236737022248,0.0,-1.0030553541372609,-1.0000000000000007,0.0,,-1.0030553541372609,1.0030553541372609,6.0,0,1,,-1.0030553541372609
US2000_USD,1d,Corto,sin bias,EMA 50,primer apoyo,impulso + retroceso,trailing EMA 50,1,0.06945236737022248,0.0,-0.3704769659134989,-0.36818545031055366,0.0,,-0.3704769659134989,0.3704769659134989,5.0,0,1,,-0.3704769659134989
US2000_USD,1d,Corto,sin bias,EMA 50,cualquier apoyo,ninguna,bracket 2R,27,1.8752139189960069,33.33333333333333,-0.07015038488077287,-0.061665637493042935,0.8956667355683627,-0.26285319676340374,-1.8940603917808676,7.04670192910259,9.37037037037037,11,16,0.08143535789427926,-0.1743655830386212
US2000_USD,1d,Corto,sin bias,EMA 50,cualquier apoyo,ninguna,trailing EMA 50,36,2.5002852253280095,22.22222222222222,0.037323813690237004,0.04403877365082595,1.128403780207364,0.222169609666308,1.3436572928485322,4.8710862327518765,11.11111111111111,14,22,0.19421900556174648,-0.06251858113708722
US2000_USD,1d,Corto,sin bias,EMA 50,cualquier apoyo,impulso (RSI>=70),bracket 2R,11,0.7639760410724473,45.45454545454545,0.20447750303106293,0.21227525342616688,1.3721406242059409,0.46159123660313794,2.2492525333416924,3.0165438001329568,12.727272727272727,3,8,0.9913706737124848,-0.09060743597447019
US2000_USD,1d,Corto,sin bias,EMA 50,cualquier apoyo,impulso (RSI>=70),trailing EMA 50,17,1.1806902452937822,29.411764705882355,-0.0024654668390231265,0.0038833797834978783,0.9899302955089765,-0.013339872364613386,-0.04191293626339315,2.673183111118067,11.176470588235293,3,14,0.2830155722220804,-0.06363997520925961
US2000_USD,1d,Corto,sin bias,EMA 50,cualquier apoyo,retroceso (RSI<=40),bracket 2R,3,0.20835710211066744,33.33333333333333,-0.007637107750420406,2.220446049250313e-16,0.9886120588404905,-0.007650028878482921,-0.022911323251261217,2.0118933642477552,5.333333333333333,0,3,,-0.007637107750420406
US2000_USD,1d,Corto,sin bias,EMA 50,cualquier apoyo,retroceso (RSI<=40),trailing EMA 50,3,0.20835710211066744,0.0,-0.34594150742234087,-0.3402136766095254,0.0,-26.996592831471556,-1.0378245222670226,1.0378245222670226,3.6666666666666665,0,3,,-0.34594150742234087
US2000_USD,1d,Corto,sin bias,EMA 50,cualquier apoyo,impulso + retroceso,bracket 2R,2,0.13890473474044496,50.0,0.4929633434296167,0.499999999999999,1.9829235074541225,0.32951683306590457,0.9859266868592333,1.0030553541372609,6.0,0,2,,0.4929633434296167
US2000_USD,1d,Corto,sin bias,EMA 50,cualquier apoyo,impulso + retroceso,trailing EMA 50,2,0.13890473474044496,0.0,-0.34886894660754614,-0.34359145417975934,0.0,-16.145345932351933,-0.6977378932150923,0.6977378932150923,3.5,0,2,,-0.34886894660754614
XAU_USD,5m,Largo,sin bias,EMA 25,primer apoyo,ninguna,bracket 2R,1503,106.2249903250774,36.19427811044578,-0.1582081823106418,0.018132573600715126,0.7730414624236176,-4.693507634100683,-237.78689801289462,254.7885779998446,15.660013306719893,731,772,-0.1695251858451094,-0.14749221134730525
XAU_USD,5m,Largo,sin bias,EMA 25,primer apoyo,ninguna,trailing EMA 50,1514,107.00241873065016,25.825627476882428,-0.08471110310237515,0.04763419470941415,0.8193522184317086,-2.3839286687021737,-128.25261009699597,157.8958496230423,18.956406869220608,739,775,-0.08287562050727934,-0.08646132457047295
XAU_USD,5m,Largo,sin bias,EMA 25,primer apoyo,impulso (RSI>=70),bracket 2R,812,57.388351393188856,34.97536945812808,-0.1626215911387115,0.0037812566587678473,0.7701167563847557,-3.520802553758988,-132.04873200463373,150.0683984106447,15.637931034482758,395,417,-0.17497616863452922,-0.15091881389447173
XAU_USD,5m,Largo,sin bias,EMA 25,primer apoyo,impulso (RSI>=70),trailing EMA 50,808,57.10565015479877,26.60891089108911,-0.07010669922191903,0.05456999312687378,0.859859485092208,-1.2714833132913819,-56.646212971310575,83.57568117652812,20.878712871287128,394,414,-0.0431709137060916,-0.09574123906065338
XAU_USD,5m,Largo,sin bias,EMA 25,primer apoyo,retroceso (RSI<=40),bracket 2R,55,3.8871420278637774,32.72727272727273,-0.24448680230785313,-0.07619492971922752,0.6694738763731255,-1.4078590193435514,-13.446774126931922,13.44677412693192,15.236363636363636,26,29,-0.35264649303526424,-0.14751604510396732
XAU_USD,5m,Largo,sin bias,EMA 25,primer apoyo,retroceso (RSI<=40),trailing EMA 50,55,3.8871420278637774,20.0,-0.23030360651650897,-0.10408470207503968,0.41627477330801443,-1.974052425718981,-12.666698358407993,12.666698358407997,13.018181818181818,26,29,-0.23451505975939002,-0.22652782085047762
XAU_USD,5m,Largo,sin bias,EMA 25,primer apoyo,impulso + retroceso,bracket 2R,45,3.180388931888545,31.11111111111111,-0.24329110809392285,-0.07770698684996649,0.6751712576125914,-1.2447280180237512,-10.948099864226528,11.555035943113788,15.555555555555555,22,23,-0.28630097058318993,-0.20215123962592824
XAU_USD,5m,Largo,sin bias,EMA 25,primer apoyo,impulso + retroceso,trailing EMA 50,45,3.180388931888545,20.0,-0.18902721705540396,-0.06483912612243667,0.5085715684472414,-1.3508711381177654,-8.506224767493178,9.0056665416309,14.311111111111112,22,23,-0.20702142574082227,-0.17181536526935157
XAU_USD,5m,Largo,sin bias,EMA 25,cualquier apoyo,ninguna,bracket 2R,2488,175.84017027863777,34.766881028938904,-0.20574309692764167,-0.02336867505801024,0.7063105147917024,-8.097567336402568,-511.8888251559725,525.4861040799476,15.965032154340836,1231,1257,-0.19862563213734008,-0.21271334287582086
XAU_USD,5m,Largo,sin bias,EMA 25,cualquier apoyo,ninguna,trailing EMA 50,2937,207.5733842879257,21.859039836567927,-0.12463484974755182,0.017597027793256257,0.7122027227385591,-5.495068713842405,-366.0525537085597,389.0268150218611,14.903302689819544,1456,1481,-0.11401267524428428,-0.13507771678114908
XAU_USD,5m,Largo,sin bias,EMA 25,cualquier apoyo,impulso (RSI>=70),bracket 2R,1533,108.3452496130031,33.9856490541422,-0.21838300853824655,-0.04272339520590303,0.6907874491077214,-6.779018470891743,-334.781152089132,350.67689261360374,16.01239399869537,779,754,-0.19857612445447947,-0.23884661954786796
XAU_USD,5m,Largo,sin bias,EMA 25,cualquier apoyo,impulso (RSI>=70),trailing EMA 50,1704,120.43072755417957,22.417840375586852,-0.14230253425970518,-0.006957654923936988,0.6868968691439348,-4.606457823543385,-242.48351837853764,259.94180042835313,15.857981220657276,870,834,-0.11236117613526425,-0.1735363251089421
XAU_USD,5m,Largo,sin bias,EMA 25,cualquier apoyo,retroceso (RSI<=40),bracket 2R,152,10.742647058823529,28.289473684210524,-0.4022860650428564,-0.21315348881822496,0.49326117227830546,-4.14359020735031,-61.14748188651417,61.14748188651416,13.986842105263158,72,80,-0.4334263257698564,-0.37425983038855637
XAU_USD,5m,Largo,sin bias,EMA 25,cualquier apoyo,retroceso (RSI<=40),trailing EMA 50,152,10.742647058823529,15.131578947368421,-0.29214146375421635,-0.15029203158574278,0.30299478448354406,-5.166820549748026,-44.405502490640885,44.40550249064088,9.875,72,80,-0.3436480402039888,-0.24578554494942112
XAU_USD,5m,Largo,sin bias,EMA 25,cualquier apoyo,impulso + retroceso,bracket 2R,113,7.986309984520124,27.43362831858407,-0.41479406558730636,-0.22703971570888093,0.48164485752523506,-3.706093416395512,-46.87172941136562,46.871729411365614,14.5929203539823,55,58,-0.5077559028654647,-0.3266405992028459
XAU_USD,5m,Largo,sin bias,EMA 25,cualquier apoyo,impulso + retroceso,trailing EMA 50,113,7.986309984520124,16.8141592920354,-0.27121922252127434,-0.13040346011245527,0.346835354479428,-3.877094762412721,-30.647772144904,30.647772144904014,10.929203539823009,55,58,-0.3339368537904381,-0.2117456066625846
XAU_USD,5m,Largo,sin bias,EMA 50,primer apoyo,ninguna,bracket 2R,1223,86.4359036377709,34.50531479967294,-0.23392162280924347,-0.05232563667812541,0.6754310123075176,-6.455261147789795,-286.0861446957048,290.41921428187555,14.619787408013083,594,629,-0.19133148338367184,-0.2741418816626451
XAU_USD,5m,Largo,sin bias,EMA 50,primer apoyo,ninguna,trailing EMA 50,1229,86.85995549535605,17.90073230268511,-0.1381148848850831,-0.001985936785022916,0.6660596850097639,-3.7918120345919872,-169.74319352376713,181.95628190013463,11.58746948738812,601,628,-0.16030879385454438,-0.11687517263883113
XAU_USD,5m,Largo,sin bias,EMA 50,primer apoyo,impulso (RSI>=70),bracket 2R,638,45.090847523219814,32.758620689655174,-0.2589611509675397,-0.08700405148337818,0.6483884180570498,-5.172338565544,-165.2172143172903,174.6158836915837,14.553291536050157,311,327,-0.2223807523152577,-0.2937516830190984
XAU_USD,5m,Largo,sin bias,EMA 50,primer apoyo,impulso (RSI>=70),trailing EMA 50,636,44.94949690402477,16.82389937106918,-0.16393502142350477,-0.03509226695913242,0.618309268041596,-2.935716901263422,-104.26267362534904,113.93983815492032,11.176100628930818,311,325,-0.1680468083285565,-0.16000035764667067
XAU_USD,5m,Largo,sin bias,EMA 50,primer apoyo,retroceso (RSI<=40),bracket 2R,111,7.844959365325078,30.630630630630627,-0.35085071150317776,-0.1717730134285646,0.531186386693193,-3.13687213311412,-38.944428976852734,41.68389690610249,14.954954954954955,58,53,-0.4924589160178999,-0.19588324241159527
XAU_USD,5m,Largo,sin bias,EMA 50,primer apoyo,retroceso (RSI<=40),trailing EMA 50,111,7.844959365325078,14.414414414414415,-0.28547218671058106,-0.1511639131546211,0.36760236785064754,-3.8280284067977863,-31.6874127248745,31.687412724874502,9.26126126126126,58,53,-0.3830407732435158,-0.17869901654246367
XAU_USD,5m,Largo,sin bias,EMA 50,primer apoyo,impulso + retroceso,bracket 2R,88,6.219427244582044,31.818181818181817,-0.2874766865877507,-0.11618905878535545,0.5949183472244337,-2.2611723846538276,-25.29794841972206,30.02231207390112,16.079545454545453,49,39,-0.44208305069125875,-0.09322766502180456
XAU_USD,5m,Largo,sin bias,EMA 50,primer apoyo,impulso + retroceso,trailing EMA 50,88,6.219427244582044,15.909090909090908,-0.2281493767378408,-0.09968365588604437,0.4753324545983583,-2.500398628121592,-20.07714515292999,21.504450851720065,10.488636363636363,49,39,-0.36098075469418567,-0.06125867110038186
XAU_USD,5m,Largo,sin bias,EMA 50,cualquier apoyo,ninguna,bracket 2R,1807,127.71028444272446,34.31101272827892,-0.2344055927149005,-0.05095474071763356,0.6738637671653739,-7.879760651261546,-423.5709060358252,428.91095629886155,14.980630879911455,892,915,-0.1794220180882439,-0.28800706655859204
XAU_USD,5m,Largo,sin bias,EMA 50,cualquier apoyo,ninguna,trailing EMA 50,2870,202.83813854489165,16.82926829268293,-0.14771490891361802,-0.0027076222380486505,0.620969395288374,-7.042799644086509,-423.9417885820837,437.6611120670345,10.6,1432,1438,-0.12678029967360743,-0.1685621692972725
XAU_USD,5m,Largo,sin bias,EMA 50,cualquier apoyo,impulso (RSI>=70),bracket 2R,1037,73.29029605263158,32.88331726133077,-0.26190341504964476,-0.08681707675431599,0.6415489098594718,-6.734866920327484,-271.5938414064816,283.86978390989157,15.083895853423337,526,511,-0.20636913012712266,-0.31906786489161465
XAU_USD,5m,Largo,sin bias,EMA 50,cualquier apoyo,impulso (RSI>=70),trailing EMA 50,1640,115.90750773993808,16.097560975609756,-0.17585436591517178,-0.038283578321301866,0.55832097280455,-6.305958922919619,-288.4011601008817,302.18855199608083,10.325,843,797,-0.14135855559763855,-0.21234115148315238
XAU_USD,5m,Largo,sin bias,EMA 50,cualquier apoyo,retroceso (RSI<=40),bracket 2R,232,16.396671826625386,29.74137931034483,-0.36138731326783147,-0.17683123167457557,0.524678251862441,-4.640583886198243,-83.8418566781369,85.27506820838109,14.793103448275861,109,123,-0.3462278009393367,-0.37482135264836774
XAU_USD,5m,Largo,sin bias,EMA 50,cualquier apoyo,retroceso (RSI<=40),trailing EMA 50,237,16.750048374613005,13.924050632911392,-0.25917998116727536,-0.12079127008729676,0.3588405160478685,-5.579492212737657,-61.42565553664426,61.425655536644214,8.713080168776372,113,124,-0.2676443422040356,-0.25146649086764705
XAU_USD,5m,Largo,sin bias,EMA 50,cualquier apoyo,impulso + retroceso,bracket 2R,173,12.226828560371517,31.213872832369944,-0.3025758549534715,-0.12477645958924044,0.580777054246386,-3.333164666058031,-52.34562290695057,54.39493347113278,15.83815028901734,89,84,-0.3272574340928499,-0.2764251341986538
XAU_USD,5m,Largo,sin bias,EMA 50,cualquier apoyo,impulso + retroceso,trailing EMA 50,178,12.580205108359134,15.168539325842698,-0.2337651206917932,-0.1003109753140552,0.41741576258833846,-4.054436780822858,-41.61019148313919,41.610191483139175,9.47191011235955,93,85,-0.23129051417008553,-0.23647263135672048
XAU_USD,5m,Largo,bias diario,EMA 25,primer apoyo,ninguna,bracket 2R,838,59.22590944272446,37.828162291169456,-0.12652480941605604,0.050923021474433505,0.8160352040739389,-2.768692801656909,-106.02779029065496,122.29689248831133,15.495226730310263,522,316,-0.16501671359146686,-0.06294008163262427
XAU_USD,5m,Largo,bias diario,EMA 25,primer apoyo,ninguna,trailing EMA 50,846,59.79131191950464,26.47754137115839,-0.07317794973040982,0.059711608797743856,0.843112022048326,-1.6235502899694394,-61.90854547192671,88.84286751126037,18.78723404255319,528,318,-0.11138721355685735,-0.009736153188383743
XAU_USD,5m,Largo,bias diario,EMA 25,primer apoyo,impulso (RSI>=70),bracket 2R,457,32.29861648606811,37.85557986870897,-0.10036348913160087,0.06700391994931998,0.8523251098806172,-1.6093898430984948,-45.8661145331416,64.74299042037102,16.12691466083151,278,179,-0.099913983268758,-0.10106160438227307
XAU_USD,5m,Largo,bias diario,EMA 25,primer apoyo,impulso (RSI>=70),trailing EMA 50,455,32.15726586687307,28.35164835164835,-0.030198794730765702,0.09527751906590827,0.9379188768776114,-0.4440276320776445,-13.740451602498394,36.60158393845397,21.2,277,178,-0.06133319969464334,0.01825193658942585
XAU_USD,5m,Largo,bias diario,EMA 25,primer apoyo,retroceso (RSI<=40),bracket 2R,37,2.614986455108359,32.432432432432435,-0.26354377483256003,-0.09582764279531113,0.648574304585586,-1.2485863304115783,-9.751119668804721,12.05707608899104,14.621621621621621,19,18,-0.21314970201269925,-0.31673751836463543
XAU_USD,5m,Largo,bias diario,EMA 25,primer apoyo,retroceso (RSI<=40),trailing EMA 50,37,2.614986455108359,21.62162162162162,-0.14733906299178454,-0.021551963963847905,0.6068658369492019,-0.8930353033389341,-5.451545330696028,5.507348783189822,14.162162162162161,19,18,-0.12560699035415257,-0.17027847299817392
XAU_USD,5m,Largo,bias diario,EMA 25,primer apoyo,impulso + retroceso,bracket 2R,30,2.1202592879256965,26.666666666666668,-0.3582026897638224,-0.19505720190391743,0.557086086672807,-1.5315712283414118,-10.746080692914672,13.052037113100992,14.066666666666666,17,13,-0.2074429403701393,-0.5553500543555621
XAU_USD,5m,Largo,bias diario,EMA 25,primer apoyo,impulso + retroceso,trailing EMA 50,30,2.1202592879256965,20.0,-0.0962888386740632,0.026070277220865596,0.7391464807779973,-0.48199647081033703,-2.888665160221896,4.773630010302993,15.3,17,13,-0.12294573832896197,-0.06142981604842624
XAU_USD,5m,Largo,bias diario,EMA 25,cualquier apoyo,ninguna,bracket 2R,1395,98.59205688854489,35.913978494623656,-0.18224433460946732,0.0034130695875728267,0.7363946346308483,-5.327483836122855,-254.23084678020692,263.0463999862958,15.96415770609319,869,526,-0.2028227567855208,-0.14824690329579726
XAU_USD,5m,Largo,bias diario,EMA 25,cualquier apoyo,ninguna,trailing EMA 50,1650,116.61426083591331,21.939393939393938,-0.12444921297123077,0.018162949636319013,0.7137992171349321,-4.255626120096443,-205.34120140253077,219.09810481966377,14.899393939393939,1037,613,-0.14949311232981688,-0.0820829427675541
XAU_USD,5m,Largo,bias diario,EMA 25,cualquier apoyo,impulso (RSI>=70),bracket 2R,859,60.71009094427245,35.85564610011641,-0.17205929064025094,0.006872990651347094,0.7479115694521792,-3.9630768228803936,-147.79893065997555,160.07922969887287,16.424912689173457,541,318,-0.1710835258023717,-0.17371931824180015
XAU_USD,5m,Largo,bias diario,EMA 25,cualquier apoyo,impulso (RSI>=70),trailing EMA 50,958,67.70694659442725,23.2776617954071,-0.12856733924150301,0.010099862291008682,0.7144904896017451,-3.346987566642269,-123.16751099335988,138.93219884976716,15.984342379958246,598,360,-0.13768875551422932,-0.11341565332180761
XAU_USD,5m,Largo,bias diario,EMA 25,cualquier apoyo,retroceso (RSI<=40),bracket 2R,84,5.93672600619195,28.57142857142857,-0.39420756512938254,-0.20385796041992205,0.508441713030234,-2.970060181593627,-33.11343547086813,33.11343547086813,13.333333333333334,48,36,-0.4493371871991685,-0.32070140236966793
XAU_USD,5m,Largo,bias diario,EMA 25,cualquier apoyo,retroceso (RSI<=40),trailing EMA 50,84,5.93672600619195,15.476190476190476,-0.28352235942240545,-0.14076015589031005,0.3325823584840027,-3.389558227779593,-23.815878191482057,23.81587819148206,10.761904761904763,48,36,-0.3371270294879238,-0.21204946600171437
XAU_USD,5m,Largo,bias diario,EMA 25,cualquier apoyo,impulso + retroceso,bracket 2R,65,4.593895123839009,24.615384615384617,-0.46922607611815687,-0.2730940815199636,0.43978563954641803,-3.2061670504940585,-30.499694947680197,30.499694947680197,13.384615384615385,37,28,-0.5337099909421474,-0.3840151886721693
XAU_USD,5m,Largo,bias diario,EMA 25,cualquier apoyo,impulso + retroceso,trailing EMA 50,65,4.593895123839009,15.384615384615385,-0.24775058906502548,-0.1006515931163805,0.40798890542615845,-2.3770110883566593,-16.103788289226657,16.103788289226653,11.353846153846154,37,28,-0.32954943193531344,-0.13965926098643064
XAU_USD,5m,Largo,bias diario,EMA 50,primer apoyo,ninguna,bracket 2R,686,48.48326238390093,35.27696793002916,-0.20292217981591557,-0.02003592537104897,0.715377300116096,-4.129062280707046,-139.20461535371808,141.36345156567313,14.11807580174927,422,264,-0.20441894303169808,-0.20052962649371778
XAU_USD,5m,Largo,bias diario,EMA 50,primer apoyo,ninguna,trailing EMA 50,691,48.836638931888544,18.37916063675832,-0.1456469090196018,-0.0086580338461552,0.6520520763369401,-3.3792836833347017,-100.64201413254484,112.85510250891241,11.746743849493487,426,265,-0.20393947428044829,-0.05193886071348632
XAU_USD,5m,Largo,bias diario,EMA 50,primer apoyo,impulso (RSI>=70),bracket 2R,353,24.9483842879257,33.711048158640224,-0.23366309547447667,-0.0603865061112843,0.679890168551286,-3.426583652852923,-82.48307270249026,88.22444273217376,13.529745042492918,217,136,-0.20173303022571684,-0.28461033193757135
XAU_USD,5m,Largo,bias diario,EMA 50,primer apoyo,impulso (RSI>=70),trailing EMA 50,353,24.9483842879257,17.56373937677054,-0.17699546466307,-0.04703802264067575,0.5982846337012769,-2.932841607520281,-62.47939902606371,72.15656355563507,11.756373937677054,217,136,-0.2333277364962872,-0.08711235445859838
XAU_USD,5m,Largo,bias diario,EMA 50,primer apoyo,retroceso (RSI<=40),bracket 2R,64,4.523219814241486,28.125,-0.4749265188532329,-0.28823851192669625,0.41377181900757204,-3.3619963150751073,-30.395297206606905,31.63578731365778,14.84375,39,25,-0.657652146056109,-0.18987454041674615
XAU_USD,5m,Largo,bias diario,EMA 50,primer apoyo,retroceso (RSI<=40),trailing EMA 50,64,4.523219814241486,12.5,-0.3303380070674683,-0.19032200187256582,0.28837835683787544,-3.593600965736299,-21.14163245231797,21.14163245231797,9.734375,39,25,-0.47234013351631504,-0.1088146898072673
XAU_USD,5m,Largo,bias diario,EMA 50,primer apoyo,impulso + retroceso,bracket 2R,50,3.5337654798761613,26.0,-0.4847275879540809,-0.3121019489169865,0.40191158004964345,-3.051175663581774,-24.236379397704045,26.823632354063875,14.96,33,17,-0.6717385508643133,-0.12170630701068846
XAU_USD,5m,Largo,bias diario,EMA 50,primer apoyo,impulso + retroceso,trailing EMA 50,50,3.5337654798761613,12.0,-0.2906077263316406,-0.1611384970538199,0.3645901998750277,-2.5446484317366647,-14.530386316582032,17.84947043456047,10.74,33,17,-0.48433063297495976,0.08544262185833162
XAU_USD,5m,Largo,bias diario,EMA 50,cualquier apoyo,ninguna,bracket 2R,1032,72.93691950464397,35.174418604651166,-0.20462538200718947,-0.019015406102852406,0.712642400473937,-5.118326229340035,-211.17339423141954,216.69495321153,14.866279069767442,635,397,-0.18463958518229864,-0.23659258851551612
XAU_USD,5m,Largo,bias diario,EMA 50,cualquier apoyo,ninguna,trailing EMA 50,1619,114.4233262383901,17.541692402717725,-0.14932057015643427,-0.003120331022074092,0.6220617674530876,-5.644949462501318,-241.75000308326707,249.35289527215713,10.920321185917233,1015,604,-0.1586788473883671,-0.1335943261325736
XAU_USD,5m,Largo,bias diario,EMA 50,cualquier apoyo,impulso (RSI>=70),bracket 2R,598,42.263835139318886,34.280936454849495,-0.22149367462664496,-0.04399603630876603,0.691325752469745,-4.250827660985749,-132.4532174267337,145.1983543975799,14.941471571906355,374,224,-0.1785786540944335,-0.2931464321223909
XAU_USD,5m,Largo,bias diario,EMA 50,cualquier apoyo,impulso (RSI>=70),trailing EMA 50,920,65.02128482972137,17.17391304347826,-0.18020483342520183,-0.0395903150501561,0.55389519465625,-5.554135881474589,-165.7884467511857,175.78801702434362,10.73913043478261,578,342,-0.1668795062770831,-0.2027254155644201
XAU_USD,5m,Largo,bias diario,EMA 50,cualquier apoyo,retroceso (RSI<=40),bracket 2R,130,9.187790247678018,30.76923076923077,-0.3546480393897735,-0.17035346112659597,0.5340185616376951,-3.3861906968283013,-46.104245120670555,46.88553923862896,15.076923076923077,77,53,-0.4114817929748432,-0.2720782464454272
XAU_USD,5m,Largo,bias diario,EMA 50,cualquier apoyo,retroceso (RSI<=40),trailing EMA 50,135,9.541166795665635,14.814814814814813,-0.24077878115963727,-0.10260035368268762,0.38568035127431943,-3.8324593766234303,-32.50513545655103,32.50513545655103,9.592592592592593,81,54,-0.27680338507429,-0.18674187528765815
XAU_USD,5m,Largo,bias diario,EMA 50,cualquier apoyo,impulso + retroceso,bracket 2R,100,7.067530959752323,30.0,-0.3486330003955955,-0.1702355143537984,0.5362195840285708,-2.927165331095034,-34.863300039559554,36.260693191455985,15.49,63,37,-0.4050592968556136,-0.252555792909619
XAU_USD,5m,Largo,bias diario,EMA 50,cualquier apoyo,impulso + retroceso,trailing EMA 50,105,7.420907507739939,14.285714285714285,-0.21595308106408798,-0.08199900695110537,0.4439231810112083,-2.801481738172177,-22.675073511729238,22.675073511729227,10.00952380952381,67,38,-0.25056554612982884,-0.1549258400271238
XAU_USD,5m,Corto,sin bias,EMA 25,primer apoyo,ninguna,bracket 2R,1592,112.51509287925697,35.11306532663316,-0.17900184625582824,-0.008628268671707195,0.7432387672086183,-5.53588847906858,-284.97093923927855,291.49488810434536,15.31218592964824,794,798,-0.2168194222685608,-0.14137383202762063
XAU_USD,5m,Corto,sin bias,EMA 25,primer apoyo,ninguna,trailing EMA 50,1606,113.50454721362229,24.03486924034869,-0.10466944372319327,0.023394410078818255,0.7801919477483478,-3.2759217254440385,-168.09912661944838,190.50753659065757,17.529265255292653,801,805,-0.07452441277697593,-0.13466468569576484
XAU_USD,5m,Corto,sin bias,EMA 25,primer apoyo,impulso (RSI>=70),bracket 2R,890,62.90102554179567,35.28089887640449,-0.17388720299879223,-0.012649159971773563,0.7530109658420026,-3.9843624453159685,-154.7596106689251,157.72178950166068,14.574157303370786,432,458,-0.21655408553087097,-0.13364245790303236
XAU_USD,5m,Corto,sin bias,EMA 25,primer apoyo,impulso (RSI>=70),trailing EMA 50,889,62.83035023219814,25.196850393700785,-0.10779652286497596,0.013139324719668364,0.7829168685347467,-2.4301805719944216,-95.83110882696363,114.4279897335643,18.689538807649043,432,457,-0.0856749541879993,-0.12870794008259945
XAU_USD,5m,Corto,sin bias,EMA 25,primer apoyo,retroceso (RSI<=40),bracket 2R,57,4.028492647058823,28.07017543859649,-0.3508706218143912,-0.19370792964333852,0.5791413415562889,-2.009034208298585,-19.9996254434203,20.022732594980013,11.175438596491228,38,19,-0.44467170590173477,-0.16326845363970433
XAU_USD,5m,Corto,sin bias,EMA 25,primer apoyo,retroceso (RSI<=40),trailing EMA 50,57,4.028492647058823,17.543859649122805,-0.08949990477805221,0.0283721143502374,0.7709074239355591,-0.5544345285497219,-5.101494572348976,8.503256904525424,11.24561403508772,38,19,-0.17273355427756423,0.07696739422097183
XAU_USD,5m,Corto,sin bias,EMA 25,primer apoyo,impulso + retroceso,bracket 2R,43,3.0390383126934988,32.55813953488372,-0.2254468891995314,-0.07072911603884782,0.711495802627499,-1.0749613186815306,-9.69421623557985,10.999944851266772,10.953488372093023,28,15,-0.2991584800340785,-0.08785191964170999
XAU_USD,5m,Corto,sin bias,EMA 25,primer apoyo,impulso + retroceso,trailing EMA 50,43,3.0390383126934988,23.25581395348837,0.05532634130078109,0.1713646711712938,1.1608787259902351,0.264598912637064,2.379032675933587,5.379818045828049,13.395348837209303,28,15,-0.037677104036258395,0.22893277259658806
XAU_USD,5m,Corto,sin bias,EMA 25,cualquier apoyo,ninguna,bracket 2R,2709,191.4594136996904,34.14544112218531,-0.21281888631908988,-0.03762084661548071,0.6990054024403216,-8.708794043672897,-576.5263630384145,579.632137093396,15.352897748246585,1381,1328,-0.221576772043262,-0.20371147654116686
XAU_USD,5m,Corto,sin bias,EMA 25,cualquier apoyo,ninguna,trailing EMA 50,3323,234.85405379256966,19.741197712910022,-0.14199449504737666,-0.00395017101343573,0.6766594810906139,-6.91260863495634,-471.8477070424326,483.63191171574084,13.78543484802889,1646,1677,-0.11326414923186447,-0.1701937491990362
XAU_USD,5m,Corto,sin bias,EMA 25,cualquier apoyo,impulso (RSI>=70),bracket 2R,1726,121.98558436532508,33.893395133256085,-0.2076844272736732,-0.04140241411433957,0.7053759924971599,-6.783939608207499,-358.46332147435993,361.5690955293408,15.033603707995365,885,841,-0.2167771377380096,-0.198115998307041
XAU_USD,5m,Corto,sin bias,EMA 25,cualquier apoyo,impulso (RSI>=70),trailing EMA 50,1993,140.85589202786377,21.625689914701454,-0.12510416392159143,0.004158088227555983,0.7205125055182239,-4.4997472372719205,-249.33259869573172,254.76363606477048,14.563973908680381,999,994,-0.09224592953859052,-0.1581276811737221
XAU_USD,5m,Corto,sin bias,EMA 25,cualquier apoyo,retroceso (RSI<=40),bracket 2R,171,12.085477941176471,28.07017543859649,-0.35978336536898664,-0.1822808538644438,0.5453305916433682,-3.7737133789623,-61.52295547809671,61.52295547809672,13.064327485380117,100,71,-0.4422227267188212,-0.2436715888199238
XAU_USD,5m,Corto,sin bias,EMA 25,cualquier apoyo,retroceso (RSI<=40),trailing EMA 50,170,12.014802631578947,13.529411764705882,-0.20267546271500855,-0.0689624340659226,0.511651532620164,-2.41752630862555,-34.45482866155145,37.51315411246392,9.358823529411765,99,71,-0.30129228876751635,-0.06516749399390614
XAU_USD,5m,Corto,sin bias,EMA 25,cualquier apoyo,impulso + retroceso,bracket 2R,122,8.622387770897832,32.78688524590164,-0.20826170828869578,-0.044740527066327355,0.7161652452074697,-1.748829459920983,-25.407928411220887,28.705902125391837,13.057377049180328,74,48,-0.28554227291839573,-0.08912083781790847
XAU_USD,5m,Corto,sin bias,EMA 25,cualquier apoyo,impulso + retroceso,trailing EMA 50,120,8.481037151702786,15.833333333333332,-0.1266634509205999,-0.003937359245612115,0.6749865265850423,-1.1236482885064816,-15.199614110471991,23.537868585360606,10.716666666666667,73,47,-0.23155369202005954,0.03625117887217772
XAU_USD,5m,Corto,sin bias,EMA 50,primer apoyo,ninguna,bracket 2R,1351,95.48234326625388,35.38119911176906,-0.1758090286733092,-0.000257503583478627,0.7468224568907005,-5.00956757655047,-237.5179977376407,240.64702925891,15.546262028127313,674,677,-0.17624229841656505,-0.17537767888460246
XAU_USD,5m,Corto,sin bias,EMA 50,primer apoyo,ninguna,trailing EMA 50,1361,96.18909636222911,18.221895664952243,-0.11265463017381372,0.019326374425576026,0.7051646313948097,-3.672594980743244,-153.32295166656047,164.36351549339594,11.667891256429096,678,683,-0.08644852596182798,-0.13866888882055797
XAU_USD,5m,Corto,sin bias,EMA 50,primer apoyo,impulso (RSI>=70),bracket 2R,745,52.6531056501548,36.51006711409396,-0.1472230576572287,0.020005003286146465,0.7877656055965861,-3.0580354760948647,-109.68117795463539,112.47332778455682,15.532885906040269,358,387,-0.15743181440185314,-0.13777929818804124
XAU_USD,5m,Corto,sin bias,EMA 50,primer apoyo,impulso (RSI>=70),trailing EMA 50,745,52.6531056501548,17.315436241610737,-0.14562652230700956,-0.020205476599478203,0.6242923260737228,-3.4987498340989855,-108.49175911872213,112.51745934363923,11.269798657718122,358,387,-0.15158649562209647,-0.14011316197935814
XAU_USD,5m,Corto,sin bias,EMA 50,primer apoyo,retroceso (RSI<=40),bracket 2R,123,8.693063080495357,38.21138211382114,-0.16320504119323934,0.005071912916842193,0.7663309218762048,-1.3784036514529543,-20.07422006676844,23.844765330126958,15.861788617886178,61,62,-0.137919417757455,-0.1880828319929625
XAU_USD,5m,Corto,sin bias,EMA 50,primer apoyo,retroceso (RSI<=40),trailing EMA 50,123,8.693063080495357,17.073170731707318,-0.08042639731679024,0.04578131826577088,0.7939683965098925,-0.7603735484795608,-9.8924468699652,15.399354087292625,11.804878048780488,61,62,-0.05182868955250662,-0.10856285173003706
XAU_USD,5m,Corto,sin bias,EMA 50,primer apoyo,impulso + retroceso,bracket 2R,98,6.926180340557276,43.87755102040816,0.009311996234900333,0.16862014350286794,1.0150218721723088,0.0684310732829324,0.9125756310202326,9.240085974744197,17.306122448979593,48,50,0.012152672799863337,0.00658494673253585
XAU_USD,5m,Corto,sin bias,EMA 50,primer apoyo,impulso + retroceso,trailing EMA 50,98,6.926180340557276,20.408163265306122,0.031174934334283394,0.15065604478525912,1.0889045131921944,0.2415330201417292,3.0551435647597724,6.868878370434639,13.489795918367347,48,50,0.06408308677349112,-0.0004168920073559562
XAU_USD,5m,Corto,sin bias,EMA 50,cualquier apoyo,ninguna,bracket 2R,1996,141.06791795665634,35.02004008016032,-0.1871463516362055,-0.008172698357842578,0.732264281693381,-6.503255926718025,-373.54411786586616,376.33626769578694,15.597194388777556,1010,986,-0.20993932254473682,-0.16379858224714197
XAU_USD,5m,Corto,sin bias,EMA 50,cualquier apoyo,ninguna,trailing EMA 50,3326,235.06607972136223,15.81479254359591,-0.14698732480314797,-0.0059692979017493914,0.6095789400453134,-8.2732762759604,-488.8798422952702,492.1821373198775,10.437161755862899,1640,1686,-0.1298015541179211,-0.1637042073202133
XAU_USD,5m,Corto,sin bias,EMA 50,cualquier apoyo,impulso (RSI>=70),bracket 2R,1195,84.45699496904025,34.97907949790795,-0.17731528468280067,-0.008171699321859276,0.746635235325084,-4.736005784998647,-211.8917651959468,214.6839150258681,15.489539748953975,611,584,-0.21847752870711662,-0.13424999170530574
XAU_USD,5m,Corto,sin bias,EMA 50,cualquier apoyo,impulso (RSI>=70),trailing EMA 50,1936,136.82739938080496,16.58057851239669,-0.13640515025840755,-0.00355250456534547,0.63815191874073,-5.621736727798831,-264.080370900277,267.38266592488355,10.507231404958677,971,965,-0.13492183189836246,-0.13789769132328195
XAU_USD,5m,Corto,sin bias,EMA 50,cualquier apoyo,retroceso (RSI<=40),bracket 2R,271,19.153008900928793,36.90036900369004,-0.16852381447241985,0.011316972127626721,0.7537712266564374,-2.1524443851052197,-45.66995372202578,46.388606988272635,16.605166051660518,129,142,-0.17309271254711095,-0.16437319579893284
XAU_USD,5m,Corto,sin bias,EMA 50,cualquier apoyo,retroceso (RSI<=40),trailing EMA 50,286,20.213138544891642,14.335664335664337,-0.12499020225874884,0.011753943296633243,0.6646840575535908,-1.9836194010107708,-35.747197846002166,37.73869695932859,10.234265734265735,131,155,-0.1705720101282604,-0.0864662227045165
XAU_USD,5m,Corto,sin bias,EMA 50,cualquier apoyo,impulso + retroceso,bracket 2R,206,14.559113777089784,41.74757281553398,-0.01892410524561411,0.14747388866020922,0.9694810783716016,-0.20520665897708695,-3.8983656805965063,13.411692091596553,17.485436893203882,101,105,-0.06675482673305165,0.027084493518492504
XAU_USD,5m,Corto,sin bias,EMA 50,cualquier apoyo,impulso + retroceso,trailing EMA 50,219,15.477892801857585,15.981735159817351,-0.047509808419602104,0.07931824481308186,0.8626134607839223,-0.6023298308685682,-10.40464804389286,23.03974832368807,11.205479452054794,103,116,-0.10503029730902641,0.0035644187839384478
XAU_USD,5m,Corto,bias diario,EMA 25,primer apoyo,ninguna,bracket 2R,447,31.59186339009288,42.505592841163306,-0.03502740942415736,0.13576970760071633,0.9420527703646306,-0.5785522180214809,-15.657252012598338,31.88176954704257,17.263982102908276,59,388,0.008640000299447547,-0.04166755677903541
XAU_USD,5m,Corto,bias diario,EMA 25,primer apoyo,ninguna,trailing EMA 50,459,32.43996710526316,28.104575163398692,-0.09295325092592742,0.03545829503890634,0.7916973643260119,-1.678290591092187,-42.66554217500069,43.65260334002306,18.806100217864923,62,397,-0.18061841782012972,-0.07926246919433914
XAU_USD,5m,Corto,bias diario,EMA 25,primer apoyo,impulso (RSI>=70),bracket 2R,258,18.234229876160992,41.86046511627907,-0.03588728992444764,0.12364679238008544,0.9423840468844763,-0.4422605280107802,-9.258920800507491,22.56881414741383,16.275193798449614,31,227,-0.00747118431476229,-0.039767903465858415
XAU_USD,5m,Corto,bias diario,EMA 25,primer apoyo,impulso (RSI>=70),trailing EMA 50,258,18.234229876160992,30.23255813953488,-0.05750772290943865,0.0621428388189612,0.8732882179385596,-0.7364386786764868,-14.83699251063517,21.566605007276202,19.976744186046513,31,227,-0.16699799579450195,-0.04255530678857096
XAU_USD,5m,Corto,bias diario,EMA 25,primer apoyo,retroceso (RSI<=40),bracket 2R,10,0.7067530959752322,40.0,-0.15705703381144048,-0.004135198967052256,0.7714143711664215,-0.3775926425556002,-1.570570338114405,4.6083233059039435,20.2,0,10,,-0.15705703381144048
XAU_USD,5m,Corto,bias diario,EMA 25,primer apoyo,retroceso (RSI<=40),trailing EMA 50,10,0.7067530959752322,30.0,-0.24483052727989466,-0.13013915114660346,0.17963281377395937,-1.9744924965879505,-2.4483052727989465,2.5970279942833248,11.5,0,10,,-0.24483052727989466
XAU_USD,5m,Corto,bias diario,EMA 25,primer apoyo,impulso + retroceso,bracket 2R,10,0.7067530959752322,40.0,-0.15705703381144048,-0.004135198967052256,0.7714143711664215,-0.3775926425556002,-1.570570338114405,4.6083233059039435,20.2,0,10,,-0.15705703381144048
XAU_USD,5m,Corto,bias diario,EMA 25,primer apoyo,impulso + retroceso,trailing EMA 50,10,0.7067530959752322,30.0,-0.24483052727989466,-0.13013915114660346,0.17963281377395937,-1.9744924965879505,-2.4483052727989465,2.5970279942833248,11.5,0,10,,-0.24483052727989466
XAU_USD,5m,Corto,bias diario,EMA 25,cualquier apoyo,ninguna,bracket 2R,739,52.22905379256966,38.43031123139377,-0.13440053708249963,0.04307060024381883,0.79318584246291,-2.901383771749169,-99.32199690396723,100.69632673375986,17.174560216508794,93,646,-0.07725588326036312,-0.14262724421169265
XAU_USD,5m,Corto,bias diario,EMA 25,cualquier apoyo,ninguna,trailing EMA 50,934,66.01073916408669,22.376873661670235,-0.13394509301664068,0.01001374334333234,0.6824842701496794,-3.6457760764428984,-125.10471687754239,126.09177804256475,14.785867237687366,109,825,-0.09338111204700811,-0.13930445535081032
XAU_USD,5m,Corto,bias diario,EMA 25,cualquier apoyo,impulso (RSI>=70),bracket 2R,478,33.7827979876161,37.86610878661088,-0.135284053805406,0.032497954723515625,0.7935748725856145,-2.338435600902538,-64.66577771898407,67.35512648454296,16.755230125523013,59,419,-0.102787812674596,-0.1398598968285988
XAU_USD,5m,Corto,bias diario,EMA 25,cualquier apoyo,impulso (RSI>=70),trailing EMA 50,553,39.08344620743034,24.412296564195298,-0.1058489115347719,0.025900287530751902,0.7536913514837477,-2.130512282603766,-58.53444807872886,59.5215092437512,15.732368896925859,63,490,-0.07618331168355275,-0.10966306008707148
XAU_USD,5m,Corto,bias diario,EMA 25,cualquier apoyo,retroceso (RSI<=40),bracket 2R,43,3.0390383126934988,30.23255813953488,-0.2623570710019886,-0.09155617853351201,0.6218716962821674,-1.4246290629845986,-11.281354053085508,13.066429426454794,19.13953488372093,3,40,-0.8136037311142966,-0.2210135714935654
XAU_USD,5m,Corto,bias diario,EMA 25,cualquier apoyo,retroceso (RSI<=40),trailing EMA 50,43,3.0390383126934988,20.930232558139537,-0.054690503828327984,0.07517863352855811,0.8423492613958026,-0.2453583503163759,-2.3516916646181034,6.97754228674009,9.69767441860465,3,40,-0.36200421816999423,-0.03164197525270305
XAU_USD,5m,Corto,bias diario,EMA 25,cualquier apoyo,impulso + retroceso,bracket 2R,32,2.261609907120743,37.5,-0.10942729782640662,0.050000378326972364,0.8268414877624816,-0.4891959770048853,-3.5016735304450117,10.01658512277345,18.34375,3,29,-0.8136037311142966,-0.03658145990007316
XAU_USD,5m,Corto,bias diario,EMA 25,cualquier apoyo,impulso + retroceso,trailing EMA 50,31,2.1909345975232197,22.58064516129032,-0.0243968031452307,0.09498169689295195,0.9327153430920329,-0.08073406120686276,-0.7563008975021517,6.8824692252287685,10.935483870967742,3,28,-0.36200421816999423,0.011775419893136827
XAU_USD,5m,Corto,bias diario,EMA 50,primer apoyo,ninguna,bracket 2R,379,26.7859423374613,39.577836411609496,-0.047324722845583596,0.1287600700336459,0.9232640641206609,-0.711807885289117,-17.936069958476182,45.201422979496996,17.472295514511874,50,329,0.42184849840839883,-0.11862764400880281
XAU_USD,5m,Corto,bias diario,EMA 50,primer apoyo,ninguna,trailing EMA 50,387,27.351344814241486,21.44702842377261,-0.07955724591784577,0.05275202964053889,0.7711134305180692,-1.5588542443463747,-30.788654170206314,47.00015306943001,13.095607235142118,52,335,0.19798067590605253,-0.12263775915618223
XAU_USD,5m,Corto,bias diario,EMA 50,primer apoyo,impulso (RSI>=70),bracket 2R,220,15.54856811145511,42.27272727272727,0.015893192273721265,0.17947392147212124,1.0264640659072395,0.17831832378457463,3.496502300218678,19.441696198233366,18.254545454545454,27,193,0.6038508036699158,-0.06635994507186035
XAU_USD,5m,Corto,bias diario,EMA 50,primer apoyo,impulso (RSI>=70),trailing EMA 50,220,15.54856811145511,21.818181818181817,-0.03713602285403881,0.08554952404476117,0.8855287173098539,-0.5259871772687874,-8.169925027888539,17.711171928569705,13.186363636363636,27,193,0.2560846350407876,-0.0781565293989109
XAU_USD,5m,Corto,bias diario,EMA 50,primer apoyo,retroceso (RSI<=40),bracket 2R,36,2.544311145510836,44.44444444444444,-0.04586670392503958,0.11179858461441326,0.9249063390160109,-0.2103515991651762,-1.651201341301425,7.644892189361172,19.694444444444443,4,32,0.37801752199260596,-0.09885223216474531
XAU_USD,5m,Corto,bias diario,EMA 50,primer apoyo,retroceso (RSI<=40),trailing EMA 50,36,2.544311145510836,25.0,0.10290740384190489,0.22115637024649457,1.3187528004643498,0.4384096205845467,3.704666538308576,6.845804475326438,14.777777777777779,4,32,0.9569720072277743,-0.0038506715813288184
XAU_USD,5m,Corto,bias diario,EMA 50,primer apoyo,impulso + retroceso,bracket 2R,31,2.1909345975232197,48.38709677419355,0.08612314790750529,0.2358738657476917,1.1540673841851423,0.35700242996105086,2.669817585132664,6.0926875510722205,20.06451612903226,4,27,0.37801752199260596,0.04287953693193479
XAU_USD,5m,Corto,bias diario,EMA 50,primer apoyo,impulso + retroceso,trailing EMA 50,31,2.1909345975232197,29.03225806451613,0.18251067613138164,0.2948237145115214,1.5851384989613968,0.6754634158878169,5.657830960072831,5.6369431059085855,16.548387096774192,4,27,0.9569720072277743,0.06777566411710127
XAU_USD,5m,Corto,bias diario,EMA 50,cualquier apoyo,ninguna,bracket 2R,551,38.9420955882353,39.7459165154265,-0.06546436779411789,0.11374249402950486,0.8950727465782712,-1.1959380270305853,-36.070866654558955,66.93405299385748,17.433756805807622,72,479,0.27639656577178173,-0.11685056240110073
XAU_USD,5m,Corto,bias diario,EMA 50,cualquier apoyo,ninguna,trailing EMA 50,927,65.51601199690403,18.230852211434737,-0.1286358961445069,0.019866827117820157,0.6442255018098904,-3.917700573178931,-119.2454757259579,126.84048151833264,11.381877022653722,109,818,0.01443436429090688,-0.1477002707013041
XAU_USD,5m,Corto,bias diario,EMA 50,cualquier apoyo,impulso (RSI>=70),bracket 2R,330,23.322852167182663,41.515151515151516,-0.02398165456109908,0.14349786254171285,0.9607653883807579,-0.3350316546745849,-7.913946005162696,31.8219157027328,17.818181818181817,42,288,0.4603542634558761,-0.09461397593857462
XAU_USD,5m,Corto,bias diario,EMA 50,cualquier apoyo,impulso (RSI>=70),trailing EMA 50,535,37.811290634674926,20.186915887850468,-0.09036610342041072,0.04561224261007973,0.7364621961083339,-2.0622525064949646,-48.34586532991974,54.163046714756874,11.953271028037383,63,472,0.050709841889491944,-0.10919615544270705
XAU_USD,5m,Corto,bias diario,EMA 50,cualquier apoyo,retroceso (RSI<=40),bracket 2R,78,5.512674148606811,43.58974358974359,-0.01701741283578529,0.15386695323666957,0.9703629312270019,-0.11810344894221929,-1.3273582011912526,9.657501232910164,20.615384615384617,10,68,0.5125448074277197,-0.09489420993335959
XAU_USD,5m,Corto,bias diario,EMA 50,cualquier apoyo,retroceso (RSI<=40),trailing EMA 50,80,5.654024767801857,17.5,0.026887495924756165,0.15838104327846808,1.0843368009354863,0.17014740830172023,2.1509996739804933,10.98994845308836,11.4,10,70,0.24393627138828466,-0.004119471998605059
XAU_USD,5m,Corto,bias diario,EMA 50,cualquier apoyo,impulso + retroceso,bracket 2R,60,4.240518575851393,50.0,0.1866405032037221,0.3442462833583396,1.3785215531121653,1.1030824812807218,11.198430192223327,7.10299319992475,21.05,9,51,0.690210792696033,0.09777515799919663
XAU_USD,5m,Corto,bias diario,EMA 50,cualquier apoyo,impulso + retroceso,trailing EMA 50,60,4.240518575851393,20.0,0.10820988393555248,0.2269711560546259,1.3402489121589227,0.5238556797053043,6.492593036133148,10.078813186220719,13.333333333333334,9,51,0.30057706370479514,0.07426273456450964
XAU_USD,15m,Largo,sin bias,EMA 25,primer apoyo,ninguna,bracket 2R,690,48.784843205574916,34.34782608695652,-0.2389941839796781,-0.12835326069422018,0.5990367551143276,-5.911581751297318,-164.90598694597787,168.98193060599039,8.915942028985507,341,349,-0.16868752045067797,-0.30768923344497623
XAU_USD,15m,Largo,sin bias,EMA 25,primer apoyo,ninguna,trailing EMA 50,693,48.9969512195122,28.86002886002886,-0.11652017338427832,-0.033502844513165875,0.7163934261800368,-3.0578384855838507,-80.74848015530488,89.59986353954974,8.978354978354979,344,349,-0.03087148572891323,-0.20094180247724563
XAU_USD,15m,Largo,sin bias,EMA 25,primer apoyo,impulso (RSI>=70),bracket 2R,437,30.89706736353078,36.15560640732266,-0.17310729195485614,-0.06421152188954486,0.6975611474350744,-3.2967799609934403,-75.64788658427213,82.61590666775831,9.384439359267734,220,217,-0.12981099521817638,-0.21700215500586792
XAU_USD,15m,Largo,sin bias,EMA 25,primer apoyo,impulso (RSI>=70),trailing EMA 50,437,30.89706736353078,31.12128146453089,-0.06915789898266826,0.012513928566315198,0.8338018614764048,-1.3585422815530084,-30.222001855426033,44.52027381794674,9.91075514874142,220,217,0.003975430348891376,-0.14330228816673798
XAU_USD,15m,Largo,sin bias,EMA 25,primer apoyo,retroceso (RSI<=40),bracket 2R,59,4.171457607433218,35.59322033898305,-0.1662445100061784,-0.051896839917677066,0.7363490209165947,-1.0595788685702276,-9.808426090364526,16.56963044533261,9.457627118644067,37,22,-0.20588911698590623,-0.09956948917663612
XAU_USD,15m,Largo,sin bias,EMA 25,primer apoyo,retroceso (RSI<=40),trailing EMA 50,59,4.171457607433218,25.423728813559322,0.033361464772994634,0.11912221733937066,1.097192310190537,0.22931156661357965,1.9683264216066836,9.509611539896056,9.101694915254237,37,22,0.05417350987512616,-0.0016406110805902
XAU_USD,15m,Largo,sin bias,EMA 25,primer apoyo,impulso + retroceso,bracket 2R,46,3.252322880371661,34.78260869565217,-0.19183253715878645,-0.07829469197614011,0.6881825428138366,-1.1251085539289307,-8.824296709304177,15.585501064272261,10.695652173913043,28,18,-0.28849559477216846,-0.04146778087130338
XAU_USD,15m,Largo,sin bias,EMA 25,primer apoyo,impulso + retroceso,trailing EMA 50,46,3.252322880371661,26.08695652173913,0.0029704711468923617,0.08812385503387712,1.008430440308232,0.01838076291305599,0.13664167275704864,10.236412123386813,9.434782608695652,28,18,-0.01737670298448495,0.03462163090681259
XAU_USD,15m,Largo,sin bias,EMA 25,cualquier apoyo,ninguna,bracket 2R,964,68.15737514518003,36.410788381742734,-0.1906195918754631,-0.08000263943312305,0.6629884054869345,-5.573220010999169,-183.75728656794644,187.40114076608094,9.015560165975105,475,489,-0.13608707325284827,-0.24359085229620353
XAU_USD,15m,Largo,sin bias,EMA 25,cualquier apoyo,ninguna,trailing EMA 50,1106,78.19715447154472,27.75768535262206,-0.09390737148813723,-0.010004932657493314,0.7441864429269232,-3.2803571341902775,-103.86155286587977,116.91726188044737,8.197106690777577,529,577,-0.026662017246486445,-0.15555865813256228
XAU_USD,15m,Largo,sin bias,EMA 25,cualquier apoyo,impulso (RSI>=70),bracket 2R,638,45.10830429732869,37.61755485893417,-0.1437792029514601,-0.03499410268208523,0.7400957952264784,-3.3274613163355315,-91.73113148303155,96.36062592384013,9.230407523510971,322,316,-0.12076665005498358,-0.16722870305483176
XAU_USD,15m,Largo,sin bias,EMA 25,cualquier apoyo,impulso (RSI>=70),trailing EMA 50,707,49.986788617886184,29.985855728429982,-0.05152265350433535,0.03020729701705614,0.8588891054450196,-1.3933867496402166,-36.42651602756509,59.471930552710845,8.899575671852899,348,359,0.011907780921676114,-0.1130095370147866
XAU_USD,15m,Largo,sin bias,EMA 25,cualquier apoyo,retroceso (RSI<=40),bracket 2R,84,5.939024390243903,34.523809523809526,-0.2185684130442072,-0.10263245557105118,0.6427719363192136,-1.7907794519256655,-18.359746695713405,24.233105583842978,9.25,46,38,-0.22582779468890854,-0.20978074052693718
XAU_USD,15m,Largo,sin bias,EMA 25,cualquier apoyo,retroceso (RSI<=40),trailing EMA 50,84,5.939024390243903,21.428571428571427,-0.015338928691770063,0.071613039413097,0.9564932804492823,-0.1232721786427257,-1.2884700101086852,10.284419510527991,7.916666666666667,46,38,-0.0030728778922436465,-0.03018730597540728
XAU_USD,15m,Largo,sin bias,EMA 25,cualquier apoyo,impulso + retroceso,bracket 2R,64,4.524970963995354,29.6875,-0.30966344008144786,-0.19150842955750857,0.508981550447081,-2.3829501454712276,-19.818460165212663,26.579664520180753,10.03125,34,30,-0.3058055113892463,-0.31403575926594307
XAU_USD,15m,Largo,sin bias,EMA 25,cualquier apoyo,impulso + retroceso,trailing EMA 50,64,4.524970963995354,21.875,-0.09823559208560284,-0.009619334192648328,0.7300409407148035,-0.8186849272352875,-6.287077893478582,15.637605272701213,8.1875,34,30,-0.05296376769732717,-0.14954365972564862
XAU_USD,15m,Largo,sin bias,EMA 50,primer apoyo,ninguna,bracket 2R,544,38.462253193960514,34.74264705882353,-0.2195563480889915,-0.10937905315745845,0.6330911503783697,-4.719048787815661,-119.43865336041137,125.79073366182027,9.400735294117647,273,271,-0.15842358821595864,-0.28114027224153015
XAU_USD,15m,Largo,sin bias,EMA 50,primer apoyo,ninguna,trailing EMA 50,547,38.674361207897796,22.6691042047532,-0.11734224689585662,-0.03472564116869759,0.6775515775078985,-3.054909662163962,-64.18620905203358,70.6870945716523,7.455210237659964,276,271,-0.051007607849999956,-0.18490077227097268
XAU_USD,15m,Largo,sin bias,EMA 50,primer apoyo,impulso (RSI>=70),bracket 2R,339,23.968205574912893,34.80825958702065,-0.19003830513577055,-0.08376327511313793,0.6764761641480593,-3.1755017503013754,-64.42298544102621,71.96149310074755,9.99410029498525,173,166,-0.15179917049247255,-0.22988993340860525
XAU_USD,15m,Largo,sin bias,EMA 50,primer apoyo,impulso (RSI>=70),trailing EMA 50,339,23.968205574912893,21.828908554572273,-0.10023415468697064,-0.020527882169996174,0.7263852327620985,-2.0263845504275935,-33.979378438883046,43.0562564875777,7.920353982300885,173,166,-0.016876328124938306,-0.1871070703208959
XAU_USD,15m,Largo,sin bias,EMA 50,primer apoyo,retroceso (RSI<=40),bracket 2R,73,5.161295005807201,32.87671232876712,-0.27379110531827994,-0.16326100740852534,0.5771074665769578,-2.110782492115931,-19.986750688234434,25.460428191570415,10.0,45,28,-0.1600772237607833,-0.4565455578213995
XAU_USD,15m,Largo,sin bias,EMA 50,primer apoyo,retroceso (RSI<=40),trailing EMA 50,73,5.161295005807201,21.91780821917808,-0.03200238383756617,0.05089518959474976,0.909124240778323,-0.26505968708310884,-2.3361740201423307,12.540705861022113,8.26027397260274,45,28,0.02027702397341121,-0.11602286067663692
XAU_USD,15m,Largo,sin bias,EMA 50,primer apoyo,impulso + retroceso,bracket 2R,59,4.171457607433218,28.8135593220339,-0.32721617194785046,-0.21867082173656036,0.5087796005777488,-2.3328006156941403,-19.305754144923178,25.811000169255763,10.186440677966102,35,24,-0.269078098864908,-0.4120008618604749
XAU_USD,15m,Largo,sin bias,EMA 50,primer apoyo,impulso + retroceso,trailing EMA 50,59,4.171457607433218,22.033898305084744,-0.060375211443682436,0.02103380121478512,0.830840597187051,-0.46505187298494444,-3.5621374751772636,12.850959512770288,8.389830508474576,35,24,-0.04280996090937391,-0.08599120180621567
XAU_USD,15m,Largo,sin bias,EMA 50,cualquier apoyo,ninguna,bracket 2R,696,49.20905923344948,35.48850574712644,-0.20246891005026094,-0.09281721103402567,0.6499608075835475,-4.998787519081817,-140.91836139498162,149.18516943257174,9.49712643678161,359,337,-0.17386321836137023,-0.2329420356179516
XAU_USD,15m,Largo,sin bias,EMA 50,cualquier apoyo,ninguna,trailing EMA 50,957,67.66245644599303,22.675026123301986,-0.10837295942202663,-0.02379682983326163,0.6733444688092758,-3.9930465496818237,-103.71292216687948,113.9746161491742,6.954022988505747,463,494,-0.06342990899779534,-0.15049569696538506
XAU_USD,15m,Largo,sin bias,EMA 50,cualquier apoyo,impulso (RSI>=70),bracket 2R,440,31.109175377468063,35.68181818181818,-0.17329763001017506,-0.06773841139819956,0.6945162248710834,-3.359370061460192,-76.25095720447703,86.41133053490086,10.025,231,209,-0.16068874818285175,-0.1872337625561639
XAU_USD,15m,Largo,sin bias,EMA 50,cualquier apoyo,impulso (RSI>=70),trailing EMA 50,609,43.0579268292683,22.33169129720854,-0.09633530426862218,-0.015407039134920766,0.7047500045492998,-2.941315387448416,-58.66820029959091,70.46516767181106,7.257799671592775,297,312,-0.04183772217092052,-0.14821281030393435
XAU_USD,15m,Largo,sin bias,EMA 50,cualquier apoyo,retroceso (RSI<=40),bracket 2R,96,6.7874564459930316,38.54166666666667,-0.16535380454249843,-0.04988461837881855,0.7182318854862357,-1.4253490038758978,-15.873965236079849,24.312993416125895,9.9375,53,43,-0.1585433591360499,-0.17374807446207455
XAU_USD,15m,Largo,sin bias,EMA 50,cualquier apoyo,retroceso (RSI<=40),trailing EMA 50,96,6.7874564459930316,20.833333333333336,-0.013423892886953642,0.07317799673580623,0.96021862892421,-0.12054122957208481,-1.2886937171475497,11.306220392189168,8.03125,53,43,-0.020613696060124056,-0.004562042464208727
XAU_USD,15m,Largo,sin bias,EMA 50,cualquier apoyo,impulso + retroceso,bracket 2R,79,5.585511033681765,34.177215189873415,-0.24260922426226794,-0.12752319332096704,0.603813949555903,-1.9726980017815927,-19.166128716719168,26.561474731197883,10.316455696202532,43,36,-0.24690828895923664,-0.2374742303186666
XAU_USD,15m,Largo,sin bias,EMA 50,cualquier apoyo,impulso + retroceso,trailing EMA 50,79,5.585511033681765,20.253164556962027,-0.09361333260496249,-0.007298809398986781,0.7278695511139349,-0.9202513543406562,-7.395453275792037,17.066073614238633,8.037974683544304,43,36,-0.08147303725158529,-0.10811424094371863
XAU_USD,15m,Largo,bias diario,EMA 25,primer apoyo,ninguna,bracket 2R,388,27.432636469221837,36.855670103092784,-0.17749596513062668,-0.06699708471722048,0.6990752901562172,-3.126625914974598,-68.86843447068316,72.42770124717366,8.533505154639176,243,145,-0.12182120592038051,-0.27079918228986694
XAU_USD,15m,Largo,bias diario,EMA 25,primer apoyo,ninguna,trailing EMA 50,390,27.57404181184669,32.30769230769231,-0.030138494593,0.052842886426422826,0.9256031314130801,-0.5267615193182027,-11.754012891270001,31.23918951812032,9.517948717948718,245,145,0.03476069129453915,-0.13979573971332476
XAU_USD,15m,Largo,bias diario,EMA 25,primer apoyo,impulso (RSI>=70),bracket 2R,247,17.46355981416957,38.05668016194332,-0.126726793351463,-0.01870244222613086,0.7758904571786165,-1.7521614112055885,-31.301517957811363,43.81608574049117,9.02834008097166,156,91,-0.07944281905211245,-0.20778503500749246
XAU_USD,15m,Largo,bias diario,EMA 25,primer apoyo,impulso (RSI>=70),trailing EMA 50,247,17.46355981416957,34.0080971659919,0.010305822797354276,0.09132408614135339,1.0253462991990898,0.13897754252712988,2.545538230946506,17.17123304100461,10.635627530364372,156,91,0.05953893409155539,-0.07409379656413329
XAU_USD,15m,Largo,bias diario,EMA 25,primer apoyo,retroceso (RSI<=40),bracket 2R,36,2.545296167247387,36.11111111111111,-0.10138609632242207,0.008138845775589605,0.8348793703239232,-0.48819331682202133,-3.6498994676071943,11.668659100731924,9.833333333333334,26,10,-0.19475001896361446,0.14136010254467798
XAU_USD,15m,Largo,bias diario,EMA 25,primer apoyo,retroceso (RSI<=40),trailing EMA 50,36,2.545296167247387,25.0,0.19015838156076936,0.27230208813427814,1.6078819146023342,0.874263896485825,6.845701736187697,5.781882157101352,10.38888888888889,26,10,0.14692923451925416,0.3025541638687089
XAU_USD,15m,Largo,bias diario,EMA 25,primer apoyo,impulso + retroceso,bracket 2R,29,2.050377468060395,34.48275862068966,-0.16537834921233752,-0.05886212248547675,0.7284125874257216,-0.759036290754413,-4.795972127157788,10.206172774555062,11.413793103448276,20,9,-0.36916998226454456,0.2874919464592338
XAU_USD,15m,Largo,bias diario,EMA 25,primer apoyo,impulso + retroceso,trailing EMA 50,29,2.050377468060395,24.137931034482758,0.09889521842668145,0.17878238847182712,1.2949128825212919,0.4215442133219191,2.8679613343737618,6.897665344560593,10.689655172413794,20,9,-0.02139402502202265,0.3662046483126906
XAU_USD,15m,Largo,bias diario,EMA 25,cualquier apoyo,ninguna,bracket 2R,563,39.80560394889663,38.72113676731794,-0.12868546613105475,-0.018941886163598064,0.7671691224203727,-2.761494562132955,-72.44991743178383,77.06573655123857,8.921847246891652,343,220,-0.1001934330355891,-0.17310713591171253
XAU_USD,15m,Largo,bias diario,EMA 25,cualquier apoyo,ninguna,trailing EMA 50,632,44.68408826945412,30.537974683544306,-0.0349005409962036,0.04827661559791268,0.9039565278788064,-0.8531227500212456,-22.057141909600674,46.945769163679344,8.707278481012658,379,253,-0.0056139589866221655,-0.07877253539000348
XAU_USD,15m,Largo,bias diario,EMA 25,cualquier apoyo,impulso (RSI>=70),bracket 2R,371,26.23069105691057,39.62264150943396,-0.08868479706127841,0.018741073095905437,0.835780063262586,-1.514894424464192,-32.90205970973429,46.124510880623546,9.204851752021563,230,141,-0.08190773874308654,-0.0997395730413076
XAU_USD,15m,Largo,bias diario,EMA 25,cualquier apoyo,impulso (RSI>=70),trailing EMA 50,402,28.42247386759582,32.58706467661692,0.01940588354808466,0.09943480587777802,1.0540528638164213,0.35801919570703905,7.801165186330033,21.59843592426794,9.58457711442786,246,156,0.034672554223836964,-0.00466848174829392
XAU_USD,15m,Largo,bias diario,EMA 25,cualquier apoyo,retroceso (RSI<=40),bracket 2R,47,3.3230255516840885,34.04255319148936,-0.2205937263309221,-0.10916593980436677,0.6477496620891744,-1.3230673414452163,-10.36790513755334,16.995026279597877,9.46808510638298,31,16,-0.24055096996402672,-0.18192656679178193
XAU_USD,15m,Largo,bias diario,EMA 25,cualquier apoyo,retroceso (RSI<=40),trailing EMA 50,47,3.3230255516840885,19.148936170212767,0.04481178201996239,0.1283826219148789,1.1316254530662178,0.261121496588293,2.1061537549382323,8.978245402886264,8.829787234042554,31,16,0.08429650240956815,-0.03168986373489871
XAU_USD,15m,Largo,bias diario,EMA 25,cualquier apoyo,impulso + retroceso,bracket 2R,36,2.545296167247387,30.555555555555557,-0.27229241835720563,-0.16041239738352894,0.5711481593047082,-1.4916637361829481,-9.802527060859402,15.366362723835449,10.833333333333334,23,13,-0.38927712833546624,-0.06531946993412914
XAU_USD,15m,Largo,bias diario,EMA 25,cualquier apoyo,impulso + retroceso,trailing EMA 50,36,2.545296167247387,19.444444444444446,-0.00859364905565119,0.07531636667460634,0.9760216407482509,-0.0445328168751902,-0.30937136600344284,9.626876056850811,9.472222222222221,23,13,-0.050769412597815505,0.06602500951894721
XAU_USD,15m,Largo,bias diario,EMA 50,primer apoyo,ninguna,bracket 2R,309,21.84712543554007,39.15857605177994,-0.12200471635313946,-0.01262384346801742,0.7857582447702292,-1.8816859427874564,-37.699457353120096,45.45449483244014,9.420711974110032,194,115,-0.083720053639945,-0.1865892777997457
XAU_USD,15m,Largo,bias diario,EMA 50,primer apoyo,ninguna,trailing EMA 50,312,22.059233449477354,26.923076923076923,-0.016685285944265944,0.06532742011925184,0.9532634210154107,-0.2769690477476752,-5.205809214610975,23.023563923071467,8.224358974358974,197,115,0.02634280225333262,-0.09039427181319563
XAU_USD,15m,Largo,bias diario,EMA 50,primer apoyo,impulso (RSI>=70),bracket 2R,193,13.64561556329849,40.41450777202073,-0.07334095228534035,0.03135756492182448,0.8659161968371518,-0.8840966504644424,-14.154803791070687,29.34392714436355,10.005181347150259,124,69,-0.030484682089839267,-0.1503580175642119
XAU_USD,15m,Largo,bias diario,EMA 50,primer apoyo,impulso (RSI>=70),trailing EMA 50,193,13.64561556329849,27.979274611398964,0.022690891974984202,0.10121477988035783,1.0643853575971012,0.2911843907643944,4.379342151171951,12.471234918473126,9.186528497409327,124,69,0.08531918822959265,-0.08985850998981935
XAU_USD,15m,Largo,bias diario,EMA 50,primer apoyo,retroceso (RSI<=40),bracket 2R,41,2.8988095238095237,43.90243902439025,0.01866619602219927,0.12463943026334563,1.0361312697227092,0.09927558513307688,0.7653140369101701,9.021248880018412,12.0,29,12,0.017883162587488188,0.020558526822751094
XAU_USD,15m,Largo,bias diario,EMA 50,primer apoyo,retroceso (RSI<=40),trailing EMA 50,41,2.8988095238095237,24.390243902439025,0.17225488555966295,0.25173481124052277,1.5847145962705904,0.8927273916812267,7.062450307946182,6.08988953425755,10.268292682926829,29,12,0.16788586822077184,0.18281334412864989
XAU_USD,15m,Largo,bias diario,EMA 50,primer apoyo,impulso + retroceso,bracket 2R,32,2.262485481997677,37.5,-0.08185877298808888,0.02082293671630797,0.8525737905161239,-0.3934404305301102,-2.6194807356188443,10.605136328328612,12.4375,22,10,-0.16161665923155025,0.09360857674752625
XAU_USD,15m,Largo,bias diario,EMA 50,primer apoyo,impulso + retroceso,trailing EMA 50,32,2.262485481997677,25.0,0.10009531223416449,0.17710659451246213,1.307296320164926,0.46452514672744544,3.2030499914932635,7.087332636355773,10.84375,22,10,0.03185465539886259,0.2502247572718287
XAU_USD,15m,Largo,bias diario,EMA 50,cualquier apoyo,ninguna,bracket 2R,393,27.786149825783973,39.44020356234097,-0.11187300266197849,-0.0034302749420085017,0.795841018031409,-1.9913842286960675,-43.96609004615755,54.42332506345335,9.735368956743002,247,146,-0.09800857053407012,-0.13532858304275494
XAU_USD,15m,Largo,bias diario,EMA 50,cualquier apoyo,ninguna,trailing EMA 50,546,38.603658536585364,26.00732600732601,-0.05339344733390899,0.030749259776143303,0.837473692626479,-1.3651086924836864,-29.152822244314308,44.15845163992034,7.434065934065934,333,213,-0.036962789101090986,-0.07908081443028642
XAU_USD,15m,Largo,bias diario,EMA 50,cualquier apoyo,impulso (RSI>=70),bracket 2R,244,17.25145180023229,40.98360655737705,-0.059087298130608416,0.04381941811416671,0.886557455564174,-0.8237347077641373,-14.417300743868454,29.71196203547627,10.381147540983607,157,87,-0.043686552407563375,-0.08687944845840238
XAU_USD,15m,Largo,bias diario,EMA 50,cualquier apoyo,impulso (RSI>=70),trailing EMA 50,335,23.685394889663183,27.164179104477608,-0.00582664395839223,0.07229817029166791,0.9814673613922065,-0.11350478520179925,-1.951925726061397,25.15427516247936,8.0955223880597,209,126,0.011966752322379674,-0.03534108699554564
XAU_USD,15m,Largo,bias diario,EMA 50,cualquier apoyo,retroceso (RSI<=40),bracket 2R,54,3.81794425087108,44.44444444444444,0.016837712581277055,0.12430062001087397,1.0328360816339575,0.10339868247738856,0.9092364793889609,10.578355675890364,11.24074074074074,35,19,-0.027523392281429984,0.09855553732836904
XAU_USD,15m,Largo,bias diario,EMA 50,cualquier apoyo,retroceso (RSI<=40),trailing EMA 50,54,3.81794425087108,20.37037037037037,0.0788411415158931,0.1594383220880907,1.2534722406076306,0.5118611470431885,4.257421641858227,8.565334805798422,9.12962962962963,35,19,0.08383259356114825,0.06964636143252821
XAU_USD,15m,Largo,bias diario,EMA 50,cualquier apoyo,impulso + retroceso,bracket 2R,43,3.0402148664343787,37.2093023255814,-0.1058327669698606,-0.0007798407358890751,0.8125446064442403,-0.5960435911996914,-4.550808979704006,12.162243124200565,11.720930232558139,28,15,-0.17991060528504685,0.03244586455182044
XAU_USD,15m,Largo,bias diario,EMA 50,cualquier apoyo,impulso + retroceso,trailing EMA 50,43,3.0402148664343787,20.930232558139537,0.022484297490628892,0.10127399216610754,1.0663459881868196,0.13230955678396233,0.9668247920970424,9.562777907896646,9.651162790697674,28,15,-0.04406239232097208,0.14670478513895063
XAU_USD,15m,Corto,sin bias,EMA 25,primer apoyo,ninguna,bracket 2R,646,45.67392566782811,39.628482972136226,-0.09475279615997716,0.011997568354143801,0.8226005634555801,-2.149260347778356,-61.21030631934524,75.9395991685361,9.038699690402476,287,359,-0.06845118639002645,-0.11577943126854498
XAU_USD,15m,Corto,sin bias,EMA 25,primer apoyo,ninguna,trailing EMA 50,647,45.74462833914053,28.90262751159196,-0.08909923104035372,-0.008965694856030024,0.7766503129770745,-2.175007932869975,-57.647202483108856,63.394472108861656,9.171561051004637,287,360,-0.11162874660783186,-0.07113820057405863
XAU_USD,15m,Corto,sin bias,EMA 25,primer apoyo,impulso (RSI>=70),bracket 2R,417,29.48301393728223,40.04796163069545,-0.07303457496139718,0.03040437574032929,0.8643744994900566,-1.301234570652765,-30.45541775890262,42.761345840328026,9.007194244604317,196,221,-0.06292095167209082,-0.08200412321797654
XAU_USD,15m,Corto,sin bias,EMA 25,primer apoyo,impulso (RSI>=70),trailing EMA 50,417,29.48301393728223,29.97601918465228,-0.07704209200455037,0.0005371210217444704,0.8154356213373795,-1.4606168504364596,-32.1265523658975,43.68915503818013,9.563549160671462,196,221,-0.14008316822131306,-0.021132359251222383
XAU_USD,15m,Corto,sin bias,EMA 25,primer apoyo,retroceso (RSI<=40),bracket 2R,61,4.312862950058072,50.81967213114754,0.1887676043268621,0.29460151095843784,1.400385340592654,1.165914122088263,11.514823863938588,5.041956608234509,8.78688524590164,28,33,0.262716766863089,0.12602286035673024
XAU_USD,15m,Corto,sin bias,EMA 25,primer apoyo,retroceso (RSI<=40),trailing EMA 50,61,4.312862950058072,34.42622950819672,0.1312786014854223,0.21065403145910416,1.3981075799044556,0.8407846977298272,8.007994690610762,3.808675269337943,8.819672131147541,28,33,0.06612330189103058,0.1865618859897547
XAU_USD,15m,Corto,sin bias,EMA 25,primer apoyo,impulso + retroceso,bracket 2R,46,3.252322880371661,54.347826086956516,0.3237318382523304,0.4281495273368594,1.79151700212202,1.7300835967609998,14.891664559607198,3.977619935334003,8.58695652173913,21,25,0.4297220966450491,0.23470002120244654
XAU_USD,15m,Corto,sin bias,EMA 25,primer apoyo,impulso + retroceso,trailing EMA 50,46,3.252322880371661,36.95652173913043,0.16807376077869482,0.24638702759209152,1.5449527577719473,0.9782231204679765,7.731392995819961,3.313536515697691,9.326086956521738,21,25,-0.014734868552017283,0.321633009416493
XAU_USD,15m,Corto,sin bias,EMA 25,cualquier apoyo,ninguna,bracket 2R,880,62.218350754936125,38.18181818181819,-0.11765550499579182,-0.011953955976243776,0.7803279532500675,-3.180005909148345,-103.5368443962968,112.32864899209727,9.059090909090909,404,476,-0.11647791076638928,-0.11865497572830992
XAU_USD,15m,Corto,sin bias,EMA 25,cualquier apoyo,ninguna,trailing EMA 50,981,69.35932055749129,28.848114169215087,-0.07175346589881129,0.00947197180959613,0.8008177242871329,-2.3625633492706335,-70.39015004673388,79.89509542462926,8.592252803261978,443,538,-0.08496032981032095,-0.06087866903487306
XAU_USD,15m,Corto,sin bias,EMA 25,cualquier apoyo,impulso (RSI>=70),bracket 2R,607,42.91652148664344,39.373970345963755,-0.08231805032545583,0.02075559808543986,0.8461618456354643,-1.7962305788009771,-49.96705654755169,59.26333259815411,8.99835255354201,293,314,-0.10060520212780345,-0.06525392459906139
XAU_USD,15m,Corto,sin bias,EMA 25,cualquier apoyo,impulso (RSI>=70),trailing EMA 50,649,45.88603368176539,31.2788906009245,-0.04204854961419145,0.036905619525154254,0.8866449670630883,-1.0782583069358087,-27.289508699610252,39.4540928962353,9.12788906009245,314,335,-0.06460751451849338,-0.020903728778517414
XAU_USD,15m,Corto,sin bias,EMA 25,cualquier apoyo,retroceso (RSI<=40),bracket 2R,76,5.373403019744483,47.368421052631575,0.10358236460402037,0.2102156214204074,1.2128578746327203,0.735682232098244,7.872259709905548,6.126980474642215,8.710526315789474,37,39,0.17624030063206908,0.03465047657741003
XAU_USD,15m,Corto,sin bias,EMA 25,cualquier apoyo,retroceso (RSI<=40),trailing EMA 50,76,5.373403019744483,30.263157894736842,0.04680508584029606,0.12678002845258637,1.1412352415437361,0.36572028820858177,3.5571865238625007,4.137199923354995,8.157894736842104,37,39,-0.040412190802664685,0.12954968162977162
XAU_USD,15m,Corto,sin bias,EMA 25,cualquier apoyo,impulso + retroceso,bracket 2R,58,4.10075493612079,51.724137931034484,0.21693169755780917,0.3217702612647793,1.4894700367412854,1.3215843746525218,12.582038458352931,4.822581898613043,8.53448275862069,28,30,0.33373940069780944,0.10791117462714223
XAU_USD,15m,Corto,sin bias,EMA 25,cualquier apoyo,impulso + retroceso,trailing EMA 50,58,4.10075493612079,32.758620689655174,0.06837454403389435,0.14700346681412205,1.2135182065016816,0.4869400325993908,3.965723553965873,4.324543146198021,8.672413793103448,28,30,-0.11820015783109956,0.24251093244122204
XAU_USD,15m,Corto,sin bias,EMA 50,primer apoyo,ninguna,bracket 2R,517,36.553281068524974,39.26499032882012,-0.12284522969548022,-0.016196103898993643,0.7786139458668314,-2.4808170826909035,-63.51098375256327,72.94509450855494,9.212765957446809,235,282,-0.12509286065419076,-0.12097220389655475
XAU_USD,15m,Corto,sin bias,EMA 50,primer apoyo,ninguna,trailing EMA 50,519,36.694686411149824,24.66281310211946,-0.08656711352860438,-0.006365473638214152,0.7571835244877334,-2.0405135052941796,-44.92833192134567,51.56990030242333,7.705202312138728,235,284,-0.07690227688691656,-0.09456442553845168
XAU_USD,15m,Corto,sin bias,EMA 50,primer apoyo,impulso (RSI>=70),bracket 2R,335,23.685394889663183,40.298507462686565,-0.06376219438921725,0.040151871489089774,0.8825559986193052,-1.0038057269164449,-21.36033512038778,33.187411107321324,9.146268656716417,158,177,-0.0880924402675181,-0.04204366981988655
XAU_USD,15m,Corto,sin bias,EMA 50,primer apoyo,impulso (RSI>=70),trailing EMA 50,335,23.685394889663183,25.970149253731346,-0.052174678845957834,0.02576087056277244,0.850224335290792,-0.988940047095591,-17.478517413395874,25.3049525742838,7.95820895522388,158,177,-0.05799845142901309,-0.046976056992157074
XAU_USD,15m,Corto,sin bias,EMA 50,primer apoyo,retroceso (RSI<=40),bracket 2R,74,5.231997677119629,43.24324324324324,0.0455326179613727,0.14805163550630898,1.0837885703860535,0.3074395894968337,3.3694137291415798,7.500616132135008,7.905405405405405,38,36,-0.005087878834800038,0.09896536457955506
XAU_USD,15m,Corto,sin bias,EMA 50,primer apoyo,retroceso (RSI<=40),trailing EMA 50,74,5.231997677119629,28.37837837837838,0.028130426960230173,0.10501969011893239,1.079166515645578,0.21297366523159808,2.081651595057033,4.958935110454448,8.175675675675675,38,36,-0.07477653120041816,0.1367544383520256
XAU_USD,15m,Corto,sin bias,EMA 50,primer apoyo,impulso + retroceso,bracket 2R,60,4.2421602787456445,46.666666666666664,0.16600297824292262,0.26745900649897464,1.3416338281727875,1.0020681862187872,9.960178694575358,5.828829659725262,7.966666666666667,31,29,0.04769184118346269,0.29247350406510386
XAU_USD,15m,Corto,sin bias,EMA 50,primer apoyo,impulso + retroceso,trailing EMA 50,60,4.2421602787456445,31.666666666666664,0.058940974371832336,0.13503299556387133,1.1804201900378448,0.4309308164466687,3.53645846230994,6.35622840051952,8.583333333333334,31,29,-0.16158649785166268,0.2946772377831546
XAU_USD,15m,Corto,sin bias,EMA 50,cualquier apoyo,ninguna,bracket 2R,662,46.805168408826944,38.066465256797585,-0.14442307249084985,-0.039788583830387615,0.7387511853655062,-3.38591383824774,-95.60807398894259,100.96885372407046,9.231117824773413,313,349,-0.1394584193089334,-0.14887561245056294
XAU_USD,15m,Corto,sin bias,EMA 50,cualquier apoyo,ninguna,trailing EMA 50,855,60.450783972125436,24.561403508771928,-0.07890057558892363,0.0006894261358120655,0.7566118727390783,-2.6396938759997512,-67.4599921285297,78.00602485744703,7.1836257309941525,406,449,-0.06959141772171767,-0.08731821054234372
XAU_USD,15m,Corto,sin bias,EMA 50,cualquier apoyo,impulso (RSI>=70),bracket 2R,443,31.321283391405345,39.503386004514674,-0.08879379100074758,0.013013389869507789,0.8365914920704209,-1.6468733661394672,-39.335649413331176,45.63047990210854,9.241534988713319,217,226,-0.10365508248804192,-0.0745243208558676
XAU_USD,15m,Corto,sin bias,EMA 50,cualquier apoyo,impulso (RSI>=70),trailing EMA 50,568,40.15911730545877,26.408450704225352,-0.038313381300211356,0.03873517884380068,0.8799076207224333,-1.0169515680667929,-21.762000578520052,32.631574180599,7.463028169014085,283,285,-0.0356009110429553,-0.04100681667846912
XAU_USD,15m,Corto,sin bias,EMA 50,cualquier apoyo,retroceso (RSI<=40),bracket 2R,91,6.433943089430895,40.65934065934066,0.019378253818846496,0.1259958869009121,1.0367509351082005,0.14936078519981938,1.763421097515031,10.87554390635979,8.087912087912088,49,42,0.02872386842467529,0.008475036778712843
XAU_USD,15m,Corto,sin bias,EMA 50,cualquier apoyo,retroceso (RSI<=40),trailing EMA 50,90,6.363240418118467,25.555555555555554,0.014935459035452903,0.09450902302592688,1.0447676363967167,0.1317263229654265,1.3441913131907612,4.845623269897814,7.588888888888889,48,42,-0.04735428699797197,0.08612374021650987
XAU_USD,15m,Corto,sin bias,EMA 50,cualquier apoyo,impulso + retroceso,bracket 2R,73,5.161295005807201,45.20547945205479,0.13311343832602057,0.23792688351329294,1.2732552217514415,0.897697494278348,9.717280997799502,8.048039895177482,8.123287671232877,39,34,0.10936231912982876,0.16035736916871118
XAU_USD,15m,Corto,sin bias,EMA 50,cualquier apoyo,impulso + retroceso,trailing EMA 50,72,5.090592334494774,29.166666666666668,0.048704924540163716,0.12680913878036992,1.154995754375562,0.40276744664051356,3.5067545668917877,6.335223588060174,7.986111111111111,38,34,-0.10714552708329834,0.2228907234134448
XAU_USD,15m,Corto,bias diario,EMA 25,primer apoyo,ninguna,bracket 2R,171,12.090156794425088,41.52046783625731,-0.09512024992732791,0.011339811241745459,0.8124671673844974,-1.1625885630110828,-16.265562737573074,21.48685587846547,9.64327485380117,17,154,0.013752229156841751,-0.10713864047558042
XAU_USD,15m,Corto,bias diario,EMA 25,primer apoyo,ninguna,trailing EMA 50,173,12.231562137049941,34.104046242774565,-0.07557001632238858,0.004758745173099536,0.7993936279083312,-0.9600585917626546,-13.073612823773225,25.601800058200688,9.884393063583815,17,156,-0.1623827254532031,-0.06610965699403062
XAU_USD,15m,Corto,bias diario,EMA 25,primer apoyo,impulso (RSI>=70),bracket 2R,103,7.282375145180024,38.83495145631068,-0.10111735092640876,0.0010641474451607703,0.8104863305660417,-0.9148613395813302,-10.415087145420102,15.229845744859972,9.135922330097088,14,89,0.007517727048649249,-0.11820601487754145
XAU_USD,15m,Corto,bias diario,EMA 25,primer apoyo,impulso (RSI>=70),trailing EMA 50,103,7.282375145180024,30.097087378640776,-0.0976959638741323,-0.02105984009545517,0.7625172378078068,-0.9591260646016835,-10.062684279035627,16.85450455151534,10.019417475728156,14,89,-0.2298780287177608,-0.07690327951670761
XAU_USD,15m,Corto,bias diario,EMA 25,primer apoyo,retroceso (RSI<=40),bracket 2R,13,0.9191347270615564,61.53846153846154,0.15892974731766063,0.26066528384898074,1.441642263025367,0.5563619728837408,2.0660867151295883,2.455035852232879,9.461538461538462,2,11,-1.0557658403758736,0.37978349053466687
XAU_USD,15m,Corto,bias diario,EMA 25,primer apoyo,retroceso (RSI<=40),trailing EMA 50,13,0.9191347270615564,46.15384615384615,0.09590390530891345,0.1722055577074035,1.4788051105469122,0.573577037316737,1.2467507690158748,1.1859944424367632,8.384615384615385,2,11,-0.4641831569129571,0.19773791662198076
XAU_USD,15m,Corto,bias diario,EMA 25,primer apoyo,impulso + retroceso,bracket 2R,9,0.6363240418118468,55.55555555555556,0.0470410316774755,0.14005465498812678,1.1194816928667557,0.13248403218309943,0.42336928509727956,2.455035852232879,6.555555555555555,2,7,-1.0557658403758736,0.36212870940700387
XAU_USD,15m,Corto,bias diario,EMA 25,primer apoyo,impulso + retroceso,trailing EMA 50,9,0.6363240418118468,33.33333333333333,-0.0015159380846640896,0.06824427939832436,0.9942927474080232,-0.00679783258514439,-0.013643442761976807,1.1859944424367632,6.0,2,7,-0.4641831569129571,0.13067469586627675
XAU_USD,15m,Corto,bias diario,EMA 25,cualquier apoyo,ninguna,bracket 2R,235,16.615127758420442,41.27659574468085,-0.08385166210564343,0.021669725461667254,0.8339950827423526,-1.190665351226657,-19.705140594826208,32.02364232928445,9.527659574468085,27,208,-0.007400542398594164,-0.09377560552915463
XAU_USD,15m,Corto,bias diario,EMA 25,cualquier apoyo,ninguna,trailing EMA 50,249,17.604965156794425,32.93172690763052,-0.04667602672499851,0.03410669256986467,0.8649352308187486,-0.7582479715125605,-11.622330654524628,27.76720291304533,9.373493975903614,26,223,-0.10503866664229368,-0.03987141399921521
XAU_USD,15m,Corto,bias diario,EMA 25,cualquier apoyo,impulso (RSI>=70),bracket 2R,155,10.958914053426248,40.0,-0.055912896491947695,0.04581059786843979,0.8914685727975679,-0.6129566725341088,-8.666498956251893,20.905290112423835,9.070967741935483,22,133,0.031929575321720506,-0.07044323017541156
XAU_USD,15m,Corto,bias diario,EMA 25,cualquier apoyo,impulso (RSI>=70),trailing EMA 50,157,11.100319396051104,32.48407643312102,-0.036030866223470515,0.04156977177276369,0.9006756267890147,-0.45698964271214937,-5.656845997084871,17.622776245263633,9.630573248407643,19,138,-0.08628684212483949,-0.0291115651935719
XAU_USD,15m,Corto,bias diario,EMA 25,cualquier apoyo,retroceso (RSI<=40),bracket 2R,17,1.201945412311266,70.58823529411765,0.2897556169880958,0.3856544288693929,2.0529381623023655,1.2026938290950975,4.925845488797629,1.9107684319560587,10.0,4,13,0.004054588014338556,0.37766362590309804
XAU_USD,15m,Corto,bias diario,EMA 25,cualquier apoyo,retroceso (RSI<=40),trailing EMA 50,17,1.201945412311266,47.05882352941176,0.09368960858772281,0.1656137174986957,1.5533749665326944,0.719446387553478,1.5927233459912877,1.222836800004515,8.235294117647058,4,13,-0.23081817752059228,0.19353815815951206
XAU_USD,15m,Corto,bias diario,EMA 25,cualquier apoyo,impulso + retroceso,bracket 2R,13,0.9191347270615564,69.23076923076923,0.25254831221271684,0.3406129612027747,1.9265520956946398,0.8948628232592726,3.283128058765319,1.9107684319560587,8.153846153846153,4,9,0.004054588014338556,0.3629899674119961
XAU_USD,15m,Corto,bias diario,EMA 25,cualquier apoyo,impulso + retroceso,trailing EMA 50,13,0.9191347270615564,38.46153846153847,0.025563779554879727,0.09161226629742308,1.1247077055515895,0.1626587056137394,0.33232913421343646,1.222836800004515,6.538461538461538,4,9,-0.23081817752059228,0.13951131603286732
XAU_USD,15m,Corto,bias diario,EMA 50,primer apoyo,ninguna,bracket 2R,133,9.403455284552846,39.097744360902254,-0.16476142479901235,-0.05918934218586835,0.7023196191676427,-1.7835822139479933,-21.91326949826864,26.311680395116827,10.24812030075188,14,119,-0.6008611405763391,-0.11345557588403272
XAU_USD,15m,Corto,bias diario,EMA 50,primer apoyo,ninguna,trailing EMA 50,135,9.5448606271777,30.37037037037037,-0.10876120874860407,-0.0289231054358848,0.6895363676337432,-1.4051939671606641,-14.68276318106155,19.048995642281497,8.437037037037037,14,121,-0.34262385003150897,-0.08170272132744148
XAU_USD,15m,Corto,bias diario,EMA 50,primer apoyo,impulso (RSI>=70),bracket 2R,84,5.939024390243903,38.095238095238095,-0.1224750588857224,-0.020909325188524258,0.7795176734880314,-0.9964249711359577,-10.287904946400682,14.967742103682546,9.571428571428571,11,73,-0.4737772047658689,-0.06953911909556336
XAU_USD,15m,Corto,bias diario,EMA 50,primer apoyo,impulso (RSI>=70),trailing EMA 50,84,5.939024390243903,29.761904761904763,-0.13086992331633632,-0.05469562304343769,0.6212154439762647,-1.7131654800234446,-10.99307355857225,12.311968001043523,8.392857142857142,11,73,-0.28657189400187794,-0.107407982528104
XAU_USD,15m,Corto,bias diario,EMA 50,primer apoyo,retroceso (RSI<=40),bracket 2R,15,1.0605400696864111,60.0,0.16785701949996523,0.25786893850690024,1.4577215869660847,0.5838379259181556,2.5178552924994784,2.198121614166493,7.8,3,12,-0.605416979890616,0.36117551934761066
XAU_USD,15m,Corto,bias diario,EMA 50,primer apoyo,retroceso (RSI<=40),trailing EMA 50,15,1.0605400696864111,53.333333333333336,0.14676717678657708,0.21427611604177835,1.8398753811046387,0.8926361839018917,2.2015076517986563,1.8662660118510959,10.066666666666666,3,12,-0.09262771118237745,0.20661589877881573
XAU_USD,15m,Corto,bias diario,EMA 50,primer apoyo,impulso + retroceso,bracket 2R,11,0.7777293844367016,72.72727272727273,0.46849080046662195,0.5552191414455151,3.355051491726116,1.465049889734528,5.153398805132841,1.0998857102146453,7.363636363636363,2,9,-0.3741111758705712,0.6557356840971094
XAU_USD,15m,Corto,bias diario,EMA 50,primer apoyo,impulso + retroceso,trailing EMA 50,11,0.7777293844367016,63.63636363636363,0.2577978463226893,0.3228441020568592,2.917152130605836,1.297134175580257,2.8357763095495825,1.093995915653996,10.272727272727273,2,9,-0.06070869065324845,0.3285770767617866
XAU_USD,15m,Corto,bias diario,EMA 50,cualquier apoyo,ninguna,bracket 2R,159,11.24172473867596,37.735849056603776,-0.18422940509762606,-0.08024975289988616,0.6708701550541821,-2.1978344272488,-29.292475410522542,33.690886307370725,10.069182389937106,19,140,-0.33645993952373565,-0.16356954685408262
XAU_USD,15m,Corto,bias diario,EMA 50,cualquier apoyo,ninguna,trailing EMA 50,202,14.281939605110336,27.22772277227723,-0.10002870853182474,-0.01991305554396832,0.6888753186935334,-1.7256045645374745,-20.205799123428598,24.31292832010868,7.554455445544554,21,181,-0.16191772008283165,-0.09284821547894548
XAU_USD,15m,Corto,bias diario,EMA 50,cualquier apoyo,impulso (RSI>=70),bracket 2R,105,7.423780487804878,36.19047619047619,-0.14570990918076462,-0.04592458252074059,0.7416188467136503,-1.336579340583173,-15.299540463980286,20.540260767287695,9.428571428571429,15,90,-0.21467290145353524,-0.13421607713530284
XAU_USD,15m,Corto,bias diario,EMA 50,cualquier apoyo,impulso (RSI>=70),trailing EMA 50,130,9.191347270615564,27.692307692307693,-0.10435591053778677,-0.026964190533263425,0.6735466513223017,-1.67943887012286,-13.56626836991228,17.032121548824932,7.476923076923077,16,114,-0.08428587905511337,-0.1071727570616708
XAU_USD,15m,Corto,bias diario,EMA 50,cualquier apoyo,retroceso (RSI<=40),bracket 2R,18,1.2726480836236935,61.111111111111114,0.2928494878215925,0.3815574487557496,1.7975234621792662,1.0260954309472918,5.271290780788664,2.198121614166493,7.333333333333333,5,13,0.4091829122616339,0.2481058630369612
XAU_USD,15m,Corto,bias diario,EMA 50,cualquier apoyo,retroceso (RSI<=40),trailing EMA 50,18,1.2726480836236935,50.0,0.24358019753642793,0.3101111682370457,2.403032918628342,1.2149251187967247,4.384443555655703,1.8662660118510956,9.555555555555555,5,13,0.45266363242524343,0.16316349180996037
XAU_USD,15m,Corto,bias diario,EMA 50,cualquier apoyo,impulso + retroceso,bracket 2R,14,0.9898373983739838,71.42857142857143,0.5647738781015734,0.6505293254214753,3.398218268189143,1.8016508642640248,7.906834293422028,1.108730012690831,6.857142857142857,4,10,0.7784857873097187,0.47928911441831534
XAU_USD,15m,Corto,bias diario,EMA 50,cualquier apoyo,impulso + retroceso,trailing EMA 50,14,0.9898373983739838,57.14285714285714,0.35847944381475927,0.4227960293046856,3.5309896898435094,1.4822946009853761,5.01871221340663,1.0939959156539958,9.571428571428571,4,10,0.6049459785917132,0.2598928299039776
XAU_USD,1h,Largo,sin bias,EMA 25,primer apoyo,ninguna,bracket 2R,271,19.20503492433062,32.47232472324723,-0.1199411647967596,-0.04446784518798328,0.8341260483185289,-1.425142019132773,-32.50405565992185,55.08382811200191,10.682656826568266,126,145,-0.09816448264323187,-0.13886435066810096
XAU_USD,1h,Largo,sin bias,EMA 25,primer apoyo,ninguna,trailing EMA 50,274,19.417636786961584,22.26277372262774,0.01443786834344406,0.07091902500113612,1.0248402258086693,0.11830091320425981,3.9559759261036724,32.984579203536754,22.302919708029197,127,147,0.07533214552481016,-0.03817147316698788
XAU_USD,1h,Largo,sin bias,EMA 25,primer apoyo,impulso (RSI>=70),bracket 2R,139,9.850552968568103,25.179856115107913,-0.3366385227404766,-0.2620893311435399,0.5772045340364516,-3.1132600675400317,-46.79275466092625,52.21425458174034,10.748201438848922,62,77,-0.42638359242243995,-0.26437625884071386
XAU_USD,1h,Largo,sin bias,EMA 25,primer apoyo,impulso (RSI>=70),trailing EMA 50,139,9.850552968568103,16.546762589928058,-0.2424081138040856,-0.18649622010638298,0.6524151961078887,-1.5460229148866318,-33.6947278187679,43.17790813868288,21.258992805755394,62,77,-0.282964003057751,-0.2097527224569784
XAU_USD,1h,Largo,sin bias,EMA 25,primer apoyo,retroceso (RSI<=40),bracket 2R,8,0.5669383003492433,37.5,0.07164080908493956,0.12500000000000255,1.1094500831212508,0.1311984462170109,0.5731264726795164,2.226596140299586,18.625,4,4,-0.2962571541895897,0.4395387723594688
XAU_USD,1h,Largo,sin bias,EMA 25,primer apoyo,retroceso (RSI<=40),trailing EMA 50,8,0.5669383003492433,25.0,0.01130776624266791,0.051327159428965125,1.04455092494732,0.03892775746283089,0.09046212994134328,1.6232720858380583,18.25,4,4,0.3689831995385335,-0.34636766705319766
XAU_USD,1h,Largo,sin bias,EMA 25,primer apoyo,impulso + retroceso,bracket 2R,4,0.28346915017462165,50.0,0.44640973345630053,0.5000000000000075,1.868334226488266,0.524311426557019,1.7856389338252021,2.056395889226568,24.5,1,3,-1.0148283656853414,0.9334890998368478
XAU_USD,1h,Largo,sin bias,EMA 25,primer apoyo,impulso + retroceso,trailing EMA 50,4,0.28346915017462165,0.0,-0.3344159781073014,-0.2942232781995211,0.0,-13.163357711567286,-1.3376639124292056,1.3376639124292056,7.25,1,3,-0.4072610635480051,-0.31013428296040013
XAU_USD,1h,Largo,sin bias,EMA 25,cualquier apoyo,ninguna,bracket 2R,805,57.048166472642606,32.91925465838509,-0.10315732992667347,-0.030845338569877704,0.8565142005599083,-2.099110518280674,-83.04165059097214,89.34401429036662,12.02608695652174,402,403,-0.08499494610047542,-0.12127464580293056
XAU_USD,1h,Largo,sin bias,EMA 25,cualquier apoyo,ninguna,trailing EMA 50,734,52.01658905704307,23.024523160762943,0.009089015102549529,0.06471401667579663,1.0196185529907071,0.15067432496457342,6.671337085271354,41.64342681269446,19.44141689373297,333,401,0.0865174369481735,-0.055209400046060925
XAU_USD,1h,Largo,sin bias,EMA 25,cualquier apoyo,impulso (RSI>=70),bracket 2R,571,40.46522118742724,31.873905429071804,-0.13237702745517932,-0.06106304596128325,0.8183150406940524,-2.2865287578295597,-75.58728267690739,77.53891752225643,12.206654991243433,289,282,-0.1418929848839723,-0.12262485831716094
XAU_USD,1h,Largo,sin bias,EMA 25,cualquier apoyo,impulso (RSI>=70),trailing EMA 50,510,36.14231664726426,23.137254901960784,-0.0303210904706725,0.024590074687562188,0.9401658245108211,-0.3925412413405476,-15.463756140042975,30.77200444916098,20.4078431372549,238,272,-0.050510019218602785,-0.012655777816233485
XAU_USD,1h,Largo,sin bias,EMA 25,cualquier apoyo,retroceso (RSI<=40),bracket 2R,97,6.8741268917345755,30.927835051546392,-0.14285930234874258,-0.07216494845360838,0.8063964189764722,-1.0118824465327265,-13.857352327828032,23.544104886944233,11.092783505154639,44,53,0.02350907084570488,-0.28097644235922725
XAU_USD,1h,Largo,sin bias,EMA 25,cualquier apoyo,retroceso (RSI<=40),trailing EMA 50,97,6.8741268917345755,24.742268041237114,-0.07930764058341427,-0.02628687516206364,0.8105926196769863,-0.7239978661248475,-7.692841136591185,16.093348506224196,15.721649484536082,44,53,-0.07579595593090044,-0.08222300142701068
XAU_USD,1h,Largo,sin bias,EMA 25,cualquier apoyo,impulso + retroceso,bracket 2R,71,5.031577415599535,32.3943661971831,-0.09838658585528348,-0.028169014084507754,0.8637300773179838,-0.5875574787131788,-6.985447595725127,13.100465887401782,10.816901408450704,31,40,-0.10037500466565825,-0.09684556127724309
XAU_USD,1h,Largo,sin bias,EMA 25,cualquier apoyo,impulso + retroceso,trailing EMA 50,71,5.031577415599535,25.352112676056336,-0.062157437990843674,-0.009494259162761799,0.848716499914833,-0.46523262446582003,-4.413178097349901,12.717529941141576,15.338028169014084,31,40,-0.2636492004596513,0.09399867792248223
XAU_USD,1h,Largo,sin bias,EMA 50,primer apoyo,ninguna,bracket 2R,253,17.92942374854482,33.201581027667984,-0.08071065430402563,-0.009154976461488008,0.8871370285808082,-0.9099831067679699,-20.419795538918486,50.94022879301235,11.58498023715415,120,133,0.07100002828938624,-0.2175924731852995
XAU_USD,1h,Largo,sin bias,EMA 50,primer apoyo,ninguna,trailing EMA 50,256,18.142025611175786,19.140625,0.06627881849363271,0.11984746921373172,1.1693405512658774,0.6150094783293826,16.967377534369973,18.9201652996155,15.56640625,121,135,0.24462071621576006,-0.09356836390916297
XAU_USD,1h,Largo,sin bias,EMA 50,primer apoyo,impulso (RSI>=70),bracket 2R,144,10.20488940628638,36.80555555555556,0.02658655501202495,0.09502632607807962,1.0394330380862,0.22087731629325597,3.8284639217315926,19.75211911395438,12.659722222222221,66,78,0.0993474079255104,-0.03498032053015504
XAU_USD,1h,Largo,sin bias,EMA 50,primer apoyo,impulso (RSI>=70),trailing EMA 50,144,10.20488940628638,17.36111111111111,0.05040441417535203,0.10173424247489302,1.1311176371485785,0.3457133779676823,7.2582356412506925,11.59061071499898,15.9375,66,78,0.08631295816308912,0.020020261570343718
XAU_USD,1h,Largo,sin bias,EMA 50,primer apoyo,retroceso (RSI<=40),bracket 2R,45,3.1890279394644936,35.55555555555556,-0.0037984471238153234,0.06666666666667112,0.9944812498690697,-0.01758043755013299,-0.17093012057168955,8.806117115250993,11.911111111111111,24,21,0.18585483731033384,-0.22054505790570017
XAU_USD,1h,Largo,sin bias,EMA 50,primer apoyo,retroceso (RSI<=40),trailing EMA 50,45,3.1890279394644936,17.77777777777778,0.01287290110256494,0.06572173644542986,1.0348962555422234,0.05741138476331258,0.5792805496154223,5.920553283747825,14.311111111111112,24,21,0.025123020127991818,-0.0011272349264943979
XAU_USD,1h,Largo,sin bias,EMA 50,primer apoyo,impulso + retroceso,bracket 2R,33,2.3386204889406286,36.36363636363637,0.022714367384115475,0.09090909090909417,1.0335635884946996,0.08939983643622842,0.7495741236758107,5.69122442582448,11.272727272727273,17,16,0.17331575748165956,-0.1372996095945253
XAU_USD,1h,Largo,sin bias,EMA 50,primer apoyo,impulso + retroceso,trailing EMA 50,33,2.3386204889406286,15.151515151515152,0.07486140551106696,0.12600744815480105,1.2031256054984476,0.2528711618530123,2.4704263818652095,5.130689181848009,14.606060606060606,17,16,0.06777101087196725,0.08239494981511036
XAU_USD,1h,Largo,sin bias,EMA 50,cualquier apoyo,ninguna,bracket 2R,559,39.61481373690338,33.452593917710196,-0.07077474259131152,-0.0002831101383035871,0.9006146636516169,-1.18416881880936,-39.56308110854314,76.83044872558415,12.368515205724508,254,305,0.05022594986876745,-0.1715425323777379
XAU_USD,1h,Largo,sin bias,EMA 50,cualquier apoyo,ninguna,trailing EMA 50,760,53.85913853317811,18.815789473684212,0.030204785506382104,0.08489931765710262,1.0828793353310169,0.5669174973138612,22.9556369848504,45.822417725346114,15.425,345,415,0.1675015426150948,-0.0839334824514634
XAU_USD,1h,Largo,sin bias,EMA 50,cualquier apoyo,impulso (RSI>=70),bracket 2R,375,26.57523282887078,35.199999999999996,-0.018208939934035346,0.050244643820501644,0.9736950689155176,-0.24659671440609734,-6.828352475263255,34.33030095322716,12.954666666666666,166,209,0.047421539396536726,-0.07033649767984856
XAU_USD,1h,Largo,sin bias,EMA 50,cualquier apoyo,impulso (RSI>=70),trailing EMA 50,510,36.14231664726426,19.607843137254903,0.01963678123757609,0.073054628588012,1.0542536310242039,0.30910363083346354,10.014758431163806,24.516567858644322,15.790196078431373,230,280,0.056655702722617815,-0.010771618553708194
XAU_USD,1h,Largo,sin bias,EMA 50,cualquier apoyo,retroceso (RSI<=40),bracket 2R,144,10.20488940628638,34.02777777777778,-0.049990253474531725,0.020833333333335306,0.9291397710517699,-0.4210716073876727,-7.1985965003325685,29.0740723669539,11.92361111111111,71,73,0.19769308194291124,-0.29088774408601736
XAU_USD,1h,Largo,sin bias,EMA 50,cualquier apoyo,retroceso (RSI<=40),trailing EMA 50,152,10.771827706635623,19.736842105263158,0.04153937850213451,0.09512444998658687,1.1102298091385607,0.34307745003906454,6.313985532324446,11.729885213975876,14.901315789473685,75,77,0.10791588566887915,-0.023113063543395984
XAU_USD,1h,Largo,sin bias,EMA 50,cualquier apoyo,impulso + retroceso,bracket 2R,110,7.795401629802096,35.45454545454545,-0.004574583138447343,0.06363636363636471,0.9933532011397535,-0.03333258892113274,-0.5032041452292078,17.499475091828405,11.936363636363636,52,58,0.144472296156975,-0.13820281974813647
XAU_USD,1h,Largo,sin bias,EMA 50,cualquier apoyo,impulso + retroceso,trailing EMA 50,117,8.291472642607683,18.803418803418804,0.014251403024191266,0.06569224767188118,1.0393285884099794,0.11760276405427048,1.6674141538303782,14.31862738940665,14.205128205128204,55,62,-0.08480007138668605,0.10211964645319535
XAU_USD,1h,Largo,bias diario,EMA 25,primer apoyo,ninguna,bracket 2R,164,11.622235157159487,27.439024390243905,-0.26446104055643854,-0.1885311695530328,0.6590809651807555,-2.5613618810373135,-43.37161065125592,55.33243732138917,11.152439024390244,92,72,-0.30603665631689014,-0.21133664264030602
XAU_USD,1h,Largo,bias diario,EMA 25,primer apoyo,ninguna,trailing EMA 50,167,11.834837019790454,20.35928143712575,-0.012355026116095461,0.04438305081290298,0.9791003293527153,-0.0800980391501364,-2.063289361387942,31.478005590325765,21.377245508982035,93,74,0.030423262607993846,-0.06611692951258612
XAU_USD,1h,Largo,bias diario,EMA 25,primer apoyo,impulso (RSI>=70),bracket 2R,93,6.590657741559953,21.50537634408602,-0.43829831069958497,-0.3633709097389592,0.47312567423047697,-3.497867539419827,-40.7617428950614,41.859962731632,10.64516129032258,50,43,-0.5390285723077188,-0.3211700995273366
XAU_USD,1h,Largo,bias diario,EMA 25,primer apoyo,impulso (RSI>=70),trailing EMA 50,93,6.590657741559953,15.053763440860216,-0.32335019446538144,-0.26715464374491193,0.5472985837229117,-2.0932842213324605,-30.071568085280475,33.45208438386139,20.408602150537636,50,43,-0.3026221300225871,-0.3474525949802586
XAU_USD,1h,Largo,bias diario,EMA 25,primer apoyo,retroceso (RSI<=40),bracket 2R,6,0.42520372526193245,33.33333333333333,-0.054351466661824964,-1.0732155904709846e-15,0.9222597468543844,-0.08640920929793651,-0.32610879997094977,2.0860676686474653,17.333333333333332,4,2,-0.2962571541895897,0.4294599083937045
XAU_USD,1h,Largo,bias diario,EMA 25,primer apoyo,retroceso (RSI<=40),trailing EMA 50,6,0.42520372526193245,33.33333333333333,0.1214597830435356,0.16222338303990344,1.523444584183473,0.3159387730453712,0.7287586982612135,0.984975517518188,20.166666666666668,4,2,0.3689831995385335,-0.3735870499464602
XAU_USD,1h,Largo,bias diario,EMA 25,primer apoyo,impulso + retroceso,bracket 2R,2,0.14173457508731083,50.0,0.44320183058736784,0.5000000000000016,1.873451798498087,0.30397301216419503,0.8864036611747357,1.0148283656853414,26.5,1,1,-1.0148283656853414,1.901232026860077
XAU_USD,1h,Largo,bias diario,EMA 25,primer apoyo,impulso + retroceso,trailing EMA 50,2,0.14173457508731083,0.0,-0.34968367205466766,-0.3070850449951924,0.0,-6.073280900457799,-0.6993673441093353,0.6993673441093353,2.0,1,1,-0.4072610635480051,-0.2921062805613302
XAU_USD,1h,Largo,bias diario,EMA 25,cualquier apoyo,ninguna,bracket 2R,465,32.953288707799764,32.25806451612903,-0.1281587240939529,-0.055723231744105144,0.8233360810134136,-2.000781563954767,-59.5938067036881,64.28847586354331,12.55268817204301,293,172,-0.10034053924826719,-0.17554667851131286
XAU_USD,1h,Largo,bias diario,EMA 25,cualquier apoyo,ninguna,trailing EMA 50,427,30.260331781140863,22.716627634660423,-0.009946927834244546,0.046569651236765715,0.97927498827234,-0.12734552371937347,-4.2473381852224215,40.3600504728491,19.43559718969555,240,187,0.06351816583743289,-0.10423367907062203
XAU_USD,1h,Largo,bias diario,EMA 25,cualquier apoyo,impulso (RSI>=70),bracket 2R,350,24.803550640279393,31.71428571428571,-0.14216932457521464,-0.07075950875142961,0.8050421206996047,-1.9334064931915145,-49.759263601325124,51.71089844667424,12.82,224,126,-0.1180877070808994,-0.18498108900955285
XAU_USD,1h,Largo,bias diario,EMA 25,cualquier apoyo,impulso (RSI>=70),trailing EMA 50,309,21.897991850989523,22.97734627831715,-0.05869352603490297,-0.0026831829055095247,0.8881193217505626,-0.6022612063277111,-18.136299544785018,30.280452806464968,20.53074433656958,181,128,-0.08466332207214759,-0.021970611325986752
XAU_USD,1h,Largo,bias diario,EMA 25,cualquier apoyo,retroceso (RSI<=40),bracket 2R,44,3.1181606519208382,31.818181818181817,-0.11778129801267458,-0.04545454545454942,0.838521869719839,-0.5540664901739488,-5.182377112557681,7.631270869607221,10.75,29,15,-0.13609013216295426,-0.08238421865546727
XAU_USD,1h,Largo,bias diario,EMA 25,cualquier apoyo,retroceso (RSI<=40),trailing EMA 50,44,3.1181606519208382,20.454545454545457,-0.15286046597671868,-0.09861540155812477,0.6599849628116967,-0.9613220031934453,-6.725860502975622,7.821822683410453,14.454545454545455,29,15,-0.26395528349034725,0.06192284788296314
XAU_USD,1h,Largo,bias diario,EMA 25,cualquier apoyo,impulso + retroceso,bracket 2R,33,2.3386204889406286,30.303030303030305,-0.1649873899281472,-0.09090909090909607,0.7792665728207504,-0.6779705313009166,-5.444583867628858,6.2666241793993995,10.93939393939394,22,11,-0.2514183836090967,0.0078745974337518
XAU_USD,1h,Largo,bias diario,EMA 25,cualquier apoyo,impulso + retroceso,trailing EMA 50,33,2.3386204889406286,18.181818181818183,-0.19473036479967246,-0.13917164053538408,0.5828682015056524,-1.0433525279459874,-6.426102038389191,9.871451508053202,12.909090909090908,22,11,-0.4487023412751455,0.3132135881512737
XAU_USD,1h,Largo,bias diario,EMA 50,primer apoyo,ninguna,bracket 2R,155,10.98442956926659,34.193548387096776,-0.053047547043001686,0.019661220856611834,0.924816956314396,-0.46495249180813464,-8.222369791665262,27.02227678243909,11.754838709677419,90,65,0.016908404996872645,-0.14990963448282768
XAU_USD,1h,Largo,bias diario,EMA 50,primer apoyo,ninguna,trailing EMA 50,158,11.197031431897555,20.88607594936709,0.06756140966220889,0.12191760575115759,1.1740464514550562,0.5367632903366915,10.674702726629004,19.59448047607437,15.974683544303797,91,67,0.22225420727788617,-0.1425437333680395
XAU_USD,1h,Largo,bias diario,EMA 50,primer apoyo,impulso (RSI>=70),bracket 2R,91,6.4489231664726425,38.46153846153847,0.0736619765205107,0.14337900255796435,1.112101762309593,0.48297619083135324,6.703239863366473,14.45672993240517,13.098901098901099,52,39,0.12234645374020812,0.008749340227580808
XAU_USD,1h,Largo,bias diario,EMA 50,primer apoyo,impulso (RSI>=70),trailing EMA 50,91,6.4489231664726425,17.582417582417584,-0.035035542777006864,0.01725222675108341,0.9088244420784022,-0.2493688942875763,-3.1882343927076247,14.702589968549008,15.780219780219781,52,39,0.08631009996819963,-0.1968297331039489
XAU_USD,1h,Largo,bias diario,EMA 50,primer apoyo,retroceso (RSI<=40),bracket 2R,30,2.1260186263096625,33.33333333333333,-0.07729148724306159,3.3084646133829666e-15,0.8919931317228276,-0.29534864225807844,-2.3187446172918476,6.310915618735402,11.633333333333333,18,12,0.09405545329078822,-0.3343118980438364
XAU_USD,1h,Largo,bias diario,EMA 50,primer apoyo,retroceso (RSI<=40),trailing EMA 50,30,2.1260186263096625,16.666666666666664,0.032511415122516554,0.0904800305548153,1.084053336801737,0.10655760034102994,0.9753424536754967,5.012514873971067,14.966666666666667,18,12,-0.13345325384257556,0.2814584185701546
XAU_USD,1h,Largo,bias diario,EMA 50,primer apoyo,impulso + retroceso,bracket 2R,22,1.5590803259604191,31.818181818181817,-0.11945874223971198,-0.045454545454544866,0.8359227632900502,-0.3941940429242614,-2.6280923292736635,7.2482970008637455,12.227272727272727,13,9,0.08442822806559769,-0.41396214379182594
XAU_USD,1h,Largo,bias diario,EMA 50,primer apoyo,impulso + retroceso,trailing EMA 50,22,1.5590803259604191,9.090909090909092,0.06523680723888092,0.12073995482775626,1.1669408493282623,0.16230885270862655,1.4352097592553803,3.738818618139239,13.545454545454545,13,9,-0.19009695688800543,0.43405224431105
XAU_USD,1h,Largo,bias diario,EMA 50,cualquier apoyo,ninguna,bracket 2R,320,22.67753201396973,33.75,-0.06379034058371635,0.0068919990944355854,0.9100756409664003,-0.8065073876320966,-20.412908986789233,50.96708281064234,12.578125,190,130,0.063335972292985,-0.2495903363265875
XAU_USD,1h,Largo,bias diario,EMA 50,cualquier apoyo,ninguna,trailing EMA 50,433,30.685535506402793,19.168591224018474,0.02183780158388113,0.07701125130721166,1.0594529585788242,0.33139141991981286,9.45576808582053,40.41195054479358,15.674364896073904,250,183,0.14942921423404862,-0.15246740695459904
XAU_USD,1h,Largo,bias diario,EMA 50,cualquier apoyo,impulso (RSI>=70),bracket 2R,219,15.519935972060535,34.70319634703196,-0.03562678704375355,0.032901551188216284,0.9489036103551933,-0.37086291768585833,-7.802266362582028,34.24777670975931,13.575342465753424,130,89,0.0784780729799028,-0.20229680730302685
XAU_USD,1h,Largo,bias diario,EMA 50,cualquier apoyo,impulso (RSI>=70),trailing EMA 50,298,21.118451688009312,19.463087248322147,-0.029628163742889246,0.023814396264157028,0.9194779983662619,-0.4223175703176868,-8.829192795380996,28.35212366640549,15.667785234899329,178,120,0.029041529616438647,-0.1166548755592256
XAU_USD,1h,Largo,bias diario,EMA 50,cualquier apoyo,retroceso (RSI<=40),bracket 2R,79,5.5985157159487775,32.91139240506329,-0.08632147845383077,-0.01265822784810047,0.8798459406243142,-0.5421798007967894,-6.81939679785263,17.54317859636062,12.30379746835443,50,29,0.06662376393554606,-0.3500201722286184
XAU_USD,1h,Largo,bias diario,EMA 50,cualquier apoyo,retroceso (RSI<=40),trailing EMA 50,83,5.881984866123399,18.072289156626507,-0.03639037507022374,0.019088380373808653,0.9073796570288579,-0.24966165462875808,-3.0204011308285703,10.152804571156535,13.734939759036145,54,29,-0.16674308924885767,0.20633536857274978
XAU_USD,1h,Largo,bias diario,EMA 50,cualquier apoyo,impulso + retroceso,bracket 2R,64,4.5355064027939465,32.8125,-0.08575990658244625,-0.015625000000000666,0.88033385170718,-0.4848324787201468,-5.48863402127656,16.023898272680423,12.875,40,24,0.055127066612158916,-0.32057152857345483
XAU_USD,1h,Largo,bias diario,EMA 50,cualquier apoyo,impulso + retroceso,trailing EMA 50,67,4.7481082654249125,16.417910447761194,-0.01061830664427404,0.041648213413832895,0.9724251659904692,-0.061480492908485784,-0.7114265451663606,9.68181641514405,13.417910447761194,43,24,-0.2050908288721395,0.3378116290139849
XAU_USD,1h,Corto,sin bias,EMA 25,primer apoyo,ninguna,bracket 2R,259,18.35462747380675,36.293436293436294,0.0076299960634087765,0.07592961486149916,1.0113180275735705,0.08614826575565472,1.976168980422873,20.6536111480716,11.324324324324325,127,132,-0.05620444539421495,0.06904646625369827
XAU_USD,1h,Corto,sin bias,EMA 25,primer apoyo,ninguna,trailing EMA 50,259,18.35462747380675,25.482625482625483,0.008098355534056722,0.0593230696326245,1.015158408518748,0.06121146689335016,2.097474083320691,28.088979587554018,22.590733590733592,127,132,-0.21226273415736943,0.22011243425232283
XAU_USD,1h,Corto,sin bias,EMA 25,primer apoyo,impulso (RSI>=70),bracket 2R,135,9.567083818393481,34.81481481481482,-0.05331213291726817,0.013431682867644266,0.9227231084389191,-0.4430280422241972,-7.197137943831203,17.534632578546507,12.318518518518518,69,66,-0.1364157127255394,0.03356888233683358
XAU_USD,1h,Corto,sin bias,EMA 25,primer apoyo,impulso (RSI>=70),trailing EMA 50,135,9.567083818393481,25.185185185185183,0.14039947709080128,0.1904573389294856,1.2444172724197418,0.6009975826772157,18.953929407258173,24.33546850323279,25.733333333333334,69,66,-0.27089294573705464,0.5703870100471962
XAU_USD,1h,Corto,sin bias,EMA 25,primer apoyo,retroceso (RSI<=40),bracket 2R,6,0.42520372526193245,33.33333333333333,-0.07343341164408546,5.1810407815840636e-15,0.897110607114793,-0.11642602513121032,-0.44060046986451273,4.282273007054159,5.5,3,3,-1.0683058541321657,0.9214390308439947
XAU_USD,1h,Corto,sin bias,EMA 25,primer apoyo,retroceso (RSI<=40),trailing EMA 50,6,0.42520372526193245,33.33333333333333,0.7371524280627343,0.7922274867958023,2.5665608797973554,0.6117764834309065,4.422914568376406,2.823327599594175,23.0,3,3,-0.7230957716711571,2.197400627796626
XAU_USD,1h,Corto,sin bias,EMA 25,primer apoyo,impulso + retroceso,bracket 2R,4,0.28346915017462165,50.0,0.4218770183706288,0.5000000000000023,1.7833701195583087,0.48740502159092297,1.6875080734825152,2.154164463707131,6.75,2,2,-1.0770822318535656,1.9208362685948233
XAU_USD,1h,Corto,sin bias,EMA 25,primer apoyo,impulso + retroceso,trailing EMA 50,4,0.28346915017462165,50.0,1.454995054442373,1.513587290664403,5.080582965106047,0.8245142556774714,5.819980217769492,1.4262619502010887,32.75,2,2,-0.7131309751005444,3.6231210839852905
XAU_USD,1h,Corto,sin bias,EMA 25,cualquier apoyo,ninguna,bracket 2R,755,53.50480209545984,34.56953642384106,-0.04454739573308294,0.023371119997888316,0.9360056089618891,-0.8653341841310916,-33.63328377847762,65.4290117351849,11.490066225165563,381,374,-0.14640446769198273,0.05921609201114384
XAU_USD,1h,Corto,sin bias,EMA 25,cualquier apoyo,ninguna,trailing EMA 50,731,51.80398719441211,22.024623803009575,0.04980118790142978,0.1023496842410149,1.1139887595269848,0.6840683487817435,36.40466835594517,59.27279317440483,17.764705882352942,370,361,-0.11753547276862429,0.22130967667683152
XAU_USD,1h,Corto,sin bias,EMA 25,cualquier apoyo,impulso (RSI>=70),bracket 2R,540,38.268335273573925,33.14814814814815,-0.0929078408594935,-0.025127236171603316,0.8697904441985235,-1.5441047739872902,-50.17023406412649,70.25293996100629,11.462962962962964,285,255,-0.22349490569876193,0.05304240807851236
XAU_USD,1h,Corto,sin bias,EMA 25,cualquier apoyo,impulso (RSI>=70),trailing EMA 50,502,35.575378346915016,21.91235059760956,0.00487643274387058,0.05658344352165621,1.0107021389688062,0.06026149435149028,2.447969237423031,55.8332575274527,18.48207171314741,263,239,-0.18239474579065304,0.21095308527349277
XAU_USD,1h,Corto,sin bias,EMA 25,cualquier apoyo,retroceso (RSI<=40),bracket 2R,88,6.2363213038416765,28.40909090909091,-0.2529593327883898,-0.18758276068170157,0.6790574167124954,-1.7175955704386716,-22.2604212853783,25.050143553346942,10.738636363636363,50,38,-0.3092672322836057,-0.1788699913473161
XAU_USD,1h,Corto,sin bias,EMA 25,cualquier apoyo,retroceso (RSI<=40),trailing EMA 50,88,6.2363213038416765,20.454545454545457,0.10125727363667737,0.1502897027166935,1.2415777978576337,0.5009421395087029,8.910640080027608,16.109131470741335,16.113636363636363,50,38,-0.27423227637879255,0.5953224710254534
XAU_USD,1h,Corto,sin bias,EMA 25,cualquier apoyo,impulso + retroceso,bracket 2R,63,4.464639115250291,25.396825396825395,-0.3605390518482113,-0.2937663958728544,0.5664293197214642,-2.131532803388091,-22.71396026643731,25.50368253440596,9.761904761904763,40,23,-0.34679623300324086,-0.38443960636120345
XAU_USD,1h,Corto,sin bias,EMA 25,cualquier apoyo,impulso + retroceso,trailing EMA 50,63,4.464639115250291,19.047619047619047,0.03400162526531465,0.08408111724683232,1.0773503820851724,0.1553222922837174,2.142102391714823,13.012876692796963,14.65079365079365,40,23,-0.24992455057867816,0.5277862789070413
XAU_USD,1h,Corto,sin bias,EMA 50,primer apoyo,ninguna,bracket 2R,244,17.29161816065192,30.327868852459016,-0.15260022174130689,-0.08627806172185515,0.7935914869836641,-1.7260587420529598,-37.23445410487888,45.04530605071742,11.602459016393443,123,121,-0.2823325572056275,-0.020723550153609133
XAU_USD,1h,Corto,sin bias,EMA 50,primer apoyo,ninguna,trailing EMA 50,244,17.29161816065192,19.262295081967213,0.022431074542789677,0.07217269455737851,1.0573710034653312,0.1851988230526386,5.473182188440681,29.08806443505906,14.807377049180328,123,121,-0.17725518309141156,0.2254179314767298
XAU_USD,1h,Corto,sin bias,EMA 50,primer apoyo,impulso (RSI>=70),bracket 2R,134,9.496216530849825,23.134328358208954,-0.3614224952220434,-0.29889438104576493,0.5536668705284159,-3.29892437677022,-48.43061435975382,49.114279238122606,12.828358208955224,72,62,-0.4761809075001147,-0.22815466160879944
XAU_USD,1h,Corto,sin bias,EMA 50,primer apoyo,impulso (RSI>=70),trailing EMA 50,134,9.496216530849825,17.91044776119403,0.07681134799587958,0.12370743362808843,1.1948182229679682,0.37924320072811907,10.292720631447864,19.912831380678433,14.350746268656716,72,62,-0.20784342890992563,0.40737818569294376
XAU_USD,1h,Corto,sin bias,EMA 50,primer apoyo,retroceso (RSI<=40),bracket 2R,30,2.1260186263096625,23.333333333333332,-0.3675196854032811,-0.3000000000000002,0.5517868014268822,-1.5549052871883016,-11.025590562098433,11.345558375909189,13.833333333333334,16,14,-0.31766792691058665,-0.4244931236806462
XAU_USD,1h,Corto,sin bias,EMA 50,primer apoyo,retroceso (RSI<=40),trailing EMA 50,30,2.1260186263096625,20.0,-0.2253866979126341,-0.17474693386017348,0.34692617394158454,-2.118899993198154,-6.761600937379023,6.761600937379024,11.133333333333333,16,14,-0.22663312346105835,-0.22396221157157783
XAU_USD,1h,Corto,sin bias,EMA 50,primer apoyo,impulso + retroceso,bracket 2R,23,1.6299476135040745,21.73913043478261,-0.4187109948397683,-0.34782608695652095,0.5005513444874035,-1.585780998002442,-9.630352881314671,9.630352881314673,12.173913043478262,14,9,-0.42816510207640324,-0.404004605805003
XAU_USD,1h,Corto,sin bias,EMA 50,primer apoyo,impulso + retroceso,trailing EMA 50,23,1.6299476135040745,21.73913043478261,-0.17019070894900332,-0.11702702803656774,0.45844312545697113,-1.3080349411827377,-3.9143863058270765,4.048747583120454,10.08695652173913,14,9,-0.21835488044349763,-0.09526866440201225
XAU_USD,1h,Corto,sin bias,EMA 50,cualquier apoyo,ninguna,bracket 2R,545,38.6226717112922,33.57798165137615,-0.06652211314806465,0.0005187310482225672,0.9059387055492826,-1.0986421471232064,-36.25455166569523,51.773652154921365,11.660550458715596,273,272,-0.13118397526152498,-0.0016225236003636443
XAU_USD,1h,Corto,sin bias,EMA 50,cualquier apoyo,ninguna,trailing EMA 50,751,53.22133294528521,18.375499334221036,0.059469500955140434,0.11190113477569084,1.1596026894237788,0.8695544265413776,44.66159521731046,56.53325832724962,14.154460719041278,381,370,-0.0977369604543793,0.22134966797413233
XAU_USD,1h,Corto,sin bias,EMA 50,cualquier apoyo,impulso (RSI>=70),bracket 2R,365,25.866559953434226,31.232876712328768,-0.13965653424012148,-0.07374672203385414,0.8088567109358493,-1.928290188958268,-50.974634997644344,54.68967587672011,11.849315068493151,190,175,-0.1807343655154245,-0.09505774599836396
XAU_USD,1h,Corto,sin bias,EMA 50,cualquier apoyo,impulso (RSI>=70),trailing EMA 50,511,36.213183934807915,18.003913894324853,0.018075376496652248,0.0699187523339673,1.0481817104469429,0.23863835184140744,9.236517389789299,46.24117569710599,13.63013698630137,268,243,-0.13408529026448238,0.18589043284226575
XAU_USD,1h,Corto,sin bias,EMA 50,cualquier apoyo,retroceso (RSI<=40),bracket 2R,128,9.071012805587893,28.125,-0.24043816225529882,-0.17533240554610954,0.690264046699541,-1.9865735096018604,-30.77608476867825,33.263019693258904,12.03125,71,57,-0.32066138712432163,-0.14051098741844573
XAU_USD,1h,Corto,sin bias,EMA 50,cualquier apoyo,retroceso (RSI<=40),trailing EMA 50,130,9.212747380675204,20.0,0.08674107490684231,0.13588891951555032,1.247962459281519,0.6047002181316112,11.2763397378895,19.231395992679037,15.3,73,57,-0.21041177541468042,0.46730525163440656
XAU_USD,1h,Corto,sin bias,EMA 50,cualquier apoyo,impulso + retroceso,bracket 2R,95,6.732392316647264,27.368421052631582,-0.2727028887177183,-0.20676641972147608,0.6539040482132386,-1.9550826911209496,-25.906774428183237,29.13370660093562,11.347368421052632,57,38,-0.29733310956132186,-0.23575755745231292
XAU_USD,1h,Corto,sin bias,EMA 50,cualquier apoyo,impulso + retroceso,trailing EMA 50,97,6.8741268917345755,20.618556701030926,0.056976087154956126,0.10684248479446252,1.1643140340311091,0.37447336078408683,5.526680454030744,13.8959359429448,14.474226804123711,59,38,-0.1699084670430074,0.4092442107781099
XAU_USD,1h,Corto,bias diario,EMA 25,primer apoyo,ninguna,bracket 2R,79,5.5985157159487775,44.303797468354425,0.23734368987321358,0.3038570183668223,1.4000056526049975,1.42554065380672,18.750151499983872,12.002624325857333,11.620253164556962,15,64,-0.14502178697506546,0.3269605985095289
XAU_USD,1h,Corto,bias diario,EMA 25,primer apoyo,ninguna,trailing EMA 50,79,5.5985157159487775,31.645569620253166,0.31156135657425504,0.3614463529444617,1.6409680887933502,0.889344970220072,24.613347169366147,13.27053714382303,25.544303797468356,15,64,-0.5660286371357139,0.5172465113500291
XAU_USD,1h,Corto,bias diario,EMA 25,primer apoyo,impulso (RSI>=70),bracket 2R,38,2.6929569266589057,42.10526315789473,0.15050300184006898,0.2106501171310251,1.2447631348434713,0.6349593474639328,5.719114069922622,7.631805857117228,14.394736842105264,11,27,-0.09239652115121434,0.2494620667624437
XAU_USD,1h,Corto,bias diario,EMA 25,primer apoyo,impulso (RSI>=70),trailing EMA 50,38,2.6929569266589057,31.57894736842105,0.7080731000941742,0.7531834365623916,2.4323393227531924,1.0191667637691542,26.90677780357862,6.903709941826343,30.473684210526315,11,27,-0.5578338945510447,1.2238129868014855
XAU_USD,1h,Corto,bias diario,EMA 25,primer apoyo,retroceso (RSI<=40),bracket 2R,1,0.07086728754365541,0.0,-1.0773554446576623,-0.9999999999999825,0.0,,-1.0773554446576623,1.0773554446576623,3.0,0,1,,-1.0773554446576623
XAU_USD,1h,Corto,bias diario,EMA 25,primer apoyo,retroceso (RSI<=40),trailing EMA 50,1,0.07086728754365541,0.0,-0.6540402845807037,-0.5960237010874438,0.0,,-0.6540402845807037,0.6540402845807037,3.0,0,1,,-0.6540402845807037
XAU_USD,1h,Corto,bias diario,EMA 25,primer apoyo,impulso + retroceso,bracket 2R,0,0.0,,,,,,0.0,,,0,0,,
XAU_USD,1h,Corto,bias diario,EMA 25,primer apoyo,impulso + retroceso,trailing EMA 50,0,0.0,,,,,,0.0,,,0,0,,
XAU_USD,1h,Corto,bias diario,EMA 25,cualquier apoyo,ninguna,bracket 2R,227,16.08687427240978,36.56387665198238,0.0008561965910207529,0.06515693564650639,1.0012573749691618,0.008976094898991208,0.1943566261617109,20.516900211453347,12.837004405286343,47,180,-0.373075877392902,0.09849401590904504
XAU_USD,1h,Corto,bias diario,EMA 25,cualquier apoyo,ninguna,trailing EMA 50,220,15.590803259604192,22.272727272727273,0.20642555489595377,0.2569911842505052,1.4663466581012075,1.0919051231732684,45.41362207710983,17.80264786918339,19.009090909090908,45,175,-0.3907053111715486,0.35997349188474
XAU_USD,1h,Corto,bias diario,EMA 25,cualquier apoyo,impulso (RSI>=70),bracket 2R,149,10.559225844004656,34.22818791946309,-0.07339811940395456,-0.01113055846753636,0.8963940941813556,-0.6309712269391182,-10.93631979118923,13.420529420510974,13.120805369127517,36,113,-0.33527094758562836,0.010030392229145046
XAU_USD,1h,Corto,bias diario,EMA 25,cualquier apoyo,impulso (RSI>=70),trailing EMA 50,142,10.06315483119907,21.12676056338028,0.14335331440984456,0.19136860311962273,1.2987830076838032,0.6633842012057481,20.356170646197928,18.062152255234206,19.95774647887324,34,108,-0.3495606945075569,0.29852994684680423
XAU_USD,1h,Corto,bias diario,EMA 25,cualquier apoyo,retroceso (RSI<=40),bracket 2R,25,1.7716821885913854,36.0,-0.06795181851926806,-0.008061584540218937,0.9114665207776947,-0.21212743703678788,-1.6987954629817015,9.988130231778957,11.92,7,18,-0.18050385890002416,-0.02418158059341851
XAU_USD,1h,Corto,bias diario,EMA 25,cualquier apoyo,retroceso (RSI<=40),trailing EMA 50,25,1.7716821885913854,24.0,0.018416500033939097,0.063334175518226,1.0448657602513116,0.060930952013230635,0.4604125008484774,7.093176089267012,18.8,7,18,-0.06999422917468147,0.052798450281735985
XAU_USD,1h,Corto,bias diario,EMA 25,cualquier apoyo,impulso + retroceso,bracket 2R,15,1.0630093131548313,33.33333333333333,-0.20922208409960205,-0.14676930756703796,0.7559985652065767,-0.48379582056746556,-3.138331261494031,7.602421690543606,10.933333333333334,5,10,0.16148909273345544,-0.39457767251613074
XAU_USD,1h,Corto,bias diario,EMA 25,cualquier apoyo,impulso + retroceso,trailing EMA 50,15,1.0630093131548313,26.666666666666668,0.09603215333919564,0.14287173573861878,1.2181462588173,0.20416955969885558,1.4404823000879345,5.008966112346025,21.733333333333334,5,10,0.0985784117785478,0.09475902411951968
XAU_USD,1h,Corto,bias diario,EMA 50,primer apoyo,ninguna,bracket 2R,72,5.10244470314319,34.72222222222222,-0.021708330761355525,0.041666666666664895,0.9686693956807915,-0.12829251600872799,-1.5629998148175979,14.301977695018085,10.958333333333334,15,57,-0.6392960315928728,0.14081474840483332
XAU_USD,1h,Corto,bias diario,EMA 50,primer apoyo,ninguna,trailing EMA 50,72,5.10244470314319,27.77777777777778,0.283292763375214,0.33082401144622936,1.7237365477716888,0.8329433257402352,20.397078963015407,10.295532247040022,18.541666666666668,15,57,-0.5740954804988022,0.5089212486052183
XAU_USD,1h,Corto,bias diario,EMA 50,primer apoyo,impulso (RSI>=70),bracket 2R,35,2.4803550640279393,22.857142857142858,-0.36918812060302586,-0.31428571428571705,0.5469777943424031,-1.7048886976818842,-12.921584221105904,13.74342144240106,12.228571428571428,11,24,-0.49506540705524604,-0.3114943643124248
XAU_USD,1h,Corto,bias diario,EMA 50,primer apoyo,impulso (RSI>=70),trailing EMA 50,35,2.4803550640279393,25.71428571428571,0.4566109443060311,0.4977877490440126,2.183949287487755,0.6942264654543673,15.981383050711088,6.164745989733268,17.885714285714286,11,24,-0.5053930450728606,0.897529439438023
XAU_USD,1h,Corto,bias diario,EMA 50,primer apoyo,retroceso (RSI<=40),bracket 2R,7,0.4960710128055879,28.57142857142857,-0.2045569410770955,-0.14285714285714304,0.7321967991981985,-0.3664276640950974,-1.4318985875396684,3.2165173647890732,12.571428571428571,1,6,-1.05320785769405,-0.0631151216409364
XAU_USD,1h,Corto,bias diario,EMA 50,primer apoyo,retroceso (RSI<=40),trailing EMA 50,7,0.4960710128055879,42.857142857142854,-0.24449944671211368,-0.19822459804714931,0.3065414349367253,-1.2307494539511863,-1.7114961269847957,2.1897956258031606,15.428571428571429,1,6,0.06464754709823094,-0.29602394568050444
XAU_USD,1h,Corto,bias diario,EMA 50,primer apoyo,impulso + retroceso,bracket 2R,4,0.28346915017462165,25.0,-0.31420076524736085,-0.2500000000000044,0.607555666583075,-0.417089747857974,-1.2568030609894434,2.1492923543659392,12.5,1,3,-1.05320785769405,-0.06786506776513113
XAU_USD,1h,Corto,bias diario,EMA 50,primer apoyo,impulso + retroceso,trailing EMA 50,4,0.28346915017462165,50.0,-0.07137164564903721,-0.023221071713519864,0.6262218053680233,-0.36961235765188394,-0.28548658259614884,0.7637860814145137,15.0,1,3,0.06464754709823094,-0.11671137656479326
XAU_USD,1h,Corto,bias diario,EMA 50,cualquier apoyo,ninguna,bracket 2R,172,12.189173457508732,34.30232558139535,-0.06075150695400721,0.0027562717092259287,0.9138801863388194,-0.5591903823919512,-10.44925919608924,24.606307566026384,12.343023255813954,37,135,-0.3935678024376775,0.030464811067443125
XAU_USD,1h,Corto,bias diario,EMA 50,cualquier apoyo,ninguna,trailing EMA 50,224,15.874272409778813,20.982142857142858,0.18099248890332417,0.23152946722355786,1.441190570166237,1.0073845269887978,40.54231751434462,15.903962418943692,15.379464285714286,42,182,-0.37194777229846415,0.3085940876421983
XAU_USD,1h,Corto,bias diario,EMA 50,cualquier apoyo,impulso (RSI>=70),bracket 2R,105,7.441065192083818,29.523809523809526,-0.21764781338080313,-0.15738972634298326,0.7135444371635223,-1.6307360962568813,-22.853020404984328,25.534091457279253,12.628571428571428,26,79,-0.23433004848088673,-0.21215745752507942
XAU_USD,1h,Corto,bias diario,EMA 50,cualquier apoyo,impulso (RSI>=70),trailing EMA 50,136,9.637951105937136,20.588235294117645,0.11345280503771832,0.1611438863456509,1.2620792912452625,0.5340047514929863,15.429581485129692,20.41138240966518,14.544117647058824,30,106,-0.2895904929002197,0.22752166294468187
XAU_USD,1h,Corto,bias diario,EMA 50,cualquier apoyo,retroceso (RSI<=40),bracket 2R,33,2.3386204889406286,33.33333333333333,-0.1005931331282209,-0.04051716809260771,0.8656358320504758,-0.37826546577990516,-3.3195733932312894,7.021148826112472,13.515151515151516,9,24,-0.37596462486727467,0.0026711762739241953
XAU_USD,1h,Corto,bias diario,EMA 50,cualquier apoyo,retroceso (RSI<=40),trailing EMA 50,33,2.3386204889406286,30.303030303030305,-0.023630119862087757,0.021426853914622183,0.9357388442894301,-0.10245934797589672,-0.779793955448896,6.693881255115349,17.818181818181817,9,24,-0.16394690249810845,0.02898867362642003
XAU_USD,1h,Corto,bias diario,EMA 50,cualquier apoyo,impulso + retroceso,bracket 2R,22,1.5590803259604191,31.818181818181817,-0.17042325390821514,-0.10623029759345942,0.7835889125470037,-0.5112406834043702,-3.749311585980733,4.6239140373125585,12.818181818181818,7,15,-0.18752987826257508,-0.16244016254284713
XAU_USD,1h,Corto,bias diario,EMA 50,cualquier apoyo,impulso + retroceso,trailing EMA 50,22,1.5590803259604191,36.36363636363637,0.01576598230686439,0.06391069954293112,1.0416414813592652,0.04892923495472392,0.34685161075101656,4.694686806252707,20.045454545454547,7,15,-0.0703814941953524,0.05596813800789898
XAU_USD,1d,Largo,sin bias,EMA 25,primer apoyo,ninguna,bracket 2R,8,0.6064757160647571,25.0,-0.16738522887013685,-0.1542609735564917,0.7474134346745688,-0.35005648842209997,-1.3390818309610948,4.287431431461527,10.875,2,6,-1.0091099974444804,0.11318969398797762
XAU_USD,1d,Largo,sin bias,EMA 25,primer apoyo,ninguna,trailing EMA 50,8,0.6064757160647571,25.0,-0.2553820261383075,-0.24553883465307363,0.4833917130254048,-0.869752176445878,-2.04305620910646,3.4614737846728882,18.75,2,6,-0.9657042463883442,-0.01860795272162861
XAU_USD,1d,Largo,sin bias,EMA 25,primer apoyo,impulso (RSI>=70),bracket 2R,6,0.45485678704856786,16.666666666666664,-0.38502554497686664,-0.3723479647419903,0.46147113469910733,-0.7868270282408724,-2.3101532698611997,4.289748272955519,11.833333333333334,2,4,-1.0091099974444804,-0.07298331874305952
XAU_USD,1d,Largo,sin bias,EMA 25,primer apoyo,impulso (RSI>=70),trailing EMA 50,6,0.45485678704856786,16.666666666666664,-0.49032716121889025,-0.4808189760427331,0.17503148670760513,-1.853846970300233,-2.9419629673133416,3.5661518226582514,19.166666666666668,2,4,-0.9657042463883442,-0.2526386186341634
XAU_USD,1d,Largo,sin bias,EMA 25,primer apoyo,retroceso (RSI<=40),bracket 2R,1,0.07580946450809464,0.0,-1.011728586020846,-0.9999999999999971,0.0,,-1.011728586020846,1.011728586020846,8.0,0,1,,-1.011728586020846
XAU_USD,1d,Largo,sin bias,EMA 25,primer apoyo,retroceso (RSI<=40),trailing EMA 50,1,0.07580946450809464,0.0,-0.3885973763357818,-0.3798009368201451,0.0,,-0.3885973763357818,0.3885973763357818,2.0,0,1,,-0.3885973763357818
XAU_USD,1d,Largo,sin bias,EMA 25,primer apoyo,impulso + retroceso,bracket 2R,0,0.0,,,,,,0.0,,,0,0,,
XAU_USD,1d,Largo,sin bias,EMA 25,primer apoyo,impulso + retroceso,trailing EMA 50,0,0.0,,,,,,0.0,,,0,0,,
XAU_USD,1d,Largo,sin bias,EMA 25,cualquier apoyo,ninguna,bracket 2R,28,2.12266500622665,25.0,-0.3003732853168551,-0.287451899019615,0.5897103417643618,-1.2785605854295974,-8.410451988871943,10.39033992486069,12.964285714285714,8,20,-0.6339616944146643,-0.1669379216777315
XAU_USD,1d,Largo,sin bias,EMA 25,cualquier apoyo,ninguna,trailing EMA 50,34,2.577521793275218,17.647058823529413,-0.17586214909754205,-0.16564696865185125,0.4682229444403081,-1.5274045219753705,-5.979313069316429,5.994045156204675,11.323529411764707,8,26,-0.386001448053402,-0.11120390326496973
XAU_USD,1d,Largo,sin bias,EMA 25,cualquier apoyo,impulso (RSI>=70),bracket 2R,28,2.12266500622665,25.0,-0.3003732853168551,-0.287451899019615,0.5897103417643618,-1.2785605854295974,-8.410451988871943,10.39033992486069,12.964285714285714,8,20,-0.6339616944146643,-0.1669379216777315
XAU_USD,1d,Largo,sin bias,EMA 25,cualquier apoyo,impulso (RSI>=70),trailing EMA 50,31,2.350093399750934,19.35483870967742,-0.1719498773735586,-0.16158266324032589,0.49689778162446985,-1.362281961600498,-5.330446198580317,5.345178285468562,12.225806451612904,8,23,-0.386001448053402,-0.09749715713709133
XAU_USD,1d,Largo,sin bias,EMA 25,cualquier apoyo,retroceso (RSI<=40),bracket 2R,3,0.22742839352428393,33.33333333333333,-0.01281284324939073,1.4062824978585316e-15,0.9810405096559233,-0.012801458124869944,-0.03843852974817219,1.0156745271741825,13.666666666666666,0,3,,-0.01281284324939073
XAU_USD,1d,Largo,sin bias,EMA 25,cualquier apoyo,retroceso (RSI<=40),trailing EMA 50,3,0.22742839352428393,33.33333333333333,0.5175543820149102,0.5271640144519543,3.2879871863546777,0.6036784996648883,1.5526631460447307,0.3885973763357818,27.666666666666668,0,3,,0.5175543820149102
XAU_USD,1d,Largo,sin bias,EMA 25,cualquier apoyo,impulso + retroceso,bracket 2R,2,0.15161892901618929,50.0,0.4866450281363369,0.5000000000000007,1.9582696328720273,0.32392910444126566,0.9732900562726738,1.0156745271741825,16.5,0,2,,0.4866450281363369
XAU_USD,1d,Largo,sin bias,EMA 25,cualquier apoyo,impulso + retroceso,trailing EMA 50,2,0.15161892901618929,50.0,0.9706302611902562,0.9806464900880041,7.693587744274417,0.7699453828694377,1.9412605223805124,0.29001793904039497,40.5,0,2,,0.9706302611902562
XAU_USD,1d,Largo,sin bias,EMA 50,primer apoyo,ninguna,bracket 2R,7,0.5306662515566625,14.285714285714285,-0.5840927847415208,-0.5714285714285717,0.3270462430626483,-1.3630407665741608,-4.088649493190646,5.058575803462094,18.285714285714285,2,5,-1.0090923784200367,-0.4140929472701146
XAU_USD,1d,Largo,sin bias,EMA 50,primer apoyo,ninguna,trailing EMA 50,7,0.5306662515566625,0.0,-0.30972500488615307,-0.300226844901441,0.0,-3.151117634391296,-2.1680750342030715,2.1680750342030715,7.571428571428571,2,5,-0.39132443975778297,-0.2770852309375011
XAU_USD,1d,Largo,sin bias,EMA 50,primer apoyo,impulso (RSI>=70),bracket 2R,7,0.5306662515566625,14.285714285714285,-0.5840927847415208,-0.5714285714285717,0.3270462430626483,-1.3630407665741608,-4.088649493190646,5.058575803462094,18.285714285714285,2,5,-1.0090923784200367,-0.4140929472701146
XAU_USD,1d,Largo,sin bias,EMA 50,primer apoyo,impulso (RSI>=70),trailing EMA 50,7,0.5306662515566625,0.0,-0.30972500488615307,-0.300226844901441,0.0,-3.151117634391296,-2.1680750342030715,2.1680750342030715,7.571428571428571,2,5,-0.39132443975778297,-0.2770852309375011
XAU_USD,1d,Largo,sin bias,EMA 50,primer apoyo,retroceso (RSI<=40),bracket 2R,3,0.22742839352428393,0.0,-1.0145066623635948,-0.9999999999999991,0.0,-526.8482075603607,-3.0435199870907845,3.0435199870907845,17.666666666666668,1,2,-1.0107445158436081,-1.0163877356235882
XAU_USD,1d,Largo,sin bias,EMA 50,primer apoyo,retroceso (RSI<=40),trailing EMA 50,3,0.22742839352428393,0.0,-0.35337442148726833,-0.34249442471457164,0.0,-3.0316556477398198,-1.060123264461805,1.060123264461805,8.666666666666666,1,2,-0.5793442942871398,-0.2403894850873326
XAU_USD,1d,Largo,sin bias,EMA 50,primer apoyo,impulso + retroceso,bracket 2R,3,0.22742839352428393,0.0,-1.0145066623635948,-0.9999999999999991,0.0,-526.8482075603607,-3.0435199870907845,3.0435199870907845,17.666666666666668,1,2,-1.0107445158436081,-1.0163877356235882
XAU_USD,1d,Largo,sin bias,EMA 50,primer apoyo,impulso + retroceso,trailing EMA 50,3,0.22742839352428393,0.0,-0.35337442148726833,-0.34249442471457164,0.0,-3.0316556477398198,-1.060123264461805,1.060123264461805,8.666666666666666,1,2,-0.5793442942871398,-0.2403894850873326
XAU_USD,1d,Largo,sin bias,EMA 50,cualquier apoyo,ninguna,bracket 2R,18,1.3645703611457036,27.77777777777778,-0.2804531435670893,-0.2674758546720693,0.6168200638223673,-0.9310888727182017,-5.048156584207607,6.030236917825414,15.666666666666666,5,13,-0.40996249057849443,-0.23064185625501038
XAU_USD,1d,Largo,sin bias,EMA 50,cualquier apoyo,ninguna,trailing EMA 50,31,2.350093399750934,9.67741935483871,-0.1455220130444783,-0.135438448289823,0.5054659374432897,-1.2598714985442572,-4.511182404378827,5.203075491133988,9.741935483870968,10,21,-0.17596061134409355,-0.13102744242561387
XAU_USD,1d,Largo,sin bias,EMA 50,cualquier apoyo,impulso (RSI>=70),bracket 2R,18,1.3645703611457036,27.77777777777778,-0.2804531435670893,-0.2674758546720693,0.6168200638223673,-0.9310888727182017,-5.048156584207607,6.030236917825414,15.666666666666666,5,13,-0.40996249057849443,-0.23064185625501038
XAU_USD,1d,Largo,sin bias,EMA 50,cualquier apoyo,impulso (RSI>=70),trailing EMA 50,31,2.350093399750934,9.67741935483871,-0.1455220130444783,-0.135438448289823,0.5054659374432897,-1.2598714985442572,-4.511182404378827,5.203075491133988,9.741935483870968,10,21,-0.17596061134409355,-0.13102744242561387
XAU_USD,1d,Largo,sin bias,EMA 50,cualquier apoyo,retroceso (RSI<=40),bracket 2R,6,0.45485678704856786,16.666666666666664,-0.5126172790517665,-0.5,0.3927136946038662,-1.0245833723517888,-3.0757036743105988,3.0757036743105988,14.0,3,3,-1.0106309288367596,-0.014603629266773277
XAU_USD,1d,Largo,sin bias,EMA 50,cualquier apoyo,retroceso (RSI<=40),trailing EMA 50,6,0.45485678704856786,16.666666666666664,0.1640967701360517,0.17355972942487666,1.7897508030805842,0.39058867799855657,0.9845806208163103,0.7659188704299317,15.666666666666666,3,3,-0.2553062901433106,0.5834998304154141
XAU_USD,1d,Largo,sin bias,EMA 50,cualquier apoyo,impulso + retroceso,bracket 2R,6,0.45485678704856786,16.666666666666664,-0.5126172790517665,-0.5,0.3927136946038662,-1.0245833723517888,-3.0757036743105988,3.0757036743105988,14.0,3,3,-1.0106309288367596,-0.014603629266773277
XAU_USD,1d,Largo,sin bias,EMA 50,cualquier apoyo,impulso + retroceso,trailing EMA 50,6,0.45485678704856786,16.666666666666664,0.1640967701360517,0.17355972942487666,1.7897508030805842,0.39058867799855657,0.9845806208163103,0.7659188704299317,15.666666666666666,3,3,-0.2553062901433106,0.5834998304154141
XAU_USD,1d,Corto,sin bias,EMA 25,primer apoyo,ninguna,bracket 2R,7,0.5306662515566625,28.57142857142857,-0.15355289848171375,-0.14285714285714252,0.7872157170447268,-0.2776606739193307,-1.0748702893719961,3.0392597940032604,13.428571428571429,2,5,-1.0060977423793558,0.1874650390773432
XAU_USD,1d,Corto,sin bias,EMA 25,primer apoyo,ninguna,trailing EMA 50,7,0.5306662515566625,14.285714285714285,0.6556302064504228,0.6636520231688513,2.4775582574649486,0.556465249772286,4.58941144515296,2.3252009417621915,19.571428571428573,2,5,-0.3904386130150034,1.0740577342365933
XAU_USD,1d,Corto,sin bias,EMA 25,primer apoyo,impulso (RSI>=70),bracket 2R,6,0.45485678704856786,16.666666666666664,-0.5105168913287534,-0.5000000000000003,0.39362002058083434,-1.0214905012564273,-3.0631013479725206,3.0631013479725206,9.833333333333334,2,4,-1.0060977423793558,-0.2627264658034522
XAU_USD,1d,Corto,sin bias,EMA 25,primer apoyo,impulso (RSI>=70),trailing EMA 50,6,0.45485678704856786,16.666666666666664,0.7830800182621064,0.7909676867586711,2.567722793099409,0.5650373043108625,4.698480109572638,2.2161322773425134,22.5,2,4,-0.3904386130150034,1.3698393339006611
XAU_USD,1d,Corto,sin bias,EMA 25,primer apoyo,retroceso (RSI<=40),bracket 2R,0,0.0,,,,,,0.0,,,0,0,,
XAU_USD,1d,Corto,sin bias,EMA 25,primer apoyo,retroceso (RSI<=40),trailing EMA 50,0,0.0,,,,,,0.0,,,0,0,,
XAU_USD,1d,Corto,sin bias,EMA 25,primer apoyo,impulso + retroceso,bracket 2R,0,0.0,,,,,,0.0,,,0,0,,
XAU_USD,1d,Corto,sin bias,EMA 25,primer apoyo,impulso + retroceso,trailing EMA 50,0,0.0,,,,,,0.0,,,0,0,,
XAU_USD,1d,Corto,sin bias,EMA 25,cualquier apoyo,ninguna,bracket 2R,25,1.895236612702366,32.0,-0.053133816232573364,-0.043146234545740965,0.92300193179306,-0.1856705277705599,-1.328345405814334,8.060233537049353,11.76,10,15,-0.7070196048151367,0.382790042822469
XAU_USD,1d,Corto,sin bias,EMA 25,cualquier apoyo,ninguna,trailing EMA 50,33,2.5017123287671232,18.181818181818183,-0.06816122911089642,-0.059862529864812254,0.8239353999849132,-0.26387523724587025,-2.249320560659582,6.317499399533807,11.121212121212121,10,23,-0.3627310774070934,0.059912617974406654
XAU_USD,1d,Corto,sin bias,EMA 25,cualquier apoyo,impulso (RSI>=70),bracket 2R,24,1.8194271481942714,29.166666666666668,-0.1381906860172858,-0.12827732765181368,0.8077533300429536,-0.4850968525329036,-3.316576464414859,8.060233537049353,10.791666666666666,10,14,-0.7070196048151367,0.26811568455260787
XAU_USD,1d,Corto,sin bias,EMA 25,cualquier apoyo,impulso (RSI>=70),trailing EMA 50,29,2.1984744707347446,20.689655172413794,-0.0259615405106463,-0.0177050238278341,0.9332496106462976,-0.08853720109262363,-0.7528846748087428,4.821063513682967,11.0,10,19,-0.3627310774070934,0.15128558417169433
XAU_USD,1d,Corto,sin bias,EMA 25,cualquier apoyo,retroceso (RSI<=40),bracket 2R,4,0.30323785803237857,50.0,0.49056050292878195,0.5000000000000006,1.971517999427929,0.5662805109506864,1.9622420117151278,1.0133412164679148,14.0,2,2,0.4944748804321818,0.4866461254253822
XAU_USD,1d,Corto,sin bias,EMA 25,cualquier apoyo,retroceso (RSI<=40),trailing EMA 50,4,0.30323785803237857,25.0,-0.1689319188956736,-0.16185229609225965,0.46073923284376805,-0.6289129805437175,-0.6757276755826944,1.253062927507437,11.5,2,2,-0.05458005618824213,-0.2832837816031051
XAU_USD,1d,Corto,sin bias,EMA 25,cualquier apoyo,impulso + retroceso,bracket 2R,4,0.30323785803237857,50.0,0.49056050292878195,0.5000000000000006,1.971517999427929,0.5662805109506864,1.9622420117151278,1.0133412164679148,14.0,2,2,0.4944748804321818,0.4866461254253822
XAU_USD,1d,Corto,sin bias,EMA 25,cualquier apoyo,impulso + retroceso,trailing EMA 50,4,0.30323785803237857,25.0,-0.1689319188956736,-0.16185229609225965,0.46073923284376805,-0.6289129805437175,-0.6757276755826944,1.253062927507437,11.5,2,2,-0.05458005618824213,-0.2832837816031051
XAU_USD,1d,Corto,sin bias,EMA 50,primer apoyo,ninguna,bracket 2R,6,0.45485678704856786,16.666666666666664,-0.510688296703007,-0.4999999999999993,0.39366741056069027,-1.021328065635138,-3.0641297802180416,3.0641297802180416,16.833333333333332,2,4,-1.0060977423793558,-0.2629835738648325
XAU_USD,1d,Corto,sin bias,EMA 50,primer apoyo,ninguna,trailing EMA 50,6,0.45485678704856786,0.0,-0.33326697196078203,-0.32525074943352633,0.0,-2.758466833786613,-1.9996018317646922,1.9996018317646922,5.333333333333333,2,4,-0.3904386130150034,-0.30468115143367136
XAU_USD,1d,Corto,sin bias,EMA 50,primer apoyo,impulso (RSI>=70),bracket 2R,5,0.3790473225404732,0.0,-1.0107092488798979,-0.9999999999999993,0.0,-492.72365680332814,-5.05354624439949,5.05354624439949,11.0,2,3,-1.0060977423793558,-1.013783586546926
XAU_USD,1d,Corto,sin bias,EMA 50,primer apoyo,impulso (RSI>=70),trailing EMA 50,5,0.3790473225404732,0.0,-0.3798275236014177,-0.3717955869414936,0.0,-2.7818215444649854,-1.8991376180070885,1.8991376180070885,4.4,2,3,-0.3904386130150034,-0.3727534639923606
XAU_USD,1d,Corto,sin bias,EMA 50,primer apoyo,retroceso (RSI<=40),bracket 2R,1,0.07580946450809464,0.0,-1.013390952333675,-0.9999999999999981,0.0,,-1.013390952333675,1.013390952333675,5.0,0,1,,-1.013390952333675
XAU_USD,1d,Corto,sin bias,EMA 50,primer apoyo,retroceso (RSI<=40),trailing EMA 50,1,0.07580946450809464,0.0,-0.10110169011926158,-0.0910584758690039,0.0,,-0.10110169011926158,0.10110169011926158,2.0,0,1,,-0.10110169011926158
XAU_USD,1d,Corto,sin bias,EMA 50,primer apoyo,impulso + retroceso,bracket 2R,1,0.07580946450809464,0.0,-1.013390952333675,-0.9999999999999981,0.0,,-1.013390952333675,1.013390952333675,5.0,0,1,,-1.013390952333675
XAU_USD,1d,Corto,sin bias,EMA 50,primer apoyo,impulso + retroceso,trailing EMA 50,1,0.07580946450809464,0.0,-0.10110169011926158,-0.0910584758690039,0.0,,-0.10110169011926158,0.10110169011926158,2.0,0,1,,-0.10110169011926158
XAU_USD,1d,Corto,sin bias,EMA 50,cualquier apoyo,ninguna,bracket 2R,16,1.2129514321295143,18.75,-0.4483127325371731,-0.43749999999999917,0.4543064917371254,-1.4819809902244072,-7.173003720594769,8.163041209492757,14.6875,6,10,-0.5063662675165989,-0.41348061154951754
XAU_USD,1d,Corto,sin bias,EMA 50,cualquier apoyo,ninguna,trailing EMA 50,29,2.1984744707347446,10.344827586206897,-0.25995234389843935,-0.25171664977822567,0.24158951238595616,-2.7536796186896515,-7.538617973054741,8.365280848364762,8.827586206896552,9,20,-0.2155400432190358,-0.27993787920417096
XAU_USD,1d,Corto,sin bias,EMA 50,cualquier apoyo,impulso (RSI>=70),bracket 2R,15,1.1371419676214196,13.333333333333334,-0.6108280123184144,-0.5999999999999991,0.3029596233926765,-2.2393948879876464,-9.162420184776217,10.152457673674203,12.6,6,9,-0.5063662675165989,-0.6804691755196248
XAU_USD,1d,Corto,sin bias,EMA 50,cualquier apoyo,impulso (RSI>=70),trailing EMA 50,26,1.9710460772104608,11.538461538461538,-0.27164177749611373,-0.26328770944281954,0.2537386045612708,-2.5242575513740952,-7.062686214898957,7.889349090208976,7.8076923076923075,9,17,-0.2155400432190358,-0.301342695642802
XAU_USD,1d,Corto,sin bias,EMA 50,cualquier apoyo,retroceso (RSI<=40),bracket 2R,5,0.3790473225404732,20.0,-0.41014727902722836,-0.3999999999999993,0.4931590193890632,-0.6820071452183365,-2.0507363951361417,4.0461140152168085,5.2,2,3,0.4944748804321818,-1.013228718666835
XAU_USD,1d,Corto,sin bias,EMA 50,cualquier apoyo,retroceso (RSI<=40),trailing EMA 50,5,0.3790473225404732,20.0,-0.2834054120252181,-0.2757949527547963,0.28948363516309134,-1.044797305140082,-1.4170270601260904,1.994362312050833,9.2,2,3,-0.05458005618824213,-0.4359556492498687
XAU_USD,1d,Corto,sin bias,EMA 50,cualquier apoyo,impulso + retroceso,bracket 2R,5,0.3790473225404732,20.0,-0.41014727902722836,-0.3999999999999993,0.4931590193890632,-0.6820071452183365,-2.0507363951361417,4.0461140152168085,5.2,2,3,0.4944748804321818,-1.013228718666835
XAU_USD,1d,Corto,sin bias,EMA 50,cualquier apoyo,impulso + retroceso,trailing EMA 50,5,0.3790473225404732,20.0,-0.2834054120252181,-0.2757949527547963,0.28948363516309134,-1.044797305140082,-1.4170270601260904,1.994362312050833,9.2,2,3,-0.05458005618824213,-0.4359556492498687
EUR_USD,5m,Largo,sin bias,EMA 25,primer apoyo,ninguna,bracket 2R,1663,108.29216437867713,38.90559230306675,-0.07709168014247163,0.09039960597998466,0.8849133384639886,-2.3402755440564627,-128.20346407693032,135.76054188749242,15.04990980156344,854,809,-0.007968331180960556,-0.15005996198812116
EUR_USD,5m,Largo,sin bias,EMA 25,primer apoyo,ninguna,trailing EMA 50,1687,109.85500980566945,27.622999407231774,-0.08156753943801051,0.04462422331085163,0.8224992553863689,-2.7026038431113975,-137.60443903192373,141.23538664177875,18.572021339656196,867,820,-0.0359940050403728,-0.12975321544136648
EUR_USD,5m,Largo,sin bias,EMA 25,primer apoyo,impulso (RSI>=70),bracket 2R,919,59.84395614191478,36.56147986942329,-0.1087461445807736,0.04653373544692799,0.8413595374175825,-2.4602084743792108,-99.93770686973093,116.47592467539619,15.483133841131664,481,438,-0.022990284084270833,-0.2029209594182572
EUR_USD,5m,Largo,sin bias,EMA 25,primer apoyo,impulso (RSI>=70),trailing EMA 50,917,59.71371902299875,29.00763358778626,-0.11116303548246267,0.005407463907200667,0.7670257840138155,-2.8652386373339147,-101.93650353741828,111.34013593950908,20.90730643402399,480,437,-0.04082278015977898,-0.18842464315955237
EUR_USD,5m,Largo,sin bias,EMA 25,primer apoyo,retroceso (RSI<=40),bracket 2R,83,5.404840435015155,34.93975903614458,-0.11903316779783871,0.035759788704766565,0.837347413796419,-0.7712516491270068,-9.879752927220613,16.329284235862865,11.819277108433734,39,44,0.09088768160208081,-0.3050993752204948
EUR_USD,5m,Largo,sin bias,EMA 25,primer apoyo,retroceso (RSI<=40),trailing EMA 50,83,5.404840435015155,20.481927710843372,-0.10239353520840454,0.013701182168549493,0.7408188117304797,-0.8580272302552652,-8.498663422297577,14.361149581427746,12.433734939759036,39,44,0.01651229448329122,-0.20778733879877118
EUR_USD,5m,Largo,sin bias,EMA 25,primer apoyo,impulso + retroceso,bracket 2R,54,3.516402210732751,31.48148148148148,-0.2235607673565902,-0.07617520188613638,0.7119977547340843,-1.1970999179780668,-12.07228143725587,14.84090348568404,12.074074074074074,24,30,-0.03270439338553305,-0.37624586653343584
EUR_USD,5m,Largo,sin bias,EMA 25,primer apoyo,impulso + retroceso,trailing EMA 50,54,3.516402210732751,20.37037037037037,-0.035102764734957846,0.07543640936788253,0.9111582935081561,-0.2117094670087701,-1.8955492956877236,9.830065758598488,13.88888888888889,24,30,0.26827793466921773,-0.2778073242582984
EUR_USD,5m,Largo,sin bias,EMA 25,cualquier apoyo,ninguna,bracket 2R,2846,185.32742021750758,39.002108222066056,-0.0919788887235723,0.08234789698249971,0.8618164238073781,-3.708023249778231,-261.77191730728674,267.351764706202,15.079058327477162,1490,1356,-0.052761044506173416,-0.1350722426202716
EUR_USD,5m,Largo,sin bias,EMA 25,cualquier apoyo,ninguna,trailing EMA 50,3366,219.18907113567482,24.480095068330364,-0.09548221061365299,0.0410597312137466,0.7749173912454821,-4.825147638035696,-321.39312092555593,333.85456487075544,14.883838383838384,1714,1652,-0.053013003097513126,-0.1395452987992848
EUR_USD,5m,Largo,sin bias,EMA 25,cualquier apoyo,impulso (RSI>=70),bracket 2R,1774,115.52032447851667,37.59864712514093,-0.1200071996250553,0.0460294302830662,0.8226126719462323,-3.8478053869082265,-212.8927721348481,237.13537613411918,15.260428410372041,942,832,-0.07110754801380283,-0.17537194940606474
EUR_USD,5m,Largo,sin bias,EMA 25,cualquier apoyo,impulso (RSI>=70),trailing EMA 50,1953,127.17654662150116,25.755248335893498,-0.10214274253266609,0.02835512708775227,0.7669874626526545,-3.903298623743631,-199.48477616629685,221.63650241924947,16.256016385048643,986,967,-0.05251553901291647,-0.15274504105435494
EUR_USD,5m,Largo,sin bias,EMA 25,cualquier apoyo,retroceso (RSI<=40),bracket 2R,182,11.85157782135853,36.81318681318682,-0.10368774304499137,0.0743678969281918,0.8536180566150584,-1.0099457868093873,-18.87116923418843,25.92518799110586,12.021978021978022,84,98,0.03780067866572097,-0.22496353308274483
EUR_USD,5m,Largo,sin bias,EMA 25,cualquier apoyo,retroceso (RSI<=40),trailing EMA 50,180,11.721340702442504,22.22222222222222,-0.03729212825913741,0.09694513158408027,0.9085332736056647,-0.4081539845173163,-6.712583086644734,20.721251018360945,10.883333333333333,83,97,0.059332394082411456,-0.11997084325242148
EUR_USD,5m,Largo,sin bias,EMA 25,cualquier apoyo,impulso + retroceso,bracket 2R,121,7.8793456944196825,34.710743801652896,-0.15205521622461746,0.013580616643020177,0.7938726840564801,-1.2144105463738033,-18.39868116317871,25.78633968396155,11.677685950413224,55,66,0.023651967041571475,-0.2984778689464415
EUR_USD,5m,Largo,sin bias,EMA 25,cualquier apoyo,impulso + retroceso,trailing EMA 50,119,7.749108575503655,24.369747899159663,0.01952795464328512,0.14465033908175398,1.0488335607427792,0.1596251434527513,2.323826602550929,15.05344893153585,11.781512605042018,54,65,0.19531888443930778,-0.12651374087956446
EUR_USD,5m,Largo,sin bias,EMA 50,primer apoyo,ninguna,bracket 2R,1369,89.14730789802104,39.152666179693206,-0.07494244071831625,0.09993786113791436,0.8887959620240907,-2.0530932031686104,-102.59620134337496,112.07012783279963,14.19065010956903,711,658,-0.04117517769003654,-0.11142955927926894
EUR_USD,5m,Largo,sin bias,EMA 50,primer apoyo,ninguna,trailing EMA 50,1383,90.05896773043324,21.764280549530007,-0.07797301302475389,0.053216620668802984,0.7953823131471032,-2.5425596256515286,-107.83667701323463,108.30341384197143,12.422993492407809,719,664,-0.056278249449281746,-0.10146478261927869
EUR_USD,5m,Largo,sin bias,EMA 50,primer apoyo,impulso (RSI>=70),bracket 2R,759,49.42498662863255,39.39393939393939,-0.04555387018457218,0.1184147967253568,0.9316935647918911,-0.9188316813812484,-34.575387470090284,55.63480935193594,14.21870882740448,389,370,-0.02960200910185133,-0.06232488089045979
EUR_USD,5m,Largo,sin bias,EMA 50,primer apoyo,impulso (RSI>=70),trailing EMA 50,758,49.35986806917454,24.142480211081793,-0.04215698525051762,0.08091421923016505,0.8860510478607707,-0.990848684408421,-31.95499481989236,49.3384663608255,13.546174142480211,388,370,0.0015880762803820012,-0.0880301849099475
EUR_USD,5m,Largo,sin bias,EMA 50,primer apoyo,retroceso (RSI<=40),bracket 2R,153,9.963139597076127,38.56209150326798,-0.034435878431236196,0.1429663870428202,0.9495005187238517,-0.30398723592872795,-5.268689399979138,15.465524254331322,12.098039215686274,74,79,0.012334333318587215,-0.0782459501968936
EUR_USD,5m,Largo,sin bias,EMA 50,primer apoyo,retroceso (RSI<=40),trailing EMA 50,153,9.963139597076127,20.915032679738562,-0.019922628879839907,0.1131290702257024,0.9478235583786008,-0.167564604414944,-3.0481622186155057,14.320262806109657,11.313725490196079,74,79,0.05161719379198689,-0.08693461467370295
EUR_USD,5m,Largo,sin bias,EMA 50,primer apoyo,impulso + retroceso,bracket 2R,111,7.228160099839544,39.63963963963964,-0.026327249756786356,0.14642926823427288,0.9618707508603156,-0.19607606181546808,-2.9223247230032854,13.621232946553071,11.774774774774775,53,58,0.013557967989010553,-0.06277408666242834
EUR_USD,5m,Largo,sin bias,EMA 50,primer apoyo,impulso + retroceso,trailing EMA 50,111,7.228160099839544,21.62162162162162,0.03479761584818571,0.1643650043414802,1.0911000515856766,0.22258267350093203,3.8625353591486142,11.724518211393944,11.621621621621621,53,58,0.2141348357153063,-0.12907949885797615
EUR_USD,5m,Largo,sin bias,EMA 50,cualquier apoyo,ninguna,bracket 2R,2020,131.5394901051881,39.95049504950495,-0.056109621618405846,0.12001582388911973,0.9143364794950031,-1.88367238254313,-113.3414356691798,139.29401857318834,14.755940594059405,1059,961,-0.01739113951316464,-0.09877650252314096
EUR_USD,5m,Largo,sin bias,EMA 50,cualquier apoyo,ninguna,trailing EMA 50,3155,205.44905509003388,20.665610142630744,-0.08768344261075467,0.05191328431143097,0.7637826407852395,-4.602089124657248,-276.64126143693096,284.27134437562273,11.385103011093502,1614,1541,-0.047778189420138235,-0.12947908092980392
EUR_USD,5m,Largo,sin bias,EMA 50,cualquier apoyo,impulso (RSI>=70),bracket 2R,1184,77.10037439828847,39.27364864864865,-0.05570310515304683,0.11164347193905995,0.9149372615993095,-1.431980789438354,-65.95247650120744,100.39533200501762,15.05152027027027,615,569,-0.013880958812072144,-0.10090630374654315
EUR_USD,5m,Largo,sin bias,EMA 50,cualquier apoyo,impulso (RSI>=70),trailing EMA 50,1774,115.52032447851667,21.758737316798197,-0.07542826599347663,0.05773464504961072,0.7946745620994271,-2.891240516149709,-133.80974387242753,167.41665747844112,11.890642615558061,880,894,-0.024483511730900173,-0.12557522768370846
EUR_USD,5m,Largo,sin bias,EMA 50,cualquier apoyo,retroceso (RSI<=40),bracket 2R,304,19.796042075236226,36.84210526315789,-0.09355620027860334,0.0921178936461307,0.8657914143655143,-1.1875575654833224,-28.441084884695414,45.07425702459511,12.542763157894736,150,154,-0.0006228604114631154,-0.18407568716218148
EUR_USD,5m,Largo,sin bias,EMA 50,cualquier apoyo,retroceso (RSI<=40),trailing EMA 50,314,20.447227669816368,20.063694267515924,-0.05407466844158648,0.08650332156855929,0.8596727723047425,-0.7570784723383105,-16.979445890658155,32.14280832634496,10.589171974522293,153,161,0.01334752899053135,-0.11814669457272953
EUR_USD,5m,Largo,sin bias,EMA 50,cualquier apoyo,impulso + retroceso,bracket 2R,218,14.195845961847033,34.862385321100916,-0.13978853612910255,0.03836111959692721,0.805577937245996,-1.5206572216073722,-30.47390087614436,45.44004894972685,12.31651376146789,105,113,-0.05703329325450917,-0.21668500074708755
EUR_USD,5m,Largo,sin bias,EMA 50,cualquier apoyo,impulso + retroceso,trailing EMA 50,227,14.781912996969156,19.823788546255507,-0.03692139084709006,0.09881373429093715,0.904366965381551,-0.4043356418423087,-8.381155722289444,29.53902838532634,10.687224669603523,108,119,0.09124723295672439,-0.15324249480349317
EUR_USD,5m,Largo,bias diario,EMA 25,primer apoyo,ninguna,bracket 2R,663,43.17360492066322,38.91402714932127,-0.08976314383612871,0.07800185232374271,0.8665388269625826,-1.7313473159506532,-59.51296436335333,65.27629247303108,15.010558069381599,404,259,-0.05631844756011708,-0.1419317048226488
EUR_USD,5m,Largo,bias diario,EMA 25,primer apoyo,ninguna,trailing EMA 50,669,43.5643162774113,27.802690582959645,-0.07435777622057294,0.051897918459484084,0.8393009612708975,-1.5145150933648261,-49.74535229156329,65.46518091225283,18.856502242152466,407,262,-0.026619749567771387,-0.148515703120154
EUR_USD,5m,Largo,bias diario,EMA 25,primer apoyo,impulso (RSI>=70),bracket 2R,372,24.224104118381174,37.096774193548384,-0.1111407927165876,0.042322361685649595,0.8370244958900493,-1.6074204655624094,-41.344374890570585,43.31938730066666,15.63978494623656,238,134,-0.08451471634652505,-0.1584318835828181
EUR_USD,5m,Largo,bias diario,EMA 25,primer apoyo,impulso (RSI>=70),trailing EMA 50,372,24.224104118381174,29.03225806451613,-0.08013337297681414,0.03496399282486376,0.8318253450610715,-1.2685795437348144,-29.80961474737486,36.709299844788816,21.330645161290324,238,134,-0.039834888786064074,-0.15170829265889263
EUR_USD,5m,Largo,bias diario,EMA 25,primer apoyo,retroceso (RSI<=40),bracket 2R,34,2.214031021572473,38.23529411764706,-0.006863563448706755,0.1470588235294186,0.9904473601125308,-0.026797669037716427,-0.23336115725602968,7.348364208770186,8.294117647058824,19,15,0.11670818687231546,-0.16338778052200162
EUR_USD,5m,Largo,bias diario,EMA 25,primer apoyo,retroceso (RSI<=40),trailing EMA 50,34,2.214031021572473,26.47058823529412,0.09463806901232953,0.21007985924592354,1.2603530789009587,0.39491014151970805,3.2176943464192043,4.245025885419946,15.470588235294118,19,15,0.2724257247712937,-0.1305596282823584
EUR_USD,5m,Largo,bias diario,EMA 25,primer apoyo,impulso + retroceso,bracket 2R,22,1.432608308076306,36.36363636363637,-0.0564415509146891,0.09090909090910007,0.923010398333249,-0.17838020626839415,-1.2417141201231603,3.926559707357055,8.5,11,11,-0.03750617757376087,-0.0753769242556173
EUR_USD,5m,Largo,bias diario,EMA 25,primer apoyo,impulso + retroceso,trailing EMA 50,22,1.432608308076306,27.27272727272727,0.3106691608976094,0.42118214226545125,1.8108685081404001,0.8588939556395864,6.834721539747406,2.2224370622752643,19.227272727272727,11,11,0.6399760425543124,-0.0186377207590936
EUR_USD,5m,Largo,bias diario,EMA 25,cualquier apoyo,ninguna,bracket 2R,1111,72.34671955785345,38.43384338433843,-0.12337093968182211,0.04898906652330159,0.8158158174392162,-3.1654269438000124,-137.06511398650437,145.5470710349029,15.425742574257425,690,421,-0.12550712540184275,-0.11986982769413983
EUR_USD,5m,Largo,bias diario,EMA 25,cualquier apoyo,ninguna,trailing EMA 50,1319,85.89137992512035,23.502653525398028,-0.11290666849183549,0.02263406639840642,0.7358698645209779,-3.571499296899365,-148.923895740731,165.14379092898898,15.101592115238818,816,503,-0.08867699916465618,-0.15221364696296538
EUR_USD,5m,Largo,bias diario,EMA 25,cualquier apoyo,impulso (RSI>=70),bracket 2R,697,45.38763594223569,37.01578192252511,-0.16302259893755347,-0.0010029347868279505,0.7616490550111213,-3.3552806993849082,-113.62675145947478,118.63504448266707,15.629842180774748,450,247,-0.16380293908333146,-0.16160092660718883
EUR_USD,5m,Largo,bias diario,EMA 25,cualquier apoyo,impulso (RSI>=70),trailing EMA 50,766,49.88081654483865,24.673629242819846,-0.13266123852310738,-0.006501069620594936,0.7085354156264723,-3.1796609680028243,-101.61850870870026,103.0400818912463,16.626631853785902,487,279,-0.10820935073268396,-0.1753424906877533
EUR_USD,5m,Largo,bias diario,EMA 25,cualquier apoyo,retroceso (RSI<=40),bracket 2R,62,4.037350686396862,33.87096774193548,-0.17577546128623778,-0.010938591588533178,0.7681281904961383,-0.993688313917506,-10.898078599746743,17.237399912073517,9.225806451612904,39,23,0.032711290533984756,-0.5292964752422673
EUR_USD,5m,Largo,bias diario,EMA 25,cualquier apoyo,retroceso (RSI<=40),trailing EMA 50,61,3.9722321269388483,21.311475409836063,-0.0854815291824918,0.03853209867296537,0.7933308741074161,-0.5672752000785964,-5.2143732801319995,10.543917558867577,11.40983606557377,38,23,0.0755889954044032,-0.3515980480651879
EUR_USD,5m,Largo,bias diario,EMA 25,cualquier apoyo,impulso + retroceso,bracket 2R,43,2.800098056694598,32.55813953488372,-0.21840002669492042,-0.061260707276230855,0.7211212779280437,-1.030510224892702,-9.391201147881578,14.575404422784391,9.069767441860465,24,19,0.04837280173634734,-0.5553762310291533
EUR_USD,5m,Largo,bias diario,EMA 25,cualquier apoyo,impulso + retroceso,trailing EMA 50,42,2.734979497236584,23.809523809523807,0.02633318071151531,0.14461079760419063,1.0594712147672685,0.12259821288386853,1.105993589883643,8.694972022637478,13.595238095238095,23,19,0.32345083476076597,-0.3333355584007355
EUR_USD,5m,Largo,bias diario,EMA 50,primer apoyo,ninguna,bracket 2R,544,35.42449634515957,40.25735294117647,-0.0414197640209805,0.13311641451696168,0.9363244787504789,-0.7194596029052482,-22.53235162741339,47.46225301932651,14.356617647058824,334,210,-0.08743606937510802,0.031768074018441415
EUR_USD,5m,Largo,bias diario,EMA 50,primer apoyo,ninguna,trailing EMA 50,548,35.68497058299162,22.99270072992701,-0.038365236538027675,0.09265584409165122,0.895182607758098,-0.8076036694412663,-21.024149622839165,37.971058373474776,13.414233576642335,336,212,-0.039690756966892005,-0.03626441170737476
EUR_USD,5m,Largo,bias diario,EMA 50,primer apoyo,impulso (RSI>=70),bracket 2R,310,20.18675343198431,40.0,-0.03915048631128262,0.12344639573415503,0.940606455293788,-0.5069148450214442,-12.136650756497612,35.597482914735316,14.151612903225807,194,116,-0.13151894226326885,0.11532779347048742
EUR_USD,5m,Largo,bias diario,EMA 50,primer apoyo,impulso (RSI>=70),trailing EMA 50,310,20.18675343198431,25.806451612903224,-0.03259486049470098,0.08935280103937727,0.9102441388287461,-0.5355796445580756,-10.104406753357303,20.59322349470834,14.219354838709677,194,116,-0.050641079851591324,-0.0024141143288671165
EUR_USD,5m,Largo,bias diario,EMA 50,primer apoyo,retroceso (RSI<=40),bracket 2R,61,3.9722321269388483,37.704918032786885,-0.06683574259281963,0.10102624112225728,0.9049680606677374,-0.3702259804822948,-4.076980298161997,14.603990267407738,11.295081967213115,37,24,-0.17101726883735202,0.09377744370083448
EUR_USD,5m,Largo,bias diario,EMA 50,primer apoyo,retroceso (RSI<=40),trailing EMA 50,61,3.9722321269388483,21.311475409836063,-0.06767988766290702,0.058216600123400644,0.8203679998003806,-0.4762799082192758,-4.128473147437328,7.715278345262632,13.508196721311476,37,24,-0.054343231415812696,-0.08824056604384407
EUR_USD,5m,Largo,bias diario,EMA 50,primer apoyo,impulso + retroceso,bracket 2R,45,2.930335175610626,37.77777777777778,-0.053183462337556074,0.10910594686902587,0.9265768223082163,-0.2455456365069039,-2.3932558051900235,11.781729814333316,9.311111111111112,26,19,-0.22446445858548833,0.18120105884382498
EUR_USD,5m,Largo,bias diario,EMA 50,primer apoyo,impulso + retroceso,trailing EMA 50,45,2.930335175610626,22.22222222222222,0.01516017415675737,0.13687723106169386,1.0386795042453234,0.07987203505620154,0.6822078370540816,5.002903191680746,14.644444444444444,26,19,0.036322501990673786,-0.013798800773865118
EUR_USD,5m,Largo,bias diario,EMA 50,cualquier apoyo,ninguna,bracket 2R,787,51.24830629345694,40.40660736975858,-0.04612902018961335,0.12861829882069392,0.9271856066920919,-0.9840957808324488,-36.303538889225706,62.14803694276695,15.490470139771283,490,297,-0.07484814691796327,0.0012527040423443896
EUR_USD,5m,Largo,bias diario,EMA 50,cualquier apoyo,ninguna,trailing EMA 50,1229,80.03070957389909,20.097640358014644,-0.09773166003407441,0.04215584377815764,0.7313426522294457,-3.3743772935623015,-120.11221018187744,135.57481620394273,11.733930024410089,750,479,-0.08303822052418477,-0.12073808932930873
EUR_USD,5m,Largo,bias diario,EMA 50,cualquier apoyo,impulso (RSI>=70),bracket 2R,483,31.452264218220716,38.71635610766045,-0.0866203718041282,0.0802640665816725,0.8667024744066332,-1.4591746655247386,-41.837639581393915,52.68429815250751,15.554865424430641,306,177,-0.10935376580346984,-0.04731857200865618
EUR_USD,5m,Largo,bias diario,EMA 50,cualquier apoyo,impulso (RSI>=70),trailing EMA 50,716,46.62488857193796,21.92737430167598,-0.10366100049827028,0.02658225063356162,0.7151122841781669,-2.768594523288181,-74.22127635676152,75.47395394525307,12.245810055865922,440,276,-0.07747323210693238,-0.1454096167743162
EUR_USD,5m,Largo,bias diario,EMA 50,cualquier apoyo,retroceso (RSI<=40),bracket 2R,108,7.032804421465502,35.18518518518518,-0.15182525046257248,0.026726991485798806,0.7888047536645248,-1.1664640556134764,-16.397127049957827,20.2854326098918,12.148148148148149,64,44,-0.06167858149278169,-0.2829476780549953
EUR_USD,5m,Largo,bias diario,EMA 50,cualquier apoyo,retroceso (RSI<=40),trailing EMA 50,112,7.293278659297558,16.071428571428573,-0.17754047604742848,-0.04351678007059111,0.5652732220030101,-1.9904828077559371,-19.88453331731199,21.822869149381543,10.758928571428571,66,46,-0.09227985191838144,-0.2998709367543221
EUR_USD,5m,Largo,bias diario,EMA 50,cualquier apoyo,impulso + retroceso,bracket 2R,83,5.404840435015155,34.93975903614458,-0.14883927790238852,0.02604374101014231,0.7978692257918389,-0.9834780779123784,-12.353660065898247,23.355533387124492,11.506024096385541,46,37,-0.05367514142052706,-0.26715144758254067
EUR_USD,5m,Largo,bias diario,EMA 50,cualquier apoyo,impulso + retroceso,trailing EMA 50,87,5.6653146728472095,17.24137931034483,-0.1267209373170213,0.004708836003585085,0.6966702940228024,-1.1209130551710473,-11.024721546580853,14.905842536725702,11.32183908045977,48,39,0.0004997588262165379,-0.2833002556471602
EUR_USD,5m,Corto,sin bias,EMA 25,primer apoyo,ninguna,bracket 2R,1799,117.14828846496702,33.407448582545854,-0.2121376021894264,-0.044951136979991355,0.7108864508984584,-6.853957620570748,-381.6355463387781,389.1883393106824,13.849916620344636,940,859,-0.18529090566998294,-0.24151582655296175
EUR_USD,5m,Corto,sin bias,EMA 25,primer apoyo,ninguna,trailing EMA 50,1810,117.86459261900517,23.149171270718234,-0.17662119843607763,-0.05106076624076676,0.6443066488966972,-6.455150085084321,-319.6843691693005,329.39620574473076,17.034806629834254,945,865,-0.1588857973604041,-0.1959968678193279
EUR_USD,5m,Corto,sin bias,EMA 25,primer apoyo,impulso (RSI>=70),bracket 2R,1119,72.86766803351756,32.88650580875782,-0.2210983850283532,-0.06329126396218543,0.7000643944032012,-5.651022182381493,-247.40909284672722,259.8516978372793,13.985701519213583,577,542,-0.24338520719756884,-0.19737237692570106
EUR_USD,5m,Corto,sin bias,EMA 25,primer apoyo,impulso (RSI>=70),trailing EMA 50,1117,72.73743091460153,24.977618621307073,-0.18730180328699977,-0.06905849420852851,0.6412107940566465,-5.25047407096781,-209.21611427157876,217.42767039690548,18.717994628469114,576,541,-0.1719202563225967,-0.20367845957442338
EUR_USD,5m,Corto,sin bias,EMA 25,primer apoyo,retroceso (RSI<=40),bracket 2R,73,4.753654840435015,39.726027397260275,0.0011130724118510833,0.17684461202369506,1.0016756946518106,0.0067496821812913724,0.08125428606512908,10.6241148485844,10.835616438356164,30,43,-0.2717640295150305,0.19149244584921038
EUR_USD,5m,Corto,sin bias,EMA 25,primer apoyo,retroceso (RSI<=40),trailing EMA 50,73,4.753654840435015,16.43835616438356,-0.17971306347647917,-0.047914408767596214,0.5455870429425677,-1.7237523640713248,-13.119053633782979,14.418304111367648,11.849315068493151,30,43,-0.3559511811096707,-0.056756237220764075
EUR_USD,5m,Corto,sin bias,EMA 25,primer apoyo,impulso + retroceso,bracket 2R,55,3.5815207701907648,43.63636363636363,0.11759827804091923,0.2788863675963284,1.1894905687909507,0.6051115311195329,6.467905292250557,7.214406221669699,11.145454545454545,23,32,-0.27073614604079926,0.3967136453496544
EUR_USD,5m,Corto,sin bias,EMA 25,primer apoyo,impulso + retroceso,trailing EMA 50,55,3.5815207701907648,20.0,-0.16733180494765895,-0.0463657377811021,0.5676091686725392,-1.4522615843508537,-9.203249272121242,9.40499401002819,13.0,23,32,-0.29913725940368435,-0.07259663455739063
EUR_USD,5m,Corto,sin bias,EMA 25,cualquier apoyo,ninguna,bracket 2R,3222,209.8119985737208,33.58162631905648,-0.2347805587280416,-0.06189880830541619,0.6768609585183037,-10.435771631967176,-756.46296022175,761.1601568692366,14.47020484171322,1706,1516,-0.22867644295474063,-0.2416497022038011
EUR_USD,5m,Corto,sin bias,EMA 25,cualquier apoyo,ninguna,trailing EMA 50,3817,248.55754145123908,20.461095100864554,-0.17805466415981927,-0.0425825525873588,0.6035424280356936,-10.435674239785277,-679.6346530980302,687.5246062108546,13.78045585538381,2001,1816,-0.16464576637280873,-0.19282955649011013
EUR_USD,5m,Corto,sin bias,EMA 25,cualquier apoyo,impulso (RSI>=70),bracket 2R,2201,143.3259493670886,32.71240345297592,-0.2533843795013964,-0.08735237446862434,0.6535816481369295,-9.398795298603792,-557.6990192825735,563.0605886327988,14.586097228532486,1176,1025,-0.2765133406289811,-0.2268481275150164
EUR_USD,5m,Corto,sin bias,EMA 25,cualquier apoyo,impulso (RSI>=70),trailing EMA 50,2486,161.88473881262257,21.279163314561544,-0.20009041309746664,-0.07110959621812082,0.5694902535338993,-9.725671554154106,-497.42476696030207,503.5755509229878,14.58286403861625,1310,1176,-0.19768817080515108,-0.20276638027683172
EUR_USD,5m,Corto,sin bias,EMA 25,cualquier apoyo,retroceso (RSI<=40),bracket 2R,205,13.34930468889285,35.12195121951219,-0.16142121197793655,0.021740021500295456,0.7738389283839749,-1.7323195155491293,-33.09134845547699,40.807352281091845,11.307317073170731,102,103,-0.36009980932129254,0.03532846694461022
EUR_USD,5m,Corto,sin bias,EMA 25,cualquier apoyo,retroceso (RSI<=40),trailing EMA 50,204,13.284186129434836,18.137254901960784,-0.09832440289077894,0.03919817371543938,0.753970358228731,-1.1857188694957679,-20.058178189718905,28.89819015895983,10.882352941176471,101,103,-0.1618619341764733,-0.03602061007665145
EUR_USD,5m,Corto,sin bias,EMA 25,cualquier apoyo,impulso + retroceso,bracket 2R,146,9.50730968087003,36.986301369863014,-0.06918286142434077,0.10232121352769671,0.8976597345098096,-0.6127458953940736,-10.100697767953752,23.572142851752854,11.732876712328768,69,77,-0.3155582300989952,0.1515950663490508
EUR_USD,5m,Corto,sin bias,EMA 25,cualquier apoyo,impulso + retroceso,trailing EMA 50,146,9.50730968087003,20.54794520547945,-0.09809494175588446,0.03053311445814368,0.7477386240202648,-1.184281320057943,-14.32186149635913,19.281661761124802,12.342465753424657,69,77,-0.20881077757635794,0.0011179500832411264
EUR_USD,5m,Corto,sin bias,EMA 50,primer apoyo,ninguna,bracket 2R,1481,96.4405865573186,33.62592842673869,-0.21993834099648074,-0.04857024501185207,0.6990931190797297,-6.508945209510373,-325.72868301578796,333.74516682454026,14.047940580688724,779,702,-0.21788189369994587,-0.22222035302497167
EUR_USD,5m,Corto,sin bias,EMA 50,primer apoyo,ninguna,trailing EMA 50,1491,97.09177215189874,17.236753856472166,-0.15458152144022508,-0.025995522114496447,0.6094657681111916,-5.890112576750709,-230.4810484673756,242.02139614100074,11.269617706237424,782,709,-0.14900916811248863,-0.16072761495544358
EUR_USD,5m,Corto,sin bias,EMA 50,primer apoyo,impulso (RSI>=70),bracket 2R,900,58.60670351221252,33.0,-0.23129808440215452,-0.06834512815418602,0.6853514227770885,-5.357816495844475,-208.16827596193906,215.10190025478863,13.97,472,428,-0.26110182647700225,-0.19843040622615424
EUR_USD,5m,Corto,sin bias,EMA 50,primer apoyo,impulso (RSI>=70),trailing EMA 50,898,58.47646639329649,17.260579064587972,-0.16818566970962773,-0.04593154358086187,0.583983759573031,-5.206210559152742,-151.0307313992457,157.25331553470568,11.388641425389755,471,427,-0.15617587351479473,-0.1814330093062702
EUR_USD,5m,Corto,sin bias,EMA 50,primer apoyo,retroceso (RSI<=40),bracket 2R,158,10.288732394366198,37.34177215189873,-0.08548461089131391,0.09234363101048698,0.8635822036560226,-0.8319345441558209,-13.5065685208276,24.92946407262846,15.848101265822784,82,76,-0.2486946275039328,0.09061040703282741
EUR_USD,5m,Corto,sin bias,EMA 50,primer apoyo,retroceso (RSI<=40),trailing EMA 50,158,10.288732394366198,15.18987341772152,-0.2270799676360714,-0.09370878620972067,0.42228255843701573,-3.808801494565079,-35.878634886499285,35.87863488649929,10.848101265822784,82,76,-0.32093305114745907,-0.1258174301632584
EUR_USD,5m,Corto,sin bias,EMA 50,primer apoyo,impulso + retroceso,bracket 2R,136,8.856124086289892,38.970588235294116,-0.04985858560624256,0.12941175401329674,0.9181883907828486,-0.4474153231282191,-6.780767642448988,13.954956124394194,16.544117647058822,69,67,-0.18760042521393558,0.09199495070615771
EUR_USD,5m,Corto,sin bias,EMA 50,primer apoyo,impulso + retroceso,trailing EMA 50,136,8.856124086289892,14.705882352941178,-0.2745887642282765,-0.14013600951362198,0.32499118251068854,-4.896921571381244,-37.344071935045605,37.3440719350456,10.522058823529411,69,67,-0.348575542145597,-0.1983934257761106
EUR_USD,5m,Corto,sin bias,EMA 50,cualquier apoyo,ninguna,bracket 2R,2306,150.16339811018008,33.434518647007806,-0.23695457828679004,-0.06174345499881985,0.6756259188262548,-8.8786182242681,-546.4172575293378,559.0597150635356,14.007372072853427,1225,1081,-0.24097482629335112,-0.23239879308046502
EUR_USD,5m,Corto,sin bias,EMA 50,cualquier apoyo,ninguna,trailing EMA 50,3679,239.57118024603315,16.281598260396844,-0.17358020685819517,-0.03653624614832535,0.5545936382157507,-11.283527247496949,-638.6015810313,648.4326469576426,10.335960858929058,1945,1734,-0.16272329328026602,-0.18575823275731407
EUR_USD,5m,Corto,sin bias,EMA 50,cualquier apoyo,impulso (RSI>=70),bracket 2R,1479,96.31034943840257,32.25152129817444,-0.2633769262212765,-0.09567537565015444,0.6444111411613324,-7.971048016890122,-389.53447388126796,399.47294191060354,13.910074374577418,788,691,-0.2795527337599938,-0.2449304192161981
EUR_USD,5m,Corto,sin bias,EMA 50,cualquier apoyo,impulso (RSI>=70),trailing EMA 50,2328,151.59600641825637,15.936426116838486,-0.19078947373127775,-0.05912570582709144,0.5177359216238514,-10.377486796808636,-444.1578948464146,448.8404853311367,10.278350515463918,1225,1103,-0.18211962109732752,-0.2004182765205697
EUR_USD,5m,Corto,sin bias,EMA 50,cualquier apoyo,retroceso (RSI<=40),bracket 2R,362,23.572918523801036,35.35911602209944,-0.1575647085058635,0.02489043771012098,0.7645498321850382,-2.3544761898577478,-57.03842447912258,61.51228191111383,14.472375690607734,188,174,-0.22947119543009017,-0.07987264217394048
EUR_USD,5m,Corto,sin bias,EMA 50,cualquier apoyo,retroceso (RSI<=40),trailing EMA 50,378,24.614815475129255,16.666666666666664,-0.1343107596112998,0.0038288017072589725,0.6482030188962857,-2.411692681975908,-50.769467133071316,50.76946713307132,10.306878306878307,197,181,-0.18389846420689435,-0.08033961151554217
EUR_USD,5m,Corto,sin bias,EMA 50,cualquier apoyo,impulso + retroceso,bracket 2R,294,19.144856480656088,37.41496598639456,-0.10154226415835761,0.0763883856315439,0.8413333180423035,-1.3569695303801927,-29.85342566255714,34.451819036472536,15.642857142857142,145,149,-0.1602413224040005,-0.04441901955689306
EUR_USD,5m,Corto,sin bias,EMA 50,cualquier apoyo,impulso + retroceso,trailing EMA 50,310,20.18675343198431,17.096774193548388,-0.14871079291762632,-0.013383270796405802,0.6074065994710535,-2.691091506361764,-46.10034580446416,46.6501217859397,10.716129032258065,154,156,-0.2196506738060996,-0.07868039768156934
EUR_USD,5m,Corto,bias diario,EMA 25,primer apoyo,ninguna,bracket 2R,777,50.59712069887681,33.46203346203346,-0.2032867690633301,-0.03130022786210908,0.7208847345194314,-4.313348878004808,-157.95381956220749,163.16298384176116,13.535392535392536,317,460,-0.19170754914115282,-0.2112663619227435
EUR_USD,5m,Corto,bias diario,EMA 25,primer apoyo,ninguna,trailing EMA 50,782,50.92271349616688,22.634271099744247,-0.19878758771270522,-0.06970304732448064,0.6084271730542609,-4.937644185309464,-155.45189359133548,156.14765840306225,16.4923273657289,317,465,-0.23405296588940278,-0.17474645893418236
EUR_USD,5m,Corto,bias diario,EMA 25,primer apoyo,impulso (RSI>=70),bracket 2R,485,31.582501337136744,31.546391752577318,-0.24005168387552664,-0.0781274523159649,0.678266991816686,-4.050767016440041,-116.42506667963042,123.06615793506907,13.907216494845361,197,288,-0.32015378655429355,-0.18525962058484233
EUR_USD,5m,Corto,bias diario,EMA 25,primer apoyo,impulso (RSI>=70),trailing EMA 50,485,31.582501337136744,23.298969072164947,-0.24497106483692865,-0.12352789116725733,0.5439508833900877,-5.074842978901953,-118.8109664459104,119.50673125763706,18.084536082474227,197,288,-0.2743433129314439,-0.22487963124449983
EUR_USD,5m,Corto,bias diario,EMA 25,primer apoyo,retroceso (RSI<=40),bracket 2R,28,1.8233196648243895,50.0,0.25686142445608906,0.44838091385705425,1.4680878044178942,0.9476965050399111,7.192119884770493,5.446928028703812,10.821428571428571,8,20,-0.3561489267530251,0.5020655649397348
EUR_USD,5m,Corto,bias diario,EMA 25,primer apoyo,retroceso (RSI<=40),trailing EMA 50,28,1.8233196648243895,25.0,-0.038992765884753776,0.10464685116597007,0.894945474375504,-0.185863903694502,-1.0917974447731058,4.954098884627454,13.678571428571429,8,20,-0.45258582342762,0.12644445713239266
EUR_USD,5m,Corto,bias diario,EMA 25,primer apoyo,impulso + retroceso,bracket 2R,20,1.302371189160278,55.00000000000001,0.3917053034835186,0.5696235313763834,1.7535730164202035,1.175309834707196,7.834106069670373,4.306839735612049,10.35,6,14,-0.07777294824762859,0.5929102685111532
EUR_USD,5m,Corto,bias diario,EMA 25,primer apoyo,impulso + retroceso,trailing EMA 50,20,1.302371189160278,30.0,-0.07166312481350341,0.061775546106145274,0.797108197039339,-0.3341912961147112,-1.4332624962700682,3.1049882572813114,13.95,6,14,-0.3992851908618234,0.06874633206434808
EUR_USD,5m,Corto,bias diario,EMA 25,cualquier apoyo,ninguna,bracket 2R,1396,90.90550900338741,33.6676217765043,-0.22498337005943503,-0.05091802144405381,0.6890558638388495,-6.554108568841105,-314.0767846029713,316.3409823626372,14.465616045845271,582,814,-0.23327411179210558,-0.21905559157243965
EUR_USD,5m,Corto,bias diario,EMA 25,cualquier apoyo,ninguna,trailing EMA 50,1673,108.94334997325727,20.621637776449493,-0.172470467156185,-0.037379913413313905,0.6207855346605466,-6.543717411347955,-288.5430915522975,289.65772764036325,13.61625821876868,698,975,-0.1680135561973846,-0.17566115828361337
EUR_USD,5m,Corto,bias diario,EMA 25,cualquier apoyo,impulso (RSI>=70),bracket 2R,975,63.49059547156356,31.692307692307693,-0.26780724628328256,-0.10092994812865078,0.638678110271041,-6.604586497539298,-261.1120651262005,263.3762628858664,14.586666666666666,419,556,-0.3336711456110452,-0.21817240128628163
EUR_USD,5m,Corto,bias diario,EMA 25,cualquier apoyo,impulso (RSI>=70),trailing EMA 50,1137,74.03980210376182,20.756376429199648,-0.22225742092395004,-0.09292267799698979,0.5261240262500095,-7.858883467480455,-252.7066875905312,253.82132367859703,13.990325417766051,494,643,-0.24462095602294273,-0.20507610468926515
EUR_USD,5m,Corto,bias diario,EMA 25,cualquier apoyo,retroceso (RSI<=40),bracket 2R,84,5.469958994473168,39.285714285714285,-0.07361575333061965,0.11121915038180015,0.8897759433364321,-0.5006151483394421,-6.1837232797720505,15.752857285998498,12.523809523809524,34,50,-0.3057944589407413,0.0842657664842631
EUR_USD,5m,Corto,bias diario,EMA 25,cualquier apoyo,retroceso (RSI<=40),trailing EMA 50,84,5.469958994473168,22.61904761904762,0.06754395630433721,0.20617013408865204,1.1959968238665544,0.4081181396623327,5.673692329564325,8.915339398120398,11.785714285714286,34,50,0.17993597947423834,-0.008882619451195601
EUR_USD,5m,Corto,bias diario,EMA 25,cualquier apoyo,impulso + retroceso,bracket 2R,67,4.362943483686932,38.80597014925373,-0.04839399164997549,0.12421427158368431,0.9279714460171888,-0.2875961124431004,-3.2423974405483578,13.209685527017161,11.970149253731343,28,39,-0.32092703344540724,0.14727075630571904
EUR_USD,5m,Corto,bias diario,EMA 25,cualquier apoyo,impulso + retroceso,trailing EMA 50,67,4.362943483686932,23.88059701492537,-0.03758721574141364,0.09186898168383123,0.8916014654376013,-0.29282394117812055,-2.5183434546747137,7.881011292431866,12.447761194029852,28,39,-0.08031892068973126,-0.0069080429580061125
EUR_USD,5m,Corto,bias diario,EMA 50,primer apoyo,ninguna,bracket 2R,639,41.610759493670884,34.42879499217527,-0.2036103033664718,-0.03106964817847158,0.7190356928531163,-3.9373653450463135,-130.10698385117547,131.94623643606639,13.344287949921753,269,370,-0.20877745246485208,-0.19985364631927094
EUR_USD,5m,Corto,bias diario,EMA 50,primer apoyo,ninguna,trailing EMA 50,642,41.806115172044926,16.822429906542055,-0.16275825019256512,-0.03311504932516604,0.5990453295111918,-3.9665822024889734,-104.4907966236268,104.49079662362674,10.934579439252337,269,373,-0.16616257461774644,-0.16030312078137537
EUR_USD,5m,Corto,bias diario,EMA 50,primer apoyo,impulso (RSI>=70),bracket 2R,396,25.786949545373506,32.323232323232325,-0.25199609233006315,-0.08741221404750377,0.6617745893118319,-3.8888379694523794,-99.79045256270501,102.01157411812801,13.497474747474747,171,225,-0.35709229851790636,-0.17212297562730233
EUR_USD,5m,Corto,bias diario,EMA 50,primer apoyo,impulso (RSI>=70),trailing EMA 50,395,25.721830985915492,15.443037974683543,-0.20870803226430476,-0.08519555670808503,0.5046875622642107,-4.448209189609442,-82.43967274440038,82.43967274440038,10.817721518987343,171,224,-0.21773916053112194,-0.2018137334534756
EUR_USD,5m,Corto,bias diario,EMA 50,primer apoyo,retroceso (RSI<=40),bracket 2R,69,4.493180602602959,37.68115942028986,-0.08902335583428389,0.09570346547344358,0.8597906260048684,-0.5670891900175109,-6.142611552565588,15.474786494019458,15.521739130434783,26,43,-0.37129962419627255,0.08165531805901159
EUR_USD,5m,Corto,bias diario,EMA 50,primer apoyo,retroceso (RSI<=40),trailing EMA 50,69,4.493180602602959,14.492753623188406,-0.18699234175512217,-0.048447225774326565,0.5205072251573323,-1.7956651794504541,-12.902471581103429,14.055434869577411,11.072463768115941,26,43,-0.2948433774636386,-0.12178008760578662
EUR_USD,5m,Corto,bias diario,EMA 50,primer apoyo,impulso + retroceso,bracket 2R,62,4.037350686396862,38.70967741935484,-0.09167942570762612,0.09555411962033246,0.8564207630500623,-0.5518276854917576,-5.684124393872819,13.433260390211347,16.016129032258064,22,40,-0.4004495806508878,0.07814415951116782
EUR_USD,5m,Corto,bias diario,EMA 50,primer apoyo,impulso + retroceso,trailing EMA 50,62,4.037350686396862,12.903225806451612,-0.29502851192858176,-0.1546033529326128,0.28588017587623127,-3.6464741941420766,-18.29176773957207,18.291767739572066,9.419354838709678,22,40,-0.4431452331847718,-0.2135643152376773
EUR_USD,5m,Corto,bias diario,EMA 50,cualquier apoyo,ninguna,bracket 2R,998,64.98832233909788,33.567134268537075,-0.23005770411851023,-0.05715532647232463,0.6835572617679222,-5.666008498702919,-229.59758871027321,231.43684129516402,13.733466933867735,431,567,-0.2592852175214981,-0.20784067012082463
EUR_USD,5m,Corto,bias diario,EMA 50,cualquier apoyo,ninguna,trailing EMA 50,1606,104.58040648957034,16.500622665006226,-0.16868151876619933,-0.03294347422390927,0.5752639138727469,-6.995910975889508,-270.90251913851614,271.3213904148557,10.277708592777087,693,913,-0.15432398372423645,-0.17957940681009893
EUR_USD,5m,Corto,bias diario,EMA 50,cualquier apoyo,impulso (RSI>=70),bracket 2R,662,43.10848636120521,31.268882175226587,-0.28098438307995793,-0.1162927573487103,0.6241983535395156,-5.721815522116277,-186.01166159893216,188.23278315435493,13.780966767371602,298,364,-0.35686703176242857,-0.21886067619156166
EUR_USD,5m,Corto,bias diario,EMA 50,cualquier apoyo,impulso (RSI>=70),trailing EMA 50,1075,70.00245141736495,15.255813953488373,-0.21350628301839664,-0.08258358460643532,0.47250841912856706,-8.380141911690655,-229.5192542447764,229.9381255211158,9.922790697674419,484,591,-0.2183150124941014,-0.20956816953913923
EUR_USD,5m,Corto,bias diario,EMA 50,cualquier apoyo,retroceso (RSI<=40),bracket 2R,153,9.963139597076127,36.60130718954248,-0.12014379968532168,0.06423161250362759,0.8181605373245191,-1.1445031978287707,-18.382001351854218,21.526274276638315,14.267973856209151,59,94,-0.20370491565585283,-0.06769586519317979
EUR_USD,5m,Corto,bias diario,EMA 50,cualquier apoyo,retroceso (RSI<=40),trailing EMA 50,159,10.353850953824212,17.61006289308176,-0.0782203141782876,0.06330726838578626,0.7928302278036509,-0.814340445536537,-12.437029954347729,15.496583082726806,10.50314465408805,64,95,0.0060408621963265186,-0.1349857382622382
EUR_USD,5m,Corto,bias diario,EMA 50,cualquier apoyo,impulso + retroceso,bracket 2R,133,8.66076840791585,37.59398496240601,-0.09989262813166361,0.07926557320853161,0.8472975891626165,-0.8814554255753467,-13.28571954151126,18.269728163515243,15.142857142857142,51,82,-0.21278896124936814,-0.02967661607065225
EUR_USD,5m,Corto,bias diario,EMA 50,cualquier apoyo,impulso + retroceso,trailing EMA 50,139,9.051479764663933,17.26618705035971,-0.16327407072427186,-0.025023440057435262,0.5747589953595,-2.2496688151723836,-22.69509583067379,22.97581746599905,10.258992805755396,56,83,-0.19251019196406324,-0.1435484949480271
EUR_USD,15m,Largo,sin bias,EMA 25,primer apoyo,ninguna,bracket 2R,729,47.48836276083467,39.231824417009605,-0.09820400686679226,-0.0013420115740797173,0.816081209020914,-2.387991682091023,-71.59072100589155,84.37769957738706,8.905349794238683,396,333,-0.1135948113868024,-0.07990142851867209
EUR_USD,15m,Largo,sin bias,EMA 25,primer apoyo,ninguna,trailing EMA 50,733,47.74892990904227,32.605729877216916,-0.10508590213481464,-0.03258881586868473,0.7221414988446974,-3.355536776705312,-77.02796626481913,84.47015705674411,9.604365620736699,399,334,-0.09938810072477264,-0.1118925571126792
EUR_USD,15m,Largo,sin bias,EMA 25,primer apoyo,impulso (RSI>=70),bracket 2R,464,30.225789192081326,39.6551724137931,-0.0899112968423127,0.0056808750484088465,0.8338470857908027,-1.713830088623931,-41.71884173483309,59.86885449508272,9.269396551724139,255,209,-0.058472974526419384,-0.1282690585195988
EUR_USD,15m,Largo,sin bias,EMA 25,primer apoyo,impulso (RSI>=70),trailing EMA 50,464,30.225789192081326,34.91379310344828,-0.10450205835110007,-0.032807929433058915,0.7282731801794017,-2.6870435171638514,-48.488955074910436,55.154371269296036,10.21551724137931,255,209,-0.057703997451309164,-0.16160017093218468
EUR_USD,15m,Largo,sin bias,EMA 25,primer apoyo,retroceso (RSI<=40),bracket 2R,24,1.5634028892455858,50.0,0.016558429870697833,0.11472382682071798,1.0325300787039675,0.0673930879546135,0.397402316896748,4.191380774269903,8.833333333333334,11,13,-0.08717643905438618,0.10433408819192265
EUR_USD,15m,Largo,sin bias,EMA 25,primer apoyo,retroceso (RSI<=40),trailing EMA 50,24,1.5634028892455858,37.5,0.05451152241089341,0.12813557012340848,1.2105031041198986,0.3587164844461847,1.3082765378614418,2.153041237013701,8.0,11,13,-0.0014267117298710876,0.10184387437615568
EUR_USD,15m,Largo,sin bias,EMA 25,primer apoyo,impulso + retroceso,bracket 2R,15,0.9771268057784912,40.0,-0.289582390464908,-0.20301369638457115,0.5595515823919641,-0.998787579047947,-4.343735856973621,6.551659890556683,7.933333333333334,8,7,-0.04337072653601792,-0.5709671492407825
EUR_USD,15m,Largo,sin bias,EMA 25,primer apoyo,impulso + retroceso,trailing EMA 50,15,0.9771268057784912,26.666666666666668,-0.19156387445465495,-0.1266373538944023,0.4372513566251957,-1.2436406181029593,-2.8734581168198243,4.028393450234528,6.2,8,7,0.014635645261753538,-0.42722046841626465
EUR_USD,15m,Largo,sin bias,EMA 25,cualquier apoyo,ninguna,bracket 2R,1009,65.72806313536651,39.54410307234886,-0.09127399655276029,0.005012534152962896,0.8245244118977194,-2.645426394520976,-92.09546252173513,106.58902774403063,8.788899900891971,551,458,-0.0650635941273204,-0.12280659859733976
EUR_USD,15m,Largo,sin bias,EMA 25,cualquier apoyo,ninguna,trailing EMA 50,1111,72.37252541466025,30.783078307830785,-0.09706743446608081,-0.02329961069801489,0.7247772108162595,-3.9332442153594784,-107.84191969181578,115.0064095547881,8.632763276327633,591,520,-0.07773227668887482,-0.11904258493978989
EUR_USD,15m,Largo,sin bias,EMA 25,cualquier apoyo,impulso (RSI>=70),bracket 2R,678,44.1661316211878,39.38053097345133,-0.0816109736704152,0.012321485485121991,0.8437295994090867,-1.9136742660134751,-55.33224014854151,80.08194117056608,8.997050147492626,375,303,-0.011553670268247981,-0.168315557088939
EUR_USD,15m,Largo,sin bias,EMA 25,cualquier apoyo,impulso (RSI>=70),trailing EMA 50,711,46.31581059390048,32.06751054852321,-0.09443880598286716,-0.02302491861110491,0.7401663195448989,-2.9842321862015972,-67.14599105381855,78.56593229286297,9.182841068917018,382,329,-0.04524384963117564,-0.15155878569820502
EUR_USD,15m,Largo,sin bias,EMA 25,cualquier apoyo,retroceso (RSI<=40),bracket 2R,50,3.2570893525949707,46.0,0.16311851869566432,0.25709979268165606,1.341284741806515,0.9057154190534588,8.155925934783216,8.36248207951272,8.2,22,28,0.48286617413974325,-0.0881117820103978
EUR_USD,15m,Largo,sin bias,EMA 25,cualquier apoyo,retroceso (RSI<=40),trailing EMA 50,50,3.2570893525949707,38.0,0.1212840400018413,0.19176999549133517,1.5008963452322557,1.0276784078618375,6.064202000092065,3.138618291128535,7.92,22,28,0.19042215577603372,0.06696123475069014
EUR_USD,15m,Largo,sin bias,EMA 25,cualquier apoyo,impulso + retroceso,bracket 2R,36,2.345104333868379,44.44444444444444,0.11223803847685072,0.19552636954164146,1.2125648319498163,0.5159828188810249,4.040569385166626,9.348507658153347,7.972222222222222,17,19,0.6751504057775192,-0.3914203954237473
EUR_USD,15m,Largo,sin bias,EMA 25,cualquier apoyo,impulso + retroceso,trailing EMA 50,36,2.345104333868379,36.11111111111111,0.007785426928205065,0.07025167522679814,1.0273079261428082,0.059040736501244105,0.28027536941538234,5.77982611327316,7.555555555555555,17,19,0.264938879739434,-0.22229924137657875
EUR_USD,15m,Largo,sin bias,EMA 50,primer apoyo,ninguna,bracket 2R,560,36.47940074906367,39.82142857142857,-0.07469761688030209,0.022812974216893763,0.864468231096839,-1.5281709907972405,-41.83066545296917,51.182093703652804,9.0125,299,261,-0.09248942327123191,-0.05431543254739786
EUR_USD,15m,Largo,sin bias,EMA 50,primer apoyo,ninguna,trailing EMA 50,561,36.54454253611557,25.668449197860966,-0.06688605180655635,0.006415807932794609,0.799900313187609,-1.8820819107883668,-37.52307506347811,41.2269239606118,7.994652406417113,299,262,-0.10684957321791494,-0.021278826989776883
EUR_USD,15m,Largo,sin bias,EMA 50,primer apoyo,impulso (RSI>=70),bracket 2R,351,22.864767255216695,39.6011396011396,-0.05357330303216229,0.04187224699249031,0.9027255067983663,-0.852154273760047,-18.804229364288965,26.57274074320095,9.21937321937322,185,166,-0.039471221257377696,-0.0692894785040608
EUR_USD,15m,Largo,sin bias,EMA 50,primer apoyo,impulso (RSI>=70),trailing EMA 50,351,22.864767255216695,26.495726495726498,-0.06135614694791935,0.01022801557057011,0.8130531201562627,-1.370146889779881,-21.53600757871969,22.903381015808872,8.056980056980057,185,166,-0.07507723456005393,-0.046064573404275395
EUR_USD,15m,Largo,sin bias,EMA 50,primer apoyo,retroceso (RSI<=40),bracket 2R,43,2.8010968432316745,53.48837209302325,0.3190233024573494,0.40908097083992717,1.7471435447171395,1.6046180527606129,13.718002005666024,7.252423196425767,9.488372093023257,23,20,0.6012849704423814,-0.005577615725437324
EUR_USD,15m,Largo,sin bias,EMA 50,primer apoyo,retroceso (RSI<=40),trailing EMA 50,43,2.8010968432316745,41.86046511627907,0.15002584547753786,0.21756909676447123,1.5623753533151497,1.1287688606368766,6.451111355534128,4.650310111647765,11.023255813953488,23,20,0.2962413505314604,-0.018121985334473022
EUR_USD,15m,Largo,sin bias,EMA 50,primer apoyo,impulso + retroceso,bracket 2R,32,2.084537185660781,46.875,0.19803536038508024,0.28248007953188525,1.3941615741373057,0.8319346284143945,6.337131532322568,9.837775431473904,9.15625,19,13,0.726910601476356,-0.5749361458252458
EUR_USD,15m,Largo,sin bias,EMA 50,primer apoyo,impulso + retroceso,trailing EMA 50,32,2.084537185660781,37.5,0.05508671715144649,0.11842025651155016,1.1793420665955987,0.3533850297957698,1.7627749488462876,7.116030161054299,10.34375,19,13,0.39349470577736967,-0.4395095739172107
EUR_USD,15m,Largo,sin bias,EMA 50,cualquier apoyo,ninguna,bracket 2R,710,46.25066880684858,39.29577464788732,-0.09351897050044711,0.005018185848994616,0.8284397817640788,-2.2100776708958447,-66.39846905531745,74.95488903199193,8.93661971830986,378,332,-0.0698587680903333,-0.12045739372642005
EUR_USD,15m,Largo,sin bias,EMA 50,cualquier apoyo,ninguna,trailing EMA 50,933,60.77728731942215,24.758842443729904,-0.08166765024770335,-0.0067863456824311065,0.740417773659761,-3.260631969485181,-76.19591768110723,80.31008998111301,7.110396570203644,497,436,-0.08107191359792279,-0.08234673537371467
EUR_USD,15m,Largo,sin bias,EMA 50,cualquier apoyo,impulso (RSI>=70),bracket 2R,454,29.57437132156233,38.54625550660793,-0.07999157513932723,0.014506310683356676,0.8521864879504919,-1.4981720365100433,-36.31617511325456,46.85853437899161,9.22907488986784,240,214,-0.026127897461868076,-0.1403994379551693
EUR_USD,15m,Largo,sin bias,EMA 50,cualquier apoyo,impulso (RSI>=70),trailing EMA 50,591,38.49879614767255,24.703891708967852,-0.07857224414558782,-0.007149757209115062,0.747285846605694,-2.4833218099100085,-46.4361962900424,48.46944637770407,7.218274111675127,312,279,-0.06076030735923134,-0.09849096915398649
EUR_USD,15m,Largo,sin bias,EMA 50,cualquier apoyo,retroceso (RSI<=40),bracket 2R,72,4.690208667736758,45.83333333333333,0.08533874337990399,0.17826666954748036,1.17985597207793,0.6031712087722729,6.144389523353087,12.79271067238927,8.98611111111111,35,37,0.3222907901879191,-0.13880508468173192
EUR_USD,15m,Largo,sin bias,EMA 50,cualquier apoyo,retroceso (RSI<=40),trailing EMA 50,73,4.755350454788657,34.24657534246575,0.08286858270698606,0.1523887798355014,1.3137519257470147,0.8539321438019944,6.049406537609983,6.844035905775941,8.506849315068493,36,37,0.15842731602401666,0.009351977317442762
EUR_USD,15m,Largo,sin bias,EMA 50,cualquier apoyo,impulso + retroceso,bracket 2R,53,3.4525147137506687,41.509433962264154,-0.011105180167580943,0.07624155988801469,0.9790443393494677,-0.06682152554642902,-0.58857454888179,15.338039769843824,9.20754716981132,28,25,0.4262054053782042,-0.5008930359788605
EUR_USD,15m,Largo,sin bias,EMA 50,cualquier apoyo,impulso + retroceso,trailing EMA 50,53,3.4525147137506687,30.18867924528302,0.0013151228043989382,0.06682517784609572,1.0043995077001382,0.011694125811987244,0.06970150863314373,7.755198856918155,8.528301886792454,28,25,0.2208480596088478,-0.24456176641658378
EUR_USD,15m,Largo,bias diario,EMA 25,primer apoyo,ninguna,bracket 2R,314,20.454521134296414,39.80891719745223,-0.10222743943538917,-0.004932779046127256,0.8033773303548769,-1.668810704965744,-32.0994159827122,37.140052486795575,8.980891719745223,201,113,-0.10131927947946104,-0.10384283900301353
EUR_USD,15m,Largo,bias diario,EMA 25,primer apoyo,ninguna,trailing EMA 50,316,20.584804708400213,33.54430379746836,-0.11133650064692638,-0.03850685771296466,0.7029097089653354,-2.317799430387818,-35.182334204428734,39.97293939482192,9.879746835443038,203,113,-0.099961156138038,-0.13177185405669928
EUR_USD,15m,Largo,bias diario,EMA 25,primer apoyo,impulso (RSI>=70),bracket 2R,194,12.637506688068486,40.72164948453608,-0.05896566730900696,0.03792757560525498,0.8814029978597989,-0.7492127152097586,-11.43933945794735,24.294978830785475,9.762886597938145,133,61,-0.04006766801442279,-0.10016950183654291
EUR_USD,15m,Largo,bias diario,EMA 25,primer apoyo,impulso (RSI>=70),trailing EMA 50,194,12.637506688068486,36.08247422680412,-0.10518312501127201,-0.03251319282557559,0.715781155435727,-1.809353824694407,-20.40552625218677,24.225379381015284,10.793814432989691,133,61,-0.07321917927731132,-0.1748750066935142
EUR_USD,15m,Largo,bias diario,EMA 25,primer apoyo,retroceso (RSI<=40),bracket 2R,13,0.8468432316746923,61.53846153846154,0.2621364688112103,0.3516548076423242,1.7705789253726696,0.8297054587797177,3.4077740945457338,2.2263018249085373,10.153846153846153,8,5,0.28413686199103855,0.22693583972348513
EUR_USD,15m,Largo,bias diario,EMA 25,primer apoyo,retroceso (RSI<=40),trailing EMA 50,13,0.8468432316746923,46.15384615384615,0.09369184493139579,0.16083059905473113,1.4634157044097418,0.511271640619041,1.2179939841081453,2.1094925223724728,9.538461538461538,8,5,0.24426324854779058,-0.14722240085483582
EUR_USD,15m,Largo,bias diario,EMA 25,primer apoyo,impulso + retroceso,bracket 2R,9,0.5862760834670947,66.66666666666666,0.24696221899725984,0.3283105060257158,1.6744161203504166,0.6270481596011838,2.2226599709753385,2.2263018249085373,10.777777777777779,5,4,0.5770139826476826,-0.16560248556576856
EUR_USD,15m,Largo,bias diario,EMA 25,primer apoyo,impulso + retroceso,trailing EMA 50,9,0.5862760834670947,44.44444444444444,0.01368469750645033,0.07469591277779225,1.0583847898259133,0.06268383001566367,0.12316227755805298,2.1094925223724723,8.333333333333334,5,4,0.417376995900987,-0.4909306754867204
EUR_USD,15m,Largo,bias diario,EMA 25,cualquier apoyo,ninguna,bracket 2R,426,27.75040128410915,38.967136150234744,-0.1017440740752596,-0.004950880054920487,0.8006042594670332,-1.9551970785547657,-43.34297555606059,52.33252929604366,9.046948356807512,277,149,-0.044645204472012236,-0.20789432159270596
EUR_USD,15m,Largo,bias diario,EMA 25,cualquier apoyo,ninguna,trailing EMA 50,455,29.63951310861423,30.98901098901099,-0.10888446696041293,-0.03391687793816474,0.690702541873331,-2.8742001380153757,-49.54243246698788,54.69417677875059,9.068131868131868,284,171,-0.07589013261010533,-0.1636820748872396
EUR_USD,15m,Largo,bias diario,EMA 25,cualquier apoyo,impulso (RSI>=70),bracket 2R,278,18.109416800428036,38.489208633093526,-0.08914258448145458,0.005273121671566656,0.8208873972340831,-1.3885758192135154,-24.781638485844372,36.045130780246666,9.579136690647482,193,85,-0.016414515840068658,-0.2542780815142484
EUR_USD,15m,Largo,bias diario,EMA 25,cualquier apoyo,impulso (RSI>=70),trailing EMA 50,287,18.69569288389513,31.3588850174216,-0.12594504638490556,-0.05343117853745197,0.6544608326951773,-2.72720770546102,-36.1462283124679,41.22279953059618,9.658536585365853,191,96,-0.07516957115956668,-0.22696708563531942
EUR_USD,15m,Largo,bias diario,EMA 25,cualquier apoyo,retroceso (RSI<=40),bracket 2R,22,1.4331193151417871,45.45454545454545,0.100909837921802,0.19445430399477434,1.2341248677279735,0.4055411507851479,2.220016434279644,5.212204868560801,9.954545454545455,11,11,0.5432504118406631,-0.3414307359970592
EUR_USD,15m,Largo,bias diario,EMA 25,cualquier apoyo,retroceso (RSI<=40),trailing EMA 50,22,1.4331193151417871,31.818181818181817,-0.06879074226155127,0.0013676072931780075,0.7306408851077775,-0.5521806060562316,-1.513396329754128,4.186169480758461,8.045454545454545,11,11,0.17934717977528553,-0.31692866429838806
EUR_USD,15m,Largo,bias diario,EMA 25,cualquier apoyo,impulso + retroceso,bracket 2R,17,1.10741037988229,47.05882352941176,0.07084230198562767,0.15501250683199266,1.1471176111843775,0.23865332781429707,1.2043191337556705,5.983398429138218,10.647058823529411,7,10,0.9653066243719743,-0.555282723684815
EUR_USD,15m,Largo,bias diario,EMA 25,cualquier apoyo,impulso + retroceso,trailing EMA 50,17,1.10741037988229,29.411764705882355,-0.1459509070011414,-0.08282325336636766,0.5010367010209461,-1.0790096887451774,-2.481165419019404,4.859595825380563,7.411764705882353,7,10,0.31895151227650975,-0.4713826004954972
EUR_USD,15m,Largo,bias diario,EMA 50,primer apoyo,ninguna,bracket 2R,226,14.722043873729268,38.05309734513274,-0.0664321858807953,0.03243951267019089,0.8777661784264772,-0.8626043335761887,-15.013674009059738,20.51755385747998,9.026548672566372,144,82,-0.07427507930113444,-0.05265929987434609
EUR_USD,15m,Largo,bias diario,EMA 50,primer apoyo,ninguna,trailing EMA 50,226,14.722043873729268,22.566371681415927,-0.11959391669882732,-0.04544014278558765,0.6619809466640428,-2.2458949216063036,-27.028225173934974,31.779044661393932,7.765486725663717,144,82,-0.12475927983759788,-0.11052303508927898
EUR_USD,15m,Largo,bias diario,EMA 50,primer apoyo,impulso (RSI>=70),bracket 2R,134,8.728999464954521,35.82089552238806,-0.06834935519049276,0.0300375902358234,0.8757727686025861,-0.6742710429527676,-9.15881359552603,12.369648407613294,9.156716417910447,91,43,-0.06082198651055424,-0.08427936797826961
EUR_USD,15m,Largo,bias diario,EMA 50,primer apoyo,impulso (RSI>=70),trailing EMA 50,134,8.728999464954521,21.641791044776117,-0.14312185219283383,-0.06933164312309674,0.5900320320922967,-2.3213853027416453,-19.178328193839732,20.197274583076616,7.664179104477612,91,43,-0.12870185537107412,-0.173638589652837
EUR_USD,15m,Largo,bias diario,EMA 50,primer apoyo,retroceso (RSI<=40),bracket 2R,17,1.10741037988229,58.82352941176471,0.5161121984543124,0.6034383944988856,3.1978692679834917,1.8872443585075593,8.773907373723311,1.950641529710392,12.705882352941176,11,6,0.7755890586113285,0.04040462149978304
EUR_USD,15m,Largo,bias diario,EMA 50,primer apoyo,retroceso (RSI<=40),trailing EMA 50,17,1.10741037988229,47.05882352941176,0.12160556436754429,0.1871002114009741,1.5655853352581697,0.6935673393237061,2.067294594248253,1.8344438424615497,13.235294117647058,11,6,0.34145169238947387,-0.28144567033932655
EUR_USD,15m,Largo,bias diario,EMA 50,primer apoyo,impulso + retroceso,bracket 2R,14,0.9119850187265918,57.14285714285714,0.4621009720302379,0.5458381972401634,2.6235593127903427,1.453856068937234,6.469413608423331,3.053747643540504,13.071428571428571,9,5,0.8915638911450147,-0.3109322823763603
EUR_USD,15m,Largo,bias diario,EMA 50,primer apoyo,impulso + retroceso,trailing EMA 50,14,0.9119850187265918,42.857142857142854,0.032795030590067005,0.09559794949751096,1.125800531027688,0.1679191318400303,0.4591304282609381,3.0620545401342527,12.714285714285714,9,5,0.37504612755217775,-0.5832569439417323
EUR_USD,15m,Largo,bias diario,EMA 50,cualquier apoyo,ninguna,bracket 2R,294,19.151685393258425,37.07482993197279,-0.09166432410234719,0.009366096594950853,0.8326501698077602,-1.3776203981973523,-26.949311286090076,30.12539579030674,8.874149659863946,184,110,-0.02447406474920377,-0.20405530338396893
EUR_USD,15m,Largo,bias diario,EMA 50,cualquier apoyo,ninguna,trailing EMA 50,376,24.493311931514178,22.340425531914892,-0.11107927500870568,-0.03347150917755112,0.6608709199937448,-2.8938644129310545,-41.765807403273335,44.89967309239839,7.11968085106383,235,141,-0.07756415874119131,-0.16693780212122963
EUR_USD,15m,Largo,bias diario,EMA 50,cualquier apoyo,impulso (RSI>=70),bracket 2R,180,11.725521669341894,35.0,-0.09437741423814805,0.002079014973622674,0.8241556103676029,-1.1224071717012063,-16.98793456286665,25.38806591468492,9.127777777777778,119,61,-0.0019985831353777285,-0.2745918552419132
EUR_USD,15m,Largo,bias diario,EMA 50,cualquier apoyo,impulso (RSI>=70),trailing EMA 50,226,14.722043873729268,20.79646017699115,-0.1355261595593485,-0.06235269100811695,0.585864229880817,-2.94620796640684,-30.62891206041276,30.62891206041276,7.048672566371682,150,76,-0.08261501734615705,-0.2399560455064369
EUR_USD,15m,Largo,bias diario,EMA 50,cualquier apoyo,retroceso (RSI<=40),bracket 2R,28,1.8239700374531835,46.42857142857143,0.1479296510197868,0.23529680468127043,1.3898917884967896,0.7057655464613197,4.142030228554031,6.615530085227128,11.25,16,12,0.5786546301326534,-0.426370321130702
EUR_USD,15m,Largo,bias diario,EMA 50,cualquier apoyo,retroceso (RSI<=40),trailing EMA 50,28,1.8239700374531835,32.142857142857146,-0.002271177220342519,0.06325418802577018,0.990680731811266,-0.01835181408028153,-0.06359296216959054,4.1140267856345885,10.214285714285714,16,12,0.24404150018996296,-0.3306880804340831
EUR_USD,15m,Largo,bias diario,EMA 50,cualquier apoyo,impulso + retroceso,bracket 2R,23,1.4982611021936865,47.82608695652174,0.17510421004468243,0.2596344602589917,1.477950899239195,0.7548651260182004,4.027396831027696,7.342138500063566,11.91304347826087,13,10,0.759265315340966,-0.5843052268404861
EUR_USD,15m,Largo,bias diario,EMA 50,cualquier apoyo,impulso + retroceso,trailing EMA 50,23,1.4982611021936865,30.434782608695656,-0.04531006394552042,0.018087623715211464,0.8316078486236194,-0.32897599370954456,-1.0421314707469695,5.225344285334578,10.217391304347826,13,10,0.31057253801246293,-0.5079574464908988
EUR_USD,15m,Corto,sin bias,EMA 25,primer apoyo,ninguna,bracket 2R,709,46.18552701979668,36.530324400564176,-0.14810417180463878,-0.050865271307011434,0.7249324158814598,-3.690194580693463,-105.00585780948889,106.90938760521372,9.26657263751763,377,332,-0.16562207696587064,-0.1282118517872158
EUR_USD,15m,Corto,sin bias,EMA 25,primer apoyo,ninguna,trailing EMA 50,711,46.31581059390048,31.364275668073137,-0.10242183186061829,-0.029425843491749287,0.733611078425002,-2.9909983867571355,-72.8219224528996,75.04996962464465,9.403656821378341,378,333,-0.1241828081638653,-0.07772018308395946
EUR_USD,15m,Corto,sin bias,EMA 25,primer apoyo,impulso (RSI>=70),bracket 2R,438,28.532102728731942,38.35616438356164,-0.12961348555461588,-0.03399103912575869,0.757077533333427,-2.5088610734817713,-56.77070667292176,57.27986331989048,9.280821917808218,240,198,-0.18353362299885626,-0.06425574319796093
EUR_USD,15m,Corto,sin bias,EMA 25,primer apoyo,impulso (RSI>=70),trailing EMA 50,438,28.532102728731942,34.01826484018265,-0.11226162024321802,-0.0405447854215751,0.7210667497467332,-2.5162803789758916,-49.170589666529494,53.82246031675956,10.027397260273972,240,198,-0.14819547689456222,-0.0687054303628008
EUR_USD,15m,Corto,sin bias,EMA 25,primer apoyo,retroceso (RSI<=40),bracket 2R,32,2.084537185660781,31.25,-0.35774208467812807,-0.26507727243949586,0.4890169573936025,-1.813785422381656,-11.447746709700098,12.728589665302216,10.40625,15,17,-0.28935910836955614,-0.4180800049503974
EUR_USD,15m,Corto,sin bias,EMA 25,primer apoyo,retroceso (RSI<=40),trailing EMA 50,32,2.084537185660781,28.125,-0.13648937728655472,-0.06699076810758062,0.6362126423449236,-0.8242950795402287,-4.367660073169751,8.903739790637315,9.46875,15,17,0.054793788711563804,-0.3052686414025416
EUR_USD,15m,Corto,sin bias,EMA 25,primer apoyo,impulso + retroceso,bracket 2R,20,1.3028357410379883,40.0,-0.10774493354123652,-0.012356041811968765,0.8249115098778853,-0.37476963007523056,-2.15489867082473,5.598003934900467,10.5,10,10,0.02449492380084799,-0.23998479088332098
EUR_USD,15m,Corto,sin bias,EMA 25,primer apoyo,impulso + retroceso,trailing EMA 50,20,1.3028357410379883,35.0,-0.0204504231011071,0.05109124569584371,0.9450637169238952,-0.08009985701946354,-0.409008462022142,6.158613737674513,11.15,10,10,0.32174814349301284,-0.3626489896952271
EUR_USD,15m,Corto,sin bias,EMA 25,cualquier apoyo,ninguna,bracket 2R,948,61.75441412520064,36.708860759493675,-0.14474407436604997,-0.04751894881814678,0.725903327901985,-4.231495648136913,-137.21738249901537,138.26886634315042,9.09704641350211,500,448,-0.16608569021387806,-0.12092530667874184
EUR_USD,15m,Corto,sin bias,EMA 25,cualquier apoyo,ninguna,trailing EMA 50,1077,70.15770465489567,28.690807799442897,-0.12020156437747041,-0.04606414700806882,0.6680015955359834,-4.766729603713189,-129.45708483453564,130.24569771763706,8.396471680594244,563,514,-0.11420613457991935,-0.12676854293004092
EUR_USD,15m,Corto,sin bias,EMA 25,cualquier apoyo,impulso (RSI>=70),bracket 2R,617,40.19248261102194,38.249594813614266,-0.1291788570673227,-0.0337456941965169,0.7529269108007779,-3.0236164865545256,-79.70335481053812,80.50435636393829,8.985413290113453,330,287,-0.17341181290157498,-0.07831866394779922
EUR_USD,15m,Corto,sin bias,EMA 25,cualquier apoyo,impulso (RSI>=70),trailing EMA 50,668,43.514713750668804,30.83832335329341,-0.1262937456530363,-0.05390614676461467,0.6659022703991043,-3.830422206328157,-84.36422209622825,85.90372242117714,8.949101796407186,356,312,-0.13251069235179724,-0.11920005006086039
EUR_USD,15m,Corto,sin bias,EMA 25,cualquier apoyo,retroceso (RSI<=40),bracket 2R,53,3.4525147137506687,35.84905660377358,-0.23771593013258707,-0.1468703129437454,0.6267933498706105,-1.5070285471482425,-12.598944297027115,14.010723979124725,9.150943396226415,26,27,-0.17530739170116577,-0.29781304121469643
EUR_USD,15m,Corto,sin bias,EMA 25,cualquier apoyo,retroceso (RSI<=40),trailing EMA 50,53,3.4525147137506687,32.075471698113205,-0.025628013116798857,0.04250619977483237,0.9245841906189685,-0.1925925666642592,-1.3582846951903393,7.755970498993077,8.528301886792454,26,27,0.11699909571354063,-0.16297263643490348
EUR_USD,15m,Corto,sin bias,EMA 25,cualquier apoyo,impulso + retroceso,bracket 2R,35,2.2799625468164795,42.857142857142854,-0.08166306283976334,0.012892151308741604,0.8527495307801387,-0.40439755150818085,-2.8582071993917166,7.336483585214079,9.742857142857142,16,19,0.1455898345370581,-0.2730339237886655
EUR_USD,15m,Corto,sin bias,EMA 25,cualquier apoyo,impulso + retroceso,trailing EMA 50,35,2.2799625468164795,37.142857142857146,0.050703866815198624,0.12162027742657726,1.1538461475376633,0.27951180520371427,1.7746353385319518,5.230555921322785,9.6,16,19,0.31876462854814136,-0.17503151148622684
EUR_USD,15m,Corto,sin bias,EMA 50,primer apoyo,ninguna,bracket 2R,525,34.199438202247194,34.095238095238095,-0.21209699649501673,-0.11805260938910984,0.6334168724969463,-4.584323464796679,-111.35092315988379,111.35092315988375,9.66095238095238,283,242,-0.24403803681442707,-0.17474445760909477
EUR_USD,15m,Corto,sin bias,EMA 50,primer apoyo,ninguna,trailing EMA 50,527,34.32972177635099,20.49335863377609,-0.11617013125372554,-0.04549458426154285,0.6558846681243929,-3.3432787256915115,-61.22165917071336,61.332989353798375,7.106261859582543,283,244,-0.1519619444066918,-0.07465749550663761
EUR_USD,15m,Corto,sin bias,EMA 50,primer apoyo,impulso (RSI>=70),bracket 2R,298,19.412252541466025,35.23489932885906,-0.1987322754706605,-0.10626834390694656,0.656598708326543,-3.195135797006777,-59.22221809025683,61.941169823286096,9.449664429530202,160,138,-0.23585901130759784,-0.15568678464522606
EUR_USD,15m,Corto,sin bias,EMA 50,primer apoyo,impulso (RSI>=70),trailing EMA 50,298,19.412252541466025,20.80536912751678,-0.1366810107242499,-0.0673330620514644,0.6055025428399757,-3.1197583954451016,-40.730941195826475,43.75411871890772,7.436241610738255,160,138,-0.16571281750731162,-0.10302094488881605
EUR_USD,15m,Corto,sin bias,EMA 50,primer apoyo,retroceso (RSI<=40),bracket 2R,43,2.8010968432316745,32.55813953488372,-0.38888088124043124,-0.3048694925907627,0.4231396116054774,-2.5036995800584356,-16.721877893338544,16.727704905810807,9.348837209302326,25,18,-0.365424619989964,-0.4214590218660803
EUR_USD,15m,Corto,sin bias,EMA 50,primer apoyo,retroceso (RSI<=40),trailing EMA 50,43,2.8010968432316745,25.581395348837212,-0.14131422680347072,-0.07830568531621927,0.5895606268998551,-1.1905930462359653,-6.076511752549241,6.760781300376123,7.906976744186046,25,18,-0.15193382597748611,-0.12656478350622713
EUR_USD,15m,Corto,sin bias,EMA 50,primer apoyo,impulso + retroceso,bracket 2R,31,2.0193953986088817,41.935483870967744,-0.17328679908521216,-0.08714649941753523,0.6865018325163248,-0.8795123752583892,-5.371890771641577,6.155778135116004,9.258064516129032,19,12,-0.14713256402158928,-0.21469767126928183
EUR_USD,15m,Corto,sin bias,EMA 50,primer apoyo,impulso + retroceso,trailing EMA 50,31,2.0193953986088817,32.25806451612903,-0.038112612403648945,0.026492612347108774,0.8760636858620523,-0.24505668963980826,-1.1814909845131172,3.3122724360090263,8.419354838709678,19,12,-0.022099274196468656,-0.06346706456501774
EUR_USD,15m,Corto,sin bias,EMA 50,cualquier apoyo,ninguna,bracket 2R,647,42.146736222578916,35.394126738794434,-0.18465007469383235,-0.0898591095785933,0.6666580673434429,-4.474030815166324,-119.46859832690953,120.01092552407597,9.47758887171561,342,305,-0.21766055604437387,-0.1476350431466677
EUR_USD,15m,Corto,sin bias,EMA 50,cualquier apoyo,ninguna,trailing EMA 50,915,59.60473515248796,20.327868852459016,-0.13336780247256502,-0.06109540603368231,0.5783010816430256,-5.756189910979385,-122.03153926239699,122.43828466027183,6.47431693989071,483,432,-0.13365069182797296,-0.13305151645714366
EUR_USD,15m,Corto,sin bias,EMA 50,cualquier apoyo,impulso (RSI>=70),bracket 2R,384,25.014446227929373,36.71875,-0.16337237561066179,-0.07093741275643585,0.7021600881040536,-3.0159110126755326,-62.73499223449413,64.70298618043147,9.231770833333334,201,183,-0.18832579704675542,-0.13596451927921469
EUR_USD,15m,Corto,sin bias,EMA 50,cualquier apoyo,impulso (RSI>=70),trailing EMA 50,524,34.134296415195294,20.801526717557252,-0.14039432019059928,-0.07079750218156804,0.5653579773805555,-4.701408965322765,-73.56662377987402,76.00160663846704,6.761450381679389,281,243,-0.13700663890083684,-0.14431176234048923
EUR_USD,15m,Corto,sin bias,EMA 50,cualquier apoyo,retroceso (RSI<=40),bracket 2R,75,4.885634028892456,38.666666666666664,-0.19463139297741217,-0.10670376155421901,0.6673266481825197,-1.5364661059816866,-14.597354473305913,15.131544497640414,8.893333333333333,35,40,-0.3238876959553929,-0.08153212787167902
EUR_USD,15m,Corto,sin bias,EMA 50,cualquier apoyo,retroceso (RSI<=40),trailing EMA 50,74,4.820492241840556,29.72972972972973,-0.036863590384460077,0.029536133603425364,0.8778550622630465,-0.38643012517942466,-2.7279056884500457,5.234735010376912,7.527027027027027,35,39,-0.06977537841549511,-0.007327370356608122
EUR_USD,15m,Corto,sin bias,EMA 50,cualquier apoyo,impulso + retroceso,bracket 2R,54,3.5176565008025684,40.74074074074074,-0.14062009004714257,-0.05363784841561697,0.7427889714722501,-0.941441367803345,-7.593484862545698,8.5609681526677,9.074074074074074,25,29,-0.2224607299383947,-0.07006781427882176
EUR_USD,15m,Corto,sin bias,EMA 50,cualquier apoyo,impulso + retroceso,trailing EMA 50,53,3.4525147137506687,30.18867924528302,-0.03919889596117294,0.026658294484594874,0.8669921351630515,-0.36157046696533723,-2.0775414859421657,4.141312305755583,7.735849056603773,25,28,-0.034018081184569476,-0.04382462344028315
EUR_USD,15m,Corto,bias diario,EMA 25,primer apoyo,ninguna,bracket 2R,290,18.89111824505083,33.793103448275865,-0.20172318799412886,-0.10572964892966184,0.6601312832350542,-3.1154884972435974,-58.49972451829737,60.40325431402223,8.837931034482759,127,163,-0.2467157637978609,-0.16666762279735603
EUR_USD,15m,Corto,bias diario,EMA 25,primer apoyo,ninguna,trailing EMA 50,290,18.89111824505083,29.310344827586203,-0.11413236788861593,-0.041808932844448615,0.7112367915163853,-2.0488783311860344,-33.09838668769862,34.5260340344923,9.113793103448275,126,164,-0.17167777900145104,-0.06992064959460852
EUR_USD,15m,Corto,bias diario,EMA 25,primer apoyo,impulso (RSI>=70),bracket 2R,163,10.618111289459604,31.28834355828221,-0.27372397697993606,-0.1763771163618597,0.5588384890574392,-3.270375314202684,-44.61700824772958,45.126164894698334,8.809815950920246,69,94,-0.35275709244916187,-0.21571030711422776
EUR_USD,15m,Corto,bias diario,EMA 25,primer apoyo,impulso (RSI>=70),trailing EMA 50,163,10.618111289459604,27.607361963190186,-0.17928142955288945,-0.10627128408933216,0.5878028466861133,-2.4173020013655218,-29.222873017120982,30.101723456732383,9.466257668711657,69,94,-0.2424587900070258,-0.13290655858123615
EUR_USD,15m,Corto,bias diario,EMA 25,primer apoyo,retroceso (RSI<=40),bracket 2R,16,1.0422685928303905,31.25,-0.3572797244487112,-0.24761085443022865,0.5341834032386004,-1.1521783294300054,-5.716475591179379,7.004546193152649,9.8125,4,12,-0.2965576866260665,-0.3775204037229261
EUR_USD,15m,Corto,bias diario,EMA 25,primer apoyo,retroceso (RSI<=40),trailing EMA 50,16,1.0422685928303905,25.0,-0.2509956978184058,-0.16874404530454384,0.28091249165579774,-2.1869975112137587,-4.015931165094493,4.015931165094493,8.375,4,12,-0.04333737109166269,-0.3202151400606535
EUR_USD,15m,Corto,bias diario,EMA 25,primer apoyo,impulso + retroceso,bracket 2R,9,0.5862760834670947,33.33333333333333,-0.11916793230561772,3.4046839421838135e-15,0.8428539340954883,-0.23382232900449063,-1.0725113907505595,4.717048312853768,6.333333333333333,2,7,0.44743502244904665,-0.2810544908069504
EUR_USD,15m,Corto,bias diario,EMA 25,primer apoyo,impulso + retroceso,trailing EMA 50,9,0.5862760834670947,22.22222222222222,-0.3280765197917191,-0.2387005705625033,0.2466154669747115,-1.8159024180829428,-2.952688678125472,3.547601195782981,7.888888888888889,2,7,0.2974562588287545,-0.5068001708261402
EUR_USD,15m,Corto,bias diario,EMA 25,cualquier apoyo,ninguna,bracket 2R,389,25.34015516318887,36.50385604113111,-0.13348846851325602,-0.03602920131004911,0.7597247766217072,-2.3681435159246784,-51.92701425165659,52.97849809579174,8.956298200514139,173,216,-0.16443925990479913,-0.10869917725984415
EUR_USD,15m,Corto,bias diario,EMA 25,cualquier apoyo,ninguna,trailing EMA 50,444,28.922953451043337,28.153153153153156,-0.09965656069360194,-0.026296398962282568,0.7239376084577743,-2.392749562060199,-44.247512947959265,45.03612583106066,8.308558558558559,191,253,-0.09051078570139376,-0.1065610785730951
EUR_USD,15m,Corto,bias diario,EMA 25,cualquier apoyo,impulso (RSI>=70),bracket 2R,234,15.243178170144462,35.8974358974359,-0.16127718244537181,-0.06433477012049335,0.7133670298973905,-2.2508352251843027,-37.738860692217,39.973218666920296,8.931623931623932,100,134,-0.20050396824066488,-0.1320034617026158
EUR_USD,15m,Corto,bias diario,EMA 25,cualquier apoyo,impulso (RSI>=70),trailing EMA 50,257,16.741439272338148,27.237354085603112,-0.14043506419861906,-0.06736086320386063,0.644330168233091,-2.5079442138528747,-36.0918114990451,36.47367898427167,8.684824902723735,106,151,-0.12673118698997296,-0.15005500449078127
EUR_USD,15m,Corto,bias diario,EMA 25,cualquier apoyo,retroceso (RSI<=40),bracket 2R,27,1.7588282504012842,40.74074074074074,-0.056205637541134404,0.046962291488028905,0.9101074935180576,-0.22086789949676047,-1.517552213610629,6.060716548327156,8.518518518518519,7,20,0.24223908903154978,-0.16066129184157388
EUR_USD,15m,Corto,bias diario,EMA 25,cualquier apoyo,retroceso (RSI<=40),trailing EMA 50,27,1.7588282504012842,37.03703703703704,0.033268596417845096,0.11064454318971763,1.1024941805102064,0.18375537076544526,0.8982521032818176,3.057833944159121,8.37037037037037,7,20,0.485307762627898,-0.1249451117556734
EUR_USD,15m,Corto,bias diario,EMA 25,cualquier apoyo,impulso + retroceso,bracket 2R,17,1.10741037988229,41.17647058823529,0.021321833613414193,0.13116209065061574,1.0348715931593404,0.06323564108351483,0.3624711714280413,5.363608598080624,7.117647058823529,3,14,0.9556794045814808,-0.17889764587974297
EUR_USD,15m,Corto,bias diario,EMA 25,cualquier apoyo,impulso + retroceso,trailing EMA 50,17,1.10741037988229,35.294117647058826,-0.028585926476505773,0.053794266301395374,0.9285938446034023,-0.11508723467094258,-0.48596075010059814,3.275895579865125,8.352941176470589,3,14,0.735458513818287,-0.19230973511110422
EUR_USD,15m,Corto,bias diario,EMA 50,primer apoyo,ninguna,bracket 2R,232,15.112894596040663,33.62068965517241,-0.1948932268035246,-0.1014820475943334,0.679897701462796,-2.6332575668079534,-45.21522861841771,45.21522861841773,9.439655172413794,107,125,-0.1942214565277201,-0.19546826215961327
EUR_USD,15m,Corto,bias diario,EMA 50,primer apoyo,ninguna,trailing EMA 50,233,15.178036383092563,21.888412017167383,-0.08725431673566912,-0.016772300895627423,0.7393489251443389,-1.6188924905210165,-20.330255799410907,22.49731660469777,7.24892703862661,106,127,-0.06974163394846936,-0.10187120158167837
EUR_USD,15m,Corto,bias diario,EMA 50,primer apoyo,impulso (RSI>=70),bracket 2R,124,8.077581594435527,33.87096774193548,-0.18211253946745748,-0.08893918400902286,0.7110373929261316,-1.7272245586929578,-22.581954893964728,23.4962998103957,8.85483870967742,54,70,-0.13157445663511227,-0.22109906050955247
EUR_USD,15m,Corto,bias diario,EMA 50,primer apoyo,impulso (RSI>=70),trailing EMA 50,124,8.077581594435527,24.193548387096776,-0.061956029558326714,0.007923987035499278,0.8183472738287952,-0.7811628953780905,-7.682547665232512,13.479046869717791,7.870967741935484,54,70,0.011183802981001257,-0.11837818608866542
EUR_USD,15m,Corto,bias diario,EMA 50,primer apoyo,retroceso (RSI<=40),bracket 2R,18,1.1725521669341894,27.77777777777778,-0.39563157610669836,-0.3092515202929475,0.4899261252426532,-1.4085881199613657,-7.12136836992057,8.297351361315,10.11111111111111,8,10,-0.44534450263908637,-0.3558612348807878
EUR_USD,15m,Corto,bias diario,EMA 50,primer apoyo,retroceso (RSI<=40),trailing EMA 50,18,1.1725521669341894,27.77777777777778,0.030036890500891297,0.09482193236120441,1.1053081682026473,0.13589481288534241,0.5406640290160434,2.672341140440018,8.5,8,10,0.06996266840272602,-0.0019037318205764597
EUR_USD,15m,Corto,bias diario,EMA 50,primer apoyo,impulso + retroceso,bracket 2R,11,0.7165596575708936,36.36363636363637,-0.10314884282963215,-0.014425515073993105,0.8481538240566712,-0.24464864871528366,-1.1346372711259536,3.4931977249761808,8.0,5,6,-0.08825329887581115,-0.11556179612448292
EUR_USD,15m,Corto,bias diario,EMA 50,primer apoyo,impulso + retroceso,trailing EMA 50,11,0.7165596575708936,36.36363636363637,0.16820083350708107,0.2347433293238102,1.5366435907117961,0.4730960531310619,1.8502091685778916,2.423876334054219,9.0,5,6,0.32415633607957123,0.03823791469667248
EUR_USD,15m,Corto,bias diario,EMA 50,cualquier apoyo,ninguna,bracket 2R,291,18.95626003210273,35.051546391752574,-0.16513523704429048,-0.06909312753050723,0.7136732477831045,-2.540810765131326,-48.05435397988853,49.53322577538393,9.257731958762887,128,163,-0.18010226717583416,-0.15338198638884515
EUR_USD,15m,Corto,bias diario,EMA 50,cualquier apoyo,ninguna,trailing EMA 50,407,26.51270733012306,20.638820638820636,-0.11280148443677689,-0.04047403205302658,0.6443676278598278,-3.1308026563634046,-45.91020416576819,46.31694956364302,6.628992628992629,183,224,-0.09251446153378831,-0.1293752576119863
EUR_USD,15m,Corto,bias diario,EMA 50,cualquier apoyo,impulso (RSI>=70),bracket 2R,169,11.008962011771,35.50295857988166,-0.15185294063926053,-0.05858544927529985,0.7373539437802668,-1.7576883646694306,-25.66314696803503,28.302693212200587,8.804733727810651,71,98,-0.1158612631457361,-0.1779285437213038
EUR_USD,15m,Corto,bias diario,EMA 50,cualquier apoyo,impulso (RSI>=70),trailing EMA 50,226,14.722043873729268,21.238938053097346,-0.1133128808604301,-0.04493510234402991,0.6516998486679011,-2.2711742277719407,-25.608711074457204,26.294469761780462,6.907079646017699,103,123,-0.08574027419167536,-0.1364021368513385
EUR_USD,15m,Corto,bias diario,EMA 50,cualquier apoyo,retroceso (RSI<=40),bracket 2R,37,2.410246120920278,40.54054054054054,-0.1003134965829465,-0.008421312150054091,0.8293541382343975,-0.5086698417799322,-3.7115993735690203,6.299868877525607,9.243243243243244,11,26,-0.28750288491768433,-0.021117986133634303
EUR_USD,15m,Corto,bias diario,EMA 50,cualquier apoyo,retroceso (RSI<=40),trailing EMA 50,36,2.345104333868379,33.33333333333333,0.11200276901537293,0.18193772528097496,1.4102816289722135,0.6808133852137034,4.032099684553425,2.4366169073944017,7.75,11,25,0.22903927554049536,0.0605067061443191
EUR_USD,15m,Corto,bias diario,EMA 50,cualquier apoyo,impulso + retroceso,bracket 2R,25,1.6285446762974853,40.0,-0.10431667017614052,-0.013992595146729167,0.8161678471076771,-0.44686355714085974,-2.607916754403513,4.745556023447684,8.52,7,18,-0.2844042915357664,-0.03428259520295267
EUR_USD,15m,Corto,bias diario,EMA 50,cualquier apoyo,impulso + retroceso,trailing EMA 50,24,1.5634028892455858,29.166666666666668,0.0027692393092072867,0.07198701907380606,1.0085604203935143,0.014142070650267612,0.06646174342097488,3.9195480041423063,7.291666666666667,7,17,0.1488981917087067,-0.057401505796468966
EUR_USD,1h,Largo,sin bias,EMA 25,primer apoyo,ninguna,bracket 2R,304,19.84203002144389,34.53947368421053,-0.034365531338339465,0.027896890532275332,0.950532904257798,-0.42126166578387153,-10.447121526855197,26.394953038780184,10.157894736842104,156,148,-0.1306807698263684,0.0671559362571505
EUR_USD,1h,Largo,sin bias,EMA 25,primer apoyo,ninguna,trailing EMA 50,304,19.84203002144389,24.013157894736842,-0.12075894452063164,-0.07398782538462785,0.7756187912658485,-1.4301016942668279,-36.71071913427202,39.62791270253482,20.595394736842106,155,149,-0.08156848662081162,-0.16152754166473968
EUR_USD,1h,Largo,sin bias,EMA 25,primer apoyo,impulso (RSI>=70),bracket 2R,152,9.921015010721945,28.289473684210524,-0.2158121389222468,-0.1548401975324874,0.715414885414438,-1.9703850976028197,-32.803445116181514,33.66199523979675,9.539473684210526,84,68,-0.23490587035317775,-0.19222576480168502
EUR_USD,1h,Largo,sin bias,EMA 25,primer apoyo,impulso (RSI>=70),trailing EMA 50,152,9.921015010721945,22.36842105263158,-0.23318300282353874,-0.18745404678121913,0.614649541559426,-2.063788617961791,-35.443816429177886,35.44381642917789,21.05263157894737,84,68,-0.18614569296362882,-0.2912879150034274
EUR_USD,1h,Largo,sin bias,EMA 25,primer apoyo,retroceso (RSI<=40),bracket 2R,8,0.5221586847748392,25.0,-0.32364007229332614,-0.2500000000000067,0.6029358088117102,-0.6476314339852975,-2.589120578346609,3.3365224160464324,5.625,4,4,-0.3024349603212607,-0.3448451842653917
EUR_USD,1h,Largo,sin bias,EMA 25,primer apoyo,retroceso (RSI<=40),trailing EMA 50,8,0.5221586847748392,25.0,-0.3245666949853834,-0.2693366407653938,0.21303832013442142,-1.822330640441164,-2.596533559883067,2.950424945517634,13.125,4,4,-0.17306607197270307,-0.4760673179980638
EUR_USD,1h,Largo,sin bias,EMA 25,primer apoyo,impulso + retroceso,bracket 2R,5,0.3263491779842745,20.0,-0.4683810638974487,-0.3999999999999827,0.4552501239647852,-0.7723671478920036,-2.3419053194872435,2.3419053194872435,5.6,2,3,-1.0612983296531597,-0.07310288672697467
EUR_USD,1h,Largo,sin bias,EMA 25,primer apoyo,impulso + retroceso,trailing EMA 50,5,0.3263491779842745,20.0,-0.3514543242841254,-0.30016852636102587,0.02215160060486992,-3.0867032782744332,-1.7572716214206268,1.7572716214206268,5.6,2,3,-0.1546038842688834,-0.48268795096095324
EUR_USD,1h,Largo,sin bias,EMA 25,cualquier apoyo,ninguna,bracket 2R,908,59.26501072194425,37.00440528634361,0.03564253913507017,0.09565943532821493,1.0533595283672579,0.743713264695545,32.36342553464372,40.19254936139983,11.559471365638766,460,448,0.08472124183014698,-0.0147507716679105
EUR_USD,1h,Largo,sin bias,EMA 25,cualquier apoyo,ninguna,trailing EMA 50,829,54.10869370979271,24.728588661037396,0.03645158059317073,0.08364604574460807,1.0842794688501165,0.6421110955310799,30.218360311738536,35.81117919580587,19.02412545235223,397,432,0.11997855932910953,-0.0403081660692545
EUR_USD,1h,Largo,sin bias,EMA 25,cualquier apoyo,impulso (RSI>=70),bracket 2R,662,43.20863116511794,34.74320241691843,-0.03423394738552739,0.02544169566656965,0.9504983626569105,-0.6187869914523575,-22.662873169219132,55.359008800142234,11.560422960725075,338,324,0.08545114551329458,-0.15909061837257008
EUR_USD,1h,Largo,sin bias,EMA 25,cualquier apoyo,impulso (RSI>=70),trailing EMA 50,607,39.61879020729092,23.55848434925865,-0.039750486028631134,0.006718818511015911,0.9131901210831617,-0.6570903425488912,-24.1285450193791,56.00251814635507,18.787479406919275,295,312,0.06046868683450041,-0.13450899883191259
EUR_USD,1h,Largo,sin bias,EMA 25,cualquier apoyo,retroceso (RSI<=40),bracket 2R,100,6.5269835596854895,39.0,0.08835053773523947,0.14790900261458464,1.1360543385423194,0.603167382572002,8.835053773523947,13.182262524886486,14.07,47,53,0.3539588054882374,-0.14718886951741922
EUR_USD,1h,Largo,sin bias,EMA 25,cualquier apoyo,retroceso (RSI<=40),trailing EMA 50,101,6.592253395282345,25.742574257425744,0.1334336540651372,0.17881443920501386,1.37782614188538,0.8801176098608463,13.476799060578859,8.923230121019339,18.485148514851485,47,54,0.29137880447495623,-0.004037124995260748
EUR_USD,1h,Largo,sin bias,EMA 25,cualquier apoyo,impulso + retroceso,bracket 2R,82,5.352126518942102,37.80487804878049,0.046692862164246625,0.10720610074949646,1.0705057524610677,0.2909035049095772,3.828814697468223,12.876304256146671,14.439024390243903,34,48,0.35939372196902947,-0.17480358019747455
EUR_USD,1h,Largo,sin bias,EMA 25,cualquier apoyo,impulso + retroceso,trailing EMA 50,83,5.4173963545389565,21.686746987951807,0.08628424017703823,0.13252687398630938,1.2425184169007362,0.5239536738015644,7.161591934694173,8.251364650421888,16.674698795180724,34,49,0.21157479897702547,-0.0006520659290753494
EUR_USD,1h,Largo,sin bias,EMA 50,primer apoyo,ninguna,bracket 2R,293,19.124061829878485,37.20136518771331,0.04531226839535934,0.10587387054980345,1.067889852734612,0.5361774754590773,13.276494639840285,17.46833063406246,11.139931740614335,150,143,0.10098773859632564,-0.013088574472787112
EUR_USD,1h,Largo,sin bias,EMA 50,primer apoyo,ninguna,trailing EMA 50,294,19.18933166547534,21.08843537414966,-0.01823873893613242,0.02724147071979457,0.9480588673424349,-0.25144846219913924,-5.362189247222931,23.01031769278945,13.962585034013605,151,143,0.07320533502951476,-0.11479856529146613
EUR_USD,1h,Largo,sin bias,EMA 50,primer apoyo,impulso (RSI>=70),bracket 2R,159,10.377903859899929,37.735849056603776,0.054150445361114526,0.11473574827223795,1.0818074160307452,0.47177014891671737,8.60992081241721,25.563850934216855,12.044025157232705,85,74,0.2739018642619321,-0.19826672499793266
EUR_USD,1h,Largo,sin bias,EMA 50,primer apoyo,impulso (RSI>=70),trailing EMA 50,159,10.377903859899929,21.38364779874214,-0.05151322002102991,-0.00607424283768737,0.8492574302508547,-0.554853611537349,-8.190601983343756,20.861441532149364,14.037735849056604,85,74,0.09826440437323893,-0.2235550858793117
EUR_USD,1h,Largo,sin bias,EMA 50,primer apoyo,retroceso (RSI<=40),bracket 2R,44,2.8718727662616157,43.18181818181818,0.20551734998476245,0.26417748646414396,1.3405181619584998,0.918235496387257,9.042763399329548,6.501541693298645,11.340909090909092,28,16,0.39717400601436237,-0.1298817980670376
EUR_USD,1h,Largo,sin bias,EMA 50,primer apoyo,retroceso (RSI<=40),trailing EMA 50,44,2.8718727662616157,25.0,0.19169409676350435,0.23568919912304062,1.5795357825148288,0.8345138700559414,8.434540257594191,4.748703167285548,18.204545454545453,28,16,0.3939398534194862,-0.1622359773844637
EUR_USD,1h,Largo,sin bias,EMA 50,primer apoyo,impulso + retroceso,bracket 2R,34,2.2191744102930664,38.23529411764706,0.047128461472993564,0.1065826295418324,1.0718862756732614,0.1898092377290836,1.6023676900817811,9.97573913814305,12.147058823529411,23,11,0.3212489718608542,-0.5260326057016242
EUR_USD,1h,Largo,sin bias,EMA 50,primer apoyo,impulso + retroceso,trailing EMA 50,34,2.2191744102930664,23.52941176470588,0.12459707660107198,0.16918770265270117,1.377457269270133,0.48149168722571567,4.2363006044364475,5.186217238476229,16.647058823529413,23,11,0.2758874832789938,-0.19173741008912837
EUR_USD,1h,Largo,sin bias,EMA 50,cualquier apoyo,ninguna,bracket 2R,652,42.5559328091494,37.73006134969325,0.06684744617168104,0.12691485273246736,1.1014264247840848,1.173744194967805,43.58453490393604,24.395259545010536,11.412576687116564,311,341,0.15559416338199436,-0.01409164195854608
EUR_USD,1h,Largo,sin bias,EMA 50,cualquier apoyo,ninguna,trailing EMA 50,855,55.80570943531094,21.052631578947366,0.04777999116504129,0.09472712676618805,1.134000660748311,0.9133013074391959,40.8518924461103,29.728368071405335,15.348538011695906,408,447,0.1262229114583806,-0.02381891594834225
EUR_USD,1h,Largo,sin bias,EMA 50,cualquier apoyo,impulso (RSI>=70),bracket 2R,452,29.501965689778416,36.72566371681416,0.03506903596282516,0.095067309481774,1.052449141163547,0.5158153616919239,15.851204255196972,38.58107894685167,11.632743362831858,215,237,0.20430628234658163,-0.11845842383678515
EUR_USD,1h,Largo,sin bias,EMA 50,cualquier apoyo,impulso (RSI>=70),trailing EMA 50,595,38.835552180128666,20.168067226890756,-0.011269268454929907,0.03505389998646217,0.9685860569831231,-0.19684790655621565,-6.705214730683295,38.408106182984994,14.961344537815126,293,302,0.07219178895599795,-0.09224307581056522
EUR_USD,1h,Largo,sin bias,EMA 50,cualquier apoyo,retroceso (RSI<=40),bracket 2R,153,9.9862848463188,39.21568627450981,0.09564990782127956,0.1555910932860936,1.1482534579287773,0.8107857254544784,14.634435896655773,17.3942480467514,12.993464052287582,77,76,0.33683799508015544,-0.14871170690152885
EUR_USD,1h,Largo,sin bias,EMA 50,cualquier apoyo,retroceso (RSI<=40),trailing EMA 50,164,10.704253037884204,21.951219512195124,0.03383508046130682,0.07977418575001931,1.0953447872244177,0.3259958807983857,5.5489531956543185,12.49517163187437,15.75609756097561,82,82,0.1650748302041083,-0.09740466928149465
EUR_USD,1h,Largo,sin bias,EMA 50,cualquier apoyo,impulso + retroceso,bracket 2R,124,8.093459614010007,37.096774193548384,0.026300311738911515,0.087140623167519,1.0394055859911027,0.20353636844524378,3.2612386556250277,17.497239956720904,13.03225806451613,61,63,0.30614488566369946,-0.2446603074581053
EUR_USD,1h,Largo,sin bias,EMA 50,cualquier apoyo,impulso + retroceso,trailing EMA 50,134,8.746157969978556,20.149253731343283,-0.01757985844020192,0.02872630052966012,0.9521017350727639,-0.15567987958649213,-2.355701030987057,16.537910766062854,14.746268656716419,66,68,0.07729850626107976,-0.10966768300321066
EUR_USD,1h,Largo,bias diario,EMA 25,primer apoyo,ninguna,bracket 2R,124,8.093459614010007,37.096774193548384,0.05737583301515929,0.1207655887278904,1.086774172785125,0.4399201143119985,7.114603293879752,13.903168771475126,10.298387096774194,77,47,-0.10853197052856128,0.32918223456550993
EUR_USD,1h,Largo,bias diario,EMA 25,primer apoyo,ninguna,trailing EMA 50,123,8.028189778413152,27.64227642276423,0.02140865100957874,0.0691150847227386,1.0440475694586415,0.14959150674621435,2.633264074178185,11.436157092673088,22.48780487804878,76,47,0.0814969180015334,-0.07575535519017766
EUR_USD,1h,Largo,bias diario,EMA 25,primer apoyo,impulso (RSI>=70),bracket 2R,59,3.850920300214439,30.508474576271187,-0.13281396122982453,-0.06822147453799236,0.8163860166659525,-0.7346667633595272,-7.836023712559647,14.065900208256577,10.152542372881356,37,22,-0.22254792972211432,0.0181022585072082
EUR_USD,1h,Largo,bias diario,EMA 25,primer apoyo,impulso (RSI>=70),trailing EMA 50,59,3.850920300214439,20.33898305084746,-0.31552609600642556,-0.2670817309875515,0.4616535577574118,-2.1196258222839077,-18.61603966437911,18.80772786184419,20.593220338983052,37,22,-0.14226278942881085,-0.6069234752505961
EUR_USD,1h,Largo,bias diario,EMA 25,primer apoyo,retroceso (RSI<=40),bracket 2R,4,0.2610793423874196,50.0,0.44940499046349486,0.49999999999998784,1.8424029201374617,0.5133220840069941,1.7976199618539794,1.0723785351521626,8.25,3,1,-0.053173905710295344,1.9571416789848655
EUR_USD,1h,Largo,bias diario,EMA 25,primer apoyo,retroceso (RSI<=40),trailing EMA 50,4,0.2610793423874196,50.0,-0.2224229794905138,-0.18447672233814402,0.44135857858634553,-0.6023103054620061,-0.8896919179620552,1.5925992664680506,23.5,3,1,-0.11441610833979439,-0.546443592942672
EUR_USD,1h,Largo,bias diario,EMA 25,primer apoyo,impulso + retroceso,bracket 2R,2,0.1305396711937098,50.0,0.4423815719163514,0.4999999999999881,1.8250474201324456,0.29204728184483547,0.8847631438327028,1.0723785351521626,9.0,1,1,-1.0723785351521626,1.9571416789848655
EUR_USD,1h,Largo,bias diario,EMA 25,primer apoyo,impulso + retroceso,trailing EMA 50,2,0.1305396711937098,50.0,-0.2533176993045049,-0.21010387824177734,0.07284959481232045,-0.8641942073435478,-0.5066353986090097,0.546443592942672,10.0,1,1,0.03980819433366222,-0.546443592942672
EUR_USD,1h,Largo,bias diario,EMA 25,cualquier apoyo,ninguna,bracket 2R,396,25.84685489635454,36.868686868686865,0.02452583631753122,0.08523721224684942,1.0366477884074503,0.33953209153827835,9.712231181742363,28.55354785681509,11.43939393939394,236,160,0.07719011224786204,-0.053153970679706765
EUR_USD,1h,Largo,bias diario,EMA 25,cualquier apoyo,ninguna,trailing EMA 50,364,23.758220157255185,24.175824175824175,0.06407631860870198,0.11180256340360842,1.1455891696592058,0.7116129833987469,23.32377997356752,19.49844852943936,18.78021978021978,202,162,0.09629303648570009,0.023904855576889514
EUR_USD,1h,Largo,bias diario,EMA 25,cualquier apoyo,impulso (RSI>=70),bracket 2R,292,19.05879199428163,33.56164383561644,-0.0823900355213153,-0.021390629966602133,0.8830766637524448,-1.0047433476562608,-24.057890372224065,39.58446204654133,11.777397260273972,170,122,0.07456778729818067,-0.3011017558435637
EUR_USD,1h,Largo,bias diario,EMA 25,cualquier apoyo,impulso (RSI>=70),trailing EMA 50,275,17.9492047891351,20.0,-0.12145462756556354,-0.07393426468984476,0.7519449436457188,-1.5237356372685522,-33.40002258052997,33.40002258052996,17.203636363636363,148,127,-0.08247554935070248,-0.16687906517028353
EUR_USD,1h,Largo,bias diario,EMA 25,cualquier apoyo,retroceso (RSI<=40),bracket 2R,51,3.3287616154396,39.21568627450981,0.07559409586638917,0.13315490708742048,1.1169444167482652,0.3691440514635721,3.855298889185848,9.45269351234138,14.196078431372548,28,23,0.343146746714959,-0.25012217473186954
EUR_USD,1h,Largo,bias diario,EMA 25,cualquier apoyo,retroceso (RSI<=40),trailing EMA 50,51,3.3287616154396,25.49019607843137,-0.042714780962041204,0.0012078207793744735,0.9006222083187787,-0.21186312573625166,-2.1784538290641016,7.48866725731506,17.0,28,23,-0.14353627565932567,0.08002442997378335
EUR_USD,1h,Largo,bias diario,EMA 25,cualquier apoyo,impulso + retroceso,bracket 2R,41,2.676063259471051,34.146341463414636,-0.09030046947435151,-0.029490237525403442,0.8713891295813472,-0.4099762087584791,-3.702319248448412,8.473174148238815,14.707317073170731,19,22,0.21108087352067492,-0.35058435660641984
EUR_USD,1h,Largo,bias diario,EMA 25,cualquier apoyo,impulso + retroceso,trailing EMA 50,41,2.676063259471051,17.073170731707318,-0.1433164761194003,-0.09677339582579281,0.681623883183901,-0.6463919730504384,-5.8759755208954125,10.231284202693141,12.560975609756097,19,22,-0.35587540335995793,0.04025714286108116
EUR_USD,1h,Largo,bias diario,EMA 50,primer apoyo,ninguna,bracket 2R,128,8.354538956397427,39.0625,0.11107599262659774,0.17187500000000275,1.171724048904226,0.854649450714375,14.217727056204511,14.134299131842594,10.2734375,80,48,0.033020979008762774,0.24116768198965607
EUR_USD,1h,Largo,bias diario,EMA 50,primer apoyo,ninguna,trailing EMA 50,128,8.354538956397427,21.875,-0.06814220079648826,-0.02254294526643454,0.8088200406891889,-0.7487229872226258,-8.722201701950498,14.21727674097815,14.40625,80,48,-0.04610602416162005,-0.10486916185460197
EUR_USD,1h,Largo,bias diario,EMA 50,primer apoyo,impulso (RSI>=70),bracket 2R,68,4.438348820586133,38.23529411764706,0.0855533785287321,0.14705882352941596,1.1302305066640752,0.47941110717181085,5.817629739953783,8.386129164597396,11.338235294117647,41,27,0.2614050971095938,-0.18148071264961352
EUR_USD,1h,Largo,bias diario,EMA 50,primer apoyo,impulso (RSI>=70),trailing EMA 50,68,4.438348820586133,17.647058823529413,-0.23687821268981615,-0.1907491289393033,0.3654191327480872,-2.9062634702935304,-16.1077184629075,16.1077184629075,11.955882352941176,41,27,-0.14312299481276725,-0.37924724724385334
EUR_USD,1h,Largo,bias diario,EMA 50,primer apoyo,retroceso (RSI<=40),bracket 2R,22,1.4359363831308078,54.54545454545454,0.5781753604858928,0.6363636363636398,2.1989367540397073,1.7706026419640484,12.719857930689642,3.2035914709769813,8.772727272727273,16,6,0.6290241910833578,0.4425784788926535
EUR_USD,1h,Largo,bias diario,EMA 50,primer apoyo,retroceso (RSI<=40),trailing EMA 50,22,1.4359363831308078,27.27272727272727,0.06583423185398384,0.10947543876229392,1.1930920360773583,0.2606277604037067,1.4483531007876442,3.1629348761241047,16.045454545454547,16,6,0.11890255971447672,-0.07568130910733058
EUR_USD,1h,Largo,bias diario,EMA 50,primer apoyo,impulso + retroceso,bracket 2R,16,1.0443173695496784,43.75,0.2526800001949323,0.31250000000000255,1.424607161795517,0.6584689690945282,4.042880003118917,5.308902091983874,8.5625,12,4,0.4408313885667267,-0.31177416492045096
EUR_USD,1h,Largo,bias diario,EMA 50,primer apoyo,impulso + retroceso,trailing EMA 50,16,1.0443173695496784,18.75,-0.27080479824151643,-0.22593979838771372,0.24686655276315356,-2.2853538985528927,-4.332876771864263,4.332876771864264,8.75,12,4,-0.2563501373719939,-0.31416878085008404
EUR_USD,1h,Largo,bias diario,EMA 50,cualquier apoyo,ninguna,bracket 2R,294,19.18933166547534,38.775510204081634,0.09896998194678201,0.1583741198253206,1.152788515803205,1.1609160535364496,29.09717469235391,19.28849294472179,11.006802721088436,173,121,0.11446828608293595,0.07681124958682628
EUR_USD,1h,Largo,bias diario,EMA 50,cualquier apoyo,ninguna,trailing EMA 50,373,24.345648677626876,21.179624664879356,0.03955451149302935,0.0865929904374431,1.107992869348765,0.49858621105559453,14.753832786899947,13.85722507896803,15.093833780160859,217,156,0.020208088604314365,0.06646588179335726
EUR_USD,1h,Largo,bias diario,EMA 50,cualquier apoyo,impulso (RSI>=70),bracket 2R,204,13.3150464617584,35.294117647058826,-0.008075098320659559,0.051774466807077944,0.9882042349266923,-0.08048244496938006,-1.6473200574145501,21.733034405727793,11.431372549019608,114,90,0.1390218287918074,-0.19439787266311773
EUR_USD,1h,Largo,bias diario,EMA 50,cualquier apoyo,impulso (RSI>=70),trailing EMA 50,271,17.688125446747677,17.343173431734318,-0.097009684024686,-0.04996889608530276,0.7466119203364064,-1.3696145861021356,-26.289624370689907,26.289624370689907,13.280442804428045,155,116,-0.1117302598175184,-0.077339949129091
EUR_USD,1h,Largo,bias diario,EMA 50,cualquier apoyo,retroceso (RSI<=40),bracket 2R,76,4.960507505360972,44.73684210526316,0.2585607379035207,0.31817931405724015,1.4399637946444284,1.5040382409347341,19.65061608066757,7.178573951220866,12.842105263157896,44,32,0.45579634274973374,-0.012638218760022357
EUR_USD,1h,Largo,bias diario,EMA 50,cualquier apoyo,retroceso (RSI<=40),trailing EMA 50,81,5.286856683345246,22.22222222222222,-0.024621632753820462,0.02136778971367264,0.9371798342605856,-0.16802609754306308,-1.9943522530594575,10.148713146120347,15.049382716049383,48,33,-0.06746137008537846,0.03769071245571841
EUR_USD,1h,Largo,bias diario,EMA 50,cualquier apoyo,impulso + retroceso,bracket 2R,60,3.916190135811294,36.666666666666664,0.007472507127682922,0.06969379780583694,1.0110900453164158,0.040045291964363204,0.4483504276609753,11.459682311341462,12.75,33,27,0.3206173983758564,-0.3752601377311958
EUR_USD,1h,Largo,bias diario,EMA 50,cualquier apoyo,impulso + retroceso,trailing EMA 50,66,4.3078091493924235,15.151515151515152,-0.14987191940164948,-0.10220458345345988,0.6433338863903897,-0.9618640788693966,-9.891546680508865,13.36556850130782,11.727272727272727,38,28,-0.22190688445897352,-0.052110181109566854
EUR_USD,1h,Corto,sin bias,EMA 25,primer apoyo,ninguna,bracket 2R,317,20.690537884203003,33.753943217665615,-0.07287264062512364,-0.010340431753978595,0.8964028786074344,-0.9254665864807088,-23.10062707816419,29.9063630465473,10.731861198738171,165,152,-0.04604189916592331,-0.10199811655122926
EUR_USD,1h,Corto,sin bias,EMA 25,primer apoyo,ninguna,trailing EMA 50,319,20.821077555396712,23.824451410658305,-0.08472981237040918,-0.03793383927953272,0.8426139678528897,-0.8707988743402543,-27.028810146160527,49.83176922204948,21.84012539184953,166,153,-0.13020473145777328,-0.035391011269086
EUR_USD,1h,Corto,sin bias,EMA 25,primer apoyo,impulso (RSI>=70),bracket 2R,174,11.356951393852752,32.18390804597701,-0.12277957778863371,-0.05889882488153663,0.8296835291989035,-1.1724055745032227,-21.363646535222266,28.66298890708278,10.655172413793103,83,91,-0.18177235766893593,-0.0689729763593471
EUR_USD,1h,Corto,sin bias,EMA 25,primer apoyo,impulso (RSI>=70),trailing EMA 50,174,11.356951393852752,22.988505747126435,-0.30009299770722764,-0.2521824330269048,0.49785446125940425,-3.608990127157888,-52.216181601057606,52.56837756724845,22.0,83,91,-0.3029486117007837,-0.297488426702116
EUR_USD,1h,Corto,sin bias,EMA 25,primer apoyo,retroceso (RSI<=40),bracket 2R,6,0.3916190135811294,16.666666666666664,-0.5707480154149223,-0.49999999999998074,0.3630355265732031,-1.1311987022992291,-3.4244880924895336,4.3244662341699485,8.333333333333334,2,4,0.44998907084020767,-1.0811165585424871
EUR_USD,1h,Corto,sin bias,EMA 25,primer apoyo,retroceso (RSI<=40),trailing EMA 50,6,0.3916190135811294,16.666666666666664,-0.26656411695283644,-0.2135031053916303,0.48272999065717936,-0.7057625128957945,-1.5993847017170186,3.0790235922251314,12.5,2,4,0.7398194452540565,-0.769755898056283
EUR_USD,1h,Corto,sin bias,EMA 25,primer apoyo,impulso + retroceso,bracket 2R,5,0.3263491779842745,20.0,-0.4701291149427355,-0.3999999999999824,0.4536456953977055,-0.7763869311527648,-2.3506455747136776,3.250623716394093,8.4,2,3,0.44998907084020767,-1.0835412387980308
EUR_USD,1h,Corto,sin bias,EMA 25,primer apoyo,impulso + retroceso,trailing EMA 50,5,0.3263491779842745,20.0,-0.18326828245801657,-0.13067144625095178,0.6196063521516476,-0.40618631501384367,-0.9163414122900829,2.395980302798196,13.2,2,3,0.7398194452540565,-0.798660100932732
EUR_USD,1h,Corto,sin bias,EMA 25,cualquier apoyo,ninguna,bracket 2R,995,64.94348641887062,32.06030150753769,-0.11066495795638215,-0.047947139103710165,0.8457893670039115,-2.5000914154279377,-110.11163316660024,137.0939712996597,11.127638190954773,502,493,-0.07816582622621898,-0.14375738012380998
EUR_USD,1h,Corto,sin bias,EMA 25,cualquier apoyo,ninguna,trailing EMA 50,929,60.6356772694782,22.282023681377826,-0.05103062558962103,-0.005049239250659479,0.8834112964287097,-1.0734168213844937,-47.40745117275794,90.76765908066409,17.414424111948332,478,451,-0.06146704666836566,-0.039969407683545795
EUR_USD,1h,Corto,sin bias,EMA 25,cualquier apoyo,impulso (RSI>=70),bracket 2R,732,47.77751965689779,30.46448087431694,-0.1591140802177959,-0.0960685341191491,0.7833062062090359,-3.122997721045138,-116.47150671942661,135.93163036131205,11.042349726775956,357,375,-0.1649173175613877,-0.1535893982666965
EUR_USD,1h,Corto,sin bias,EMA 25,cualquier apoyo,impulso (RSI>=70),trailing EMA 50,660,43.078091493924234,23.03030303030303,-0.09727302829107527,-0.05079007428308038,0.7888547155887929,-1.8930200311945482,-64.20019867210968,101.04991274286004,18.12272727272727,321,339,-0.10125691999945521,-0.09350067065570662
EUR_USD,1h,Corto,sin bias,EMA 25,cualquier apoyo,retroceso (RSI<=40),bracket 2R,108,7.049142244460329,35.18518518518518,-0.024281990323647744,0.038457200626609234,0.9647718797644805,-0.17675688591523445,-2.622454954953956,15.517525055660254,10.648148148148149,49,59,0.07954892039243634,-0.11051444159632773
EUR_USD,1h,Corto,sin bias,EMA 25,cualquier apoyo,retroceso (RSI<=40),trailing EMA 50,108,7.049142244460329,28.703703703703702,-0.05533783544776463,-0.008283442235071936,0.8428050479199718,-0.6589195106698119,-5.9764862283585805,12.53851806822404,15.657407407407407,49,59,0.026862318567681596,-0.12360575996906749
EUR_USD,1h,Corto,sin bias,EMA 25,cualquier apoyo,impulso + retroceso,bracket 2R,85,5.547936025732667,34.11764705882353,-0.060902393554434844,0.0018044431491018851,0.9130379863392982,-0.39700765722366504,-5.1767034521269615,14.903075245831204,11.611764705882353,37,48,-0.0423665814831674,-0.07519041535937011
EUR_USD,1h,Corto,sin bias,EMA 25,cualquier apoyo,impulso + retroceso,trailing EMA 50,85,5.547936025732667,25.882352941176475,-0.11028943961658866,-0.06325931208893613,0.6853406230905689,-1.2810159526452005,-9.374602367410036,12.438019934953576,14.4,37,48,-0.12039176845906813,-0.10250222780051071
EUR_USD,1h,Corto,sin bias,EMA 50,primer apoyo,ninguna,bracket 2R,307,20.037839528234453,35.17915309446254,-0.02122532155895782,0.03989570272572975,0.9692152534376058,-0.26095403058680827,-6.516173718600051,33.28764317964079,10.52442996742671,162,145,0.1277687950578855,-0.18768771391708616
EUR_USD,1h,Corto,sin bias,EMA 50,primer apoyo,ninguna,trailing EMA 50,308,20.103109363831308,18.181818181818183,-0.0025284992352418976,0.043319554763059445,0.9930770323612611,-0.02741004894191707,-0.7787777644545044,28.66057954854049,13.967532467532468,162,146,0.0003718976090441604,-0.0057467477884907995
EUR_USD,1h,Corto,sin bias,EMA 50,primer apoyo,impulso (RSI>=70),bracket 2R,180,11.748570407433881,31.666666666666664,-0.12063967360456063,-0.058402083621797524,0.8345193356499411,-1.1585498879252232,-21.715141248820913,35.206424445621835,10.122222222222222,89,91,0.09748285908187194,-0.33396830447370895
EUR_USD,1h,Corto,sin bias,EMA 50,primer apoyo,impulso (RSI>=70),trailing EMA 50,180,11.748570407433881,16.11111111111111,-0.21701080881073637,-0.1703326163236641,0.444193433406322,-3.1970630346525395,-39.06194558593255,50.96134513432213,10.71111111111111,89,91,-0.14286795319122172,-0.28952415111993207
EUR_USD,1h,Corto,sin bias,EMA 50,primer apoyo,retroceso (RSI<=40),bracket 2R,41,2.676063259471051,29.268292682926827,-0.21992460708518158,-0.15910628459622003,0.7072032589244155,-1.0468253677159896,-9.016908890492445,11.320807659496296,10.390243902439025,20,21,-0.29844655590655444,-0.1451417986838742
EUR_USD,1h,Corto,sin bias,EMA 50,primer apoyo,retroceso (RSI<=40),trailing EMA 50,41,2.676063259471051,14.634146341463413,-0.25552403968788706,-0.2099102978211659,0.3590215659465317,-2.4664109452367855,-10.47648562720337,10.485437513734848,9.097560975609756,20,21,-0.16462716645747155,-0.34209249038352096
EUR_USD,1h,Corto,sin bias,EMA 50,primer apoyo,impulso + retroceso,bracket 2R,33,2.1539045746962118,24.242424242424242,-0.3360360876124212,-0.2727272727272643,0.582576140595968,-1.4794858917266107,-11.089190891209899,12.96609757152931,9.606060606060606,16,17,-0.4877454081794728,-0.19325084472578435
EUR_USD,1h,Corto,sin bias,EMA 50,primer apoyo,impulso + retroceso,trailing EMA 50,33,2.1539045746962118,12.121212121212121,-0.34456953580149957,-0.29708792463763184,0.14272857069036402,-4.652572020451233,-11.370794681449485,11.635445318762944,7.696969696969697,16,17,-0.4079472435182122,-0.2849199285387111
EUR_USD,1h,Corto,sin bias,EMA 50,cualquier apoyo,ninguna,bracket 2R,708,46.21104360257327,33.47457627118644,-0.06653698542595739,-0.006335028772893903,0.9055016530357705,-1.2538109134678481,-47.10818568157783,66.01668037336376,11.11723163841808,358,350,0.034310231123411965,-0.16968928121074092
EUR_USD,1h,Corto,sin bias,EMA 50,cualquier apoyo,ninguna,trailing EMA 50,961,62.724312008577556,17.68990634755463,-0.022223644776162555,0.02319968602991075,0.9387007063461669,-0.5016473537446398,-21.356922629892214,72.0516042758593,13.720083246618106,495,466,-0.03820021684190272,-0.005252822517490042
EUR_USD,1h,Corto,sin bias,EMA 50,cualquier apoyo,impulso (RSI>=70),bracket 2R,510,33.287616154396,31.372549019607842,-0.12758781415826148,-0.0669437160228797,0.8242955305431066,-2.070095742517285,-65.06978522071336,78.3797307416289,10.992156862745098,244,266,-0.04506175383324601,-0.2032884108473734
EUR_USD,1h,Corto,sin bias,EMA 50,cualquier apoyo,impulso (RSI>=70),trailing EMA 50,686,44.77510721944246,17.49271137026239,-0.09399661964435278,-0.04819250038428356,0.7503235642244583,-2.1444574824134093,-64.481681076026,90.63946992257026,13.036443148688047,334,352,-0.06892013619503484,-0.11779078291728515
EUR_USD,1h,Corto,sin bias,EMA 50,cualquier apoyo,retroceso (RSI<=40),bracket 2R,145,9.46412616154396,29.655172413793103,-0.19697535686570214,-0.13552099359046726,0.7359102466967105,-1.7611290155310493,-28.56142674552681,38.09082071760329,11.089655172413794,68,77,-0.21469016138510788,-0.18133111391349957
EUR_USD,1h,Corto,sin bias,EMA 50,cualquier apoyo,retroceso (RSI<=40),trailing EMA 50,152,9.921015010721945,19.078947368421055,-0.10735771221585307,-0.06186961801629626,0.7108159861522392,-1.4686147947192842,-16.318372256809667,19.77022190447503,13.164473684210526,74,78,-0.12188887485627294,-0.09357173740314703
EUR_USD,1h,Corto,sin bias,EMA 50,cualquier apoyo,impulso + retroceso,bracket 2R,121,7.897650107219443,26.446280991735538,-0.28573975704302473,-0.22419162315845123,0.6333898247758547,-2.409129456883586,-34.57451060220599,40.80717263746741,11.289256198347108,57,64,-0.31757410690373267,-0.25738728919833165
EUR_USD,1h,Corto,sin bias,EMA 50,cualquier apoyo,impulso + retroceso,trailing EMA 50,127,8.289269120800572,17.322834645669293,-0.1494029725371537,-0.10390405044557584,0.6002809196330997,-1.9779667621384471,-18.97417751221852,23.004120516595005,12.196850393700787,63,64,-0.2415627041031476,-0.05868323677687842
EUR_USD,1h,Corto,bias diario,EMA 25,primer apoyo,ninguna,bracket 2R,140,9.137776983559686,36.42857142857142,-0.0057163884787906445,0.05992768793231434,0.9915516142557645,-0.04757743082378512,-0.8002943870306902,9.244760786501313,10.742857142857142,53,87,-0.02335829935263847,0.005030982513323574
EUR_USD,1h,Corto,bias diario,EMA 25,primer apoyo,ninguna,trailing EMA 50,142,9.268316654753395,26.056338028169012,0.02967393469668499,0.07864232047162087,1.0593305262136044,0.16979329512107022,4.213698726929269,16.11646935070752,22.739436619718308,54,88,-0.14567143151573358,0.13727222759976002
EUR_USD,1h,Corto,bias diario,EMA 25,primer apoyo,impulso (RSI>=70),bracket 2R,75,4.895237669764118,36.0,-0.026264361948189676,0.04250940365040641,0.9615055545119296,-0.16074314814792423,-1.9698271461142256,9.59444179178902,10.333333333333334,24,51,-0.29338929116743434,0.09944148709616077
EUR_USD,1h,Corto,bias diario,EMA 25,primer apoyo,impulso (RSI>=70),trailing EMA 50,75,4.895237669764118,30.666666666666664,-0.23620585133814695,-0.1846255271391999,0.582275931657466,-2.0259040287352157,-17.71543885036102,17.715438850361018,24.266666666666666,24,51,-0.3840595768175212,-0.16662762758314734
EUR_USD,1h,Corto,bias diario,EMA 25,primer apoyo,retroceso (RSI<=40),bracket 2R,1,0.0652698355968549,0.0,-1.0675919411327017,-0.9999999999999918,0.0,,-1.0675919411327017,1.0675919411327017,2.0,0,1,,-1.0675919411327017
EUR_USD,1h,Corto,bias diario,EMA 25,primer apoyo,retroceso (RSI<=40),trailing EMA 50,1,0.0652698355968549,0.0,-1.0506939558495243,-0.9999999999999919,0.0,,-1.0506939558495243,1.0506939558495243,2.0,0,1,,-1.0506939558495243
EUR_USD,1h,Corto,bias diario,EMA 25,primer apoyo,impulso + retroceso,bracket 2R,1,0.0652698355968549,0.0,-1.0675919411327017,-0.9999999999999918,0.0,,-1.0675919411327017,1.0675919411327017,2.0,0,1,,-1.0675919411327017
EUR_USD,1h,Corto,bias diario,EMA 25,primer apoyo,impulso + retroceso,trailing EMA 50,1,0.0652698355968549,0.0,-1.0506939558495243,-0.9999999999999919,0.0,,-1.0506939558495243,1.0506939558495243,2.0,0,1,,-1.0506939558495243
EUR_USD,1h,Corto,bias diario,EMA 25,cualquier apoyo,ninguna,bracket 2R,456,29.763045032165834,33.55263157894737,-0.07270078834606793,-0.005124858932910508,0.8967661148664398,-1.0920591789229224,-33.15155948580698,61.56954412991344,10.929824561403509,173,283,-0.05241079077956597,-0.08510421442028995
EUR_USD,1h,Corto,bias diario,EMA 25,cualquier apoyo,ninguna,trailing EMA 50,423,27.60914045746962,22.93144208037825,0.0253918797176471,0.07358546146373494,1.0597669753465648,0.3156810169953399,10.740765120564724,25.33914159605644,18.127659574468087,181,242,-0.06228268795999182,0.09096665967488944
EUR_USD,1h,Corto,bias diario,EMA 25,cualquier apoyo,impulso (RSI>=70),bracket 2R,335,21.86539492494639,30.447761194029848,-0.16845454952776845,-0.09936463463302525,0.7719270951936019,-2.2160062974201464,-56.43227409180243,69.11043696238173,10.743283582089552,118,217,-0.27748998412709636,-0.10916339154288049
EUR_USD,1h,Corto,bias diario,EMA 25,cualquier apoyo,impulso (RSI>=70),trailing EMA 50,297,19.385141172265904,24.242424242424242,-0.047631488398699025,0.0020590609089660115,0.8949741803367098,-0.5706012706188782,-14.14655205441361,39.997327035619904,18.75084175084175,114,183,-0.15131555341811606,0.016958584892085363
EUR_USD,1h,Corto,bias diario,EMA 25,cualquier apoyo,retroceso (RSI<=40),bracket 2R,51,3.3287616154396,33.33333333333333,-0.10099167737175531,-0.03620828102600938,0.8577814639608013,-0.5153791432045515,-5.150575545959521,16.235312275656806,9.666666666666666,20,31,0.06680329550278262,-0.20924649858113467
EUR_USD,1h,Corto,bias diario,EMA 25,cualquier apoyo,retroceso (RSI<=40),trailing EMA 50,51,3.3287616154396,25.49019607843137,-0.13402766952900896,-0.08544012226969952,0.6881102889989542,-0.9983482735306841,-6.8354111459794575,9.699960538285069,14.705882352941176,20,31,-0.11026582765749948,-0.1493578900912731
EUR_USD,1h,Corto,bias diario,EMA 25,cualquier apoyo,impulso + retroceso,bracket 2R,42,2.7413330950679056,28.57142857142857,-0.2524947801854052,-0.18682434124587272,0.6684951904840856,-1.2301611305236788,-10.60478076778702,16.139467425840273,10.166666666666666,14,28,-0.09840925586281422,-0.3295375423467008
EUR_USD,1h,Corto,bias diario,EMA 25,cualquier apoyo,impulso + retroceso,trailing EMA 50,42,2.7413330950679056,19.047619047619047,-0.28312954675101126,-0.23387671754636183,0.38485085969698096,-2.3159044877359674,-11.891440963542474,11.891440963542474,11.142857142857142,14,28,-0.3872985816307929,-0.23104502931112036
EUR_USD,1h,Corto,bias diario,EMA 50,primer apoyo,ninguna,bracket 2R,135,8.811427805575411,38.51851851851852,0.06798834014766279,0.1313757838553492,1.1040070322347546,0.5455930693114017,9.178425919934478,14.340566593933211,10.97037037037037,55,80,0.23831814537086055,-0.04911340094328568
EUR_USD,1h,Corto,bias diario,EMA 50,primer apoyo,ninguna,trailing EMA 50,136,8.876697641172266,18.38235294117647,0.037093631792668495,0.08463821609657098,1.1051038205739299,0.2150095612690322,5.044733923802915,18.016196994091466,14.022058823529411,55,81,-0.0495852640271268,0.09594967216413446
EUR_USD,1h,Corto,bias diario,EMA 50,primer apoyo,impulso (RSI>=70),bracket 2R,74,4.829967834167262,35.13513513513514,-0.012915600028006916,0.05372128421282907,0.9813434429833965,-0.07700521535795272,-0.9557544020725117,13.858297008186943,9.513513513513514,25,49,0.27949538314417305,-0.16210487715667013
EUR_USD,1h,Corto,bias diario,EMA 50,primer apoyo,impulso (RSI>=70),trailing EMA 50,74,4.829967834167262,17.56756756756757,-0.30045261142493485,-0.2504749482443079,0.27578282451974184,-4.328232615586051,-22.233493245445178,22.233493245445175,10.58108108108108,25,49,-0.3319240444588478,-0.2843957578362037
EUR_USD,1h,Corto,bias diario,EMA 50,primer apoyo,retroceso (RSI<=40),bracket 2R,16,1.0443173695496784,25.0,-0.4120802185479105,-0.3452098542778228,0.48355459940078155,-1.3590814592172067,-6.593283496766568,8.897182265770416,9.6875,4,12,-1.050003026337261,-0.19943928261812685
EUR_USD,1h,Corto,bias diario,EMA 50,primer apoyo,retroceso (RSI<=40),trailing EMA 50,16,1.0443173695496784,12.5,-0.3964534777549926,-0.3463007045524269,0.1686368457549982,-2.9852144596165693,-6.343255644079882,6.3522075306113575,7.5,4,12,-0.6153241645723212,-0.3234965821492164
EUR_USD,1h,Corto,bias diario,EMA 50,primer apoyo,impulso + retroceso,bracket 2R,14,0.9137776983559686,21.428571428571427,-0.42506009000402295,-0.357142857142848,0.49126051110971225,-1.2535697350778423,-5.950841260056321,7.827747940375726,6.785714285714286,3,11,-1.0435259266514516,-0.2563875891001786
EUR_USD,1h,Corto,bias diario,EMA 50,primer apoyo,impulso + retroceso,trailing EMA 50,14,0.9137776983559686,14.285714285714285,-0.413747215026466,-0.3628092903805848,0.18175766632755144,-2.7240417175559632,-5.792461010370524,6.057111647683982,8.071428571428571,3,11,-0.7220669251206365,-0.3296600213644194
EUR_USD,1h,Corto,bias diario,EMA 50,cualquier apoyo,ninguna,bracket 2R,320,20.886347390993567,35.0,-0.027040515867201707,0.03585401535395562,0.9607638766887393,-0.33757979666907945,-8.652965077504547,32.1496842982952,11.0375,129,191,0.10676809733495758,-0.11741387242782239
EUR_USD,1h,Corto,bias diario,EMA 50,cualquier apoyo,ninguna,trailing EMA 50,414,27.02171193709793,19.082125603864732,0.07584419147723315,0.12272269200122392,1.2171879146504978,0.9413114645100452,31.399495271574523,17.154839749033926,15.132850241545894,186,228,-0.020071186217528753,0.15409094696506523
EUR_USD,1h,Corto,bias diario,EMA 50,cualquier apoyo,impulso (RSI>=70),bracket 2R,225,14.685713009292352,31.11111111111111,-0.13765247774586933,-0.07238698166869881,0.8117714321577447,-1.472091258040407,-30.971807492820602,36.51087202508733,10.742222222222223,80,145,-0.10709936120476145,-0.15450936963061854
EUR_USD,1h,Corto,bias diario,EMA 50,cualquier apoyo,impulso (RSI>=70),trailing EMA 50,289,18.862982487491067,17.99307958477509,-0.07860112203570291,-0.03023379574549781,0.7983657845132578,-1.1055106234119663,-22.71572426831814,31.553081881395414,13.695501730103807,120,169,-0.14607869550867583,-0.030688052114065324
EUR_USD,1h,Corto,bias diario,EMA 50,cualquier apoyo,retroceso (RSI<=40),bracket 2R,64,4.177269478198713,31.25,-0.1507518979871169,-0.08630246356946267,0.7935200458616783,-0.8770119004547586,-9.648121471175482,20.769732352291413,9.390625,24,40,-0.2902460181062076,-0.06705542591566253
EUR_USD,1h,Corto,bias diario,EMA 50,cualquier apoyo,retroceso (RSI<=40),trailing EMA 50,66,4.3078091493924235,21.21212121212121,-0.08497454766854412,-0.037082745722079244,0.8021110643424646,-0.621199833541724,-5.608320146123912,8.665613431082491,14.515151515151516,25,41,-0.2229880550194663,-0.0008199700155427681
EUR_USD,1h,Corto,bias diario,EMA 50,cualquier apoyo,impulso + retroceso,bracket 2R,52,3.394031451036455,25.0,-0.3161464993371527,-0.2500000000000085,0.6032232828729972,-1.7460533991280986,-16.43961796553194,19.8414291307018,8.653846153846153,18,34,-0.5376605299439652,-0.19887436548648726
EUR_USD,1h,Corto,bias diario,EMA 50,cualquier apoyo,impulso + retroceso,trailing EMA 50,53,3.4593012866333095,16.9811320754717,-0.1892136948964703,-0.13999027614133058,0.6007767646937241,-1.269648570431935,-10.028325829512927,11.31926009711514,12.50943396226415,19,34,-0.48508757993512586,-0.023872406198398005
EUR_USD,1d,Largo,sin bias,EMA 25,primer apoyo,ninguna,bracket 2R,11,0.7638307984790874,54.54545454545454,0.49738769124535254,0.507124151528164,2.0828948503293994,1.0993927314386598,5.471264603698878,3.029616971245295,13.636363636363637,5,6,1.107727441596368,-0.01122876738049361
EUR_USD,1d,Largo,sin bias,EMA 25,primer apoyo,ninguna,trailing EMA 50,11,0.7638307984790874,36.36363636363637,0.6133190340756487,0.6206213792877573,2.8390363916204855,1.2294754027110422,6.746509374832136,2.350884897479702,37.0,5,6,1.0486882278398877,0.2505113726054497
EUR_USD,1d,Largo,sin bias,EMA 25,primer apoyo,impulso (RSI>=70),bracket 2R,4,0.27775665399239546,50.0,0.4901853201972624,0.500000000000002,1.9711543191029155,0.5661387373128544,1.9607412807890496,1.009700599252609,7.25,2,2,0.49210270461118166,0.48826793578334315
EUR_USD,1d,Largo,sin bias,EMA 25,primer apoyo,impulso (RSI>=70),trailing EMA 50,4,0.27775665399239546,25.0,0.46554429850942036,0.47290530836147515,1.93493307028438,0.4120851839699064,1.8621771940376814,1.991775939074719,26.25,2,2,-0.6588087399729996,1.5898973369918403
EUR_USD,1d,Largo,sin bias,EMA 25,primer apoyo,retroceso (RSI<=40),bracket 2R,0,0.0,,,,,,0.0,,,0,0,,
EUR_USD,1d,Largo,sin bias,EMA 25,primer apoyo,retroceso (RSI<=40),trailing EMA 50,0,0.0,,,,,,0.0,,,0,0,,
EUR_USD,1d,Largo,sin bias,EMA 25,primer apoyo,impulso + retroceso,bracket 2R,0,0.0,,,,,,0.0,,,0,0,,
EUR_USD,1d,Largo,sin bias,EMA 25,primer apoyo,impulso + retroceso,trailing EMA 50,0,0.0,,,,,,0.0,,,0,0,,
EUR_USD,1d,Largo,sin bias,EMA 25,cualquier apoyo,ninguna,bracket 2R,31,2.1526140684410646,48.38709677419355,0.42829292162852123,0.4380117957035411,1.8756448352950263,1.6148720784401653,13.277080570484157,5.063240305682632,14.741935483870968,14,17,0.6763041917918308,0.2240483461999134
EUR_USD,1d,Largo,sin bias,EMA 25,cualquier apoyo,ninguna,trailing EMA 50,26,1.8054182509505703,42.30769230769231,0.1966428846601126,0.20413778314793016,1.653964067723107,0.8433568859263806,5.112715001162927,4.365926847434614,22.73076923076923,9,17,0.5061774000395827,0.032771670635687235
EUR_USD,1d,Largo,sin bias,EMA 25,cualquier apoyo,impulso (RSI>=70),bracket 2R,20,1.388783269961977,45.0,0.3905637503300201,0.3999999999999996,1.77344013309799,1.1641272215087803,7.811275006600402,3.0505632805099285,14.5,9,11,0.10319636578371427,0.6256825195042702
EUR_USD,1d,Largo,sin bias,EMA 25,cualquier apoyo,impulso (RSI>=70),trailing EMA 50,19,1.3193441064638782,47.368421052631575,0.12042661725989602,0.1274770058892198,1.5073545115849363,0.5105321843560123,2.2881057279380244,1.806599244567768,18.736842105263158,8,11,-0.1950841226807917,0.3498889735803961
EUR_USD,1d,Largo,sin bias,EMA 25,cualquier apoyo,retroceso (RSI<=40),bracket 2R,3,0.20831749049429657,33.33333333333333,-0.007102060613032905,-1.4802973661668755e-15,0.9894167082136389,-0.007105661843412387,-0.021306181839098715,2.013190439155835,28.333333333333332,2,1,-1.0065952195779175,1.9918842573167364
EUR_USD,1d,Largo,sin bias,EMA 25,cualquier apoyo,retroceso (RSI<=40),trailing EMA 50,4,0.27775665399239546,75.0,0.38879775654056187,0.394991730789815,4.388161217079908,0.9929548925903591,1.5551910261622475,0.45900738675669966,23.5,2,2,-0.19862961451206357,0.9762251275931872
EUR_USD,1d,Largo,sin bias,EMA 25,cualquier apoyo,impulso + retroceso,bracket 2R,3,0.20831749049429657,33.33333333333333,-0.007102060613032905,-1.4802973661668755e-15,0.9894167082136389,-0.007105661843412387,-0.021306181839098715,2.013190439155835,28.333333333333332,2,1,-1.0065952195779175,1.9918842573167364
EUR_USD,1d,Largo,sin bias,EMA 25,cualquier apoyo,impulso + retroceso,trailing EMA 50,3,0.20831749049429657,66.66666666666666,0.05884125956089292,0.06416780502066644,1.3845772067634428,0.1973582261011186,0.17652377868267877,0.45900738675669966,18.0,2,1,-0.19862961451206357,0.5737830077068059
EUR_USD,1d,Largo,sin bias,EMA 50,primer apoyo,ninguna,bracket 2R,11,0.7638307984790874,45.45454545454545,0.2787412149585132,0.28805788085325396,1.5060004775490092,0.6166821356301854,3.066153364543645,3.062693660727792,19.454545454545453,5,6,1.2257694050542873,-0.510448943454632
EUR_USD,1d,Largo,sin bias,EMA 50,primer apoyo,ninguna,trailing EMA 50,11,0.7638307984790874,36.36363636363637,0.5743093272191158,0.5812968266401713,4.823957659232223,1.5244493128430086,6.317402599410273,1.0748460363866759,22.727272727272727,5,6,1.4055542616348309,-0.11839478479398029
EUR_USD,1d,Largo,sin bias,EMA 50,primer apoyo,impulso (RSI>=70),bracket 2R,4,0.27775665399239546,25.0,-0.4663134624887306,-0.45784082765354717,0.38348971065880444,-0.8600576125715194,-1.8652538499549225,3.0255031946800717,22.0,2,2,0.07727525874380292,-1.0099021837212643
EUR_USD,1d,Largo,sin bias,EMA 50,primer apoyo,impulso (RSI>=70),trailing EMA 50,4,0.27775665399239546,0.0,-0.19005353847343032,-0.1836990623470427,0.0,-4.931894127186989,-0.7602141538937213,0.7602141538937213,2.5,2,2,-0.19740078078048265,-0.18270629616637796
EUR_USD,1d,Largo,sin bias,EMA 50,primer apoyo,retroceso (RSI<=40),bracket 2R,0,0.0,,,,,,0.0,,,0,0,,
EUR_USD,1d,Largo,sin bias,EMA 50,primer apoyo,retroceso (RSI<=40),trailing EMA 50,0,0.0,,,,,,0.0,,,0,0,,
EUR_USD,1d,Largo,sin bias,EMA 50,primer apoyo,impulso + retroceso,bracket 2R,0,0.0,,,,,,0.0,,,0,0,,
EUR_USD,1d,Largo,sin bias,EMA 50,primer apoyo,impulso + retroceso,trailing EMA 50,0,0.0,,,,,,0.0,,,0,0,,
EUR_USD,1d,Largo,sin bias,EMA 50,cualquier apoyo,ninguna,bracket 2R,21,1.458222433460076,33.33333333333333,-0.04892475943849626,-0.03958872907686705,0.9272978285364459,-0.15986165416956258,-1.0274199482084214,6.0717180166394655,16.19047619047619,10,11,0.10924215742008687,-0.1927128656735718
EUR_USD,1d,Largo,sin bias,EMA 50,cualquier apoyo,ninguna,trailing EMA 50,35,2.43037072243346,20.0,-0.03289957481049689,-0.025402351344683813,0.8940377302752187,-0.22128893100723585,-1.1514851183673913,6.017649021613823,12.914285714285715,14,21,0.30016815115265466,-0.25494472545259794
EUR_USD,1d,Largo,sin bias,EMA 50,cualquier apoyo,impulso (RSI>=70),bracket 2R,13,0.9027091254752851,30.76923076923077,-0.1492930022408028,-0.1408741008164764,0.7860423071602134,-0.396836328966843,-1.9408090291304365,6.071079356637937,19.46153846153846,7,6,-0.697410704797566,0.4901776507420874
EUR_USD,1d,Largo,sin bias,EMA 50,cualquier apoyo,impulso (RSI>=70),trailing EMA 50,22,1.5276615969581748,18.181818181818183,-0.18296544640229714,-0.17637672053832046,0.3371459899556266,-2.056088656875254,-4.025239820850537,4.025239820850537,9.227272727272727,12,10,-0.3095338009205963,-0.03108342098033821
EUR_USD,1d,Largo,sin bias,EMA 50,cualquier apoyo,retroceso (RSI<=40),bracket 2R,5,0.3471958174904943,40.0,0.005036251743839726,0.01305604845747208,1.0083291976388435,0.007898862201200002,0.02518125871919863,2.0119776060753694,27.6,3,2,-0.3184763896842197,0.49030521388592885
EUR_USD,1d,Largo,sin bias,EMA 50,cualquier apoyo,retroceso (RSI<=40),trailing EMA 50,6,0.41663498098859314,33.33333333333333,0.14539165416604827,0.15187007054835047,1.807656382109212,0.5023876816191258,0.8723499249962896,0.6618412540751895,16.5,3,3,-0.22061375135839648,0.511397059690493
EUR_USD,1d,Largo,sin bias,EMA 50,cualquier apoyo,impulso + retroceso,bracket 2R,5,0.3471958174904943,40.0,0.005036251743839726,0.01305604845747208,1.0083291976388435,0.007898862201200002,0.02518125871919863,2.0119776060753694,27.6,3,2,-0.3184763896842197,0.49030521388592885
EUR_USD,1d,Largo,sin bias,EMA 50,cualquier apoyo,impulso + retroceso,trailing EMA 50,5,0.3471958174904943,20.0,-0.10126346449665587,-0.09524861696143155,0.5312312122021356,-0.5462018596793987,-0.5063173224832793,0.6618412540751895,11.8,3,2,-0.22061375135839648,0.0777619657959551
EUR_USD,1d,Corto,sin bias,EMA 25,primer apoyo,ninguna,bracket 2R,9,0.6249524714828897,44.44444444444444,0.3240501727693296,0.3333333333333334,1.577364372786556,0.6143890392620919,2.9164515549239667,2.055409182944442,11.666666666666666,4,5,0.49286398693637384,0.1889991214356943
EUR_USD,1d,Corto,sin bias,EMA 25,primer apoyo,ninguna,trailing EMA 50,9,0.6249524714828897,44.44444444444444,1.167832916666729,1.1747952870897318,3.8955361099202483,1.1747050965174488,10.51049625000056,1.6301625395221038,39.77777777777778,4,5,1.0564904916506483,1.2569068566795933
EUR_USD,1d,Corto,sin bias,EMA 25,primer apoyo,impulso (RSI>=70),bracket 2R,5,0.3471958174904943,60.0,0.7922089362332819,0.8000000000000027,2.962551766877263,1.0772402365008005,3.9610446811664097,1.0135149060199184,17.0,3,2,0.994482821639281,0.48879810812428337
EUR_USD,1d,Corto,sin bias,EMA 25,primer apoyo,impulso (RSI>=70),trailing EMA 50,5,0.3471958174904943,60.0,2.242245431269776,2.2480887290948166,6.567379300071748,1.3371054361046892,11.21122715634888,1.0101361795149462,58.4,3,2,1.4382355312259765,3.448260281335475
EUR_USD,1d,Corto,sin bias,EMA 25,primer apoyo,retroceso (RSI<=40),bracket 2R,2,0.13887832699619773,50.0,0.49072592460238584,0.5000000000000036,1.9683644940743312,0.326228297100121,0.9814518492047717,1.0135149060199184,16.0,1,1,1.9949667552246901,-1.0135149060199184
EUR_USD,1d,Corto,sin bias,EMA 25,primer apoyo,retroceso (RSI<=40),trailing EMA 50,2,0.13887832699619773,50.0,0.24400456392781378,0.250960120476027,1.483112215711314,0.19455915550434408,0.48800912785562756,1.0101361795149468,32.0,1,1,1.4981453073705744,-1.0101361795149468
EUR_USD,1d,Corto,sin bias,EMA 25,primer apoyo,impulso + retroceso,bracket 2R,2,0.13887832699619773,50.0,0.49072592460238584,0.5000000000000036,1.9683644940743312,0.326228297100121,0.9814518492047717,1.0135149060199184,16.0,1,1,1.9949667552246901,-1.0135149060199184
EUR_USD,1d,Corto,sin bias,EMA 25,primer apoyo,impulso + retroceso,trailing EMA 50,2,0.13887832699619773,50.0,0.24400456392781378,0.250960120476027,1.483112215711314,0.19455915550434408,0.48800912785562756,1.0101361795149468,32.0,1,1,1.4981453073705744,-1.0101361795149468
EUR_USD,1d,Corto,sin bias,EMA 25,cualquier apoyo,ninguna,bracket 2R,24,1.6665399239543726,45.83333333333333,0.36582239842411407,0.37500000000000105,1.668779991209241,1.1731254208069368,8.779737562178738,3.0371412268240876,12.291666666666666,8,16,0.49423367347065716,0.30161676090084255
EUR_USD,1d,Corto,sin bias,EMA 25,cualquier apoyo,ninguna,trailing EMA 50,19,1.3193441064638782,42.10526315789473,0.7826997203897075,0.7896912501974278,3.768663946899645,1.588517799978975,14.871294687404442,2.2200477385147224,31.68421052631579,7,12,1.0848790601564882,0.6064284388590855
EUR_USD,1d,Corto,sin bias,EMA 25,cualquier apoyo,impulso (RSI>=70),bracket 2R,18,1.2499049429657794,50.0,0.4914967964287988,0.5000000000000023,1.9740154233809248,1.3503493600153607,8.846942335718378,5.055320943841154,13.11111111111111,7,11,0.709408843562515,0.352825493707343
EUR_USD,1d,Corto,sin bias,EMA 25,cualquier apoyo,impulso (RSI>=70),trailing EMA 50,15,1.041587452471483,46.666666666666664,1.0430984551159617,1.0497558607836874,5.250978429261573,1.7314980134484454,15.646476826739423,1.614235738494191,35.6,6,9,1.2804830080284588,0.8848420865076301
EUR_USD,1d,Corto,sin bias,EMA 25,cualquier apoyo,retroceso (RSI<=40),bracket 2R,4,0.27775665399239546,75.0,1.241423107852556,1.250000000000003,5.899476467406424,1.6516013194128853,4.965692431410224,1.0135149060199184,15.75,2,2,1.9955942825478896,0.48725193315722215
EUR_USD,1d,Corto,sin bias,EMA 25,cualquier apoyo,retroceso (RSI<=40),trailing EMA 50,4,0.27775665399239546,50.0,0.39248140887346356,0.3989140779840491,2.4771017105201314,0.6850592136453106,1.5699256354938542,1.0101361795149468,32.0,2,2,0.7227197775361419,0.062243040210785194
EUR_USD,1d,Corto,sin bias,EMA 25,cualquier apoyo,impulso + retroceso,bracket 2R,4,0.27775665399239546,75.0,1.241423107852556,1.250000000000003,5.899476467406424,1.6516013194128853,4.965692431410224,1.0135149060199184,15.75,2,2,1.9955942825478896,0.48725193315722215
EUR_USD,1d,Corto,sin bias,EMA 25,cualquier apoyo,impulso + retroceso,trailing EMA 50,4,0.27775665399239546,50.0,0.39248140887346356,0.3989140779840491,2.4771017105201314,0.6850592136453106,1.5699256354938542,1.0101361795149468,32.0,2,2,0.7227197775361419,0.062243040210785194
EUR_USD,1d,Corto,sin bias,EMA 50,primer apoyo,ninguna,bracket 2R,9,0.6249524714828897,33.33333333333333,-0.009170440255445531,3.7007434154171886e-16,0.986378390900022,-0.01832854664566947,-0.08253396229900978,6.059046452826414,7.888888888888889,5,4,0.19284311724774317,-0.26168738713443135
EUR_USD,1d,Corto,sin bias,EMA 50,primer apoyo,ninguna,trailing EMA 50,9,0.6249524714828897,33.33333333333333,0.5645284361936764,0.5714062663852609,3.070356663055873,0.9988558904563165,5.080755925743087,2.454048626695956,18.77777777777778,5,4,1.2203827505802363,-0.2552894567895233
EUR_USD,1d,Corto,sin bias,EMA 50,primer apoyo,impulso (RSI>=70),bracket 2R,4,0.27775665399239546,50.0,0.49232495447840297,0.500000000000003,1.9755418469986759,0.5678576631392929,1.9692998179136119,2.018672826770377,7.5,3,1,0.9942715746445101,-1.0135149060199184
EUR_USD,1d,Corto,sin bias,EMA 50,primer apoyo,impulso (RSI>=70),trailing EMA 50,4,0.27775665399239546,50.0,1.3866322443516264,1.3923885284928268,5.346717587177656,1.156036138342748,5.546528977406505,1.2760269942009037,30.75,3,1,2.185555052307151,-1.0101361795149468
EUR_USD,1d,Corto,sin bias,EMA 50,primer apoyo,retroceso (RSI<=40),bracket 2R,2,0.13887832699619773,0.0,-1.0129560474810861,-0.9999999999999967,0.0,-1812.544637140876,-2.0259120949621723,2.0259120949621723,5.0,0,2,,-1.0129560474810861
EUR_USD,1d,Corto,sin bias,EMA 50,primer apoyo,retroceso (RSI<=40),trailing EMA 50,2,0.13887832699619773,0.0,-0.6807982430138957,-0.6710812074030787,0.0,-2.067172249412946,-1.3615964860277914,1.3615964860277914,3.5,0,2,,-0.6807982430138957
EUR_USD,1d,Corto,sin bias,EMA 50,primer apoyo,impulso + retroceso,bracket 2R,1,0.06943916349809887,0.0,-1.0135149060199184,-0.9999999999999917,0.0,,-1.0135149060199184,1.0135149060199184,2.0,0,1,,-1.0135149060199184
EUR_USD,1d,Corto,sin bias,EMA 50,primer apoyo,impulso + retroceso,trailing EMA 50,1,0.06943916349809887,0.0,-1.0101361795149468,-1.0000000000000018,0.0,,-1.0101361795149468,1.0101361795149468,2.0,0,1,,-1.0101361795149468
EUR_USD,1d,Corto,sin bias,EMA 50,cualquier apoyo,ninguna,bracket 2R,19,1.3193441064638782,36.84210526315789,0.09616623219637495,0.10526315789473664,1.1507780971398969,0.2817442356951682,1.8271584117311241,6.145139074767052,13.157894736842104,9,10,0.3267400555179259,-0.11135020879302096
EUR_USD,1d,Corto,sin bias,EMA 50,cualquier apoyo,ninguna,trailing EMA 50,22,1.5276615969581748,31.818181818181817,0.39327261052052476,0.39989418985980235,3.120274219123181,1.5473760597761086,8.651997431451544,2.133874650038429,19.59090909090909,11,11,0.6952592797997628,0.09128594124128671
EUR_USD,1d,Corto,sin bias,EMA 50,cualquier apoyo,impulso (RSI>=70),bracket 2R,14,0.972148288973384,42.857142857142854,0.27707087085312465,0.285714285714286,1.4802027577062795,0.6723288612056431,3.878992191943745,5.08311412902866,14.928571428571429,7,7,0.7084656624794496,-0.15432392077320034
EUR_USD,1d,Corto,sin bias,EMA 50,cualquier apoyo,impulso (RSI>=70),trailing EMA 50,18,1.2499049429657794,33.33333333333333,0.4964745309736796,0.5029304063027595,3.897889488110377,1.643307426142074,8.936541557526233,1.3218597944883124,21.555555555555557,9,9,0.9002892757575179,0.09265978618984116
EUR_USD,1d,Corto,sin bias,EMA 50,cualquier apoyo,retroceso (RSI<=40),bracket 2R,6,0.41663498098859314,33.33333333333333,-0.010415002496242276,9.62193288008469e-16,0.9845531101794098,-0.016451839420024976,-0.062490014977453656,4.045475542536506,12.666666666666666,2,4,0.49383452681019646,-0.26253976714946164
EUR_USD,1d,Corto,sin bias,EMA 50,cualquier apoyo,retroceso (RSI<=40),trailing EMA 50,6,0.41663498098859314,33.33333333333333,0.12435470563397905,0.13216595750616147,1.3954800584054514,0.31340951134838435,0.7461282338038743,1.8866393335032172,22.666666666666668,2,4,0.6009293111181477,-0.11393259710810527
EUR_USD,1d,Corto,sin bias,EMA 50,cualquier apoyo,impulso + retroceso,bracket 2R,5,0.3471958174904943,40.0,0.18998143479295998,0.20000000000000143,1.3131825370878212,0.2583145517598921,0.9499071739648,3.033078353594253,13.6,2,3,0.49383452681019646,-0.012587293218530915
EUR_USD,1d,Corto,sin bias,EMA 50,cualquier apoyo,impulso + retroceso,trailing EMA 50,5,0.3471958174904943,40.0,0.21951770806334378,0.2270316319686249,1.7149580088183434,0.46530565942309743,1.097588540316719,1.5351790269903727,26.2,2,3,0.6009293111181477,-0.03475669397319218
WTICO_USD,5m,Largo,sin bias,EMA 25,primer apoyo,ninguna,bracket 2R,1711,111.43772289586305,32.67095265926359,-0.21364250416352687,-0.0727728045913665,0.7065848957930628,-6.796360327219215,-365.54232462379446,377.3579416300469,11.60081823495032,897,814,-0.2711778126913877,-0.15024057326734613
WTICO_USD,5m,Largo,sin bias,EMA 25,primer apoyo,ninguna,trailing EMA 50,1727,112.4798056348074,24.609148812970467,-0.10697150988035163,-0.0013498863605769958,0.7872610389320648,-3.3028651926686807,-184.73979756336726,193.25856127090512,15.832657788071801,908,819,-0.10423094336117969,-0.11000989132041038
WTICO_USD,5m,Largo,sin bias,EMA 25,primer apoyo,impulso (RSI>=70),bracket 2R,969,63.11113587731811,31.57894736842105,-0.24044395977791697,-0.1007102542202922,0.6772071385448228,-5.76039782675072,-232.99019702480155,236.58123496648216,11.486068111455108,495,474,-0.27369922756092563,-0.20571535734629398
WTICO_USD,5m,Largo,sin bias,EMA 25,primer apoyo,impulso (RSI>=70),trailing EMA 50,969,63.11113587731811,25.49019607843137,-0.11232673529661354,-0.0075264561283949335,0.7903309268515409,-2.538757233937604,-108.84460650241851,115.42360713221642,17.45923632610939,495,474,-0.09426251205878455,-0.13119127222219437
WTICO_USD,5m,Largo,sin bias,EMA 25,primer apoyo,retroceso (RSI<=40),bracket 2R,79,5.1452835235378025,43.037974683544306,0.057647573911266396,0.19618323193857237,1.0909083782274898,0.3648674136254372,4.554158338990045,12.034650554991664,11.822784810126583,34,45,0.08365661576192124,0.03799629784632715
WTICO_USD,5m,Largo,sin bias,EMA 25,primer apoyo,retroceso (RSI<=40),trailing EMA 50,79,5.1452835235378025,21.518987341772153,-0.03857012384136355,0.06533161967911594,0.9009169489728008,-0.28157764840532806,-3.0470397834677208,11.30591789173378,12.594936708860759,34,45,0.07439852180079778,-0.12392421165988549
WTICO_USD,5m,Largo,sin bias,EMA 25,primer apoyo,impulso + retroceso,bracket 2R,53,3.4518990727532097,49.056603773584904,0.26197741073921277,0.3911424018858588,1.4758846468720344,1.3289693459181662,13.884802769178275,7.805115566582479,12.037735849056604,24,29,0.3073323780135058,0.22444226540876325
WTICO_USD,5m,Largo,sin bias,EMA 25,primer apoyo,impulso + retroceso,trailing EMA 50,53,3.4518990727532097,24.528301886792452,0.006138765565617078,0.1030125089256017,1.0186249476070086,0.03835738232206455,0.32535457497770515,6.437838887980751,12.056603773584905,24,29,0.17143245882676317,-0.13065601506429692
WTICO_USD,5m,Largo,sin bias,EMA 25,cualquier apoyo,ninguna,bracket 2R,3103,202.09892118402283,35.70737995488237,-0.15017060562729084,-0.012193387537945638,0.77942735678512,-6.478201179877712,-465.97938926148345,475.6384155866874,12.534643893006768,1638,1465,-0.17876981579378964,-0.11819415084727372
WTICO_USD,5m,Largo,sin bias,EMA 25,cualquier apoyo,ninguna,trailing EMA 50,3444,224.3083095577746,24.303135888501743,-0.09200507748571651,0.012098504654046277,0.7878947591022103,-4.56829466969269,-316.86548686080766,328.14426749532794,13.909988385598142,1831,1613,-0.0788336136854401,-0.10695668952434403
WTICO_USD,5m,Largo,sin bias,EMA 25,cualquier apoyo,impulso (RSI>=70),bracket 2R,2038,132.7352888730385,35.03434739941119,-0.1667141305985917,-0.030458756687988673,0.7574924830173106,-5.852243201586724,-339.76339815992986,341.5175288408519,12.81648675171737,1048,990,-0.1620529770276222,-0.17164836185351698
WTICO_USD,5m,Largo,sin bias,EMA 25,cualquier apoyo,impulso (RSI>=70),trailing EMA 50,2144,139.63908701854493,24.580223880597014,-0.11129154884351018,-0.00814589324537598,0.754966946753259,-4.371335176467542,-238.60908072048582,240.38415366266457,14.887126865671641,1084,1060,-0.07992346625064739,-0.1433698521743246
WTICO_USD,5m,Largo,sin bias,EMA 25,cualquier apoyo,retroceso (RSI<=40),bracket 2R,235,15.305590228245363,40.85106382978723,-0.044666994539173034,0.08903032871868487,0.9279016068126646,-0.5265402861341824,-10.496743716705662,20.81200728782455,12.2,118,117,0.025768371587485683,-0.11570437234212796
WTICO_USD,5m,Largo,sin bias,EMA 25,cualquier apoyo,retroceso (RSI<=40),trailing EMA 50,235,15.305590228245363,23.404255319148938,-0.02005626308854107,0.08021672935485241,0.9444915629138108,-0.2686796892413297,-4.713221825807151,13.701244468846912,12.374468085106383,118,117,-0.003621168478434272,-0.036631828592751346
WTICO_USD,5m,Largo,sin bias,EMA 25,cualquier apoyo,impulso + retroceso,bracket 2R,158,10.290567047075605,43.037974683544306,0.021445498631256592,0.14755065763274966,1.036928118532557,0.20685429883360676,3.3883887837385416,10.66689055500183,13.367088607594937,80,78,0.056910018740640125,-0.014928368147598325
WTICO_USD,5m,Largo,sin bias,EMA 25,cualquier apoyo,impulso + retroceso,trailing EMA 50,158,10.290567047075605,23.417721518987342,0.02632063637327096,0.12089950562439074,1.0818423991251165,0.2786074866787259,4.158660546976812,7.021359054084717,12.841772151898734,80,78,0.021698623593849324,0.031061162300882898
WTICO_USD,5m,Largo,sin bias,EMA 50,primer apoyo,ninguna,bracket 2R,1433,93.33153530670471,37.40404745289602,-0.08260290746528354,0.057161265414818536,0.8769811660273742,-2.33453699410415,-118.36996639775131,122.19030269039307,11.884159106769015,759,674,-0.12815603409601398,-0.03130495032474286
WTICO_USD,5m,Largo,sin bias,EMA 50,primer apoyo,ninguna,trailing EMA 50,1447,94.24335770328102,21.83828610919143,-0.05268699061049179,0.051953374578869616,0.866304327745456,-1.6018567373977712,-76.23807541338162,79.15309562469969,11.877677954388389,769,678,-0.05154911956767088,-0.05397758475788009
WTICO_USD,5m,Largo,sin bias,EMA 50,primer apoyo,impulso (RSI>=70),bracket 2R,807,52.560048145506414,37.79429987608427,-0.05955941898282368,0.07943568655921773,0.9106314729934857,-1.2496521416685724,-48.06445111913871,65.6841617478156,11.895910780669144,405,402,-0.12447592224572783,0.0058415357969677836
WTICO_USD,5m,Largo,sin bias,EMA 50,primer apoyo,impulso (RSI>=70),trailing EMA 50,807,52.560048145506414,23.667905824039654,-0.0289822052403265,0.07526412391620456,0.9254980115940633,-0.6494889725233716,-23.388639628943483,40.95768242596398,12.463444857496903,405,402,-0.008799962434193169,-0.04931506179874441
WTICO_USD,5m,Largo,sin bias,EMA 50,primer apoyo,retroceso (RSI<=40),bracket 2R,125,8.141271398002853,37.6,-0.02788437214141282,0.11110700511269142,0.9586170198775706,-0.2236454463454359,-3.4855465176766023,19.599834851643323,10.928,56,69,0.03416137306429389,-0.07824033926488491
WTICO_USD,5m,Largo,sin bias,EMA 50,primer apoyo,retroceso (RSI<=40),trailing EMA 50,125,8.141271398002853,16.0,-0.015972060204306162,0.08827147273627202,0.9570262697082373,-0.13725565464007952,-1.99650752553827,15.027809721903493,11.632,56,69,-0.014380594090406398,-0.017263684876456666
WTICO_USD,5m,Largo,sin bias,EMA 50,primer apoyo,impulso + retroceso,bracket 2R,97,6.317626604850214,38.144329896907216,-0.0130087487958394,0.11927128910048722,0.9805297120035511,-0.09128450745054316,-1.2618486331964218,17.37328856749535,11.608247422680412,45,52,0.011599796029362845,-0.03430460489457214
WTICO_USD,5m,Largo,sin bias,EMA 50,primer apoyo,impulso + retroceso,trailing EMA 50,97,6.317626604850214,15.463917525773196,-0.0017077187795420307,0.09750230964270297,0.9949234843016103,-0.013032896242659287,-0.16564872161557698,11.274011400688256,10.597938144329897,45,52,0.02415841499914234,-0.02409187301109579
WTICO_USD,5m,Largo,sin bias,EMA 50,cualquier apoyo,ninguna,bracket 2R,2293,149.34348252496432,37.24378543392935,-0.10597745238626112,0.03182806390122109,0.8401962259794316,-3.8817484467242585,-243.00629832169676,245.8114227244489,12.382468382032272,1223,1070,-0.14921920207884404,-0.056552536616140694
WTICO_USD,5m,Largo,sin bias,EMA 50,cualquier apoyo,ninguna,trailing EMA 50,3302,215.05982524964335,21.50211992731678,-0.07322885207713692,0.030385949762584546,0.8008418101887145,-3.896368534689901,-241.80166955870612,244.19764949450843,11.236826165960025,1759,1543,-0.06970381039912564,-0.07724735389931568
WTICO_USD,5m,Largo,sin bias,EMA 50,cualquier apoyo,impulso (RSI>=70),bracket 2R,1421,92.54997325249643,37.15693173821253,-0.10369343213895835,0.03278176562423082,0.8439707413921368,-2.974716633400147,-147.3483670694598,153.01394833547678,12.57283603096411,728,693,-0.1528913760354186,-0.0520107436012627
WTICO_USD,5m,Largo,sin bias,EMA 50,cualquier apoyo,impulso (RSI>=70),trailing EMA 50,2002,130.39060271041367,21.52847152847153,-0.0832264176387301,0.020470991854732397,0.7771208061858107,-3.476980017646053,-166.61928811273765,177.68014715452054,11.495504495504495,992,1010,-0.07273945283520848,-0.09352648603981269
WTICO_USD,5m,Largo,sin bias,EMA 50,cualquier apoyo,retroceso (RSI<=40),bracket 2R,321,20.906784950071327,42.36760124610592,0.0015378197086710163,0.13475530738613192,1.0025938023698389,0.021193775744991147,0.4936401264833963,22.997944799103912,12.965732087227414,159,162,0.024606362509035064,-0.021103527854649237
WTICO_USD,5m,Largo,sin bias,EMA 50,cualquier apoyo,retroceso (RSI<=40),trailing EMA 50,323,21.03704529243937,22.291021671826623,0.02815659528710561,0.12822596611983725,1.0818105594942495,0.4132692814140894,9.094580277735112,19.969737455867538,12.393188854489164,159,164,0.03480690614061409,0.021709037813277248
WTICO_USD,5m,Largo,sin bias,EMA 50,cualquier apoyo,impulso + retroceso,bracket 2R,242,15.761501426533522,44.214876033057855,0.05800921409732028,0.18739474810153212,1.1030926076182495,0.6912328086176474,14.038229811551508,16.216530631084883,13.958677685950413,121,121,0.018763266080075044,0.0972551621145655
WTICO_USD,5m,Largo,sin bias,EMA 50,cualquier apoyo,impulso + retroceso,trailing EMA 50,244,15.891761768901569,22.131147540983605,0.07412981913292639,0.1713993725853364,1.2353047900440774,0.9051807248397518,18.08767586843404,10.098541865310498,12.741803278688524,121,123,0.061379753241808895,0.08667256687947289
WTICO_USD,5m,Largo,bias diario,EMA 25,primer apoyo,ninguna,bracket 2R,827,53.86265156918687,30.713422007255136,-0.25357553515919157,-0.10927743094404099,0.6586691609636937,-5.675931428839518,-209.70696757665144,214.5827313757519,11.11124546553809,480,347,-0.2804417643505199,-0.2164118751827143
WTICO_USD,5m,Largo,bias diario,EMA 25,primer apoyo,ninguna,trailing EMA 50,836,54.448823109843076,22.966507177033492,-0.11993942866686463,-0.011831762723881435,0.7663130305590714,-2.6503730139258646,-100.26936236549884,104.81900373061347,15.348086124401913,486,350,-0.06390019945743694,-0.1977539012262415
WTICO_USD,5m,Largo,bias diario,EMA 25,primer apoyo,impulso (RSI>=70),bracket 2R,479,31.19735199714693,30.2713987473904,-0.2752531278537564,-0.13147245924423287,0.6353644410672952,-4.699492880637011,-131.8462482419493,135.48838997677532,11.11482254697286,266,213,-0.27781634866252963,-0.27205211031791754
WTICO_USD,5m,Largo,bias diario,EMA 25,primer apoyo,impulso (RSI>=70),trailing EMA 50,479,31.19735199714693,24.63465553235908,-0.10935368879857957,-0.0015181873414369042,0.7962073532385976,-1.7622917272209817,-52.380416934519616,63.159447709543585,17.632567849686847,266,213,-0.01969936399081397,-0.22131636672752625
WTICO_USD,5m,Largo,bias diario,EMA 25,primer apoyo,retroceso (RSI<=40),bracket 2R,30,1.9539051355206847,43.333333333333336,0.07551808998891829,0.21652273746822806,1.1271092594706238,0.2998269341519603,2.2655426996675487,6.1604802012129065,14.4,15,15,0.05138212066352234,0.09965405931431424
WTICO_USD,5m,Largo,bias diario,EMA 25,primer apoyo,retroceso (RSI<=40),trailing EMA 50,30,1.9539051355206847,6.666666666666667,-0.19288783671618645,-0.08713435110670417,0.5300470793524124,-1.0678977192121262,-5.786635101485594,8.490252432585011,9.5,15,15,0.06212486935216572,-0.44790054278453867
WTICO_USD,5m,Largo,bias diario,EMA 25,primer apoyo,impulso + retroceso,bracket 2R,24,1.5631241084165477,45.83333333333333,0.16877481462790467,0.3176527727111973,1.2977380374007392,0.5838524813262919,4.050595551069712,4.5516441143765904,14.208333333333334,11,13,0.04091815241763888,0.2769612211135141
WTICO_USD,5m,Largo,bias diario,EMA 25,primer apoyo,impulso + retroceso,trailing EMA 50,24,1.5631241084165477,4.166666666666666,-0.2536439153706355,-0.14198544680816608,0.3357960880704387,-1.6150006049319483,-6.087453968895252,8.79107129999467,7.916666666666667,11,13,-0.03816167965426839,-0.43597503789986913
WTICO_USD,5m,Largo,bias diario,EMA 25,cualquier apoyo,ninguna,bracket 2R,1489,96.97882489300999,34.385493619879114,-0.18614460583572373,-0.04498209570892481,0.7309952487291235,-5.638179315604223,-277.1693180893926,281.17373858452737,12.68300873069174,879,610,-0.1909578944856535,-0.17920873579754618
WTICO_USD,5m,Largo,bias diario,EMA 25,cualquier apoyo,ninguna,trailing EMA 50,1667,108.57199536376605,23.155368926214756,-0.10218282503077374,0.0042902286543474175,0.7669315496127884,-3.616129476973614,-170.33876932629983,171.94256265739577,13.704859028194361,984,683,-0.06565501408934243,-0.15480854386879483
WTICO_USD,5m,Largo,bias diario,EMA 25,cualquier apoyo,impulso (RSI>=70),bracket 2R,984,64.08808844507845,34.2479674796748,-0.1945571639870274,-0.054222609826107826,0.7201884792690527,-4.8003150193113155,-191.44424936323497,195.99303707786143,13.027439024390244,559,425,-0.16227353529409172,-0.23701963090314754
WTICO_USD,5m,Largo,bias diario,EMA 25,cualquier apoyo,impulso (RSI>=70),trailing EMA 50,1031,67.14920649072752,24.151309408341415,-0.10232497998407974,0.004156604732467612,0.7750584781751343,-2.7580647711901682,-105.49705436358622,111.85656610181913,15.063045586808924,579,452,-0.03325555593757393,-0.1908010784861304
WTICO_USD,5m,Largo,bias diario,EMA 25,cualquier apoyo,retroceso (RSI<=40),bracket 2R,104,6.773537803138374,43.269230769230774,0.03566695653338414,0.17674895270290028,1.0621567673417578,0.27870819337676506,3.7093634794719508,8.676301368915734,12.701923076923077,58,46,0.10929981120972924,-0.05717446892809448
WTICO_USD,5m,Largo,bias diario,EMA 25,cualquier apoyo,retroceso (RSI<=40),trailing EMA 50,104,6.773537803138374,21.153846153846153,-0.025227390210561137,0.08058410691657597,0.9270188415102152,-0.25284690116619396,-2.623648581898358,9.437815160385876,12.153846153846153,58,46,0.032911858472194175,-0.09853339941925264
WTICO_USD,5m,Largo,bias diario,EMA 25,cualquier apoyo,impulso + retroceso,bracket 2R,70,4.559111982881597,42.857142857142854,0.04952257580869663,0.18852977485438843,1.0874969402516879,0.3168121702359652,3.466580306608764,8.592610095514111,13.9,36,34,-0.009744726739795456,0.11227619027180598
WTICO_USD,5m,Largo,bias diario,EMA 25,cualquier apoyo,impulso + retroceso,trailing EMA 50,70,4.559111982881597,17.142857142857142,-0.0669684175376284,0.03728698174664044,0.7957323725336156,-0.5792657493247011,-4.6877892276339885,11.387732833190297,11.442857142857143,36,34,-0.06766214351638096,-0.06623388414836098
WTICO_USD,5m,Largo,bias diario,EMA 50,primer apoyo,ninguna,bracket 2R,679,44.223386233951494,36.22974963181149,-0.1283897661125786,0.015355958296178343,0.8117493452244104,-2.543281989593373,-87.17665119044086,98.58640241122478,12.21502209131075,397,282,-0.19140616001209976,-0.03967519739587675
WTICO_USD,5m,Largo,bias diario,EMA 50,primer apoyo,ninguna,trailing EMA 50,686,44.67929743223966,19.825072886297377,-0.1071856842972494,0.00043528358155946916,0.7350328567404368,-2.5932653556912917,-73.52937942791309,75.61431429172121,11.151603498542274,401,285,-0.12106906486947196,-0.08765152426405204
WTICO_USD,5m,Largo,bias diario,EMA 50,primer apoyo,impulso (RSI>=70),bracket 2R,388,25.270506419400856,37.88659793814433,-0.08252061807094743,0.06142051955348617,0.876144408091416,-1.2163676458624093,-32.0179998115276,47.44117778487445,12.579896907216495,212,176,-0.17396734345451453,0.027631119322894696
WTICO_USD,5m,Largo,bias diario,EMA 50,primer apoyo,impulso (RSI>=70),trailing EMA 50,388,25.270506419400856,21.90721649484536,-0.074891521471535,0.033064331746790215,0.8099156297060041,-1.3354309931418227,-29.057910330955576,32.63268937440408,12.18041237113402,212,176,-0.05186714024361222,-0.10262543522335102
WTICO_USD,5m,Largo,bias diario,EMA 50,primer apoyo,retroceso (RSI<=40),bracket 2R,58,3.7775499286733236,36.206896551724135,-0.07598246568887733,0.06146332452684297,0.8877962588190454,-0.42273475653197295,-4.406983009954885,16.073917919073914,12.068965517241379,32,26,-0.17431415568655342,0.04504115276980093
WTICO_USD,5m,Largo,bias diario,EMA 50,primer apoyo,retroceso (RSI<=40),trailing EMA 50,58,3.7775499286733236,12.068965517241379,-0.06990048903223467,0.03318385362955553,0.803452793524337,-0.43545259223424604,-4.054228363869611,9.149846016233168,10.413793103448276,32,26,-0.16025443158663658,0.04130436334241388
WTICO_USD,5m,Largo,bias diario,EMA 50,primer apoyo,impulso + retroceso,bracket 2R,49,3.1913783880171183,34.69387755102041,-0.1373393111669625,-0.005782086784727558,0.8042142769326703,-0.7107094842261977,-6.729626247181162,13.875812321869097,12.83673469387755,27,22,-0.3231732014068863,0.09072955412748944
WTICO_USD,5m,Largo,bias diario,EMA 50,primer apoyo,impulso + retroceso,trailing EMA 50,49,3.1913783880171183,10.204081632653061,-0.12370438143131109,-0.02503646314463492,0.645509567479686,-0.736720669973072,-6.061514690134243,8.902403878276534,9.142857142857142,27,22,-0.2399813252768947,0.018999140560996077
WTICO_USD,5m,Largo,bias diario,EMA 50,cualquier apoyo,ninguna,bracket 2R,1077,70.14519436519258,35.097493036211695,-0.1662899821187125,-0.02613866999977722,0.7545116873466974,-4.287020717425445,-179.09431074185335,184.14442839690128,12.850510677808728,635,442,-0.22233243737160135,-0.08577650002462998
WTICO_USD,5m,Largo,bias diario,EMA 50,cualquier apoyo,ninguna,trailing EMA 50,1593,103.75236269614835,20.087884494664156,-0.10071450529987701,0.005705083625328965,0.7266080833800519,-4.11167104968596,-160.43820694270408,162.0420002738003,10.897677338355304,937,656,-0.0917062099765568,-0.11358153688211944
WTICO_USD,5m,Largo,bias diario,EMA 50,cualquier apoyo,impulso (RSI>=70),bracket 2R,677,44.09312589158345,35.15509601181684,-0.16457553382405166,-0.024246617641909746,0.7579412160374995,-3.343048470961838,-111.41763639888296,120.67069776474727,12.967503692762186,377,300,-0.24267134175336966,-0.0664351351928753
WTICO_USD,5m,Largo,bias diario,EMA 50,cualquier apoyo,impulso (RSI>=70),trailing EMA 50,959,62.459834165477886,20.437956204379564,-0.09053725659949831,0.017701157149154344,0.7560740758778708,-2.778456443957467,-86.82522907891888,88.97376494701554,11.40667361835245,516,443,-0.060310506546439796,-0.12574493837687575
WTICO_USD,5m,Largo,bias diario,EMA 50,cualquier apoyo,retroceso (RSI<=40),bracket 2R,150,9.769525677603424,41.333333333333336,0.012751365261069013,0.14984334703942803,1.0220511180112788,0.12082264384077566,1.912704789160352,13.330839095167459,13.293333333333333,85,65,-0.0004054356667105401,0.029956412628165296
WTICO_USD,5m,Largo,bias diario,EMA 50,cualquier apoyo,retroceso (RSI<=40),trailing EMA 50,151,9.834655848787445,20.52980132450331,0.03547094164432643,0.13882119111378977,1.1061904700967202,0.35959876409286573,5.356112188293291,8.492386151496563,12.324503311258278,85,66,0.07620402656908254,-0.016988334395132206
WTICO_USD,5m,Largo,bias diario,EMA 50,cualquier apoyo,impulso + retroceso,bracket 2R,117,7.62023002853067,41.88034188034188,0.046799716301488894,0.18208678703669598,1.0822227354604208,0.38698389113980564,5.475566807274201,12.81505236993043,13.923076923076923,65,52,-0.04590146336147194,0.16267619088019
WTICO_USD,5m,Largo,bias diario,EMA 50,cualquier apoyo,impulso + retroceso,trailing EMA 50,118,7.685360199714693,18.64406779661017,0.044304561547923914,0.14646117321604255,1.1387161721469223,0.3843061922886869,5.227938262655022,7.707190970902506,12.084745762711865,65,53,0.06467889980512001,0.01931716557211737
WTICO_USD,5m,Corto,sin bias,EMA 25,primer apoyo,ninguna,bracket 2R,1833,119.38360378031383,32.733224222585925,-0.18016271037356738,-0.045479261632321494,0.7509272630470779,-5.810239917635618,-330.238248114749,335.9573962073661,11.639388979814512,962,871,-0.248364260530457,-0.10483562512565943
WTICO_USD,5m,Corto,sin bias,EMA 25,primer apoyo,ninguna,trailing EMA 50,1844,120.10003566333808,23.806941431670282,-0.10602570089103139,-0.00481111399306903,0.7791925668442968,-3.5737267874758154,-195.51139244306188,207.89047704414997,16.046095444685466,966,878,-0.16241108411643904,-0.043988935292234355
WTICO_USD,5m,Corto,sin bias,EMA 25,primer apoyo,impulso (RSI>=70),bracket 2R,1051,68.45180991440799,34.53853472882968,-0.13132657205457107,0.000153006292048422,0.8146359800401439,-3.1486170179145025,-138.0242272293542,139.31751858758872,11.199809705042817,548,503,-0.17958531644425926,-0.07875044496600421
WTICO_USD,5m,Corto,sin bias,EMA 25,primer apoyo,impulso (RSI>=70),trailing EMA 50,1051,68.45180991440799,27.30732635585157,-0.06414137113384431,0.034478366702169284,0.872674458699065,-1.4978776826451916,-67.41258106167038,88.5329183721553,18.389153187440535,548,503,-0.09947581355449522,-0.02564579569345326
WTICO_USD,5m,Corto,sin bias,EMA 25,primer apoyo,retroceso (RSI<=40),bracket 2R,92,5.991975748930099,26.08695652173913,-0.39239668813593,-0.2368129073246214,0.5289106671707683,-2.965314354318899,-36.10049530850556,36.86420868583103,9.076086956521738,43,49,-0.4697204611204633,-0.3245411322515435
WTICO_USD,5m,Corto,sin bias,EMA 25,primer apoyo,retroceso (RSI<=40),trailing EMA 50,92,5.991975748930099,18.478260869565215,-0.21759095054242067,-0.1009031149339392,0.5374551029113628,-2.0490421995267742,-20.0183674499027,21.275632856098937,11.358695652173912,43,49,-0.17974296270024298,-0.2508044908937195
WTICO_USD,5m,Corto,sin bias,EMA 25,primer apoyo,impulso + retroceso,bracket 2R,67,4.363721469329529,25.37313432835821,-0.41428237989128697,-0.26401994608553747,0.5113831375141242,-2.6742386121335433,-27.756919452716225,27.75691945271623,10.283582089552239,29,38,-0.49003841132124104,-0.3564685664315852
WTICO_USD,5m,Corto,sin bias,EMA 25,primer apoyo,impulso + retroceso,trailing EMA 50,67,4.363721469329529,14.925373134328357,-0.24454291262861752,-0.13184608727430544,0.5057305571950542,-1.8535843437450017,-16.384375146117375,16.384375146117378,11.164179104477611,29,38,-0.2396183593054049,-0.24830112437527974
WTICO_USD,5m,Corto,sin bias,EMA 25,cualquier apoyo,ninguna,bracket 2R,3315,215.90651747503566,34.419306184012065,-0.15489775437270367,-0.02417393581989156,0.7762582400174667,-6.834899321128462,-513.4860557455127,515.8802092872261,12.339668174962293,1787,1528,-0.19795759030180618,-0.1045391635315347
WTICO_USD,5m,Corto,sin bias,EMA 25,cualquier apoyo,ninguna,trailing EMA 50,3691,240.39546184022822,22.243294500135466,-0.0922593070110834,0.008475179450816446,0.7823258857863928,-4.772795062799757,-340.52910217790884,352.5474451401178,13.519100514765647,1967,1724,-0.1144040180847688,-0.06699327065265
WTICO_USD,5m,Corto,sin bias,EMA 25,cualquier apoyo,impulso (RSI>=70),bracket 2R,2156,140.4206490727532,35.43599257884972,-0.1330242622947972,-0.005435198149161001,0.8045993634093077,-4.723522959997064,-286.80030950758277,287.1268802224064,12.460575139146568,1155,1001,-0.17437209918096008,-0.08531521973384003
WTICO_USD,5m,Corto,sin bias,EMA 25,cualquier apoyo,impulso (RSI>=70),trailing EMA 50,2238,145.76132310984306,24.798927613941018,-0.0690466182995109,0.02857878272797813,0.8421910048074724,-2.632730012529845,-154.5263317543054,163.68808913098965,15.047363717605004,1170,1068,-0.08798990608632332,-0.04829414010609283
WTICO_USD,5m,Corto,sin bias,EMA 25,cualquier apoyo,retroceso (RSI<=40),bracket 2R,263,17.129235021398003,30.418250950570343,-0.29748582176524935,-0.15990214285098336,0.588479356792248,-4.0091857212260384,-78.23877112426058,86.78276268875877,11.456273764258555,147,116,-0.33316796178487146,-0.25226793743003867
WTICO_USD,5m,Corto,sin bias,EMA 25,cualquier apoyo,retroceso (RSI<=40),trailing EMA 50,263,17.129235021398003,21.673003802281368,-0.08494371795846224,0.01828213144536562,0.7865032998786299,-1.127165926453124,-22.34019782307557,41.793330480976884,11.422053231939163,146,117,-0.028287761163325268,-0.15564260421564174
WTICO_USD,5m,Corto,sin bias,EMA 25,cualquier apoyo,impulso + retroceso,bracket 2R,177,11.528040299572039,28.8135593220339,-0.34655830138386207,-0.21044326573165992,0.5452613572037864,-3.8228814407428646,-61.34081934494358,64.0486111245438,11.536723163841808,90,87,-0.42103005744170585,-0.26951855373781664
WTICO_USD,5m,Corto,sin bias,EMA 25,cualquier apoyo,impulso + retroceso,trailing EMA 50,177,11.528040299572039,19.774011299435028,-0.15707463690080564,-0.05493176283189266,0.63804149435604,-1.893744716204546,-27.8022107314426,32.6158113032352,11.423728813559322,89,88,-0.1500038325914349,-0.16422579125914652
WTICO_USD,5m,Corto,sin bias,EMA 50,primer apoyo,ninguna,bracket 2R,1559,101.53793687589157,34.5734445157152,-0.15096096229138226,-0.016772294420678915,0.7853771482458477,-4.499278502553108,-235.34814021226492,252.87307514285777,11.937139191789608,845,714,-0.15538692371208618,-0.14572295472766403
WTICO_USD,5m,Corto,sin bias,EMA 50,primer apoyo,ninguna,trailing EMA 50,1566,101.99384807417974,21.328224776500637,-0.07446902977480802,0.026236895321373563,0.7998527527688991,-2.723646445024109,-116.61850062734935,138.2194728841946,11.466155810983397,850,716,-0.08100057080370886,-0.06671510536898992
WTICO_USD,5m,Corto,sin bias,EMA 50,primer apoyo,impulso (RSI>=70),bracket 2R,869,56.59811875891583,35.903337169159954,-0.10693324986026342,0.023166915632202262,0.843992786558397,-2.3535741566698634,-92.92499412856891,109.32045328119918,11.713463751438434,459,410,-0.06646342123554524,-0.15223971654013085
WTICO_USD,5m,Corto,sin bias,EMA 50,primer apoyo,impulso (RSI>=70),trailing EMA 50,868,56.53298858773181,23.502304147465438,-0.05376918035425697,0.04379430081535696,0.8559153474456136,-1.4552532266015734,-46.67164854749505,72.59078325189648,12.376728110599078,459,409,-0.027434449247207678,-0.08332331624211915
WTICO_USD,5m,Corto,sin bias,EMA 50,primer apoyo,retroceso (RSI<=40),bracket 2R,140,9.118223965763194,23.57142857142857,-0.43344908390368414,-0.2898989035171552,0.46261686618969194,-4.374017359148651,-60.68287174651578,64.1575549003993,10.107142857142858,66,74,-0.4398033409031416,-0.4277817736068707
WTICO_USD,5m,Corto,sin bias,EMA 50,primer apoyo,retroceso (RSI<=40),trailing EMA 50,140,9.118223965763194,16.428571428571427,-0.11089917001283404,-0.0032365347229373867,0.7192227474732469,-1.0932618008923538,-15.525883801796766,25.700485313875205,10.85,66,74,0.017945560085227328,-0.2258147401002942
WTICO_USD,5m,Corto,sin bias,EMA 50,primer apoyo,impulso + retroceso,bracket 2R,109,7.099188659058488,21.100917431192663,-0.4859589066379964,-0.3471143867160181,0.41007871856933475,-4.479879279732818,-52.96952082354161,55.66788705970137,11.119266055045872,49,60,-0.45931195934007546,-0.5077205802646318
WTICO_USD,5m,Corto,sin bias,EMA 50,primer apoyo,impulso + retroceso,trailing EMA 50,109,7.099188659058488,13.761467889908257,-0.17713834592438749,-0.07300495598290373,0.5534320697066488,-1.9588625615995305,-19.308079705758235,19.308079705758235,9.853211009174313,49,60,-0.1461726202841255,-0.2024270218639348
WTICO_USD,5m,Corto,sin bias,EMA 50,cualquier apoyo,ninguna,bracket 2R,2444,159.17813837375178,34.86088379705401,-0.1546941923512814,-0.02355684437944958,0.774405342918677,-5.904430759422774,-378.07260610653174,392.1693177088981,12.5069558101473,1350,1094,-0.15174277643453596,-0.15833625038382826
WTICO_USD,5m,Corto,sin bias,EMA 50,cualquier apoyo,ninguna,trailing EMA 50,3633,236.6179119115549,19.653179190751445,-0.08716243136095168,0.013526488638055164,0.7551925567359802,-5.161914973238506,-316.6611131343375,329.6704667546975,10.520506468483347,1961,1672,-0.08056599632163808,-0.09489903968158207
WTICO_USD,5m,Corto,sin bias,EMA 50,cualquier apoyo,impulso (RSI>=70),bracket 2R,1490,97.04395506419401,36.10738255033557,-0.1209146175876514,0.0062596838199710705,0.819134980961731,-3.5869014692251318,-180.1627802056006,197.15334323862015,12.580536912751677,808,682,-0.10022533911952755,-0.14542625542085388
WTICO_USD,5m,Corto,sin bias,EMA 50,cualquier apoyo,impulso (RSI>=70),trailing EMA 50,2133,138.92265513552067,20.628223159868732,-0.07257127903139807,0.02554851653330893,0.7965763186785271,-3.2081630004703907,-154.7945381739721,164.57875927539905,11.17065166432255,1126,1007,-0.05310228744140533,-0.09434097568515362
WTICO_USD,5m,Corto,sin bias,EMA 50,cualquier apoyo,retroceso (RSI<=40),bracket 2R,355,23.1212107703281,29.014084507042252,-0.3255859226732571,-0.19142940866875316,0.5486620379365056,-5.257660416612246,-115.58300254900627,120.8462070988776,12.309859154929578,186,169,-0.3282347587095215,-0.32267063567476484
WTICO_USD,5m,Corto,sin bias,EMA 50,cualquier apoyo,retroceso (RSI<=40),trailing EMA 50,359,23.38173145506419,19.498607242339833,-0.11609435969282358,-0.015232880211539828,0.683042594552954,-2.1635985177125217,-41.67787512972367,60.55368753711032,10.590529247910863,187,172,-0.0508470713854052,-0.1870318184921679
WTICO_USD,5m,Corto,sin bias,EMA 50,cualquier apoyo,impulso + retroceso,bracket 2R,268,17.454885877318116,27.985074626865668,-0.3487650419530339,-0.21591466017305683,0.5318950976351641,-4.860027871002079,-93.4690312434131,98.0827374981671,12.451492537313433,132,136,-0.3489017600180936,-0.3486323450075349
WTICO_USD,5m,Corto,sin bias,EMA 50,cualquier apoyo,impulso + retroceso,trailing EMA 50,272,17.715406562054206,17.647058823529413,-0.17216338534843312,-0.07218902498866431,0.5456896549038049,-3.3748729720388013,-46.828440814773806,50.81068051612717,10.169117647058824,133,139,-0.1550878596444384,-0.1885018380004568
WTICO_USD,5m,Corto,bias diario,EMA 25,primer apoyo,ninguna,bracket 2R,557,36.277505349500714,35.36804308797127,-0.10610834798554321,0.019907928069533898,0.8491143958593599,-1.8348335019485185,-59.10234982794756,73.67644237168942,11.587073608617594,220,337,-0.28071817143745365,0.007880260796119342
WTICO_USD,5m,Corto,bias diario,EMA 25,primer apoyo,ninguna,trailing EMA 50,559,36.407765691868754,25.939177101967797,-0.02489071060662383,0.06963399418797722,0.9463608164267395,-0.42286894409172165,-13.91390722910272,40.38946151156847,17.62432915921288,221,338,-0.11788003213177539,0.0359099996213599
WTICO_USD,5m,Corto,bias diario,EMA 25,primer apoyo,impulso (RSI>=70),bracket 2R,327,21.297565977175463,37.00305810397553,-0.07158616431322777,0.05352430252676478,0.8974844323905556,-0.9318115008885506,-23.40867573042548,26.367379665263265,11.079510703363914,131,196,-0.1558840975800227,-0.01524417830327809
WTICO_USD,5m,Corto,bias diario,EMA 25,primer apoyo,impulso (RSI>=70),trailing EMA 50,328,21.362696148359486,30.182926829268293,0.02747730361384919,0.12133967546591272,1.0557490430442362,0.32902921053221523,9.012555585342534,20.07870171787891,19.899390243902438,131,197,-0.008711837324285366,0.05154216383159351
WTICO_USD,5m,Corto,bias diario,EMA 25,primer apoyo,retroceso (RSI<=40),bracket 2R,24,1.5631241084165477,29.166666666666668,-0.375308423981554,-0.23353604129741548,0.5354528445479285,-1.4574815609038405,-9.007402175557296,10.27521676205694,12.25,6,18,-1.1388702465956952,-0.12078781644350685
WTICO_USD,5m,Corto,bias diario,EMA 25,primer apoyo,retroceso (RSI<=40),trailing EMA 50,24,1.5631241084165477,8.333333333333332,-0.2266085536822108,-0.12027926666910697,0.5025732581617314,-0.8970689443095614,-5.43860528837306,8.208122002780987,10.0,6,18,-0.4297247631734604,-0.15890315051846085
WTICO_USD,5m,Corto,bias diario,EMA 25,primer apoyo,impulso + retroceso,bracket 2R,21,1.3677335948644793,28.57142857142857,-0.35568035152125055,-0.21255685933242668,0.5653958982869745,-1.2417928985228137,-7.469287381946262,8.737101968445907,12.523809523809524,5,16,-1.1489581070340749,-0.10778105292349296
WTICO_USD,5m,Corto,bias diario,EMA 25,primer apoyo,impulso + retroceso,trailing EMA 50,21,1.3677335948644793,9.523809523809524,-0.1779992252406876,-0.07065660609906974,0.5951433902864326,-0.6204859543342691,-3.7379837300544394,6.507500444462368,10.380952380952381,5,16,-0.42281722418418183,-0.10149360057084567
WTICO_USD,5m,Corto,bias diario,EMA 25,cualquier apoyo,ninguna,bracket 2R,1021,66.4979047788873,35.84720861900098,-0.11396606365537477,0.00914921216454754,0.8322656562005226,-2.753459472086537,-116.35935099213765,122.84368829902091,12.921645445641527,414,607,-0.2511971828842841,-0.020368562237304846
WTICO_USD,5m,Corto,bias diario,EMA 25,cualquier apoyo,ninguna,trailing EMA 50,1141,74.31352532097004,22.261174408413673,-0.08032066644838501,0.01356200355097783,0.8118641934656095,-2.270942387016294,-91.64588041760729,101.35819958050295,14.306748466257668,473,668,-0.1647402516754187,-0.020544523016668027
WTICO_USD,5m,Corto,bias diario,EMA 25,cualquier apoyo,impulso (RSI>=70),bracket 2R,673,43.83260520684736,36.40416047548291,-0.11187285866201858,0.009518178955406615,0.8351462763477001,-2.1943241751031515,-75.29043387953851,76.79238213323401,12.916790490341754,279,394,-0.21718166379655854,-0.03730139512766162
WTICO_USD,5m,Corto,bias diario,EMA 25,cualquier apoyo,impulso (RSI>=70),trailing EMA 50,715,46.56807239657632,24.615384615384617,-0.06666259060216993,0.025702246068104034,0.850896859808284,-1.4160549958687496,-47.6637522805515,59.817569613451255,15.411188811188811,297,418,-0.13680626035537152,-0.016823667356474066
WTICO_USD,5m,Corto,bias diario,EMA 25,cualquier apoyo,retroceso (RSI<=40),bracket 2R,84,5.470934379457917,32.142857142857146,-0.26436517609916943,-0.13984839215157394,0.6254335241854564,-2.0011385002269484,-22.206674792330233,25.323345935409463,12.535714285714286,35,49,-0.5531967600936565,-0.05805690181739292
WTICO_USD,5m,Corto,bias diario,EMA 25,cualquier apoyo,retroceso (RSI<=40),trailing EMA 50,85,5.53606455064194,16.470588235294116,-0.15542169908805925,-0.06147171567628399,0.6177795797296836,-1.4008527494848209,-13.210844422485037,18.024444994277644,10.2,35,50,-0.31741820016985267,-0.04202414833080389
WTICO_USD,5m,Corto,bias diario,EMA 25,cualquier apoyo,impulso + retroceso,bracket 2R,61,3.972940442225392,34.42622950819672,-0.22976398048234267,-0.10339009686199986,0.6784711713279258,-1.4159415225621994,-14.015602809422903,16.726794564632254,12.639344262295081,22,39,-0.599909187713937,-0.02096411999272526
WTICO_USD,5m,Corto,bias diario,EMA 25,cualquier apoyo,impulso + retroceso,trailing EMA 50,62,4.038070613409415,17.741935483870968,-0.15365831016426498,-0.05812933634276393,0.6409328073983177,-1.084092768844428,-9.526815230184429,14.340415801977036,10.580645161290322,22,40,-0.3573511174708685,-0.04162726614563306
WTICO_USD,5m,Corto,bias diario,EMA 50,primer apoyo,ninguna,bracket 2R,468,30.48092011412268,36.11111111111111,-0.081424614298791,0.04205683531062442,0.8815835898122555,-1.2901511881008279,-38.106719491834184,57.25266735578875,11.905982905982906,197,271,-0.18114353622765614,-0.008935213487032972
WTICO_USD,5m,Corto,bias diario,EMA 50,primer apoyo,ninguna,trailing EMA 50,469,30.546050285306702,23.02771855010661,-0.0062647694129494965,0.08634672134376004,0.9816330925022986,-0.12153658080276157,-2.938176854673314,25.175091761994842,12.763326226012794,198,271,-0.03814389211355329,0.017026988132141093
WTICO_USD,5m,Corto,bias diario,EMA 50,primer apoyo,impulso (RSI>=70),bracket 2R,276,17.9759272467903,37.68115942028986,-0.030992733603880836,0.09084323067962995,0.9532904657375958,-0.37395083613899394,-8.55399447467111,22.27614524570435,11.72463768115942,115,161,-0.07812153372745578,0.0026706950558155968
WTICO_USD,5m,Corto,bias diario,EMA 50,primer apoyo,impulso (RSI>=70),trailing EMA 50,276,17.9759272467903,26.811594202898554,0.07885006114424262,0.1702270343568757,1.241843885004833,1.05997214595124,21.762616875810963,15.230903860600712,14.22463768115942,115,161,0.08893900265757387,0.07164367434900601
WTICO_USD,5m,Corto,bias diario,EMA 50,primer apoyo,retroceso (RSI<=40),bracket 2R,46,2.9959878744650497,26.08695652173913,-0.36808091714174274,-0.24651522651868382,0.5257073648681487,-2.0638409031140243,-16.931722188520165,19.856216731537117,10.217391304347826,19,27,-0.47663402842454733,-0.29169169068347295
WTICO_USD,5m,Corto,bias diario,EMA 50,primer apoyo,retroceso (RSI<=40),trailing EMA 50,46,2.9959878744650497,10.869565217391305,-0.1929686380069222,-0.10179437003962795,0.5036730140347417,-1.28157647395603,-8.876557348318421,9.70469270407829,9.195652173913043,19,27,-0.16705689412296235,-0.21120282814748645
WTICO_USD,5m,Corto,bias diario,EMA 50,primer apoyo,impulso + retroceso,bracket 2R,39,2.54007667617689,25.64102564102564,-0.3786275514474497,-0.2579548897497568,0.5240901227053175,-1.9204368687952185,-14.766474506450539,17.69096904946749,10.461538461538462,17,22,-0.45711146733337965,-0.3179808891719584
WTICO_USD,5m,Corto,bias diario,EMA 50,primer apoyo,impulso + retroceso,trailing EMA 50,39,2.54007667617689,12.82051282051282,-0.13274903121915888,-0.0422445349458891,0.6350258984940864,-0.7583607958923557,-5.177212217547196,6.005347573307069,9.615384615384615,17,22,-0.15072223776294535,-0.11886064434441473
WTICO_USD,5m,Corto,bias diario,EMA 50,cualquier apoyo,ninguna,bracket 2R,741,48.26145684736091,36.43724696356275,-0.09895531940160751,0.022585679694970766,0.8512803796446025,-2.045273674619075,-73.32589167659117,87.97558394103734,13.053981106612685,317,424,-0.16695397923766364,-0.04811669872229197
WTICO_USD,5m,Corto,bias diario,EMA 50,cualquier apoyo,ninguna,trailing EMA 50,1118,72.81553138373751,19.58855098389982,-0.07792356034118274,0.016260691936307817,0.775912317359102,-2.6382096157090507,-87.1185404614423,89.56082091201918,11.075134168157424,467,651,-0.11393703714085965,-0.052089007859694045
WTICO_USD,5m,Corto,bias diario,EMA 50,cualquier apoyo,impulso (RSI>=70),bracket 2R,470,30.611180456490725,36.38297872340426,-0.08553536581977131,0.0341279784218067,0.8695462549501728,-1.4076589936152253,-40.201621935292515,49.35353122631176,13.019148936170213,201,269,-0.12310794692930789,-0.05746068625465293
WTICO_USD,5m,Corto,bias diario,EMA 50,cualquier apoyo,impulso (RSI>=70),trailing EMA 50,684,44.54903708987161,20.46783625730994,-0.05173723830183177,0.040876869417302356,0.8493205100331622,-1.2988886494136795,-35.38827099845293,37.84783308922775,11.564327485380117,293,391,-0.08492844074770874,-0.02686505846387284
WTICO_USD,5m,Corto,bias diario,EMA 50,cualquier apoyo,retroceso (RSI<=40),bracket 2R,116,7.555099857346647,32.758620689655174,-0.23437913238227587,-0.1127996316606423,0.6526055122370797,-2.1070146826856506,-27.187979356344,34.01489326027454,12.232758620689655,46,70,-0.4377388343609276,-0.10074275679630464
WTICO_USD,5m,Corto,bias diario,EMA 50,cualquier apoyo,retroceso (RSI<=40),trailing EMA 50,117,7.62023002853067,18.803418803418804,-0.12111711529373449,-0.029505083122072066,0.6747383303967829,-1.3602856841433302,-14.170702489366935,20.147391039833675,10.376068376068377,46,71,-0.2347938409485275,-0.047467405714572766
WTICO_USD,5m,Corto,bias diario,EMA 50,cualquier apoyo,impulso + retroceso,bracket 2R,94,6.122236091298145,32.97872340425532,-0.23667912266098776,-0.11526817745997622,0.6605555930836742,-1.8588058276015444,-22.24783753013285,27.36425090246572,11.542553191489361,37,57,-0.4262475239233206,-0.11362594991175422
WTICO_USD,5m,Corto,bias diario,EMA 50,cualquier apoyo,impulso + retroceso,trailing EMA 50,95,6.187366262482168,17.894736842105264,-0.11727325850300542,-0.025687333892755966,0.6873837278784866,-1.1380392215846376,-11.140959557785514,15.55729951352,10.25263157894737,37,58,-0.243384467665579,-0.0368230043820533
WTICO_USD,15m,Largo,sin bias,EMA 25,primer apoyo,ninguna,bracket 2R,716,46.64151952915998,39.80446927374302,-0.04828005083709373,0.04895560360333425,0.9174039390132438,-1.0393484582509795,-34.56851639935911,50.33019215189439,6.594972067039106,372,344,0.0092013477272893,-0.11044016788927537
WTICO_USD,15m,Largo,sin bias,EMA 25,primer apoyo,ninguna,trailing EMA 50,716,46.64151952915998,31.70391061452514,-0.013678454988815628,0.0592596998285228,0.9691786942745678,-0.2918561873119092,-9.79377377199199,29.25025133552335,8.71927374301676,372,344,0.0024874023184494718,-0.031160137890858117
WTICO_USD,15m,Largo,sin bias,EMA 25,primer apoyo,impulso (RSI>=70),bracket 2R,486,31.658908507223114,39.50617283950617,-0.05711858457812302,0.04079155882956588,0.9053405559849416,-0.9981059160404062,-27.75963210496779,43.18480208854443,6.617283950617284,250,236,0.025579816870282157,-0.14472282340058612
WTICO_USD,15m,Largo,sin bias,EMA 25,primer apoyo,impulso (RSI>=70),trailing EMA 50,486,31.658908507223114,31.893004115226336,-0.029093169559639774,0.0443394379961269,0.9381411201883887,-0.4961631625235126,-14.13928040598493,26.952152972718604,9.05761316872428,250,236,0.032241747905080755,-0.09406659907735224
WTICO_USD,15m,Largo,sin bias,EMA 25,primer apoyo,retroceso (RSI<=40),bracket 2R,92,5.993044408774746,40.21739130434783,-0.028721447160643437,0.05568314784570076,0.9496056525289468,-0.22272342700338013,-2.642373138779196,10.448748779100509,7.695652173913044,56,36,-0.001941556478556959,-0.0703790548883335
WTICO_USD,15m,Largo,sin bias,EMA 25,primer apoyo,retroceso (RSI<=40),trailing EMA 50,92,5.993044408774746,29.347826086956523,0.10295763634308254,0.16626108259784061,1.3261102343889342,0.7861689861558862,9.472102543563594,5.98810515526886,7.804347826086956,56,36,0.08182749878321247,0.13582673921399158
WTICO_USD,15m,Largo,sin bias,EMA 25,primer apoyo,impulso + retroceso,bracket 2R,68,4.42964151952916,41.17647058823529,0.020707243080815032,0.10800998335638125,1.038851770058942,0.138922127710742,1.408092529495422,5.539108311563294,7.838235294117647,38,30,0.07041953301206648,-0.04226165749877013
WTICO_USD,15m,Largo,sin bias,EMA 25,primer apoyo,impulso + retroceso,trailing EMA 50,68,4.42964151952916,32.35294117647059,0.11758876184218872,0.18306581704886338,1.3982038955036986,0.8972725561287102,7.996035805268833,4.936837239244629,8.058823529411764,38,30,0.2622497764423029,-0.06564852331795591
WTICO_USD,15m,Largo,sin bias,EMA 25,cualquier apoyo,ninguna,bracket 2R,1180,76.8673087212413,39.49152542372881,-0.07616270974316697,0.018701495592965366,0.865780809092596,-2.202834512928152,-89.87199749693703,94.88047777301514,6.764406779661017,635,545,-0.038598995844849174,-0.11992960575313356
WTICO_USD,15m,Largo,sin bias,EMA 25,cualquier apoyo,ninguna,trailing EMA 50,1241,80.84095773140717,31.345688960515712,-0.014981353402189377,0.05525746523070753,0.962266682591031,-0.4576960146221455,-18.591859572117016,45.39848264743111,7.913779210314263,669,572,0.018581360480147174,-0.05423564638695012
WTICO_USD,15m,Largo,sin bias,EMA 25,cualquier apoyo,impulso (RSI>=70),bracket 2R,867,56.47792937399679,39.33102652825836,-0.0875416285288362,0.007207804711382825,0.8476767506193529,-2.172819036144117,-75.89859193450098,83.90723405942691,6.840830449826989,460,407,-0.03642510060074898,-0.1453146084966989
WTICO_USD,15m,Largo,sin bias,EMA 25,cualquier apoyo,impulso (RSI>=70),trailing EMA 50,896,58.36704119850187,31.919642857142854,-0.03885384815886469,0.03169884193846048,0.9049279971440746,-1.0302794722969795,-34.813047950342764,51.0314776278021,8.097098214285714,474,422,0.002914416277900925,-0.08576891295276734
WTICO_USD,15m,Largo,sin bias,EMA 25,cualquier apoyo,retroceso (RSI<=40),bracket 2R,157,10.227260567148207,35.03184713375796,-0.15447287608877042,-0.06780610954225799,0.7393911998505098,-1.6808749171819626,-24.252241545936954,25.087302057037274,7.140127388535032,96,61,-0.1563715737245713,-0.1514847617766904
WTICO_USD,15m,Largo,sin bias,EMA 25,cualquier apoyo,retroceso (RSI<=40),trailing EMA 50,156,10.162118780096309,23.717948717948715,-0.05894074864944501,0.005639073677565665,0.8327193963532566,-0.6950778443455625,-9.194756789313422,14.478324083398338,6.589743589743589,95,61,-0.07052950025813227,-0.04089269286542387
WTICO_USD,15m,Largo,sin bias,EMA 25,cualquier apoyo,impulso + retroceso,bracket 2R,120,7.81701444622793,35.833333333333336,-0.11159217757607606,-0.021356518092769217,0.8029602452954662,-1.060656103147807,-13.391061309129128,15.324395972747734,7.358333333333333,69,51,-0.0798956699016428,-0.15447568795913288
WTICO_USD,15m,Largo,sin bias,EMA 25,cualquier apoyo,impulso + retroceso,trailing EMA 50,119,7.75187265917603,26.05042016806723,-0.04122193141885469,0.025926386863997758,0.8779771573477797,-0.4757917428397384,-4.905409838843708,11.336611308437792,6.714285714285714,68,51,0.04038981072659372,-0.15003758761278593
WTICO_USD,15m,Largo,sin bias,EMA 50,primer apoyo,ninguna,bracket 2R,607,39.54106474050294,40.19769357495881,-0.04716122042825752,0.050446167392187824,0.9199708825828002,-0.930493327923936,-28.62686079995232,55.9527259770997,6.392092257001647,323,284,-0.06623888502549939,-0.025463735692662005
WTICO_USD,15m,Largo,sin bias,EMA 50,primer apoyo,ninguna,trailing EMA 50,606,39.47592295345105,29.042904290429046,0.04311343930038058,0.11632675547940227,1.105870054973887,0.8271079328668092,26.12674421603063,28.301049720388793,7.797029702970297,323,283,0.01498107382543619,0.07522211084952207
WTICO_USD,15m,Largo,sin bias,EMA 50,primer apoyo,impulso (RSI>=70),bracket 2R,411,26.77327447833066,40.632603406326034,-0.03523687301820634,0.06240741704192973,0.9405459911413903,-0.5663019010833842,-14.482354810482807,34.36927746982536,6.40389294403893,214,197,-0.04393284734630782,-0.025790484661791544
WTICO_USD,15m,Largo,sin bias,EMA 50,primer apoyo,impulso (RSI>=70),trailing EMA 50,411,26.77327447833066,28.467153284671532,0.03728722559111805,0.11052044313622011,1.088881944492375,0.5757556078281697,15.32504971794952,17.458047850896957,7.785888077858881,214,197,0.040424265497497044,0.03387947665728508
WTICO_USD,15m,Largo,sin bias,EMA 50,primer apoyo,retroceso (RSI<=40),bracket 2R,92,5.993044408774746,38.04347826086957,-0.11370237319569769,-0.023782105925799425,0.8210940906933742,-0.8752625499302206,-10.460618334004188,18.119244454110103,6.945652173913044,55,37,-0.1490639811764488,-0.061137820791878496
WTICO_USD,15m,Largo,sin bias,EMA 50,primer apoyo,retroceso (RSI<=40),trailing EMA 50,92,5.993044408774746,26.08695652173913,0.044396083481137785,0.11183628393356147,1.1198534308336503,0.3328515691092929,4.084439680264676,9.773260370405309,7.5978260869565215,55,37,0.01678210684033207,0.08544388659584903
WTICO_USD,15m,Largo,sin bias,EMA 50,primer apoyo,impulso + retroceso,bracket 2R,71,4.625066880684858,40.845070422535215,-0.06415266668342996,0.028711998829308402,0.8943461448055103,-0.43267670570656896,-4.554839334523527,10.578570460619911,7.28169014084507,40,31,-0.09078546297988635,-0.029787768236389574
WTICO_USD,15m,Largo,sin bias,EMA 50,primer apoyo,impulso + retroceso,trailing EMA 50,71,4.625066880684858,26.76056338028169,0.02477256670906166,0.09442106584361537,1.0686476930241586,0.19100530494118373,1.7588522363433778,5.46692171213996,7.253521126760563,40,31,0.12974120229461836,-0.11067083404649546
WTICO_USD,15m,Largo,sin bias,EMA 50,cualquier apoyo,ninguna,bracket 2R,916,59.66987693953986,40.174672489082965,-0.0609284012504216,0.034181080455517224,0.8930770704133183,-1.5308539759531032,-55.810415545386185,75.43903713896079,6.637554585152839,508,408,-0.06572934446715549,-0.0549507562648804
WTICO_USD,15m,Largo,sin bias,EMA 50,cualquier apoyo,ninguna,trailing EMA 50,1073,69.89713750668807,28.424976700838773,-0.010083328396135884,0.05952252710155761,0.973185502074331,-0.29219806707653834,-10.819411369053803,44.42346231936129,7.131407269338304,600,473,-0.026132763143769187,0.010275362615661102
WTICO_USD,15m,Largo,sin bias,EMA 50,cualquier apoyo,impulso (RSI>=70),bracket 2R,649,42.277019796682715,40.67796610169492,-0.04750670495352581,0.046927473318807325,0.9163934512423254,-1.0002668559169636,-30.831851514838252,45.6864476344035,6.795069337442219,354,295,-0.037000462896122195,-0.060114195422410116
WTICO_USD,15m,Largo,sin bias,EMA 50,cualquier apoyo,impulso (RSI>=70),trailing EMA 50,765,49.83346709470305,27.84313725490196,-0.031129768019833155,0.038120114061571383,0.9180776081251724,-0.7887967270255577,-23.814272535172364,40.770336708214096,7.118954248366013,419,346,-0.0419795786610542,-0.0179908354803198
WTICO_USD,15m,Largo,sin bias,EMA 50,cualquier apoyo,retroceso (RSI<=40),bracket 2R,153,9.96669341894061,35.947712418300654,-0.2130450939305091,-0.12387238497725951,0.6606714475090718,-2.32934122465899,-32.59589937136789,32.59589937136791,7.084967320261438,93,60,-0.2869718831458966,-0.09845857064665844
WTICO_USD,15m,Largo,sin bias,EMA 50,cualquier apoyo,retroceso (RSI<=40),trailing EMA 50,152,9.90155163188871,25.0,-0.08502948736419862,-0.018568902663230108,0.7839176789471812,-0.9554769370445988,-12.924482079358189,17.968089295768376,6.993421052631579,92,60,-0.11623343372586674,-0.03718343627630749
WTICO_USD,15m,Largo,sin bias,EMA 50,cualquier apoyo,impulso + retroceso,bracket 2R,123,8.012439807383627,37.39837398373984,-0.18245295907573714,-0.09095686420007035,0.6976910877672677,-1.8026112171520496,-22.441713966315668,22.441713966315685,7.463414634146342,73,50,-0.2444924298719175,-0.09187533171331383
WTICO_USD,15m,Largo,sin bias,EMA 50,cualquier apoyo,impulso + retroceso,trailing EMA 50,122,7.947298020331728,26.229508196721312,-0.08572121526018416,-0.017606827764757166,0.775237441371326,-0.9799205624320497,-10.457988261742466,10.52657750807764,6.836065573770492,72,50,-0.04506187028991379,-0.1442706720173734
WTICO_USD,15m,Largo,bias diario,EMA 25,primer apoyo,ninguna,bracket 2R,344,22.408774745853396,40.116279069767444,-0.024705145290250276,0.07461056172969871,0.9561694095904477,-0.3701758339316359,-8.498569979846096,27.317876943766446,7.087209302325581,180,164,0.06404828800673192,-0.12211745012840143
WTICO_USD,15m,Largo,bias diario,EMA 25,primer apoyo,ninguna,trailing EMA 50,344,22.408774745853396,33.72093023255814,0.039760084073419216,0.11427062135787071,1.0942545107898571,0.574027083495757,13.67746892125621,25.448500390997516,9.206395348837209,180,164,0.08408707509830639,-0.008891491441700839
WTICO_USD,15m,Largo,bias diario,EMA 25,primer apoyo,impulso (RSI>=70),bracket 2R,233,15.178036383092563,37.33905579399141,-0.08317583922211078,0.017488723689811088,0.863391219135621,-1.0118030048962148,-19.37997053875181,29.51367007729828,7.223175965665236,124,109,0.007924370117796696,-0.18681277461796877
WTICO_USD,15m,Largo,bias diario,EMA 25,primer apoyo,impulso (RSI>=70),trailing EMA 50,233,15.178036383092563,31.759656652360512,0.005502522385633797,0.08100094456957518,1.0119357239432076,0.061812008270901116,1.2820877158526747,23.330543832820403,9.55793991416309,124,109,0.08866456651688681,-0.08910383974533297
WTICO_USD,15m,Largo,bias diario,EMA 25,primer apoyo,retroceso (RSI<=40),bracket 2R,51,3.32223113964687,43.13725490196079,0.036907969271427116,0.11941189785422206,1.0746573402779527,0.2215855237173385,1.882306432842783,4.214606704949303,9.215686274509803,33,18,0.1017244305959607,-0.08192220982355111
WTICO_USD,15m,Largo,bias diario,EMA 25,primer apoyo,retroceso (RSI<=40),trailing EMA 50,51,3.32223113964687,33.33333333333333,0.15185253106647661,0.21373047750357277,1.5685309875240558,1.0185313474939386,7.744479084390307,3.4769810024571823,9.509803921568627,33,18,0.21713516306555555,0.032167705734831895
WTICO_USD,15m,Largo,bias diario,EMA 25,primer apoyo,impulso + retroceso,bracket 2R,39,2.540529695024077,41.02564102564102,0.05030616007945944,0.1362009245383279,1.1047060319959077,0.2630959379295738,1.9619402430989183,3.2904641577409426,9.179487179487179,23,16,0.15114552113274074,-0.09465042143463233
WTICO_USD,15m,Largo,bias diario,EMA 25,primer apoyo,impulso + retroceso,trailing EMA 50,39,2.540529695024077,35.8974358974359,0.21670248884649856,0.2811235621906499,1.8475477475814335,1.1786267765166223,8.451397065013444,2.9907353237665824,9.64102564102564,23,16,0.358886791865651,0.012312553256467254
WTICO_USD,15m,Largo,bias diario,EMA 25,cualquier apoyo,ninguna,bracket 2R,547,35.63255751738898,40.036563071297984,-0.033664804495820995,0.06080696983495778,0.936885785501215,-0.6669737595557446,-18.414648059214084,32.96773881228839,7.254113345521024,302,245,-0.003378434942172668,-0.07099739063950178
WTICO_USD,15m,Largo,bias diario,EMA 25,cualquier apoyo,ninguna,trailing EMA 50,586,38.17308721241306,32.93515358361775,0.031815367189029546,0.10226127749333304,1.086111982375338,0.669925227832848,18.643805172771316,29.95653754427068,8.29863481228669,327,259,0.07271362840421089,-0.019820661449442653
WTICO_USD,15m,Largo,bias diario,EMA 25,cualquier apoyo,impulso (RSI>=70),bracket 2R,393,25.60072231139647,38.42239185750636,-0.0661927274460684,0.029342049145298543,0.8812779134980634,-1.1043648827402686,-26.013741886304878,35.74407544108533,7.402035623409669,218,175,-0.023151011252091628,-0.11981040819056515
WTICO_USD,15m,Largo,bias diario,EMA 25,cualquier apoyo,impulso (RSI>=70),trailing EMA 50,415,27.033841626538255,33.25301204819277,0.010799154014102348,0.08193757631496061,1.0274420701208158,0.1851502556160435,4.481648915852475,26.915501453396807,8.590361445783133,237,178,0.05897415605750276,-0.053343966684132986
WTICO_USD,15m,Largo,bias diario,EMA 25,cualquier apoyo,retroceso (RSI<=40),bracket 2R,86,5.602193686463349,40.69767441860465,0.0019057775817926262,0.08613626552882422,1.0040594804798169,0.015848214252896568,0.16389687203416586,8.107477473109121,8.488372093023257,56,30,-0.0342525697508313,0.06940135926935732
WTICO_USD,15m,Largo,bias diario,EMA 25,cualquier apoyo,retroceso (RSI<=40),trailing EMA 50,86,5.602193686463349,27.906976744186046,0.03353628089638587,0.09670914685665953,1.1168369193602516,0.33231831689182484,2.8841201570891846,5.1270869242299355,7.988372093023256,56,30,0.05225359270470458,-0.001402701145809079
WTICO_USD,15m,Largo,bias diario,EMA 25,cualquier apoyo,impulso + retroceso,bracket 2R,65,4.234216158373462,40.0,0.042083434794570496,0.13062301326893982,1.0933267619574847,0.30208736737920305,2.735423261647082,5.448356962424179,8.892307692307693,39,26,0.07036005147294104,-0.0003314902229853513
WTICO_USD,15m,Largo,bias diario,EMA 25,cualquier apoyo,impulso + retroceso,trailing EMA 50,65,4.234216158373462,30.76923076923077,0.11076541757531035,0.17717010143108733,1.4139806355641893,0.8821630375121584,7.199752142395172,4.356183986304574,8.276923076923078,39,26,0.18292961070043573,0.002519127887622141
WTICO_USD,15m,Largo,bias diario,EMA 50,primer apoyo,ninguna,bracket 2R,296,19.281968967362225,40.54054054054054,-0.03334558908544043,0.06561049815519486,0.9415749587141452,-0.46515958470072316,-9.870294369290367,27.751959919542863,6.581081081081081,161,135,-0.05271137404467179,-0.010250097393320057
WTICO_USD,15m,Largo,bias diario,EMA 50,primer apoyo,ninguna,trailing EMA 50,296,19.281968967362225,30.067567567567565,0.09477739922194037,0.16905473311331182,1.246973233369802,1.2563588062814564,28.054110169694347,12.29079175216299,8.121621621621621,161,135,0.11405081255601986,0.07179206924574186
WTICO_USD,15m,Largo,bias diario,EMA 50,primer apoyo,impulso (RSI>=70),bracket 2R,194,12.637506688068486,40.72164948453608,-0.028921451824180235,0.07123551012681796,0.9502876377110678,-0.3217357613829176,-5.6107616538909655,24.54534534840397,6.623711340206185,105,89,-0.06942475646331626,0.01886334578378922
WTICO_USD,15m,Largo,bias diario,EMA 50,primer apoyo,impulso (RSI>=70),trailing EMA 50,194,12.637506688068486,29.381443298969074,0.09847472685780637,0.17359244832105503,1.2380626382489885,0.9748029975277062,19.104097010414435,10.93254319345172,8.268041237113403,105,89,0.15993643819972614,0.02596371909486731
WTICO_USD,15m,Largo,bias diario,EMA 50,primer apoyo,retroceso (RSI<=40),bracket 2R,54,3.5176565008025684,42.592592592592595,0.008753336551056593,0.09362651711797948,1.0154152430918453,0.05128436843774632,0.47268017375705607,8.633952454480255,7.611111111111111,35,19,-0.01791587332837935,0.05788082843422807
WTICO_USD,15m,Largo,bias diario,EMA 50,primer apoyo,retroceso (RSI<=40),trailing EMA 50,54,3.5176565008025684,27.77777777777778,0.10650285710583385,0.17015774253102606,1.3475280981372133,0.7327916035252581,5.751154283715028,3.7109380584733773,8.12962962962963,35,19,0.14917354809948044,0.027898952643853225
WTICO_USD,15m,Largo,bias diario,EMA 50,primer apoyo,impulso + retroceso,bracket 2R,42,2.735955056179775,45.23809523809524,0.06180430239452618,0.14957946634346092,1.113375623428351,0.316173073741379,2.5957807005700997,6.5330279535184985,7.928571428571429,26,16,0.016528441224925142,0.13537757679512794
WTICO_USD,15m,Largo,bias diario,EMA 50,primer apoyo,impulso + retroceso,trailing EMA 50,42,2.735955056179775,28.57142857142857,0.1599805946117964,0.22581196757349742,1.531694260061458,0.9042904021235205,6.719184973695448,3.043493376897813,7.976190476190476,26,16,0.24355268083582346,0.024175954497752478
WTICO_USD,15m,Largo,bias diario,EMA 50,cualquier apoyo,ninguna,bracket 2R,443,28.857811663991438,41.534988713318285,-0.017453349992794173,0.07713774830683966,0.9674374733433894,-0.3086262361521522,-7.731834046807819,28.87810057090009,7.024830699774267,252,191,-0.06809744387807365,0.049365035656893944
WTICO_USD,15m,Largo,bias diario,EMA 50,cualquier apoyo,ninguna,trailing EMA 50,527,34.32972177635099,30.170777988614798,0.03890837910500945,0.10859346123813582,1.1129833452957703,0.8043470582953187,20.504715788339983,14.59307592553721,7.466793168880455,304,223,0.030220819323989158,0.05075150992756626
WTICO_USD,15m,Largo,bias diario,EMA 50,cualquier apoyo,impulso (RSI>=70),bracket 2R,307,19.99852862493312,42.01954397394137,0.002265157976772103,0.09741744537986936,1.004216524843767,0.032953182660618384,0.6954034988690356,17.338168580004904,7.214983713355049,177,130,-0.0628795660008391,0.09096220523859659
WTICO_USD,15m,Largo,bias diario,EMA 50,cualquier apoyo,impulso (RSI>=70),trailing EMA 50,366,23.841894060995184,30.05464480874317,0.03948014381902249,0.10909337816811622,1.110023407866465,0.6500541656364802,14.449732637762231,13.601747676776785,7.601092896174864,215,151,0.03150225464263372,0.05083938999732436
WTICO_USD,15m,Largo,bias diario,EMA 50,cualquier apoyo,retroceso (RSI<=40),bracket 2R,88,5.732477260567149,39.77272727272727,-0.06367819793011846,0.02243623647677471,0.8831552140757176,-0.5185396372655182,-5.603681417850424,12.639362749016286,8.090909090909092,56,32,-0.1453638696599506,0.0792717275970877
WTICO_USD,15m,Largo,bias diario,EMA 50,cualquier apoyo,retroceso (RSI<=40),trailing EMA 50,88,5.732477260567149,27.27272727272727,0.013423894189679052,0.07800971999484886,1.041153938115284,0.12882722630407797,1.1813026886917566,6.080303099490887,7.875,56,32,0.029900032709361684,-0.015409348219765587
WTICO_USD,15m,Largo,bias diario,EMA 50,cualquier apoyo,impulso + retroceso,bracket 2R,70,4.559925093632959,40.0,-0.035384483765590266,0.05341670592668924,0.9329996571294001,-0.25768211629581567,-2.4769138635913186,9.321240676471335,8.67142857142857,43,27,-0.09087481500322438,0.052989006723975114
WTICO_USD,15m,Largo,bias diario,EMA 50,cualquier apoyo,impulso + retroceso,trailing EMA 50,70,4.559925093632959,28.57142857142857,0.07388280855526753,0.14048370082447714,1.2379354012439727,0.5961582420567735,5.171796598868728,5.303099418488361,7.985714285714286,43,27,0.12582855191111741,-0.00884559752997486
WTICO_USD,15m,Corto,sin bias,EMA 25,primer apoyo,ninguna,bracket 2R,735,47.87921348314607,37.95918367346939,-0.06539776415640455,0.024545743232357004,0.8892604661575818,-1.4303571928510095,-48.06735665495735,65.46017194188147,6.717006802721088,381,354,-0.06238624336445678,-0.06863897721214496
WTICO_USD,15m,Corto,sin bias,EMA 25,primer apoyo,ninguna,trailing EMA 50,738,48.07463884430177,29.81029810298103,-0.06815369294669156,-0.0007836321570508306,0.8496969004043641,-1.5714858810366574,-50.29742539465837,59.51023611293499,8.681571815718158,383,355,-0.08886103079413273,-0.045813100283114194
WTICO_USD,15m,Corto,sin bias,EMA 25,primer apoyo,impulso (RSI>=70),bracket 2R,508,33.0920278223649,37.99212598425197,-0.0676297198139067,0.02151139316659118,0.8869965344803286,-1.223421469076048,-34.3558976654646,48.686381807310255,6.6358267716535435,271,237,-0.05982982462642776,-0.07654858730676241
WTICO_USD,15m,Corto,sin bias,EMA 25,primer apoyo,impulso (RSI>=70),trailing EMA 50,508,33.0920278223649,29.7244094488189,-0.07791803566503538,-0.011062200929661975,0.834350841195415,-1.4811811131077401,-39.582362117837974,46.199026732622926,8.990157480314961,271,237,-0.11601660828183931,-0.03435384503569418
WTICO_USD,15m,Corto,sin bias,EMA 25,primer apoyo,retroceso (RSI<=40),bracket 2R,92,5.993044408774746,30.434782608695656,-0.24585911947904085,-0.1543551082368142,0.6605431151466019,-1.8600997213527508,-22.619038992071758,29.591699893755425,6.358695652173913,50,42,-0.1582424299778781,-0.3501647022185203
WTICO_USD,15m,Corto,sin bias,EMA 25,primer apoyo,retroceso (RSI<=40),trailing EMA 50,92,5.993044408774746,20.652173913043477,-0.18003246192522243,-0.11140445349355246,0.6098965671330157,-1.780155700700848,-16.562986497120463,21.303905054569622,7.521739130434782,50,42,-0.1898751788393181,-0.16831494178939424
WTICO_USD,15m,Corto,sin bias,EMA 25,primer apoyo,impulso + retroceso,bracket 2R,67,4.3644997324772605,29.850746268656714,-0.2597242871141603,-0.16660267086793104,0.6379840463046456,-1.7129292907324036,-17.40152723664874,24.6969468138506,6.522388059701493,35,32,-0.19070049038556103,-0.33521906478606567
WTICO_USD,15m,Corto,sin bias,EMA 25,primer apoyo,impulso + retroceso,trailing EMA 50,67,4.3644997324772605,17.91044776119403,-0.21450544003000985,-0.1446642278453379,0.5389078164253569,-1.8675462214730483,-14.37186448201066,18.80275570722723,7.268656716417911,35,32,-0.22013978925580202,-0.20834287056429968
WTICO_USD,15m,Corto,sin bias,EMA 25,cualquier apoyo,ninguna,bracket 2R,1162,75.69475655430712,37.607573149741825,-0.0910833140127482,-0.0032227899409139793,0.8454449575144674,-2.565796630907832,-105.83881088281342,122.13088417794077,6.767641996557659,625,537,-0.09866416367054145,-0.08226016496969274
WTICO_USD,15m,Corto,sin bias,EMA 25,cualquier apoyo,ninguna,trailing EMA 50,1202,78.3004280363831,29.201331114808653,-0.061267483320968215,0.004321661530010654,0.851713027141747,-1.9586143082649925,-73.6435149518038,91.8721221753393,8.061564059900167,619,583,-0.07048238847210332,-0.05148356172825358
WTICO_USD,15m,Corto,sin bias,EMA 25,cualquier apoyo,impulso (RSI>=70),bracket 2R,851,55.4356607811664,36.78025851938895,-0.10909167948433704,-0.02252622128761158,0.8167267800366852,-2.6491942492696317,-92.83701924117082,104.50566492838833,6.775558166862515,464,387,-0.13348988685486596,-0.0798390484250982
WTICO_USD,15m,Corto,sin bias,EMA 25,cualquier apoyo,impulso (RSI>=70),trailing EMA 50,852,55.5008025682183,28.87323943661972,-0.08945453834874198,-0.024501557308137877,0.7926976484494181,-2.4375553044908487,-76.21526667312817,81.95315066823059,8.311032863849766,446,406,-0.12844528088170973,-0.046622343349472004
WTICO_USD,15m,Corto,sin bias,EMA 25,cualquier apoyo,retroceso (RSI<=40),bracket 2R,142,9.250133761369716,31.690140845070424,-0.22753802298976405,-0.1372179488238283,0.6686041598644461,-2.201827313889202,-32.3103992645465,43.19765210241099,6.605633802816901,76,66,-0.12389009599924387,-0.34689018134248417
WTICO_USD,15m,Corto,sin bias,EMA 25,cualquier apoyo,retroceso (RSI<=40),trailing EMA 50,142,9.250133761369716,21.830985915492956,-0.14696584812601712,-0.0792257925015653,0.6438025292855941,-1.9470887867281195,-20.869150433894433,25.613554414729972,7.443661971830986,76,66,-0.13645189374025293,-0.1590728259035638
WTICO_USD,15m,Corto,sin bias,EMA 25,cualquier apoyo,impulso + retroceso,bracket 2R,105,6.839887640449438,32.38095238095238,-0.20233113377603995,-0.11158898640259313,0.6956603987160865,-1.688448133702458,-21.244769046484194,30.81946091844864,6.771428571428571,54,51,-0.11227240290779486,-0.2976874370482994
WTICO_USD,15m,Corto,sin bias,EMA 25,cualquier apoyo,impulso + retroceso,trailing EMA 50,105,6.839887640449438,20.952380952380953,-0.15315946575469072,-0.08510285522460563,0.6318041283264313,-1.7314232797442806,-16.081743904242526,20.580861121003778,7.647619047619048,54,51,-0.12299158480993037,-0.18510192793149582
WTICO_USD,15m,Corto,sin bias,EMA 50,primer apoyo,ninguna,bracket 2R,611,39.80163188871054,37.47954173486088,-0.08580431471102315,0.005042670022235319,0.8575112829277656,-1.7136946862301283,-52.42643628843514,82.0748428015706,6.76595744680851,300,311,-0.08188515702406095,-0.08958485267272298
WTICO_USD,15m,Corto,sin bias,EMA 50,primer apoyo,ninguna,trailing EMA 50,612,39.86677367576244,26.47058823529412,-0.06071585616819278,0.007364745860094348,0.8475026357027446,-1.3504913379965693,-37.15810397493398,54.346606090459986,7.620915032679738,301,311,-0.08454822812478781,-0.037649798422420735
WTICO_USD,15m,Corto,sin bias,EMA 50,primer apoyo,impulso (RSI>=70),bracket 2R,419,27.294408774745854,37.70883054892602,-0.08916247062731357,0.000809708450657313,0.852879567287911,-1.4690089870389595,-37.35907519284439,65.91591518488416,6.6610978520286395,213,206,-0.11804405862639437,-0.059299469443798006
WTICO_USD,15m,Corto,sin bias,EMA 50,primer apoyo,impulso (RSI>=70),trailing EMA 50,419,27.294408774745854,26.014319809069214,-0.06989979533674393,-0.0024206610282657927,0.8308066665710792,-1.2652118266046277,-29.288014246095706,42.66360129593252,7.768496420047732,213,206,-0.10611352483884195,-0.03245550221078823
WTICO_USD,15m,Corto,sin bias,EMA 50,primer apoyo,retroceso (RSI<=40),bracket 2R,100,6.514178705189941,38.0,-0.034646130689021726,0.05783027794755413,0.9447165822482222,-0.26096639238999575,-3.4646130689021724,17.753343100200524,6.68,50,50,0.11828040935379651,-0.18757267073183997
WTICO_USD,15m,Corto,sin bias,EMA 50,primer apoyo,retroceso (RSI<=40),trailing EMA 50,100,6.514178705189941,31.0,-0.01833720968374116,0.05102009679369071,0.9551306443156434,-0.16187069076070368,-1.8337209683741162,13.657763696352458,9.17,50,50,0.06288645530283421,-0.09956087467031662
WTICO_USD,15m,Corto,sin bias,EMA 50,primer apoyo,impulso + retroceso,bracket 2R,78,5.081059390048154,39.743589743589745,0.009588330269540158,0.10153889354187418,1.0159455758523832,0.06388372304269214,0.7478897610241324,14.654435570079901,6.884615384615385,40,38,0.09860846494422386,-0.08411707465117957
WTICO_USD,15m,Corto,sin bias,EMA 50,primer apoyo,impulso + retroceso,trailing EMA 50,78,5.081059390048154,30.76923076923077,-0.023188510820977257,0.04577441163327327,0.9442273520934201,-0.17647878502121467,-1.808703844036226,11.829287926559957,9.08974358974359,40,38,0.08544248586758728,-0.13753692838788728
WTICO_USD,15m,Corto,sin bias,EMA 50,cualquier apoyo,ninguna,bracket 2R,888,57.845906902086675,37.049549549549546,-0.11195350218974048,-0.023012437864691395,0.8147365585548726,-2.7547302876896516,-99.41470994448954,108.57290243914022,6.79054054054054,461,427,-0.12129833758973793,-0.10186458153541068
WTICO_USD,15m,Corto,sin bias,EMA 50,cualquier apoyo,ninguna,trailing EMA 50,1055,68.72458533975387,25.876777251184834,-0.05743283647734024,0.007917702139608266,0.8408749127257097,-1.8785206504952374,-60.59164248359395,74.86894846680119,6.990521327014218,530,525,-0.05648966464081977,-0.058384990902779946
WTICO_USD,15m,Corto,sin bias,EMA 50,cualquier apoyo,impulso (RSI>=70),bracket 2R,632,41.16960941680043,36.708860759493675,-0.13517992053999414,-0.047469108320436625,0.77913816316319,-2.8266903549370284,-85.43370978127629,96.39920324621838,6.738924050632911,336,296,-0.17540798464058105,-0.08951563156094954
WTICO_USD,15m,Corto,sin bias,EMA 50,cualquier apoyo,impulso (RSI>=70),trailing EMA 50,737,48.00949705724987,24.96607869742198,-0.08168268011624252,-0.01715500867980177,0.7829574299508502,-2.239478709580017,-60.200135245670744,67.71387725376417,7.094979647218453,378,359,-0.10983693850937412,-0.0520383634794633
WTICO_USD,15m,Corto,sin bias,EMA 50,cualquier apoyo,retroceso (RSI<=40),bracket 2R,161,10.487827715355806,34.161490683229815,-0.15389819068046134,-0.06338772663643091,0.7677870136450315,-1.544784367902153,-24.777608699554275,37.151823321813886,6.577639751552795,87,74,-0.04535729325127108,-0.28150708360396876
WTICO_USD,15m,Corto,sin bias,EMA 50,cualquier apoyo,retroceso (RSI<=40),trailing EMA 50,161,10.487827715355806,26.70807453416149,-0.030987745211022207,0.03689510282200059,0.9176608177009298,-0.37706870961295375,-4.989026978974575,19.143406394994607,8.142857142857142,87,74,0.026955718343681573,-0.09911046587668744
WTICO_USD,15m,Corto,sin bias,EMA 50,cualquier apoyo,impulso + retroceso,bracket 2R,127,8.273006955591224,36.22047244094488,-0.0862085923958774,0.0033699077532612686,0.8630572303645113,-0.759438926891885,-10.94849123427643,24.270784935497353,6.708661417322834,70,57,-0.00045624295066929284,-0.19151849522332598
WTICO_USD,15m,Corto,sin bias,EMA 50,cualquier apoyo,impulso + retroceso,trailing EMA 50,127,8.273006955591224,26.77165354330709,-0.009769219674211384,0.057414655437642605,0.9738268876794803,-0.1017897065197098,-1.2406908986248457,15.23560895305648,8.275590551181102,70,57,0.08122129476345649,-0.12151195670292635
WTICO_USD,15m,Corto,bias diario,EMA 25,primer apoyo,ninguna,bracket 2R,241,15.699170679507759,38.17427385892116,-0.05574316360337679,0.02794195969174764,0.9060640465606654,-0.6931306317860984,-13.434102428413807,18.659818236587423,7.813278008298755,98,143,-0.11712555965938284,-0.01367690616639363
WTICO_USD,15m,Corto,bias diario,EMA 25,primer apoyo,ninguna,trailing EMA 50,244,15.894596040663457,26.639344262295083,-0.15633605260895223,-0.09377936223889577,0.6357799009899519,-2.7075247301365617,-38.145996836584345,40.4830792983212,8.62295081967213,100,144,-0.19395112082100688,-0.13021447746169212
WTICO_USD,15m,Corto,bias diario,EMA 25,primer apoyo,impulso (RSI>=70),bracket 2R,164,10.683253076511503,37.19512195121951,-0.09672016840652564,-0.012947551811306844,0.8453043514322468,-0.9862538254514681,-15.862107618670205,19.901510743881985,7.658536585365853,72,92,-0.17365588081214278,-0.03650961087169477
WTICO_USD,15m,Corto,bias diario,EMA 25,primer apoyo,impulso (RSI>=70),trailing EMA 50,164,10.683253076511503,25.609756097560975,-0.18863151086643404,-0.12580204842001994,0.5977708401579194,-2.6391425226233864,-30.935567782095184,33.55070497748925,8.804878048780488,72,92,-0.2667324522367005,-0.12750903501144298
WTICO_USD,15m,Corto,bias diario,EMA 25,primer apoyo,retroceso (RSI<=40),bracket 2R,26,1.6936864633493847,26.923076923076923,-0.4225057931135945,-0.3411546713578219,0.43863235892052327,-1.9091528219342278,-10.985150620953457,14.130121282967256,7.0,13,13,-0.28163325559469915,-0.5633783306324898
WTICO_USD,15m,Corto,bias diario,EMA 25,primer apoyo,retroceso (RSI<=40),trailing EMA 50,26,1.6936864633493847,15.384615384615385,-0.4113318363464677,-0.3503184950296383,0.096077838026822,-4.977188269166135,-10.69462774500816,11.17783883492663,6.115384615384615,13,13,-0.31879660413835126,-0.5038670685545844
WTICO_USD,15m,Corto,bias diario,EMA 25,primer apoyo,impulso + retroceso,bracket 2R,19,1.2376939539860887,26.31578947368421,-0.395183466113223,-0.31402280701313606,0.4671546942312227,-1.5035592934796185,-7.508485856151237,10.016903197739342,6.421052631578948,10,9,-0.3499871762457202,-0.44540156596600394
WTICO_USD,15m,Corto,bias diario,EMA 25,primer apoyo,impulso + retroceso,trailing EMA 50,19,1.2376939539860887,10.526315789473683,-0.42858646342572,-0.3677159691006547,0.07237927411825508,-4.849444450646514,-8.14314280508868,8.626353895007147,5.2105263157894735,10,9,-0.3916955748870585,-0.4695763395797883
WTICO_USD,15m,Corto,bias diario,EMA 25,cualquier apoyo,ninguna,bracket 2R,384,25.014446227929373,38.54166666666667,-0.09406568014538629,-0.012235209344261375,0.8394165231028485,-1.5424606413075244,-36.12122117582833,38.79330677519975,7.643229166666667,164,220,-0.15134314185823036,-0.05136793595944796
WTICO_USD,15m,Corto,bias diario,EMA 25,cualquier apoyo,ninguna,trailing EMA 50,409,26.64299090422686,27.139364303178482,-0.13411022600316982,-0.07314698666310844,0.6563922351882175,-3.2615062069069927,-54.85108243529646,56.963621047819515,8.100244498777506,162,247,-0.13475335103726116,-0.1336884193006484
WTICO_USD,15m,Corto,bias diario,EMA 25,cualquier apoyo,impulso (RSI>=70),bracket 2R,276,17.979133226324237,38.04347826086957,-0.11018960032089894,-0.0288313085581399,0.8153004044952367,-1.5277461748632557,-30.412329688568107,34.81455282432257,7.692028985507246,122,154,-0.19894851332102553,-0.03987409781430513
WTICO_USD,15m,Corto,bias diario,EMA 25,cualquier apoyo,impulso (RSI>=70),trailing EMA 50,285,18.56540930979133,27.719298245614034,-0.146078743718116,-0.0854336906739806,0.6477405216976235,-2.9000443630228223,-41.632441959663055,44.85565979270044,8.396491228070175,117,168,-0.1855506246346662,-0.11858939807980426
WTICO_USD,15m,Corto,bias diario,EMA 25,cualquier apoyo,retroceso (RSI<=40),bracket 2R,41,2.670813269127876,26.82926829268293,-0.5094035820765981,-0.4283570335592176,0.33689470489913304,-3.2477141793379665,-20.885546865140522,23.393964206728622,7.024390243902439,18,23,-0.5027808226730716,-0.5145866111750101
WTICO_USD,15m,Corto,bias diario,EMA 25,cualquier apoyo,retroceso (RSI<=40),trailing EMA 50,41,2.670813269127876,17.073170731707318,-0.33236816787913936,-0.271583256491104,0.15470759040078902,-4.914995443962711,-13.627094883044714,14.110305972963182,5.7317073170731705,18,23,-0.3215982793498531,-0.3407967762933634
WTICO_USD,15m,Corto,bias diario,EMA 25,cualquier apoyo,impulso + retroceso,bracket 2R,30,1.9542536115569824,26.666666666666668,-0.4971610891650356,-0.416216113779974,0.34474359218176365,-2.697022150489203,-14.914832674951068,17.423250016539175,6.5,13,17,-0.5173172722627484,-0.48174753738443193
WTICO_USD,15m,Corto,bias diario,EMA 25,cualquier apoyo,impulso + retroceso,trailing EMA 50,30,1.9542536115569824,13.333333333333334,-0.35547696642575216,-0.29476823488695586,0.11751692642522803,-4.774580522633218,-10.664308992772565,11.147520082691036,5.066666666666666,13,17,-0.36204906264338105,-0.350451245788742
WTICO_USD,15m,Corto,bias diario,EMA 50,primer apoyo,ninguna,bracket 2R,212,13.810058855002675,39.15094339622642,-0.07145901168820887,0.010849842535019935,0.8765572597883455,-0.8572817939235876,-15.14931047790028,30.50568580247172,7.471698113207547,82,130,-0.24857661076975807,0.04026132004015293
WTICO_USD,15m,Corto,bias diario,EMA 50,primer apoyo,ninguna,trailing EMA 50,213,13.875200642054574,25.352112676056336,-0.14208940672998452,-0.08048468603144268,0.6248974893180921,-2.5365752118617824,-30.265043633486705,31.532527689215996,7.474178403755869,83,130,-0.22511240581559971,-0.08908241500609175
WTICO_USD,15m,Corto,bias diario,EMA 50,primer apoyo,impulso (RSI>=70),bracket 2R,142,9.250133761369716,40.140845070422536,-0.05954866286604835,0.024642901806220488,0.8994704727836106,-0.5680188589124529,-8.455910126978866,22.8358640782107,6.964788732394366,57,85,-0.3140201549118561,0.11109692591761097
WTICO_USD,15m,Corto,bias diario,EMA 50,primer apoyo,impulso (RSI>=70),trailing EMA 50,142,9.250133761369716,23.943661971830984,-0.17577243152160932,-0.11262875801740768,0.5761100463269511,-2.514749883995484,-24.959685276068523,26.227169331797814,7.507042253521127,57,85,-0.28436674414443625,-0.1029503630568901
WTICO_USD,15m,Corto,bias diario,EMA 50,primer apoyo,retroceso (RSI<=40),bracket 2R,33,2.1496789727126804,36.36363636363637,-0.17335762271838473,-0.09148808521637468,0.7289864997461006,-0.8061756435996635,-5.720801549706696,8.229218891294801,7.303030303030303,13,20,-0.05269158582072413,-0.2517905467018641
WTICO_USD,15m,Corto,bias diario,EMA 50,primer apoyo,retroceso (RSI<=40),trailing EMA 50,33,2.1496789727126804,24.242424242424242,-0.3071651124237686,-0.2457629592972611,0.2785588635939214,-3.100667148573731,-10.136448709984364,10.619659799902834,7.363636363636363,13,20,-0.18178028438126517,-0.38866525065139595
WTICO_USD,15m,Corto,bias diario,EMA 50,primer apoyo,impulso + retroceso,bracket 2R,25,1.6285446762974853,40.0,-0.04545979550138597,0.03537925239653704,0.9217507246958069,-0.17908871605078255,-1.1364948875346492,5.073831939797877,7.04,10,15,-0.05236300553955257,-0.04085765547594152
WTICO_USD,15m,Corto,bias diario,EMA 50,primer apoyo,impulso + retroceso,trailing EMA 50,25,1.6285446762974853,24.0,-0.2969400369604059,-0.23631075103696364,0.31492128327076174,-2.484692512712569,-7.423500924010147,7.906712013928617,7.24,10,15,-0.2135743592028466,-0.3525171554654455
WTICO_USD,15m,Corto,bias diario,EMA 50,cualquier apoyo,ninguna,bracket 2R,310,20.193953986088818,38.70967741935484,-0.10836677271740405,-0.027502284260624593,0.8135619490602696,-1.6255944783551606,-33.59369954239526,42.634923283883836,7.509677419354839,129,181,-0.24788303514983606,-0.008932530431306115
WTICO_USD,15m,Corto,bias diario,EMA 50,cualquier apoyo,ninguna,trailing EMA 50,381,24.819020866773677,24.93438320209974,-0.11315589936920818,-0.05302653610010846,0.6715953925943245,-2.852349359064684,-43.11239765966832,44.87386655393545,6.8556430446194225,150,231,-0.15973721142448322,-0.08290829413851014
WTICO_USD,15m,Corto,bias diario,EMA 50,cualquier apoyo,impulso (RSI>=70),bracket 2R,220,14.331193151417871,38.63636363636363,-0.1270159687538036,-0.04515439115034282,0.7883526228706944,-1.5819247005407884,-27.943513125836795,36.78731634029906,7.163636363636364,93,127,-0.31974606678187045,0.014117095156512983
WTICO_USD,15m,Corto,bias diario,EMA 50,cualquier apoyo,impulso (RSI>=70),trailing EMA 50,261,17.002006420545747,24.521072796934863,-0.13359583086781274,-0.0730181431689067,0.640474407263404,-2.6858935177898755,-34.868511856499126,37.39986266152853,6.946360153256705,104,157,-0.2142381870315561,-0.08017669047909101
WTICO_USD,15m,Corto,bias diario,EMA 50,cualquier apoyo,retroceso (RSI<=40),bracket 2R,57,3.7130818619582664,29.82456140350877,-0.3539526271482446,-0.27255363059214305,0.5115303799846241,-2.3425193207953345,-20.17529974744994,24.592118678216288,6.824561403508772,26,31,-0.44502792771275923,-0.2775668911909097
WTICO_USD,15m,Corto,bias diario,EMA 50,cualquier apoyo,retroceso (RSI<=40),trailing EMA 50,57,3.7130818619582664,22.807017543859647,-0.16235934801829613,-0.10131010060121995,0.5443372943552807,-1.6164990016163427,-9.254482837042879,12.135282330220935,6.614035087719298,26,31,-0.13618531137483805,-0.18431176584829315
WTICO_USD,15m,Corto,bias diario,EMA 50,cualquier apoyo,impulso + retroceso,bracket 2R,45,2.9313804173354736,31.11111111111111,-0.2910431924420147,-0.2102089329160766,0.5837044700486433,-1.6585578279945339,-13.096943659890663,17.513762590657002,6.466666666666667,21,24,-0.44027599294438957,-0.16046449200243681
WTICO_USD,15m,Corto,bias diario,EMA 50,cualquier apoyo,impulso + retroceso,trailing EMA 50,45,2.9313804173354736,22.22222222222222,-0.13622742446035546,-0.0756017298159018,0.6195178534313585,-1.1174436739014597,-6.130234100715995,9.416190614674964,6.488888888888889,21,24,-0.11708032770535173,-0.15298113412098371
WTICO_USD,1h,Largo,sin bias,EMA 25,primer apoyo,ninguna,bracket 2R,305,19.914417232749376,33.77049180327869,-0.06268594901464722,0.0012602446699587664,0.9115241808643997,-0.7720241993481048,-19.1192144494674,37.382356396829515,8.970491803278689,170,135,-0.13392584394434823,0.02702354830423561
WTICO_USD,1h,Largo,sin bias,EMA 25,primer apoyo,ninguna,trailing EMA 50,309,20.175589917769038,26.860841423948216,0.06917824254644345,0.11721555488687173,1.1258191675502482,0.6562150381019537,21.376076946851025,41.01502181851609,23.414239482200646,172,137,0.09832437467262145,0.032586018271241836
WTICO_USD,1h,Largo,sin bias,EMA 25,primer apoyo,impulso (RSI>=70),bracket 2R,172,11.230425455845548,33.13953488372093,-0.08950117533432134,-0.026835031253851747,0.8752765049357877,-0.8320050054606211,-15.39420215750327,29.477479322509613,8.61046511627907,98,74,-0.09898127368257392,-0.07694645049474362
WTICO_USD,1h,Largo,sin bias,EMA 25,primer apoyo,impulso (RSI>=70),trailing EMA 50,172,11.230425455845548,28.488372093023255,0.14704961733524433,0.19404922539559655,1.251087614459478,0.9197102526654254,25.292534181662024,18.71788945910994,27.023255813953487,98,74,0.1614916095979946,0.12792373568998047
WTICO_USD,1h,Largo,sin bias,EMA 25,primer apoyo,retroceso (RSI<=40),bracket 2R,17,1.1099839113335717,35.294117647058826,-0.07194225645767506,-0.017655444840577867,0.9047107902870395,-0.1901724665567479,-1.223018359780476,6.669742300841673,11.647058823529411,8,9,0.07720696383491157,-0.2045193411621965
WTICO_USD,1h,Largo,sin bias,EMA 25,primer apoyo,retroceso (RSI<=40),trailing EMA 50,17,1.1099839113335717,35.294117647058826,0.1532147966555042,0.19392990536832708,1.3289819512270513,0.43209491010220313,2.604651543143571,3.6857205798962993,25.0,8,9,0.044526527072585795,0.24982659184032052
WTICO_USD,1h,Largo,sin bias,EMA 25,primer apoyo,impulso + retroceso,bracket 2R,9,0.5876385412942439,44.44444444444444,0.1314202067809676,0.1888730486344655,1.180102541236748,0.2236789267787063,1.1827818610287084,2.358869606433368,8.222222222222221,4,5,0.45479707258827684,-0.1272812858648798
WTICO_USD,1h,Largo,sin bias,EMA 25,primer apoyo,impulso + retroceso,trailing EMA 50,9,0.5876385412942439,44.44444444444444,0.47153772413728046,0.514627355527404,1.975622901665018,0.7805097695379296,4.243839517235524,1.7691522048250257,28.666666666666668,4,5,0.5730757784868332,0.39030728065763826
WTICO_USD,1h,Largo,sin bias,EMA 25,cualquier apoyo,ninguna,bracket 2R,931,60.78794243832678,34.47905477980666,-0.04250208365827944,0.020909361324206708,0.9390378269653834,-0.9157293014375635,-39.56943988585816,61.99943110545377,10.944146079484426,511,420,-0.07934210301076257,0.00231993988724168
WTICO_USD,1h,Largo,sin bias,EMA 25,cualquier apoyo,ninguna,trailing EMA 50,789,51.51631212012871,26.996197718631176,0.061586399969530886,0.10927806496404852,1.132281255625332,1.0539959564012715,48.59166957595987,33.09961577948863,20.424588086185043,435,354,0.05643213084729975,0.06792003575532338
WTICO_USD,1h,Largo,sin bias,EMA 25,cualquier apoyo,impulso (RSI>=70),bracket 2R,681,44.46464962459778,34.801762114537446,-0.03301329904586424,0.029562080409800576,0.9524129627896608,-0.6066109711347619,-22.482056650233545,42.21708055509116,11.19676945668135,371,310,-0.03891786753283913,-0.02594686385661365
WTICO_USD,1h,Largo,sin bias,EMA 25,cualquier apoyo,impulso (RSI>=70),trailing EMA 50,554,36.172416875223455,27.075812274368232,0.05051045831295512,0.09753152250714557,1.1003540856003358,0.6831379694886016,27.982793905377136,28.17441512219739,21.904332129963898,301,253,0.08277826114760335,0.01212070079031039
WTICO_USD,1h,Largo,sin bias,EMA 25,cualquier apoyo,retroceso (RSI<=40),bracket 2R,107,6.98636932427601,31.775700934579437,-0.11876732423511849,-0.059572403874874495,0.8385147168233672,-0.8664228080939248,-12.708103693157678,18.38986149045522,11.158878504672897,52,55,-0.0689987828077475,-0.1658212179482693
WTICO_USD,1h,Largo,sin bias,EMA 25,cualquier apoyo,retroceso (RSI<=40),trailing EMA 50,106,6.921076153021095,25.471698113207548,0.06646818169198189,0.11114129124355963,1.1597684341951602,0.4583307238352851,7.045627259350081,13.387626608890407,20.160377358490567,52,54,0.24504230970480317,-0.10549208972777188
WTICO_USD,1h,Largo,sin bias,EMA 25,cualquier apoyo,impulso + retroceso,bracket 2R,70,4.570521987844119,32.857142857142854,-0.09352312911594497,-0.0339178173515935,0.8723839082818157,-0.5413758070849063,-6.546619038116148,12.878509413201295,10.557142857142857,32,38,-0.021924290222230663,-0.1538168881843359
WTICO_USD,1h,Largo,sin bias,EMA 25,cualquier apoyo,impulso + retroceso,trailing EMA 50,69,4.505228816589203,27.536231884057973,0.15359432031242806,0.19872817714121235,1.3846858735414935,0.7751008313675742,10.598008101557536,6.453279944713097,21.753623188405797,32,37,0.373861250565398,-0.03690680855500536
WTICO_USD,1h,Largo,sin bias,EMA 50,primer apoyo,ninguna,bracket 2R,281,18.34738112263139,34.87544483985765,-0.025939855602578117,0.03523633370688981,0.9623999479831871,-0.3050992973643213,-7.289099424324451,31.42068221434373,10.765124555160142,153,128,-0.01724451268477511,-0.036333507684014534
WTICO_USD,1h,Largo,sin bias,EMA 50,primer apoyo,ninguna,trailing EMA 50,282,18.412674293886308,23.04964539007092,-0.0024602033619924276,0.04339016752427914,0.9937844081099948,-0.030536614126609,-0.6937773480818645,34.257942809533624,16.393617021276597,154,128,0.022432939153368487,-0.03240976545078598
WTICO_USD,1h,Largo,sin bias,EMA 50,primer apoyo,impulso (RSI>=70),bracket 2R,167,10.90395959957097,37.72455089820359,0.0533587213869833,0.11318209444093456,1.0810213578840995,0.47590475979954194,8.91090647162621,24.913282654284238,11.58682634730539,92,75,0.18220336663738004,-0.10469071012016996
WTICO_USD,1h,Largo,sin bias,EMA 50,primer apoyo,impulso (RSI>=70),trailing EMA 50,167,10.90395959957097,25.149700598802394,0.07578857352549401,0.12065610331595741,1.197569153662302,0.6712074635787926,12.6566917787575,12.852611583189585,18.32934131736527,92,75,0.16383172030377813,-0.03221101985586781
WTICO_USD,1h,Largo,sin bias,EMA 50,primer apoyo,retroceso (RSI<=40),bracket 2R,53,3.4605380765105473,35.84905660377358,-0.015128209348828886,0.042948482472499286,0.9779535892723236,-0.0758076930349646,-0.8017950954879309,12.163389575094623,10.716981132075471,23,30,0.297096606180447,-0.2545005679212736
WTICO_USD,1h,Largo,sin bias,EMA 50,primer apoyo,retroceso (RSI<=40),trailing EMA 50,53,3.4605380765105473,28.30188679245283,0.09268668989147719,0.13624420875747326,1.231366309823573,0.4793383795822831,4.912394564248291,6.610822717690169,18.71698113207547,23,30,0.050504950284683686,0.12502602359001883
WTICO_USD,1h,Largo,sin bias,EMA 50,primer apoyo,impulso + retroceso,bracket 2R,36,2.3505541651769755,41.66666666666667,0.1463503196143303,0.20211859919562394,1.233407259817939,0.5829009386177562,5.2686115061158905,8.547416769318549,12.722222222222221,16,20,0.6991050812676398,-0.29585348970831726
WTICO_USD,1h,Largo,sin bias,EMA 50,primer apoyo,impulso + retroceso,trailing EMA 50,36,2.3505541651769755,33.33333333333333,0.2471615236793832,0.28898773336535344,1.729287514591826,0.9624195449603411,8.897814852457795,4.228658079542088,21.38888888888889,16,20,0.41810680295666874,0.11040530025755471
WTICO_USD,1h,Largo,sin bias,EMA 50,cualquier apoyo,ninguna,bracket 2R,633,41.33057740436182,35.07109004739337,-0.02299737045193866,0.038788029515598475,0.9666144903203556,-0.4068765138198418,-14.557335496077172,42.20207201740449,11.464454976303317,335,298,0.02911476176760949,-0.08157980096720249
WTICO_USD,1h,Largo,sin bias,EMA 50,cualquier apoyo,ninguna,trailing EMA 50,771,50.34103503754022,23.216601815823605,0.04718040968800878,0.09436348433655048,1.1257279923590993,0.9113508848241886,36.37609586945477,23.71773466180586,16.691309987029832,424,347,0.05152864422785394,0.041867293132117324
WTICO_USD,1h,Largo,sin bias,EMA 50,cualquier apoyo,impulso (RSI>=70),bracket 2R,433,28.271943153378622,35.79676674364896,-0.003428191586461358,0.057255703297035866,0.9949637355557213,-0.049942892489872305,-1.484406956937768,37.68127397188766,11.736720554272518,229,204,0.11196420716603131,-0.13296181567626927
WTICO_USD,1h,Largo,sin bias,EMA 50,cualquier apoyo,impulso (RSI>=70),trailing EMA 50,524,34.21362173757598,23.473282442748094,0.05648340485724586,0.10301750791573054,1.1463972040931096,0.8615645957285669,29.59730414519683,23.312095168389913,17.416030534351144,285,239,0.07623418802131575,0.03293121572854327
WTICO_USD,1h,Largo,sin bias,EMA 50,cualquier apoyo,retroceso (RSI<=40),bracket 2R,155,10.120441544511978,36.774193548387096,0.02064299457864239,0.08299001636949978,1.0306199927760455,0.17796766360392782,3.1996641596895703,19.648753311614488,11.619354838709677,69,86,0.1357073096302926,-0.07167604889303048
WTICO_USD,1h,Largo,sin bias,EMA 50,cualquier apoyo,retroceso (RSI<=40),trailing EMA 50,158,10.316321058276726,24.68354430379747,0.025969106041028138,0.07287377512146383,1.0657905010514908,0.23676982439890004,4.103118754482446,15.337123289839296,18.126582278481013,71,87,0.12041406414256974,-0.051106664363678285
WTICO_USD,1h,Largo,sin bias,EMA 50,cualquier apoyo,impulso + retroceso,bracket 2R,115,7.508714694315338,39.130434782608695,0.08442076530429125,0.14663871771541287,1.129623215498232,0.6179664251331931,9.708388009993493,14.854024492398123,12.6,50,65,0.28611163525255845,-0.07072605773283741
WTICO_USD,1h,Largo,sin bias,EMA 50,cualquier apoyo,impulso + retroceso,trailing EMA 50,117,7.63930103682517,25.64102564102564,0.054693142871207454,0.10129154484251782,1.1455869811616273,0.4139197375887321,6.399097715931272,11.046364219790064,18.65811965811966,52,65,0.16644879085075662,-0.034711375512431905
WTICO_USD,1h,Largo,bias diario,EMA 25,primer apoyo,ninguna,bracket 2R,159,10.38161422953164,31.446540880503143,-0.13463649345204284,-0.07116655857467134,0.8153073046292093,-1.2283694512645351,-21.40720245887481,35.76384313588638,8.786163522012579,98,61,-0.0965507141735858,-0.19582348311251474
WTICO_USD,1h,Largo,bias diario,EMA 25,primer apoyo,ninguna,trailing EMA 50,160,10.446907400786557,24.375,-0.018023911994228887,0.029637980545866617,0.9681953874300662,-0.1255915796837197,-2.883825919076622,29.220040672866432,22.26875,98,62,-0.01480157989082786,-0.023117275641540112
WTICO_USD,1h,Largo,bias diario,EMA 25,primer apoyo,impulso (RSI>=70),bracket 2R,94,6.137558097962103,35.1063829787234,-0.03406602353819136,0.028558693474758586,0.9506269717169548,-0.23305315539219576,-3.2022062125899877,15.02526282741573,8.648936170212766,59,35,0.02776248401628401,-0.1382912219871642
WTICO_USD,1h,Largo,bias diario,EMA 25,primer apoyo,impulso (RSI>=70),trailing EMA 50,94,6.137558097962103,29.78723404255319,0.21903917716445323,0.26600771492416564,1.383679760586882,0.9581633430956764,20.589682653458603,14.39581947578122,29.0531914893617,59,35,0.1720909238983537,0.2981805183844495
WTICO_USD,1h,Largo,bias diario,EMA 25,primer apoyo,retroceso (RSI<=40),bracket 2R,7,0.4570521987844119,42.857142857142854,0.22265954986758904,0.28571428571428126,1.3696149396794266,0.3698928853374207,1.5586168490731234,3.1321275146498313,6.0,4,3,0.443549314351231,-0.07186013611060031
WTICO_USD,1h,Largo,bias diario,EMA 25,primer apoyo,retroceso (RSI<=40),trailing EMA 50,7,0.4570521987844119,42.857142857142854,0.24419283893174848,0.2914838908167677,1.4981849193153824,0.35713747486778474,1.7093498725222394,2.6769786148704138,28.0,4,3,-0.15742767273003186,0.779686854480789
WTICO_USD,1h,Largo,bias diario,EMA 25,primer apoyo,impulso + retroceso,bracket 2R,4,0.26117268501966395,50.0,0.42924769764313603,0.49999999999999417,1.8018503472304734,0.49567710077006844,1.7169907905725441,1.0847389638126945,5.25,1,3,1.9325711989043453,-0.07186013611060031
WTICO_USD,1h,Largo,bias diario,EMA 25,primer apoyo,impulso + retroceso,trailing EMA 50,4,0.26117268501966395,50.0,0.8738661255582175,0.9269303523258612,3.14918724153841,0.7729683643631738,3.49546450223287,0.8722354930290565,37.5,1,3,1.1564039387905027,0.779686854480789
WTICO_USD,1h,Largo,bias diario,EMA 25,cualquier apoyo,ninguna,bracket 2R,497,32.45070611369324,32.99798792756539,-0.08751330488445051,-0.02373660059897822,0.8770152971688314,-1.3954377615133862,-43.49411252757191,66.5898505223005,10.808853118712273,290,207,-0.016352648107862727,-0.18720697862942856
WTICO_USD,1h,Largo,bias diario,EMA 25,cualquier apoyo,ninguna,trailing EMA 50,423,27.61901144082946,25.059101654846334,0.023167340557676077,0.07150481918892712,1.0485163702917724,0.2962022422763725,9.799785055896981,27.107385358266107,20.09692671394799,252,171,0.07493603215807024,-0.05312336285343106
WTICO_USD,1h,Largo,bias diario,EMA 25,cualquier apoyo,impulso (RSI>=70),bracket 2R,368,24.027887021809082,34.51086956521739,-0.04222663135841961,0.02073145115299706,0.9392289252259656,-0.5727993736086826,-15.539400339898416,38.24374449801065,10.880434782608695,216,152,0.039792192243525246,-0.15877969647697285
WTICO_USD,1h,Largo,bias diario,EMA 25,cualquier apoyo,impulso (RSI>=70),trailing EMA 50,284,18.543260636396138,28.169014084507044,0.06096864925298024,0.10794162355186485,1.1203217443951705,0.5925134237870244,17.31509638784639,12.92962486810036,22.97887323943662,173,111,0.08923734328233064,0.016910234234262914
WTICO_USD,1h,Largo,bias diario,EMA 25,cualquier apoyo,retroceso (RSI<=40),bracket 2R,55,3.591124419020379,34.54545454545455,-0.02575245943266395,0.03501627904869529,0.9630959119946654,-0.13212419444051707,-1.4163852687965173,16.15660423007628,11.527272727272727,28,27,0.4520253099839966,-0.5212257017906824
WTICO_USD,1h,Largo,bias diario,EMA 25,cualquier apoyo,retroceso (RSI<=40),trailing EMA 50,53,3.4605380765105473,32.075471698113205,0.1422151635349605,0.18774214949760423,1.3353852068081962,0.6045532677738259,7.537403667352907,9.094623168904155,22.754716981132077,27,26,0.5492575702665519,-0.28048272037861527
WTICO_USD,1h,Largo,bias diario,EMA 25,cualquier apoyo,impulso + retroceso,bracket 2R,37,2.4158473364318915,35.13513513513514,-0.010702691535934278,0.052051225612926175,0.9846004175661307,-0.04454739264887145,-0.39599958682956826,12.660158018808948,10.864864864864865,16,21,0.6363096992716692,-0.5036645131036321
WTICO_USD,1h,Largo,bias diario,EMA 25,cualquier apoyo,impulso + retroceso,trailing EMA 50,35,2.2852609939220594,34.285714285714285,0.22914770755954927,0.2762231645465472,1.5772064898059175,0.7296365933837352,8.020169764584224,5.101117807935034,25.37142857142857,15,20,0.780769177472718,-0.18456839487532734
WTICO_USD,1h,Largo,bias diario,EMA 50,primer apoyo,ninguna,bracket 2R,139,9.075750804433321,32.37410071942446,-0.090089825647649,-0.0283816610950348,0.8722637995455886,-0.7628529942048157,-12.52248576502321,37.04095500737444,11.62589928057554,85,54,-0.011302946143605498,-0.21410621005216174
WTICO_USD,1h,Largo,bias diario,EMA 50,primer apoyo,ninguna,trailing EMA 50,140,9.141043975688238,19.28571428571429,-0.12574171328518696,-0.07952743580255667,0.7133574307794049,-1.1751864005887342,-17.603839859926175,30.496416642905324,15.67142857142857,86,54,-0.16316363197683417,-0.06614384277626731
WTICO_USD,1h,Largo,bias diario,EMA 50,primer apoyo,impulso (RSI>=70),bracket 2R,86,5.615212727922774,37.2093023255814,0.0563892311689986,0.116918012881281,1.087290556175386,0.36470403254118805,4.849473880533879,19.12396444139585,12.488372093023257,53,33,0.2780491876145299,-0.29961009281927903
WTICO_USD,1h,Largo,bias diario,EMA 50,primer apoyo,impulso (RSI>=70),trailing EMA 50,86,5.615212727922774,23.25581395348837,0.04308678086739842,0.0884833671516102,1.0990207184769931,0.2570691344635204,3.705463154596264,9.608544458671432,19.75581395348837,53,33,-0.004026319162579008,0.1187532748549379
WTICO_USD,1h,Largo,bias diario,EMA 50,primer apoyo,retroceso (RSI<=40),bracket 2R,24,1.5670361101179837,33.33333333333333,-0.07813573165561621,-0.017649494444489877,0.8833151135542296,-0.2780313114177014,-1.8752575597347891,8.22659974526248,12.625,11,13,0.402882807516623,-0.4851514186475109
WTICO_USD,1h,Largo,bias diario,EMA 50,primer apoyo,retroceso (RSI<=40),trailing EMA 50,24,1.5670361101179837,20.833333333333336,-0.016453364720563468,0.028911313187781246,0.9673428831876928,-0.04973343769689644,-0.39488075329352323,5.062959920501447,17.875,11,13,-0.3406635572710339,0.25787833666829624
WTICO_USD,1h,Largo,bias diario,EMA 50,primer apoyo,impulso + retroceso,bracket 2R,17,1.1099839113335717,41.17647058823529,0.14983374702142138,0.21037718431366123,1.2618816511804507,0.43047480571052493,2.5471736993641634,4.979384340867277,14.941176470588236,7,10,0.8009895339123723,-0.3059753038022441
WTICO_USD,1h,Largo,bias diario,EMA 50,primer apoyo,impulso + retroceso,trailing EMA 50,17,1.1099839113335717,29.411764705882355,0.2811614529979656,0.32656903096714546,1.6910045549079058,0.628678633380264,4.779744700965415,3.178993543755924,23.176470588235293,7,10,0.0188814857903323,0.4647574300433089
WTICO_USD,1h,Largo,bias diario,EMA 50,cualquier apoyo,ninguna,bracket 2R,319,20.8285216303182,33.85579937304075,-0.05494494324639794,0.007392087453105211,0.9212060548303592,-0.6971851273929862,-17.527436895600943,46.244252989323655,12.25078369905956,181,138,0.11865832321907702,-0.2826419811467673
WTICO_USD,1h,Largo,bias diario,EMA 50,cualquier apoyo,ninguna,trailing EMA 50,405,26.443734358240974,22.71604938271605,0.018277474107523096,0.06605509640638346,1.0471159522745448,0.2609509732430794,7.402377013546854,25.552411168495638,16.627160493827162,244,161,0.04477983884264977,-0.021887600397886283
WTICO_USD,1h,Largo,bias diario,EMA 50,cualquier apoyo,impulso (RSI>=70),bracket 2R,214,13.97273864855202,35.51401869158878,-0.00799395787768138,0.05307512101654488,0.9881883244631644,-0.08239194043333388,-1.7107069858238155,32.41412087993801,12.883177570093459,123,91,0.23221558517460222,-0.3326727907945041
WTICO_USD,1h,Largo,bias diario,EMA 50,cualquier apoyo,impulso (RSI>=70),trailing EMA 50,267,17.43327672506257,24.344569288389515,0.04988810914412226,0.09629580988529199,1.129047963032802,0.5617410282236465,13.320125141480645,18.469813327126797,18.153558052434455,164,103,0.06323644645938478,0.02863444584603433
WTICO_USD,1h,Largo,bias diario,EMA 50,cualquier apoyo,retroceso (RSI<=40),bracket 2R,73,4.7664015016088666,39.726027397260275,0.12412866003412842,0.18597824840181143,1.1974758032656176,0.7263884398305865,9.061392182491375,18.02802362416361,13.082191780821917,34,39,0.6570867084522236,-0.34050143345857
WTICO_USD,1h,Largo,bias diario,EMA 50,cualquier apoyo,retroceso (RSI<=40),trailing EMA 50,75,4.896987844118699,28.000000000000004,0.13031134587081472,0.17692184395170715,1.3358090270958491,0.6922690786890406,9.773350940311104,11.16770927949094,20.84,35,40,0.373134989246184,-0.08215934208263348
WTICO_USD,1h,Largo,bias diario,EMA 50,cualquier apoyo,impulso + retroceso,bracket 2R,56,3.656417590275295,42.857142857142854,0.21577824697148706,0.2781502166666474,1.3637236838279398,1.0930238526851201,12.083581830403276,13.217681157107048,14.357142857142858,24,32,0.8675661997208354,-0.27306271759052414
WTICO_USD,1h,Largo,bias diario,EMA 50,cualquier apoyo,impulso + retroceso,trailing EMA 50,57,3.721710761530211,29.82456140350877,0.2086476794303612,0.25516984300571943,1.6291027729374516,0.946129001350047,11.892917727530588,6.7793145451265815,22.105263157894736,25,32,0.43163586705886275,0.0344381578455944
WTICO_USD,1h,Corto,sin bias,EMA 25,primer apoyo,ninguna,bracket 2R,269,17.5638630675724,36.059479553903344,-0.026426300154267994,0.034859700194832144,0.9629600369154591,-0.27674752218054943,-7.10867474149809,25.7708355228706,9.256505576208179,157,112,-0.0414129837778298,-0.005418181146239447
WTICO_USD,1h,Corto,sin bias,EMA 25,primer apoyo,ninguna,trailing EMA 50,271,17.694449410082232,27.30627306273063,-0.0846802996412541,-0.0387400260187165,0.8505757057723558,-0.863485353083417,-22.948361202779864,42.622718652746684,20.948339483394832,158,113,-0.09946476524183089,-0.06400821499619981
WTICO_USD,1h,Corto,sin bias,EMA 25,primer apoyo,impulso (RSI>=70),bracket 2R,156,10.185734715766893,37.17948717948718,0.03781340775781956,0.09628649661294869,1.0569665704543345,0.32944161218967455,5.8988916102198505,15.608050873033806,9.333333333333334,95,61,0.020467508417465478,0.06482751328787915
WTICO_USD,1h,Corto,sin bias,EMA 25,primer apoyo,impulso (RSI>=70),trailing EMA 50,156,10.185734715766893,27.564102564102566,-0.1092907723513359,-0.06543595570998906,0.803984894042204,-0.9000160053126872,-17.0493604868084,28.550840777736383,22.185897435897434,95,61,-0.035013659718745344,-0.2249682428447146
WTICO_USD,1h,Corto,sin bias,EMA 25,primer apoyo,retroceso (RSI<=40),bracket 2R,11,0.7182248838040758,36.36363636363637,0.03751538691646974,0.090909090909089,1.0561733169273324,0.08249708773558703,0.4126692560811671,3.1618196192894734,11.545454545454545,6,5,0.447958929911622,-0.45501686467771296
WTICO_USD,1h,Corto,sin bias,EMA 25,primer apoyo,retroceso (RSI<=40),trailing EMA 50,11,0.7182248838040758,45.45454545454545,0.16149544612021394,0.2015407241146784,1.8573874266512922,0.7086069574943551,1.7764499073223532,1.3565968577200986,16.0,6,5,0.23871131966562034,0.06883639786572629
WTICO_USD,1h,Corto,sin bias,EMA 25,primer apoyo,impulso + retroceso,bracket 2R,7,0.4570521987844119,42.857142857142854,0.23985820506603156,0.28571428571428553,1.4039437148316987,0.39781675307250697,1.6790074354622209,2.0845412086081265,15.285714285714286,4,3,0.4525647022137933,-0.04375045779765078
WTICO_USD,1h,Corto,sin bias,EMA 25,primer apoyo,impulso + retroceso,trailing EMA 50,7,0.4570521987844119,57.14285714285714,0.41098394833651136,0.4453760088227017,4.857633039765171,1.3969398288607793,2.8768876383555795,0.3221071706110694,19.285714285714285,4,3,0.5602566535944757,0.21195367465922565
WTICO_USD,1h,Corto,sin bias,EMA 25,cualquier apoyo,ninguna,bracket 2R,826,53.932159456560605,36.19854721549637,-0.0022368361095610315,0.0578522112771328,0.9967530216365742,-0.04352555340427702,-1.8476266264974122,70.29504266002847,10.070217917675544,481,345,-0.04442119216685653,0.056576715379016186
WTICO_USD,1h,Corto,sin bias,EMA 25,cualquier apoyo,ninguna,trailing EMA 50,719,46.94579013228459,26.70375521557719,0.018759853524941198,0.0640349303683581,1.040035696145448,0.30731441388128755,13.488334684432722,51.379349516451846,18.641168289290682,423,296,-0.06275931144500484,0.13525514670834377
WTICO_USD,1h,Corto,sin bias,EMA 25,cualquier apoyo,impulso (RSI>=70),bracket 2R,619,40.41647300679299,36.025848142164776,0.003943136140281354,0.06353689437766369,1.0058215660529537,0.06876231716883614,2.440801270834158,55.468704283993105,10.048465266558965,364,255,-0.017990229422505694,0.03525194031618129
WTICO_USD,1h,Corto,sin bias,EMA 25,cualquier apoyo,impulso (RSI>=70),trailing EMA 50,541,35.32360564890955,27.171903881700555,0.02082782395071279,0.0656485359831171,1.044784079868092,0.29004185570738555,11.267852757335618,46.067302059562635,19.036968576709796,309,232,-0.06565819570065415,0.13601825529671446
WTICO_USD,1h,Corto,sin bias,EMA 25,cualquier apoyo,retroceso (RSI<=40),bracket 2R,86,5.615212727922774,32.55813953488372,-0.1028081860788627,-0.04328879842585919,0.8559419864322969,-0.6835103223890296,-8.841504002782193,16.50197666645784,9.5,50,36,-0.15261838175216916,-0.03362735875482589
WTICO_USD,1h,Corto,sin bias,EMA 25,cualquier apoyo,retroceso (RSI<=40),trailing EMA 50,85,5.5499195566678585,28.235294117647058,0.0820611498125576,0.12672976793074303,1.1902364991590237,0.46773466333127245,6.975197734067396,10.38699444318113,19.023529411764706,49,36,0.12337323670784336,0.0258308093161964
WTICO_USD,1h,Corto,sin bias,EMA 25,cualquier apoyo,impulso + retroceso,bracket 2R,67,4.374642474079371,34.32835820895522,-0.05504001108254468,0.004615232517215161,0.9207909866680297,-0.3189141710205446,-3.6876807425304934,10.95686654971244,9.686567164179104,38,29,-0.10628999614491069,0.012115141757796977
WTICO_USD,1h,Corto,sin bias,EMA 25,cualquier apoyo,impulso + retroceso,trailing EMA 50,66,4.3093493028244545,30.303030303030305,0.12798451621591017,0.1727649408721976,1.2944492422047416,0.5949971021990613,8.446978070250072,9.65898626898487,19.303030303030305,37,29,0.23493786327812533,-0.008473202449674665
WTICO_USD,1h,Corto,sin bias,EMA 50,primer apoyo,ninguna,bracket 2R,252,16.453879156238827,30.952380952380953,-0.1693948724863875,-0.10958877561844894,0.777020240883098,-1.8146276432023976,-42.687507866569646,50.520077752264946,9.380952380952381,148,104,-0.20927673438005345,-0.11263991517617063
WTICO_USD,1h,Corto,sin bias,EMA 50,primer apoyo,ninguna,trailing EMA 50,255,16.649758670003575,17.254901960784313,-0.11977766187802444,-0.07497799800632284,0.7080435655451055,-1.4890464059755908,-30.54330377889623,45.89277975157514,12.20392156862745,149,106,-0.267107417375415,0.0873179378305717
WTICO_USD,1h,Corto,sin bias,EMA 50,primer apoyo,impulso (RSI>=70),bracket 2R,163,10.642786914551305,31.901840490797547,-0.11650151569243611,-0.05888045864492789,0.8384624777541915,-1.0710982298484608,-18.989747057867085,29.63199102460961,9.294478527607362,94,69,-0.16937028410220883,-0.04447739640955732
WTICO_USD,1h,Corto,sin bias,EMA 50,primer apoyo,impulso (RSI>=70),trailing EMA 50,163,10.642786914551305,17.791411042944784,-0.031587506583951895,0.011628286201679326,0.9185378067063289,-0.2915157262826863,-5.148763573184159,27.448357289059015,13.39877300613497,94,69,-0.24189450764060455,0.254917683261343
WTICO_USD,1h,Corto,sin bias,EMA 50,primer apoyo,retroceso (RSI<=40),bracket 2R,35,2.2852609939220594,25.71428571428571,-0.31530589649010626,-0.25997249988769483,0.597476810003449,-1.449988993216784,-11.03570637715372,14.71765024710372,8.914285714285715,19,16,-0.3141842837236615,-0.3166378116502594
WTICO_USD,1h,Corto,sin bias,EMA 50,primer apoyo,retroceso (RSI<=40),trailing EMA 50,35,2.2852609939220594,20.0,-0.029031620818438814,0.012468426633369825,0.9279332675313047,-0.141359220486864,-1.0161067286453584,5.267513239195807,13.057142857142857,19,16,0.07225390663804464,-0.1493081846730129
WTICO_USD,1h,Corto,sin bias,EMA 50,primer apoyo,impulso + retroceso,bracket 2R,25,1.6323292813728996,32.0,-0.13890807856259005,-0.08396149984277264,0.8060681110534645,-0.5048161588810072,-3.472701964064751,9.292065403674057,8.72,14,11,-0.049521295560732446,-0.25267307511040876
WTICO_USD,1h,Corto,sin bias,EMA 50,primer apoyo,impulso + retroceso,trailing EMA 50,25,1.6323292813728996,24.0,0.1123028632681454,0.1535127973080085,1.2734418341721,0.40027213867499034,2.807571581703635,4.574820710339959,16.4,14,11,0.2651668455775044,-0.08225129603467525
WTICO_USD,1h,Corto,sin bias,EMA 50,cualquier apoyo,ninguna,bracket 2R,588,38.3923846978906,35.714285714285715,-0.011588963203712433,0.0474820807774494,0.9832692777210656,-0.19056847260104096,-6.81431036378291,57.162152040407136,10.04251700680272,342,246,-0.06360525437889009,0.06072636843007107
WTICO_USD,1h,Corto,sin bias,EMA 50,cualquier apoyo,ninguna,trailing EMA 50,729,47.598721844833754,20.98765432098765,-0.0027021136194389987,0.04246746194211744,0.9931446426184374,-0.04935842368590875,-1.96984082857103,61.95233013504486,14.282578875171469,433,296,-0.10912869126470802,0.15298271111164707
WTICO_USD,1h,Corto,sin bias,EMA 50,cualquier apoyo,impulso (RSI>=70),bracket 2R,432,28.206649982123704,36.574074074074076,0.029514073363248208,0.08761780379217035,1.0441360672182227,0.4271524793054661,12.750079692923226,46.32803574539639,9.983796296296296,249,183,-0.007961664819891353,0.08050565154686432
WTICO_USD,1h,Corto,sin bias,EMA 50,cualquier apoyo,impulso (RSI>=70),trailing EMA 50,532,34.7359671076153,20.86466165413534,0.01078872985817952,0.05538395191819495,1.0280902562041014,0.1655122451395587,5.739604284551504,43.86182538307903,14.291353383458647,305,227,-0.10364190516807091,0.16453914255864818
WTICO_USD,1h,Corto,sin bias,EMA 50,cualquier apoyo,retroceso (RSI<=40),bracket 2R,125,8.161646406864499,34.4,-0.03595901788112485,0.02285048961563265,0.9482185086684451,-0.28288335786417046,-4.494877235140606,17.65661920422771,9.728,73,52,-0.08127452173122553,0.027656977908439566
WTICO_USD,1h,Corto,sin bias,EMA 50,cualquier apoyo,retroceso (RSI<=40),trailing EMA 50,128,8.357525920629246,23.4375,0.06244410274104844,0.10760836614914462,1.1583475100230038,0.47115035255127513,7.9928451508542,10.816607368515475,16.5078125,72,56,0.08961283534208403,0.027512875111145522
WTICO_USD,1h,Corto,sin bias,EMA 50,cualquier apoyo,impulso + retroceso,bracket 2R,95,6.202851269217018,38.94736842105263,0.09790516147731892,0.1568522368834811,1.1514753842292615,0.6536155649879223,9.300990340345297,10.32650556681486,9.726315789473684,55,40,0.07356732016841301,0.1313696932770646
WTICO_USD,1h,Corto,sin bias,EMA 50,cualquier apoyo,impulso + retroceso,trailing EMA 50,98,6.398730782981766,25.510204081632654,0.1382999205414801,0.18388781351193256,1.360186581279297,0.8380037497464764,13.553392213065049,7.920012416898599,17.693877551020407,54,44,0.19239906185074915,0.07190551984374084
WTICO_USD,1h,Corto,bias diario,EMA 25,primer apoyo,ninguna,bracket 2R,88,5.745799070432606,29.545454545454547,-0.29433444006460535,-0.23200652420833726,0.6563941624923733,-1.5786128464669635,-25.901430725685273,35.61443133112254,9.579545454545455,41,47,-0.4140609412571173,-0.1898921730668822
WTICO_USD,1h,Corto,bias diario,EMA 25,primer apoyo,ninguna,trailing EMA 50,90,5.876385412942438,27.77777777777778,-0.07970603409834219,-0.03305041156733749,0.86861622859342,-0.4045551290037499,-7.173543068850797,20.073011325320707,21.655555555555555,42,48,-0.3634332638459562,0.16855529193082
WTICO_USD,1h,Corto,bias diario,EMA 25,primer apoyo,impulso (RSI>=70),bracket 2R,45,2.938192706471219,35.55555555555556,-0.009921272065043334,0.049485777530587735,0.9854058628687994,-0.046631774216468594,-0.44645724292695,9.8511892771194,9.666666666666666,22,23,-0.1341013134388571,0.10885963707512634
WTICO_USD,1h,Corto,bias diario,EMA 25,primer apoyo,impulso (RSI>=70),trailing EMA 50,45,2.938192706471219,33.33333333333333,-0.01542425077992533,0.02913103641679796,0.9703966231596766,-0.05880103224016483,-0.6940912850966399,9.625711989766614,23.555555555555557,22,23,-0.23551344749276104,0.19509585042365665
WTICO_USD,1h,Corto,bias diario,EMA 25,primer apoyo,retroceso (RSI<=40),bracket 2R,5,0.3264658562745799,40.0,0.15264219653626254,0.200000000000004,1.2451248776010637,0.20937249416769546,0.7632109826813127,2.0845412086081265,12.6,2,3,0.4472311780371325,-0.04375045779765078
WTICO_USD,1h,Corto,bias diario,EMA 25,primer apoyo,retroceso (RSI<=40),trailing EMA 50,5,0.3264658562745799,60.0,0.10789696881829121,0.14341532141609725,2.1331889455408435,0.5666217963326488,0.539484844091456,0.3221071706110695,15.8,2,3,-0.04818808994311048,0.21195367465922565
WTICO_USD,1h,Corto,bias diario,EMA 25,primer apoyo,impulso + retroceso,bracket 2R,4,0.26117268501966395,25.0,-0.29006750935299264,-0.24999999999999864,0.6273493734254214,-0.38789831707495637,-1.1602700374119705,2.0845412086081265,15.25,1,3,-1.0290186640190182,-0.04375045779765078
WTICO_USD,1h,Corto,bias diario,EMA 25,primer apoyo,impulso + retroceso,trailing EMA 50,4,0.26117268501966395,50.0,0.07843846334165185,0.10848909535639735,1.659040568330793,0.32296006652251963,0.3137538533666074,0.3221071706110695,13.25,1,3,-0.3221071706110695,0.21195367465922565
WTICO_USD,1h,Corto,bias diario,EMA 25,cualquier apoyo,ninguna,bracket 2R,280,18.282087951376475,33.92857142857143,-0.08406729385080126,-0.026109676548708244,0.8854840344420707,-0.9081833010018276,-23.538842278224354,34.82178640581131,10.607142857142858,131,149,-0.23036183001449648,0.04455407687029989
WTICO_USD,1h,Corto,bias diario,EMA 25,cualquier apoyo,ninguna,trailing EMA 50,260,16.976224526278155,26.53846153846154,0.04124514634138089,0.08506321972580834,1.0863759320444704,0.3970808902045743,10.723738048759031,27.83774889702486,19.026923076923076,136,124,-0.16276511411056835,0.2649983352241639
WTICO_USD,1h,Corto,bias diario,EMA 25,cualquier apoyo,impulso (RSI>=70),bracket 2R,199,12.99334107972828,35.678391959798994,0.014072892196429711,0.07152111392574843,1.0208429924018827,0.13834404608012593,2.8005055470895126,19.685083495774098,10.72361809045226,93,106,-0.09116624029790761,0.10640533863014079
WTICO_USD,1h,Corto,bias diario,EMA 25,cualquier apoyo,impulso (RSI>=70),trailing EMA 50,175,11.426304969610298,30.857142857142854,0.18027861468086565,0.22423876879656546,1.4220808927783795,1.3326112338308176,31.548757569151487,17.7662484897006,21.577142857142857,84,91,-0.022060315646668945,0.36705301190628215
WTICO_USD,1h,Corto,bias diario,EMA 25,cualquier apoyo,retroceso (RSI<=40),bracket 2R,26,1.6976224526278156,38.46153846153847,0.09435400713092032,0.15261318295087298,1.1455025353405808,0.32480699419165326,2.453204185403928,6.245030410079707,9.923076923076923,14,12,0.022062514114502805,0.17869408231674075
WTICO_USD,1h,Corto,bias diario,EMA 25,cualquier apoyo,retroceso (RSI<=40),trailing EMA 50,26,1.6976224526278156,34.61538461538461,0.28272327332492764,0.3264176551898922,1.8340716186514128,0.8958625481084309,7.350805106448119,5.689565571166481,19.73076923076923,14,12,0.07480052065774075,0.5252998181033123
WTICO_USD,1h,Corto,bias diario,EMA 25,cualquier apoyo,impulso + retroceso,bracket 2R,20,1.3058634250983197,35.0,-0.007822874454059315,0.05000000000000073,0.9885785985639624,-0.023919280981185086,-0.15645748908118629,4.252363963357704,11.1,10,10,-0.14466890751481454,0.12902315860669597
WTICO_USD,1h,Corto,bias diario,EMA 25,cualquier apoyo,impulso + retroceso,trailing EMA 50,20,1.3058634250983197,35.0,0.3535924341509743,0.3969595899915193,1.97772451967127,0.8847544173658414,7.0718486830194855,5.010064895317014,21.35,10,10,0.009329084065207383,0.6978557842367411
WTICO_USD,1h,Corto,bias diario,EMA 50,primer apoyo,ninguna,bracket 2R,84,5.484626385412943,29.761904761904763,-0.25042233572739925,-0.19070067496102386,0.697169524952923,-1.3769940624466153,-21.035476201101538,24.71662959973151,10.107142857142858,41,43,-0.5388538255619202,0.024593735975283356
WTICO_USD,1h,Corto,bias diario,EMA 50,primer apoyo,ninguna,trailing EMA 50,87,5.680505899177691,22.988505747126435,0.09215721629974462,0.13678970604141316,1.2217228425840925,0.47617569768248824,8.017677818077782,13.031999795831744,15.977011494252874,42,45,-0.2896269327999512,0.448489088792794
WTICO_USD,1h,Corto,bias diario,EMA 50,primer apoyo,impulso (RSI>=70),bracket 2R,50,3.264658562745799,36.0,0.021864343710830604,0.08000000000000008,1.0323552787725552,0.10649620789632949,1.0932171855415302,11.783524646977364,9.42,23,27,-0.3982566041428078,0.37974515114170776
WTICO_USD,1h,Corto,bias diario,EMA 50,primer apoyo,impulso (RSI>=70),trailing EMA 50,50,3.264658562745799,34.0,0.40366160606469215,0.4472633482815692,2.303841229127426,1.4808329987743025,20.183080303234608,6.56142557912598,20.34,23,27,-0.2172407028434544,0.9325783877271874
WTICO_USD,1h,Corto,bias diario,EMA 50,primer apoyo,retroceso (RSI<=40),bracket 2R,12,0.7835180550589919,33.33333333333333,-0.05218219902402691,6.846375318521799e-16,0.9249650805432078,-0.12347537566948336,-0.626186388288323,6.1815778758927475,8.833333333333334,8,4,-0.6659693627905636,1.1753921285090465
WTICO_USD,1h,Corto,bias diario,EMA 50,primer apoyo,retroceso (RSI<=40),trailing EMA 50,12,0.7835180550589919,25.0,0.03517539408301551,0.0743120433510362,1.0910840071357935,0.10927226449809938,0.4221047289961861,3.0480509376866314,12.75,8,4,-0.21114407238561703,0.5278143270202806
WTICO_USD,1h,Corto,bias diario,EMA 50,primer apoyo,impulso + retroceso,bracket 2R,9,0.5876385412942439,33.33333333333333,-0.05131082775185641,-4.9343245538895844e-17,0.9259271645831896,-0.10387876639480881,-0.46179744976670767,5.1421395619650045,7.111111111111111,6,3,-0.5361430627067391,0.9183536421579088
WTICO_USD,1h,Corto,bias diario,EMA 50,primer apoyo,impulso + retroceso,trailing EMA 50,9,0.5876385412942439,33.33333333333333,0.12307947494414116,0.16156259575803342,1.2805319115270932,0.2859740591139441,1.1077152744972705,2.879452145645506,15.333333333333334,6,3,-0.18196741901763158,0.7331732628676866
WTICO_USD,1h,Corto,bias diario,EMA 50,cualquier apoyo,ninguna,bracket 2R,195,12.732168394708617,35.8974358974359,-0.02575521754921758,0.031150840724461806,0.9639037931586204,-0.22921390547550094,-5.022267422097428,24.781806828658937,11.235897435897435,93,102,-0.2092984460177875,0.14159302017212558
WTICO_USD,1h,Corto,bias diario,EMA 50,cualquier apoyo,ninguna,trailing EMA 50,270,17.629156238827317,22.22222222222222,0.07206529035966056,0.11559320639665893,1.1834501357462377,0.7372136786357911,19.45762839710835,26.11100914419931,15.296296296296296,138,132,-0.11481518542541892,0.26744033322588007
WTICO_USD,1h,Corto,bias diario,EMA 50,cualquier apoyo,impulso (RSI>=70),bracket 2R,131,8.553405434393994,40.458015267175576,0.16508936700073884,0.22141863879654583,1.2662599767316678,1.2835931908165303,21.62670707709679,15.218700921752543,11.221374045801527,59,72,-0.03356045114783235,0.32787185687248466
WTICO_USD,1h,Corto,bias diario,EMA 50,cualquier apoyo,impulso (RSI>=70),trailing EMA 50,173,11.295718627100465,27.167630057803464,0.1769428291652879,0.22071492464207898,1.518951998233679,1.4646488890099167,30.611109445594806,14.295595170442782,16.69364161849711,77,96,-0.013597301337732024,0.3297718921729184
WTICO_USD,1h,Corto,bias diario,EMA 50,cualquier apoyo,retroceso (RSI<=40),bracket 2R,45,2.938192706471219,37.77777777777778,0.07483766737998637,0.1323410821782965,1.1140067172535446,0.3423103245907106,3.3676950320993866,8.709949419424664,11.222222222222221,24,21,-0.1754043716378495,0.36082856911465583
WTICO_USD,1h,Corto,bias diario,EMA 50,cualquier apoyo,retroceso (RSI<=40),trailing EMA 50,47,3.0687790489810514,27.659574468085108,0.16379163195772095,0.20812970745324783,1.4843214698719087,0.764971272001091,7.698206702012884,4.4871400006293785,15.680851063829786,24,23,0.04350561466134719,0.2893074760930674
WTICO_USD,1h,Corto,bias diario,EMA 50,cualquier apoyo,impulso + retroceso,bracket 2R,33,2.1546746514122272,39.39393939393939,0.12534642658090442,0.1818181818181812,1.196433025493842,0.4851051578300401,4.136432077169846,6.427053648682255,11.545454545454545,16,17,-0.10670548515837933,0.34374822586493614
WTICO_USD,1h,Corto,bias diario,EMA 50,cualquier apoyo,impulso + retroceso,trailing EMA 50,35,2.2852609939220594,31.428571428571427,0.2419576912218519,0.28598126953526326,1.6778502348127884,0.8644673815143352,8.468519192764816,4.492866822138403,17.942857142857143,16,19,0.018202820131641345,0.43038284582413455
WTICO_USD,1d,Largo,sin bias,EMA 25,primer apoyo,ninguna,bracket 2R,13,0.9046008763574015,30.76923076923077,-0.08895196564182249,-0.07692307692307712,0.8730336372269,-0.22255813128727486,-1.1563755533436924,7.083171395496642,11.76923076923077,5,8,0.7907643445642554,-0.6387746595206211
WTICO_USD,1d,Largo,sin bias,EMA 25,primer apoyo,ninguna,trailing EMA 50,13,0.9046008763574015,15.384615384615385,-0.28451747828890367,-0.27549581174984467,0.4368624736729053,-1.0484817105045783,-3.6987272177557475,6.452951415575749,13.76923076923077,5,8,0.33279454621775795,-0.6703374936055672
WTICO_USD,1d,Largo,sin bias,EMA 25,primer apoyo,impulso (RSI>=70),bracket 2R,5,0.3479234139836159,20.0,-0.41287659325446935,-0.4000000000000009,0.49099075533857256,-0.6869304153853218,-2.0643829662723467,4.055688551679433,11.4,1,4,1.9913055854070856,-1.013922137919858
WTICO_USD,1d,Largo,sin bias,EMA 25,primer apoyo,impulso (RSI>=70),trailing EMA 50,5,0.3479234139836159,0.0,-0.8227320065036476,-0.8130745615627962,0.0,-6.007256739597285,-4.113660032518238,4.113660032518238,11.0,1,4,-0.30626075403540887,-0.9518498196207071
WTICO_USD,1d,Largo,sin bias,EMA 25,primer apoyo,retroceso (RSI<=40),bracket 2R,0,0.0,,,,,,0.0,,,0,0,,
WTICO_USD,1d,Largo,sin bias,EMA 25,primer apoyo,retroceso (RSI<=40),trailing EMA 50,0,0.0,,,,,,0.0,,,0,0,,
WTICO_USD,1d,Largo,sin bias,EMA 25,primer apoyo,impulso + retroceso,bracket 2R,0,0.0,,,,,,0.0,,,0,0,,
WTICO_USD,1d,Largo,sin bias,EMA 25,primer apoyo,impulso + retroceso,trailing EMA 50,0,0.0,,,,,,0.0,,,0,0,,
WTICO_USD,1d,Largo,sin bias,EMA 25,cualquier apoyo,ninguna,bracket 2R,40,2.7833873118689274,42.5,0.23528802252439932,0.24708977045905045,1.4044661849113937,1.0060478109237485,9.411520900975972,3.069630037149496,12.475,14,26,0.49114898111455674,0.09751673712969919
WTICO_USD,1d,Largo,sin bias,EMA 25,cualquier apoyo,ninguna,trailing EMA 50,43,2.992141360259097,34.883720930232556,0.16349901438910797,0.1720997234283145,1.5295600915404681,0.8561405456616167,7.030457618731643,4.540441664492359,19.651162790697676,15,28,0.5956481465235626,-0.06800944925434979
WTICO_USD,1d,Largo,sin bias,EMA 25,cualquier apoyo,impulso (RSI>=70),bracket 2R,24,1.6700323871213565,37.5,0.06620976655306761,0.07848295076508388,1.104665703792254,0.2254170008584504,1.5890343972736225,3.0438751195932667,11.083333333333334,7,17,0.27651306069690895,-0.020385707506161244
WTICO_USD,1d,Largo,sin bias,EMA 25,cualquier apoyo,impulso (RSI>=70),trailing EMA 50,23,1.6004477043246332,34.78260869565217,0.023900897333818262,0.03287688475001475,1.0605570123332313,0.09272132173352313,0.5497206386778201,4.531612291607183,19.130434782608695,7,16,0.560217003304593,-0.21073739902839567
WTICO_USD,1d,Largo,sin bias,EMA 25,cualquier apoyo,retroceso (RSI<=40),bracket 2R,1,0.06958468279672318,0.0,-1.0095460818360042,-0.9999999999999982,0.0,,-1.0095460818360042,1.0095460818360042,7.0,1,0,-1.0095460818360042,
WTICO_USD,1d,Largo,sin bias,EMA 25,cualquier apoyo,retroceso (RSI<=40),trailing EMA 50,1,0.06958468279672318,0.0,-0.5656053487833562,-0.5584457874063518,0.0,,-0.5656053487833562,0.5656053487833562,7.0,1,0,-0.5656053487833562,
WTICO_USD,1d,Largo,sin bias,EMA 25,cualquier apoyo,impulso + retroceso,bracket 2R,1,0.06958468279672318,0.0,-1.0095460818360042,-0.9999999999999982,0.0,,-1.0095460818360042,1.0095460818360042,7.0,1,0,-1.0095460818360042,
WTICO_USD,1d,Largo,sin bias,EMA 25,cualquier apoyo,impulso + retroceso,trailing EMA 50,1,0.06958468279672318,0.0,-0.5656053487833562,-0.5584457874063518,0.0,,-0.5656053487833562,0.5656053487833562,7.0,1,0,-0.5656053487833562,
WTICO_USD,1d,Largo,sin bias,EMA 50,primer apoyo,ninguna,bracket 2R,14,0.9741855591541246,42.857142857142854,0.27399286620045943,0.28571428571428564,1.47393768349426,0.6654265890850575,3.835900126806432,3.0824220171043506,15.428571428571429,5,9,0.790756353106943,-0.013097959858698141
WTICO_USD,1d,Largo,sin bias,EMA 50,primer apoyo,ninguna,trailing EMA 50,14,0.9741855591541246,28.57142857142857,0.35895779975663356,0.3677488643920033,2.598957384157804,0.8391585773253667,5.02540919659287,2.0695795873400082,16.785714285714285,5,9,0.4952135365288334,0.28326016821652256
WTICO_USD,1d,Largo,sin bias,EMA 50,primer apoyo,impulso (RSI>=70),bracket 2R,6,0.4175080967803391,33.33333333333333,-0.01218117413538696,-4.070817756958907e-16,0.9819558565862585,-0.019251780353580373,-0.07308704481232176,3.0375361745169833,12.5,1,5,1.9902067525385247,-0.4126587594701693
WTICO_USD,1d,Largo,sin bias,EMA 50,primer apoyo,impulso (RSI>=70),trailing EMA 50,6,0.4175080967803391,0.0,-0.36774661684421966,-0.35861073624267964,0.0,-6.983846261771271,-2.206479701065318,2.206479701065318,4.166666666666667,1,5,-0.27176261705594984,-0.3869434168018736
WTICO_USD,1d,Largo,sin bias,EMA 50,primer apoyo,retroceso (RSI<=40),bracket 2R,0,0.0,,,,,,0.0,,,0,0,,
WTICO_USD,1d,Largo,sin bias,EMA 50,primer apoyo,retroceso (RSI<=40),trailing EMA 50,0,0.0,,,,,,0.0,,,0,0,,
WTICO_USD,1d,Largo,sin bias,EMA 50,primer apoyo,impulso + retroceso,bracket 2R,0,0.0,,,,,,0.0,,,0,0,,
WTICO_USD,1d,Largo,sin bias,EMA 50,primer apoyo,impulso + retroceso,trailing EMA 50,0,0.0,,,,,,0.0,,,0,0,,
WTICO_USD,1d,Largo,sin bias,EMA 50,cualquier apoyo,ninguna,bracket 2R,31,2.157125166698419,48.38709677419355,0.43987925177039977,0.4516129032258064,1.8423057841565025,1.6069441455095914,13.636256804882393,3.039531182144323,12.709677419354838,12,19,0.740856820335356,0.24978815583463784
WTICO_USD,1d,Largo,sin bias,EMA 50,cualquier apoyo,ninguna,trailing EMA 50,45,3.1313107258525434,31.11111111111111,0.26976819708643157,0.27823127561969385,2.324388304872314,1.4288143799109116,12.139568868889421,2.945870351478952,18.177777777777777,16,29,0.5984215445756211,0.08844221226480972
WTICO_USD,1d,Largo,sin bias,EMA 50,cualquier apoyo,impulso (RSI>=70),bracket 2R,20,1.3916936559344637,40.0,0.1876843210928287,0.20000000000000004,1.309050500477375,0.5567179899360842,3.753686421856574,3.0802166197944207,9.65,6,14,0.4903526892191998,0.05796930618152683
WTICO_USD,1d,Largo,sin bias,EMA 50,cualquier apoyo,impulso (RSI>=70),trailing EMA 50,25,1.7396170699180797,20.0,0.07261647183500541,0.08164420381224682,1.3095475720986587,0.33204455245552245,1.8154117958751352,3.8065152627864487,12.92,7,18,0.7723694200524875,-0.19950967469401554
WTICO_USD,1d,Largo,sin bias,EMA 50,cualquier apoyo,retroceso (RSI<=40),bracket 2R,4,0.27833873118689273,50.0,0.4882305238913515,0.5000000000000004,1.9663469488639755,0.5642498851467096,1.952922095565406,1.011386563381363,9.0,2,2,0.4898079103362889,0.48665313744641403
WTICO_USD,1d,Largo,sin bias,EMA 50,cualquier apoyo,retroceso (RSI<=40),trailing EMA 50,4,0.27833873118689273,25.0,0.918467015039422,0.9272941221209087,3.9958801138300215,0.6911649102265363,3.673868060157688,1.2263067681506477,20.5,2,2,2.1672847397624895,-0.3303507096836457
WTICO_USD,1d,Largo,sin bias,EMA 50,cualquier apoyo,impulso + retroceso,bracket 2R,4,0.27833873118689273,50.0,0.4882305238913515,0.5000000000000004,1.9663469488639755,0.5642498851467096,1.952922095565406,1.011386563381363,9.0,2,2,0.4898079103362889,0.48665313744641403
WTICO_USD,1d,Largo,sin bias,EMA 50,cualquier apoyo,impulso + retroceso,trailing EMA 50,4,0.27833873118689273,25.0,0.918467015039422,0.9272941221209087,3.9958801138300215,0.6911649102265363,3.673868060157688,1.2263067681506477,20.5,2,2,2.1672847397624895,-0.3303507096836457
WTICO_USD,1d,Corto,sin bias,EMA 25,primer apoyo,ninguna,bracket 2R,15,1.0437702419508479,26.666666666666668,-0.21040870801884629,-0.19999999999999954,0.7161024368841211,-0.5932520965042687,-3.156130620282694,5.142556961327914,7.933333333333334,7,8,-0.15094163032524535,-0.262442401000747
WTICO_USD,1d,Corto,sin bias,EMA 25,primer apoyo,ninguna,trailing EMA 50,15,1.0437702419508479,26.666666666666668,1.178322843775114,1.186129374789249,3.7339055825800846,1.0604429846683427,17.674842656626712,3.024539400478777,25.2,7,8,-0.27158740143682897,2.4469943083355643
WTICO_USD,1d,Corto,sin bias,EMA 25,primer apoyo,impulso (RSI>=70),bracket 2R,8,0.5566774623737855,25.0,-0.2602670846844055,-0.24999999999999942,0.6562660780226977,-0.5305789437229067,-2.082136677475244,4.068563018520464,7.125,3,5,-1.007588562250186,0.18812580185506267
WTICO_USD,1d,Corto,sin bias,EMA 25,primer apoyo,impulso (RSI>=70),trailing EMA 50,8,0.5566774623737855,37.5,2.4694455836326252,2.47714589714593,6.320822434829811,1.2200205710307956,19.755564669061002,2.2559563693797138,36.125,3,5,-0.47884334409578333,4.23841894026967
WTICO_USD,1d,Corto,sin bias,EMA 25,primer apoyo,retroceso (RSI<=40),bracket 2R,0,0.0,,,,,,0.0,,,0,0,,
WTICO_USD,1d,Corto,sin bias,EMA 25,primer apoyo,retroceso (RSI<=40),trailing EMA 50,0,0.0,,,,,,0.0,,,0,0,,
WTICO_USD,1d,Corto,sin bias,EMA 25,primer apoyo,impulso + retroceso,bracket 2R,0,0.0,,,,,,0.0,,,0,0,,
WTICO_USD,1d,Corto,sin bias,EMA 25,primer apoyo,impulso + retroceso,trailing EMA 50,0,0.0,,,,,,0.0,,,0,0,,
WTICO_USD,1d,Corto,sin bias,EMA 25,cualquier apoyo,ninguna,bracket 2R,31,2.157125166698419,22.58064516129032,-0.39408438184619193,-0.38378147535222545,0.4978134542011066,-1.7993767885344705,-12.21661583723195,15.009632224993211,12.03225806451613,14,17,-0.36580445186982,-0.41737373594438054
WTICO_USD,1d,Corto,sin bias,EMA 25,cualquier apoyo,ninguna,trailing EMA 50,33,2.2962945322918653,18.181818181818183,0.3297031194108743,0.33823237895320446,1.7592197674123229,0.6366412162695585,10.880202940558853,9.211578886896783,15.606060606060606,11,22,-0.2280647308825139,0.6085870445575684
WTICO_USD,1d,Corto,sin bias,EMA 25,cualquier apoyo,impulso (RSI>=70),bracket 2R,22,1.5308630215279102,27.27272727272727,-0.2779342490787449,-0.2677925767602893,0.6232792171626348,-1.0018697013737417,-6.114553479732389,8.907569867493653,11.772727272727273,9,13,-0.34164782628519585,-0.23382484947427887
WTICO_USD,1d,Corto,sin bias,EMA 25,cualquier apoyo,impulso (RSI>=70),trailing EMA 50,21,1.461278338731187,28.57142857142857,0.7556341557748628,0.7637105075299842,2.698480593083913,0.9383781893479853,15.868317271272119,7.015131515869293,20.19047619047619,6,15,-0.09410038059777563,1.0955279703239182
WTICO_USD,1d,Corto,sin bias,EMA 25,cualquier apoyo,retroceso (RSI<=40),bracket 2R,1,0.06958468279672318,100.0,1.9884929957465405,1.9999999999999993,inf,,1.9884929957465405,0.0,16.0,0,1,,1.9884929957465405
WTICO_USD,1d,Corto,sin bias,EMA 25,cualquier apoyo,retroceso (RSI<=40),trailing EMA 50,1,0.06958468279672318,0.0,-0.22841403443115552,-0.21978378124106143,0.0,,-0.22841403443115552,0.22841403443115552,11.0,0,1,,-0.22841403443115552
WTICO_USD,1d,Corto,sin bias,EMA 25,cualquier apoyo,impulso + retroceso,bracket 2R,1,0.06958468279672318,100.0,1.9884929957465405,1.9999999999999993,inf,,1.9884929957465405,0.0,16.0,0,1,,1.9884929957465405
WTICO_USD,1d,Corto,sin bias,EMA 25,cualquier apoyo,impulso + retroceso,trailing EMA 50,1,0.06958468279672318,0.0,-0.22841403443115552,-0.21978378124106143,0.0,,-0.22841403443115552,0.22841403443115552,11.0,0,1,,-0.22841403443115552
WTICO_USD,1d,Corto,sin bias,EMA 50,primer apoyo,ninguna,bracket 2R,13,0.9046008763574015,15.384615384615385,-0.5487766582671728,-0.5384615384615384,0.3583959038679342,-1.7543210173858999,-7.134096557473247,7.134096557473247,8.76923076923077,8,5,-0.2589026097635621,-1.01257513587295
WTICO_USD,1d,Corto,sin bias,EMA 50,primer apoyo,ninguna,trailing EMA 50,13,0.9046008763574015,15.384615384615385,-0.2541209822887941,-0.24638464243456834,0.2524315945066836,-2.2963441485189957,-3.3035727697543233,3.3035727697543242,8.615384615384615,8,5,-0.14482312776110726,-0.4289975495330931
WTICO_USD,1d,Corto,sin bias,EMA 50,primer apoyo,impulso (RSI>=70),bracket 2R,5,0.3479234139836159,0.0,-1.0109707860603347,-1.0000000000000002,0.0,-645.9239167872961,-5.0548539303016735,5.0548539303016735,9.0,2,3,-1.010264028654582,-1.0114419576641698
WTICO_USD,1d,Corto,sin bias,EMA 50,primer apoyo,impulso (RSI>=70),trailing EMA 50,5,0.3479234139836159,0.0,-0.3397793558304256,-0.33155126628517473,0.0,-6.936671447443275,-1.6988967791521281,1.6988967791521281,5.6,2,3,-0.2351596012086016,-0.40952585891164167
WTICO_USD,1d,Corto,sin bias,EMA 50,primer apoyo,retroceso (RSI<=40),bracket 2R,0,0.0,,,,,,0.0,,,0,0,,
WTICO_USD,1d,Corto,sin bias,EMA 50,primer apoyo,retroceso (RSI<=40),trailing EMA 50,0,0.0,,,,,,0.0,,,0,0,,
WTICO_USD,1d,Corto,sin bias,EMA 50,primer apoyo,impulso + retroceso,bracket 2R,0,0.0,,,,,,0.0,,,0,0,,
WTICO_USD,1d,Corto,sin bias,EMA 50,primer apoyo,impulso + retroceso,trailing EMA 50,0,0.0,,,,,,0.0,,,0,0,,
WTICO_USD,1d,Corto,sin bias,EMA 50,cualquier apoyo,ninguna,bracket 2R,27,1.878786435511526,14.814814814814813,-0.5671885275418374,-0.5564624082602951,0.3420264247697629,-2.691207423795701,-15.31409024362961,16.28685124294729,11.62962962962963,13,14,-0.3166421234359445,-0.7998387599258807
WTICO_USD,1d,Corto,sin bias,EMA 50,cualquier apoyo,ninguna,trailing EMA 50,40,2.7833873118689274,12.5,-0.30436364206272404,-0.29581812717794514,0.16408348283870972,-4.831639676989526,-12.174545682508962,13.311347465622532,7.15,15,25,-0.14480452135986183,-0.4000991144844414
WTICO_USD,1d,Corto,sin bias,EMA 50,cualquier apoyo,impulso (RSI>=70),bracket 2R,15,1.0437702419508479,20.0,-0.412373699740212,-0.4016323348685319,0.4909884984911773,-1.2713293250136604,-6.18560549610318,7.158366495420864,12.666666666666666,6,9,-0.009985424458854272,-0.6806325499277838
WTICO_USD,1d,Corto,sin bias,EMA 50,cualquier apoyo,impulso (RSI>=70),trailing EMA 50,23,1.6004477043246332,13.043478260869565,-0.28013854877040906,-0.2721076596952255,0.22875252926218959,-2.8445749176622215,-6.443186621719408,7.579988404832978,7.913043478260869,8,15,-0.059326039362996116,-0.3979052204543626
WTICO_USD,1d,Corto,sin bias,EMA 50,cualquier apoyo,retroceso (RSI<=40),bracket 2R,5,0.3479234139836159,20.0,-0.5100979815691209,-0.4995131087481955,0.438092197741668,-0.8070713039810804,-2.5504899078456047,3.0310702925291446,12.0,1,4,-1.0076773325259234,-0.38570314382992027
WTICO_USD,1d,Corto,sin bias,EMA 50,cualquier apoyo,retroceso (RSI<=40),trailing EMA 50,5,0.3479234139836159,0.0,-0.4227844256884386,-0.41484577107274456,0.0,-2.231293037225203,-2.113922128442193,2.113922128442193,4.4,1,4,-0.21093471114978898,-0.47574685432310093
WTICO_USD,1d,Corto,sin bias,EMA 50,cualquier apoyo,impulso + retroceso,bracket 2R,4,0.27833873118689273,25.0,-0.3842114558187834,-0.37439138593524407,0.5640572716066969,-0.48050095395222486,-1.5368458232751336,2.017426207958674,12.0,1,3,-1.0076773325259234,-0.17638949691640335
WTICO_USD,1d,Corto,sin bias,EMA 50,cualquier apoyo,impulso + retroceso,trailing EMA 50,4,0.27833873118689273,0.0,-0.40798621024758347,-0.400621157834929,0.0,-1.6729666508229961,-1.6319448409903339,1.6319448409903339,5.0,1,3,-0.21093471114978898,-0.47367004328018164
