inst,tf,regime,h,feature,ic,n
NAS100_USD,5m,Todos,1,rsi2,-0.03274665412865564,255519
NAS100_USD,5m,Todos,1,rsi14,-0.017964997216133073,255519
NAS100_USD,5m,Todos,1,d21,-0.02070753782613452,255519
NAS100_USD,5m,Todos,1,d50,-0.011443698752835041,255519
NAS100_USD,5m,Todos,1,d200,-0.0008587856316919545,255519
NAS100_USD,5m,Todos,1,slope21,-0.010105733124024185,255519
NAS100_USD,5m,Todos,1,gap_9_21,-0.008762673439145097,255519
NAS100_USD,5m,Todos,6,rsi2,-0.005010603329348059,255519
NAS100_USD,5m,Todos,6,rsi14,0.0013189686584785477,255519
NAS100_USD,5m,Todos,6,d21,-8.132160725601365e-05,255519
NAS100_USD,5m,Todos,6,d50,0.005130091002587109,255519
NAS100_USD,5m,Todos,6,d200,0.012374450904445876,255519
NAS100_USD,5m,Todos,6,slope21,0.0006205181910842017,255519
NAS100_USD,5m,Todos,6,gap_9_21,0.0014978444673943317,255519
NAS100_USD,5m,Todos,12,rsi2,0.0024337303731694357,255519
NAS100_USD,5m,Todos,12,rsi14,0.01261746988040468,255519
NAS100_USD,5m,Todos,12,d21,0.011062971555253827,255519
NAS100_USD,5m,Todos,12,d50,0.014764926242001866,255519
NAS100_USD,5m,Todos,12,d200,0.01896737402650671,255519
NAS100_USD,5m,Todos,12,slope21,0.011514516718393824,255519
NAS100_USD,5m,Todos,12,gap_9_21,0.011864426871519925,255519
NAS100_USD,5m,Alcista,1,rsi2,-0.03486816086625206,121500
NAS100_USD,5m,Alcista,1,rsi14,-0.018235826676052464,121500
NAS100_USD,5m,Alcista,1,d21,-0.021292574709002646,121500
NAS100_USD,5m,Alcista,1,d50,-0.010850401025239683,121500
NAS100_USD,5m,Alcista,1,d200,0.0026068370937684664,121500
NAS100_USD,5m,Alcista,1,slope21,-0.006511789338939537,121500
NAS100_USD,5m,Alcista,1,gap_9_21,-0.005659492545286374,121500
NAS100_USD,5m,Alcista,6,rsi2,-0.006600800830078445,121500
NAS100_USD,5m,Alcista,6,rsi14,0.0032303633654184425,121500
NAS100_USD,5m,Alcista,6,d21,0.0015019885339062717,121500
NAS100_USD,5m,Alcista,6,d50,0.00667598141215338,121500
NAS100_USD,5m,Alcista,6,d200,0.01762014246978123,121500
NAS100_USD,5m,Alcista,6,slope21,0.002637565694313411,121500
NAS100_USD,5m,Alcista,6,gap_9_21,0.0028014269221409748,121500
NAS100_USD,5m,Alcista,12,rsi2,0.006114788490983777,121500
NAS100_USD,5m,Alcista,12,rsi14,0.01586727863395432,121500
NAS100_USD,5m,Alcista,12,d21,0.014646384078348453,121500
NAS100_USD,5m,Alcista,12,d50,0.015477575780715184,121500
NAS100_USD,5m,Alcista,12,d200,0.02100326659595128,121500
NAS100_USD,5m,Alcista,12,slope21,0.01296235754842455,121500
NAS100_USD,5m,Alcista,12,gap_9_21,0.011589760558533536,121500
NAS100_USD,5m,Neutral,1,rsi2,-0.02792325959943067,41370
NAS100_USD,5m,Neutral,1,rsi14,-0.028892038402215714,41370
NAS100_USD,5m,Neutral,1,d21,-0.02877002808225282,41370
NAS100_USD,5m,Neutral,1,d50,-0.02911722039607673,41370
NAS100_USD,5m,Neutral,1,d200,-0.028467423430850358,41370
NAS100_USD,5m,Neutral,1,slope21,-0.026311679877442293,41370
NAS100_USD,5m,Neutral,1,gap_9_21,-0.026076468437362395,41370
NAS100_USD,5m,Neutral,6,rsi2,-0.0059787875694504505,41370
NAS100_USD,5m,Neutral,6,rsi14,-0.012909741386026258,41370
NAS100_USD,5m,Neutral,6,d21,-0.012797734191728877,41370
NAS100_USD,5m,Neutral,6,d50,-0.015643423661525276,41370
NAS100_USD,5m,Neutral,6,d200,-0.01822133009825273,41370
NAS100_USD,5m,Neutral,6,slope21,-0.019385222778755585,41370
NAS100_USD,5m,Neutral,6,gap_9_21,-0.020154298929823067,41370
NAS100_USD,5m,Neutral,12,rsi2,-0.008979018303396353,41370
NAS100_USD,5m,Neutral,12,rsi14,-0.012207683813708355,41370
NAS100_USD,5m,Neutral,12,d21,-0.013945875340862062,41370
NAS100_USD,5m,Neutral,12,d50,-0.014370644681417891,41370
NAS100_USD,5m,Neutral,12,d200,-0.016781747498579188,41370
NAS100_USD,5m,Neutral,12,slope21,-0.019242375115228024,41370
NAS100_USD,5m,Neutral,12,gap_9_21,-0.019494619463959532,41370
NAS100_USD,5m,Bajista,1,rsi2,-0.03364789798036051,92649
NAS100_USD,5m,Bajista,1,rsi14,-0.021387817104644723,92649
NAS100_USD,5m,Bajista,1,d21,-0.023586744197914636,92649
NAS100_USD,5m,Bajista,1,d50,-0.014475434291795328,92649
NAS100_USD,5m,Bajista,1,d200,0.0009952738226905156,92649
NAS100_USD,5m,Bajista,1,slope21,-0.010536085278052502,92649
NAS100_USD,5m,Bajista,1,gap_9_21,-0.008893768592721438,92649
NAS100_USD,5m,Bajista,6,rsi2,-0.005175788893868438,92649
NAS100_USD,5m,Bajista,6,rsi14,-0.002934361738501499,92649
NAS100_USD,5m,Bajista,6,d21,-0.0035441541620710205,92649
NAS100_USD,5m,Bajista,6,d50,0.0038794066086200786,92649
NAS100_USD,5m,Bajista,6,d200,0.019262173765167926,92649
NAS100_USD,5m,Bajista,6,slope21,-0.0029966895704453284,92649
NAS100_USD,5m,Bajista,6,gap_9_21,-0.0014331581119983474,92649
NAS100_USD,5m,Bajista,12,rsi2,-0.002188282857205806,92649
NAS100_USD,5m,Bajista,12,rsi14,0.008524055838923262,92649
NAS100_USD,5m,Bajista,12,d21,0.006617897713315609,92649
NAS100_USD,5m,Bajista,12,d50,0.015701665436532203,92649
NAS100_USD,5m,Bajista,12,d200,0.025094497775151995,92649
NAS100_USD,5m,Bajista,12,slope21,0.010006686111882877,92649
NAS100_USD,5m,Bajista,12,gap_9_21,0.012371051282481891,92649
NAS100_USD,15m,Todos,1,rsi2,-0.01831854015222286,69388
NAS100_USD,15m,Todos,1,rsi14,-0.006486098693334483,69388
NAS100_USD,15m,Todos,1,d21,-0.007499712414147893,69388
NAS100_USD,15m,Todos,1,d50,-0.0021849100447776985,69388
NAS100_USD,15m,Todos,1,d200,0.013187510076650524,69388
NAS100_USD,15m,Todos,1,slope21,-0.0020867806036475745,69388
NAS100_USD,15m,Todos,1,gap_9_21,-0.0002433983841679916,69388
NAS100_USD,15m,Todos,4,rsi2,0.0052926829277694185,69388
NAS100_USD,15m,Todos,4,rsi14,0.01310125512874848,69388
NAS100_USD,15m,Todos,4,d21,0.012556839006281812,69388
NAS100_USD,15m,Todos,4,d50,0.015575142530894391,69388
NAS100_USD,15m,Todos,4,d200,0.029250457533605424,69388
NAS100_USD,15m,Todos,4,slope21,0.011001365906414175,69388
NAS100_USD,15m,Todos,4,gap_9_21,0.0126610872653219,69388
NAS100_USD,15m,Todos,8,rsi2,0.012108828532331658,69388
NAS100_USD,15m,Todos,8,rsi14,0.022367202205720586,69388
NAS100_USD,15m,Todos,8,d21,0.02149705890358959,69388
NAS100_USD,15m,Todos,8,d50,0.024363220116403492,69388
NAS100_USD,15m,Todos,8,d200,0.03538454898190766,69388
NAS100_USD,15m,Todos,8,slope21,0.020464888770447665,69388
NAS100_USD,15m,Todos,8,gap_9_21,0.021244910103269538,69388
NAS100_USD,15m,Alcista,1,rsi2,-0.0312604978769086,34683
NAS100_USD,15m,Alcista,1,rsi14,-0.017786752168733645,34683
NAS100_USD,15m,Alcista,1,d21,-0.01957670667535224,34683
NAS100_USD,15m,Alcista,1,d50,-0.013710696059453291,34683
NAS100_USD,15m,Alcista,1,d200,-0.0004344418721199043,34683
NAS100_USD,15m,Alcista,1,slope21,-0.009073824731496932,34683
NAS100_USD,15m,Alcista,1,gap_9_21,-0.00835116900436564,34683
NAS100_USD,15m,Alcista,4,rsi2,-0.008683858613558996,34683
NAS100_USD,15m,Alcista,4,rsi14,-0.0020449448695063436,34683
NAS100_USD,15m,Alcista,4,d21,-0.0026400413092902567,34683
NAS100_USD,15m,Alcista,4,d50,0.0009525935872178324,34683
NAS100_USD,15m,Alcista,4,d200,0.012819867117709759,34683
NAS100_USD,15m,Alcista,4,slope21,-0.003053563802096292,34683
NAS100_USD,15m,Alcista,4,gap_9_21,-0.001585350173303439,34683
NAS100_USD,15m,Alcista,8,rsi2,0.0007417637191986263,34683
NAS100_USD,15m,Alcista,8,rsi14,0.004128915113105167,34683
NAS100_USD,15m,Alcista,8,d21,0.002368128128526774,34683
NAS100_USD,15m,Alcista,8,d50,0.0055956800243869755,34683
NAS100_USD,15m,Alcista,8,d200,0.016820029820491283,34683
NAS100_USD,15m,Alcista,8,slope21,0.0010536817238573106,34683
NAS100_USD,15m,Alcista,8,gap_9_21,0.00210517546995646,34683
NAS100_USD,15m,Neutral,1,rsi2,-0.004829958482912706,12239
NAS100_USD,15m,Neutral,1,rsi14,0.0003809617440209455,12239
NAS100_USD,15m,Neutral,1,d21,0.003912356517296858,12239
NAS100_USD,15m,Neutral,1,d50,0.0027068194342752326,12239
NAS100_USD,15m,Neutral,1,d200,0.006678212719654154,12239
NAS100_USD,15m,Neutral,1,slope21,-0.0070016261251825635,12239
NAS100_USD,15m,Neutral,1,gap_9_21,-0.003472066206523713,12239
NAS100_USD,15m,Neutral,4,rsi2,0.005707174141662376,12239
NAS100_USD,15m,Neutral,4,rsi14,0.01697229842212034,12239
NAS100_USD,15m,Neutral,4,d21,0.017467023796499444,12239
NAS100_USD,15m,Neutral,4,d50,0.018535286836743686,12239
NAS100_USD,15m,Neutral,4,d200,0.01945624911499666,12239
NAS100_USD,15m,Neutral,4,slope21,0.011500712215866201,12239
NAS100_USD,15m,Neutral,4,gap_9_21,0.014683985199933202,12239
NAS100_USD,15m,Neutral,8,rsi2,0.01891259358183535,12239
NAS100_USD,15m,Neutral,8,rsi14,0.035706676347470115,12239
NAS100_USD,15m,Neutral,8,d21,0.033690671724816164,12239
NAS100_USD,15m,Neutral,8,d50,0.03440280184272078,12239
NAS100_USD,15m,Neutral,8,d200,0.02671887662201413,12239
NAS100_USD,15m,Neutral,8,slope21,0.030885034530613403,12239
NAS100_USD,15m,Neutral,8,gap_9_21,0.031857097186834875,12239
NAS100_USD,15m,Bajista,1,rsi2,-0.016260832187211072,22466
NAS100_USD,15m,Bajista,1,rsi14,-0.015313074677423539,22466
NAS100_USD,15m,Bajista,1,d21,-0.016228773645554893,22466
NAS100_USD,15m,Bajista,1,d50,-0.012994598962783226,22466
NAS100_USD,15m,Bajista,1,d200,-0.0016879953220233573,22466
NAS100_USD,15m,Bajista,1,slope21,-0.011011281285604024,22466
NAS100_USD,15m,Bajista,1,gap_9_21,-0.00926043471486432,22466
NAS100_USD,15m,Bajista,4,rsi2,0.009498324244390528,22466
NAS100_USD,15m,Bajista,4,rsi14,0.002916183294161577,22466
NAS100_USD,15m,Bajista,4,d21,0.0029394576716032113,22466
NAS100_USD,15m,Bajista,4,d50,0.0002398474490661588,22466
NAS100_USD,15m,Bajista,4,d200,0.008343441669508353,22466
NAS100_USD,15m,Bajista,4,slope21,-0.00513016127565306,22466
NAS100_USD,15m,Bajista,4,gap_9_21,-0.00437503686676677,22466
NAS100_USD,15m,Bajista,8,rsi2,0.006778775694152534,22466
NAS100_USD,15m,Bajista,8,rsi14,0.007926424015895652,22466
NAS100_USD,15m,Bajista,8,d21,0.008918586447280304,22466
NAS100_USD,15m,Bajista,8,d50,0.006509652175351463,22466
NAS100_USD,15m,Bajista,8,d200,0.01171382550848945,22466
NAS100_USD,15m,Bajista,8,slope21,0.004619983031775115,22466
NAS100_USD,15m,Bajista,8,gap_9_21,0.004327874614121754,22466
NAS100_USD,1h,Todos,1,rsi2,-0.02912797176983902,92232
NAS100_USD,1h,Todos,1,rsi14,-0.019337528241537234,92232
NAS100_USD,1h,Todos,1,d21,-0.02214362307292295,92232
NAS100_USD,1h,Todos,1,d50,-0.01334921680194251,92232
NAS100_USD,1h,Todos,1,d200,-0.0024634569401190474,92232
NAS100_USD,1h,Todos,1,slope21,-0.012979405293442079,92232
NAS100_USD,1h,Todos,1,gap_9_21,-0.011918048228789543,92232
NAS100_USD,1h,Todos,6,rsi2,-0.02114862441957095,92232
NAS100_USD,1h,Todos,6,rsi14,-0.015273891104459062,92232
NAS100_USD,1h,Todos,6,d21,-0.017363942088496547,92232
NAS100_USD,1h,Todos,6,d50,-0.01239196711528573,92232
NAS100_USD,1h,Todos,6,d200,-0.005335779030144076,92232
NAS100_USD,1h,Todos,6,slope21,-0.010692661297810675,92232
NAS100_USD,1h,Todos,6,gap_9_21,-0.010460736873651195,92232
NAS100_USD,1h,Todos,24,rsi2,-0.01047605076017306,92232
NAS100_USD,1h,Todos,24,rsi14,-0.016734425634477947,92232
NAS100_USD,1h,Todos,24,d21,-0.019959301011373415,92232
NAS100_USD,1h,Todos,24,d50,-0.016042608098401134,92232
NAS100_USD,1h,Todos,24,d200,-0.009218187994344996,92232
NAS100_USD,1h,Todos,24,slope21,-0.017226101341762824,92232
NAS100_USD,1h,Todos,24,gap_9_21,-0.017037052242215696,92232
NAS100_USD,1h,Alcista,1,rsi2,-0.04302306314428187,51267
NAS100_USD,1h,Alcista,1,rsi14,-0.0296466107980423,51267
NAS100_USD,1h,Alcista,1,d21,-0.03430996304247977,51267
NAS100_USD,1h,Alcista,1,d50,-0.021288968284856404,51267
NAS100_USD,1h,Alcista,1,d200,-0.006717357594795307,51267
NAS100_USD,1h,Alcista,1,slope21,-0.01728009222521781,51267
NAS100_USD,1h,Alcista,1,gap_9_21,-0.015429368261035314,51267
NAS100_USD,1h,Alcista,6,rsi2,-0.038623719617858834,51267
NAS100_USD,1h,Alcista,6,rsi14,-0.024700787939476606,51267
NAS100_USD,1h,Alcista,6,d21,-0.03032554434289649,51267
NAS100_USD,1h,Alcista,6,d50,-0.0161925371158241,51267
NAS100_USD,1h,Alcista,6,d200,-0.0026735960848318237,51267
NAS100_USD,1h,Alcista,6,slope21,-0.014609188956669173,51267
NAS100_USD,1h,Alcista,6,gap_9_21,-0.011520937529685079,51267
NAS100_USD,1h,Alcista,24,rsi2,-0.013544022353766947,51267
NAS100_USD,1h,Alcista,24,rsi14,-0.00405869940765513,51267
NAS100_USD,1h,Alcista,24,d21,-0.01159416126656983,51267
NAS100_USD,1h,Alcista,24,d50,0.002638623205594674,51267
NAS100_USD,1h,Alcista,24,d200,0.01861933005431222,51267
NAS100_USD,1h,Alcista,24,slope21,-0.0029469421970067713,51267
NAS100_USD,1h,Alcista,24,gap_9_21,-0.0006169923139263603,51267
NAS100_USD,1h,Neutral,1,rsi2,-0.02297924616835381,12183
NAS100_USD,1h,Neutral,1,rsi14,-0.015410079262588158,12183
NAS100_USD,1h,Neutral,1,d21,-0.012713567271581199,12183
NAS100_USD,1h,Neutral,1,d50,-0.016701893697991375,12183
NAS100_USD,1h,Neutral,1,d200,-0.013009727509715524,12183
NAS100_USD,1h,Neutral,1,slope21,-0.010534737410462583,12183
NAS100_USD,1h,Neutral,1,gap_9_21,-0.013175990521770863,12183
NAS100_USD,1h,Neutral,6,rsi2,-0.0038427704536482007,12183
NAS100_USD,1h,Neutral,6,rsi14,-0.013466681079949399,12183
NAS100_USD,1h,Neutral,6,d21,-0.009574826757045901,12183
NAS100_USD,1h,Neutral,6,d50,-0.016916688606081094,12183
NAS100_USD,1h,Neutral,6,d200,-0.008900362556925284,12183
NAS100_USD,1h,Neutral,6,slope21,-0.017033418552570668,12183
NAS100_USD,1h,Neutral,6,gap_9_21,-0.021515812423443057,12183
NAS100_USD,1h,Neutral,24,rsi2,-0.005516803636675516,12183
NAS100_USD,1h,Neutral,24,rsi14,-0.04310090864081457,12183
NAS100_USD,1h,Neutral,24,d21,-0.04302267221053144,12183
NAS100_USD,1h,Neutral,24,d50,-0.0502898120461969,12183
NAS100_USD,1h,Neutral,24,d200,-0.044450905872800525,12183
NAS100_USD,1h,Neutral,24,slope21,-0.056155563799863535,12183
NAS100_USD,1h,Neutral,24,gap_9_21,-0.059898852284662345,12183
NAS100_USD,1h,Bajista,1,rsi2,-0.007965995631830139,28782
NAS100_USD,1h,Bajista,1,rsi14,-0.010530835279223112,28782
NAS100_USD,1h,Bajista,1,d21,-0.011094387195094257,28782
NAS100_USD,1h,Bajista,1,d50,-0.011185046421754165,28782
NAS100_USD,1h,Bajista,1,d200,-0.010336316379387932,28782
NAS100_USD,1h,Bajista,1,slope21,-0.01141445947149722,28782
NAS100_USD,1h,Bajista,1,gap_9_21,-0.011371439332877794,28782
NAS100_USD,1h,Bajista,6,rsi2,0.0017961106183551595,28782
NAS100_USD,1h,Bajista,6,rsi14,0.002053809004170434,28782
NAS100_USD,1h,Bajista,6,d21,0.0023514706837859368,28782
NAS100_USD,1h,Bajista,6,d50,-0.0031922986610571475,28782
NAS100_USD,1h,Bajista,6,d200,-0.011312506188092238,28782
NAS100_USD,1h,Bajista,6,slope21,0.002195388204810459,28782
NAS100_USD,1h,Bajista,6,gap_9_21,-3.40455083615004e-05,28782
NAS100_USD,1h,Bajista,24,rsi2,-0.004712985841694498,28782
NAS100_USD,1h,Bajista,24,rsi14,-0.0009836894561967243,28782
NAS100_USD,1h,Bajista,24,d21,-0.003963366273784903,28782
NAS100_USD,1h,Bajista,24,d50,-0.00013802499276517136,28782
NAS100_USD,1h,Bajista,24,d200,-0.009503050951461527,28782
NAS100_USD,1h,Bajista,24,slope21,-0.000858789510717718,28782
NAS100_USD,1h,Bajista,24,gap_9_21,-2.1114595739633404e-05,28782
NAS100_USD,1d,Todos,1,rsi2,-0.03309344405780206,3710
NAS100_USD,1d,Todos,1,rsi14,-0.020603773588727663,3710
NAS100_USD,1d,Todos,1,d21,-0.022943855573633917,3710
NAS100_USD,1d,Todos,1,d50,-0.00943461593684465,3710
NAS100_USD,1d,Todos,1,d200,0.003517243386840469,3710
NAS100_USD,1d,Todos,1,slope21,-0.013573491637451323,3710
NAS100_USD,1d,Todos,1,gap_9_21,-0.008266882976659659,3710
NAS100_USD,1d,Todos,5,rsi2,-0.040588103927796236,3710
NAS100_USD,1d,Todos,5,rsi14,-0.03200123129183039,3710
NAS100_USD,1d,Todos,5,d21,-0.03214997320508736,3710
NAS100_USD,1d,Todos,5,d50,-0.020177303836850173,3710
NAS100_USD,1d,Todos,5,d200,-0.0115402715355008,3710
NAS100_USD,1d,Todos,5,slope21,-0.024795663261463898,3710
NAS100_USD,1d,Todos,5,gap_9_21,-0.014051503376233626,3710
NAS100_USD,1d,Todos,10,rsi2,-0.030132080749342375,3710
NAS100_USD,1d,Todos,10,rsi14,-0.013462817577417812,3710
NAS100_USD,1d,Todos,10,d21,-0.017428129905426453,3710
NAS100_USD,1d,Todos,10,d50,-0.010843698586894676,3710
NAS100_USD,1d,Todos,10,d200,-0.014201080026284082,3710
NAS100_USD,1d,Todos,10,slope21,-0.002840096533543695,3710
NAS100_USD,1d,Todos,10,gap_9_21,0.003866050235161145,3710
NAS100_USD,1d,Alcista,1,rsi2,-0.028570138804263012,2894
NAS100_USD,1d,Alcista,1,rsi14,-0.028981997617792573,2894
NAS100_USD,1d,Alcista,1,d21,-0.028567158811404248,2894
NAS100_USD,1d,Alcista,1,d50,-0.020149130398528173,2894
NAS100_USD,1d,Alcista,1,d200,-0.007584753280161513,2894
NAS100_USD,1d,Alcista,1,slope21,-0.02408353451610066,2894
NAS100_USD,1d,Alcista,1,gap_9_21,-0.020064474652996867,2894
NAS100_USD,1d,Alcista,5,rsi2,-0.02575772578482608,2894
NAS100_USD,1d,Alcista,5,rsi14,-0.04123178776100487,2894
NAS100_USD,1d,Alcista,5,d21,-0.03651296075297571,2894
NAS100_USD,1d,Alcista,5,d50,-0.03257884312586267,2894
NAS100_USD,1d,Alcista,5,d200,-0.023564488714584518,2894
NAS100_USD,1d,Alcista,5,slope21,-0.040661659079898146,2894
NAS100_USD,1d,Alcista,5,gap_9_21,-0.028971057325420036,2894
NAS100_USD,1d,Alcista,10,rsi2,-0.02204718939854122,2894
NAS100_USD,1d,Alcista,10,rsi14,-0.02941031792027865,2894
NAS100_USD,1d,Alcista,10,d21,-0.030092861815940068,2894
NAS100_USD,1d,Alcista,10,d50,-0.028336451433757456,2894
NAS100_USD,1d,Alcista,10,d200,-0.02020917944673696,2894
NAS100_USD,1d,Alcista,10,slope21,-0.019218159671511154,2894
NAS100_USD,1d,Alcista,10,gap_9_21,-0.012183332952483979,2894
NAS100_USD,1d,Neutral,1,rsi2,-0.06274574344290378,382
NAS100_USD,1d,Neutral,1,rsi14,-0.08391526722495436,382
NAS100_USD,1d,Neutral,1,d21,-0.07213432832125873,382
NAS100_USD,1d,Neutral,1,d50,-0.089194893110987,382
NAS100_USD,1d,Neutral,1,d200,-0.04625501228091571,382
NAS100_USD,1d,Neutral,1,slope21,-0.07682926658623264,382
NAS100_USD,1d,Neutral,1,gap_9_21,-0.08249423519748438,382
NAS100_USD,1d,Neutral,5,rsi2,-0.1172375102941941,382
NAS100_USD,1d,Neutral,5,rsi14,-0.1273173440500231,382
NAS100_USD,1d,Neutral,5,d21,-0.12388327301499791,382
NAS100_USD,1d,Neutral,5,d50,-0.1388892506709323,382
NAS100_USD,1d,Neutral,5,d200,-0.1121703610951957,382
NAS100_USD,1d,Neutral,5,slope21,-0.10350445528307567,382
NAS100_USD,1d,Neutral,5,gap_9_21,-0.10494378570811193,382
NAS100_USD,1d,Neutral,10,rsi2,-0.09010486165819433,382
NAS100_USD,1d,Neutral,10,rsi14,-0.03994055819369414,382
NAS100_USD,1d,Neutral,10,d21,-0.051782635272787675,382
NAS100_USD,1d,Neutral,10,d50,-0.05397736660441265,382
NAS100_USD,1d,Neutral,10,d200,-0.04987572697111684,382
NAS100_USD,1d,Neutral,10,slope21,-0.007579734460112776,382
NAS100_USD,1d,Neutral,10,gap_9_21,-0.00931442254939518,382
NAS100_USD,1d,Bajista,1,rsi2,-0.05356125377036473,434
NAS100_USD,1d,Bajista,1,rsi14,0.036289083988991756,434
NAS100_USD,1d,Bajista,1,d21,0.02131280439536726,434
NAS100_USD,1d,Bajista,1,d50,0.04760544451861722,434
NAS100_USD,1d,Bajista,1,d200,0.05144724388585285,434
NAS100_USD,1d,Bajista,1,slope21,0.06312648424566464,434
NAS100_USD,1d,Bajista,1,gap_9_21,0.06268683008247368,434
NAS100_USD,1d,Bajista,5,rsi2,-0.07557596346833553,434
NAS100_USD,1d,Bajista,5,rsi14,0.1302880248555068,434
NAS100_USD,1d,Bajista,5,d21,0.11063746550751612,434
NAS100_USD,1d,Bajista,5,d50,0.1431049345858461,434
NAS100_USD,1d,Bajista,5,d200,0.09528641560383269,434
NAS100_USD,1d,Bajista,5,slope21,0.14710527368471657,434
NAS100_USD,1d,Bajista,5,gap_9_21,0.1567986571097546,434
NAS100_USD,1d,Bajista,10,rsi2,-0.02773968216453708,434
NAS100_USD,1d,Bajista,10,rsi14,0.19622822234756973,434
NAS100_USD,1d,Bajista,10,d21,0.17250715538985542,434
NAS100_USD,1d,Bajista,10,d50,0.22312081791821917,434
NAS100_USD,1d,Bajista,10,d200,0.1592400221808828,434
NAS100_USD,1d,Bajista,10,slope21,0.20348361701057918,434
NAS100_USD,1d,Bajista,10,gap_9_21,0.2196617158476242,434
SPX500_USD,5m,Todos,1,rsi2,-0.04978537120850102,254905
SPX500_USD,5m,Todos,1,rsi14,-0.028537657046009073,254905
SPX500_USD,5m,Todos,1,d21,-0.032182888171083585,254905
SPX500_USD,5m,Todos,1,d50,-0.019277173082476416,254905
SPX500_USD,5m,Todos,1,d200,-0.005294889616288978,254905
SPX500_USD,5m,Todos,1,slope21,-0.015746436028232273,254905
SPX500_USD,5m,Todos,1,gap_9_21,-0.013755354817336052,254905
SPX500_USD,5m,Todos,6,rsi2,-0.015453633996706531,254905
SPX500_USD,5m,Todos,6,rsi14,-0.006136876275543623,254905
SPX500_USD,5m,Todos,6,d21,-0.008463601697319259,254905
SPX500_USD,5m,Todos,6,d50,-2.4268961713982304e-05,254905
SPX500_USD,5m,Todos,6,d200,0.010094135159436392,254905
SPX500_USD,5m,Todos,6,slope21,-0.004589595674193364,254905
SPX500_USD,5m,Todos,6,gap_9_21,-0.0029964149521989436,254905
SPX500_USD,5m,Todos,12,rsi2,-0.006443979969629526,254905
SPX500_USD,5m,Todos,12,rsi14,0.007739157479334455,254905
SPX500_USD,5m,Todos,12,d21,0.004924925370668548,254905
SPX500_USD,5m,Todos,12,d50,0.013570258688103607,254905
SPX500_USD,5m,Todos,12,d200,0.021001831395126742,254905
SPX500_USD,5m,Todos,12,slope21,0.00845112371615843,254905
SPX500_USD,5m,Todos,12,gap_9_21,0.01031758654452881,254905
SPX500_USD,5m,Alcista,1,rsi2,-0.048822252337795184,118648
SPX500_USD,5m,Alcista,1,rsi14,-0.026540845867897365,118648
SPX500_USD,5m,Alcista,1,d21,-0.030058410652838218,118648
SPX500_USD,5m,Alcista,1,d50,-0.01615034104701992,118648
SPX500_USD,5m,Alcista,1,d200,0.0017518852191807923,118648
SPX500_USD,5m,Alcista,1,slope21,-0.009492715815059564,118648
SPX500_USD,5m,Alcista,1,gap_9_21,-0.007773068329380294,118648
SPX500_USD,5m,Alcista,6,rsi2,-0.015238175432123656,118648
SPX500_USD,5m,Alcista,6,rsi14,-0.004612200999552068,118648
SPX500_USD,5m,Alcista,6,d21,-0.006217291077377917,118648
SPX500_USD,5m,Alcista,6,d50,0.00145486056285177,118648
SPX500_USD,5m,Alcista,6,d200,0.01782898276606692,118648
SPX500_USD,5m,Alcista,6,slope21,-0.0024620372971991943,118648
SPX500_USD,5m,Alcista,6,gap_9_21,-0.0027672322941817706,118648
SPX500_USD,5m,Alcista,12,rsi2,-0.004549841980400015,118648
SPX500_USD,5m,Alcista,12,rsi14,0.0033578119587063474,118648
SPX500_USD,5m,Alcista,12,d21,0.0018315265050718077,118648
SPX500_USD,5m,Alcista,12,d50,0.008989087332413418,118648
SPX500_USD,5m,Alcista,12,d200,0.024573949147393852,118648
SPX500_USD,5m,Alcista,12,slope21,0.0023589187420834795,118648
SPX500_USD,5m,Alcista,12,gap_9_21,0.0018467688546009219,118648
SPX500_USD,5m,Neutral,1,rsi2,-0.059967817413680326,41830
SPX500_USD,5m,Neutral,1,rsi14,-0.05721766129139345,41830
SPX500_USD,5m,Neutral,1,d21,-0.05752533910324094,41830
SPX500_USD,5m,Neutral,1,d50,-0.052972680804413724,41830
SPX500_USD,5m,Neutral,1,d200,-0.04881714815908318,41830
SPX500_USD,5m,Neutral,1,slope21,-0.04755361240253409,41830
SPX500_USD,5m,Neutral,1,gap_9_21,-0.045696315577154825,41830
SPX500_USD,5m,Neutral,6,rsi2,-0.03539284202352169,41830
SPX500_USD,5m,Neutral,6,rsi14,-0.0454531098106098,41830
SPX500_USD,5m,Neutral,6,d21,-0.04580380242877741,41830
SPX500_USD,5m,Neutral,6,d50,-0.04083723593207743,41830
SPX500_USD,5m,Neutral,6,d200,-0.03997539708175546,41830
SPX500_USD,5m,Neutral,6,slope21,-0.045576092030453395,41830
SPX500_USD,5m,Neutral,6,gap_9_21,-0.04184277564187219,41830
SPX500_USD,5m,Neutral,12,rsi2,-0.025633188014277542,41830
SPX500_USD,5m,Neutral,12,rsi14,-0.027314180444385088,41830
SPX500_USD,5m,Neutral,12,d21,-0.02806771222899837,41830
SPX500_USD,5m,Neutral,12,d50,-0.02393371058278239,41830
SPX500_USD,5m,Neutral,12,d200,-0.023276010348866012,41830
SPX500_USD,5m,Neutral,12,slope21,-0.025742140667899132,41830
SPX500_USD,5m,Neutral,12,gap_9_21,-0.02331721655421945,41830
SPX500_USD,5m,Bajista,1,rsi2,-0.04723419486507704,94427
SPX500_USD,5m,Bajista,1,rsi14,-0.028152115009039327,94427
SPX500_USD,5m,Bajista,1,d21,-0.03151786262941065,94427
SPX500_USD,5m,Bajista,1,d50,-0.019918317332984905,94427
SPX500_USD,5m,Bajista,1,d200,-0.0039589297146511585,94427
SPX500_USD,5m,Bajista,1,slope21,-0.011202631282945226,94427
SPX500_USD,5m,Bajista,1,gap_9_21,-0.009417496749304833,94427
SPX500_USD,5m,Bajista,6,rsi2,-0.009463147242349326,94427
SPX500_USD,5m,Bajista,6,rsi14,0.0007335438107693437,94427
SPX500_USD,5m,Bajista,6,d21,-0.0019422637546154394,94427
SPX500_USD,5m,Bajista,6,d50,0.006618410571272205,94427
SPX500_USD,5m,Bajista,6,d200,0.022107577465507167,94427
SPX500_USD,5m,Bajista,6,slope21,0.0022416113776172982,94427
SPX500_USD,5m,Bajista,6,gap_9_21,0.0031186108674232907,94427
SPX500_USD,5m,Bajista,12,rsi2,-0.0059670983778041435,94427
SPX500_USD,5m,Bajista,12,rsi14,0.011394364966990464,94427
SPX500_USD,5m,Bajista,12,d21,0.007087103312495972,94427
SPX500_USD,5m,Bajista,12,d50,0.017091783830553563,94427
SPX500_USD,5m,Bajista,12,d200,0.028411993757106725,94427
SPX500_USD,5m,Bajista,12,slope21,0.012202088446632852,94427
SPX500_USD,5m,Bajista,12,gap_9_21,0.014248734927382578,94427
SPX500_USD,15m,Todos,1,rsi2,-0.027972681814292657,69362
SPX500_USD,15m,Todos,1,rsi14,-0.012432917604978869,69362
SPX500_USD,15m,Todos,1,d21,-0.014072111958272656,69362
SPX500_USD,15m,Todos,1,d50,-0.00807416626476766,69362
SPX500_USD,15m,Todos,1,d200,0.00771914184449008,69362
SPX500_USD,15m,Todos,1,slope21,-0.005129816316988572,69362
SPX500_USD,15m,Todos,1,gap_9_21,-0.0033164935862956173,69362
SPX500_USD,15m,Todos,4,rsi2,-0.002538103596818075,69362
SPX500_USD,15m,Todos,4,rsi14,0.010348112609088585,69362
SPX500_USD,15m,Todos,4,d21,0.008932533542891748,69362
SPX500_USD,15m,Todos,4,d50,0.013309835681864862,69362
SPX500_USD,15m,Todos,4,d200,0.02399095023698281,69362
SPX500_USD,15m,Todos,4,slope21,0.01124589706223925,69362
SPX500_USD,15m,Todos,4,gap_9_21,0.013419415445417235,69362
SPX500_USD,15m,Todos,8,rsi2,0.008009584438224802,69362
SPX500_USD,15m,Todos,8,rsi14,0.02767216770612983,69362
SPX500_USD,15m,Todos,8,d21,0.025513043849088916,69362
SPX500_USD,15m,Todos,8,d50,0.030326661623941667,69362
SPX500_USD,15m,Todos,8,d200,0.033925788401613345,69362
SPX500_USD,15m,Todos,8,slope21,0.028214954208475432,69362
SPX500_USD,15m,Todos,8,gap_9_21,0.03001433383584618,69362
SPX500_USD,15m,Alcista,1,rsi2,-0.03749291066920158,34008
SPX500_USD,15m,Alcista,1,rsi14,-0.017460792717348364,34008
SPX500_USD,15m,Alcista,1,d21,-0.019477687657801918,34008
SPX500_USD,15m,Alcista,1,d50,-0.011865569427302458,34008
SPX500_USD,15m,Alcista,1,d200,-0.0001843047298445503,34008
SPX500_USD,15m,Alcista,1,slope21,-0.006018699948684395,34008
SPX500_USD,15m,Alcista,1,gap_9_21,-0.004547914183476555,34008
SPX500_USD,15m,Alcista,4,rsi2,-0.0182128379386503,34008
SPX500_USD,15m,Alcista,4,rsi14,0.0004276011868463311,34008
SPX500_USD,15m,Alcista,4,d21,-0.0024946155423531146,34008
SPX500_USD,15m,Alcista,4,d50,0.006502360490198279,34008
SPX500_USD,15m,Alcista,4,d200,0.015604052844246458,34008
SPX500_USD,15m,Alcista,4,slope21,0.0036809799753795263,34008
SPX500_USD,15m,Alcista,4,gap_9_21,0.008466542486341256,34008
SPX500_USD,15m,Alcista,8,rsi2,-0.01433224362579452,34008
SPX500_USD,15m,Alcista,8,rsi14,0.01305567970625139,34008
SPX500_USD,15m,Alcista,8,d21,0.008339162360540091,34008
SPX500_USD,15m,Alcista,8,d50,0.019458112236470492,34008
SPX500_USD,15m,Alcista,8,d200,0.02828496126358466,34008
SPX500_USD,15m,Alcista,8,slope21,0.018451812916624767,34008
SPX500_USD,15m,Alcista,8,gap_9_21,0.0225012288927148,34008
SPX500_USD,15m,Neutral,1,rsi2,-0.02997497289310685,12168
SPX500_USD,15m,Neutral,1,rsi14,-0.02310498448272744,12168
SPX500_USD,15m,Neutral,1,d21,-0.02516973077976376,12168
SPX500_USD,15m,Neutral,1,d50,-0.02040447596398395,12168
SPX500_USD,15m,Neutral,1,d200,-0.009573528353440984,12168
SPX500_USD,15m,Neutral,1,slope21,-0.01921480228590255,12168
SPX500_USD,15m,Neutral,1,gap_9_21,-0.015045981213813437,12168
SPX500_USD,15m,Neutral,4,rsi2,0.004249336901615139,12168
SPX500_USD,15m,Neutral,4,rsi14,0.015338407853244957,12168
SPX500_USD,15m,Neutral,4,d21,0.012470555764976568,12168
SPX500_USD,15m,Neutral,4,d50,0.016260006149785178,12168
SPX500_USD,15m,Neutral,4,d200,0.02727567622700652,12168
SPX500_USD,15m,Neutral,4,slope21,0.014749900295288925,12168
SPX500_USD,15m,Neutral,4,gap_9_21,0.016999218579409867,12168
SPX500_USD,15m,Neutral,8,rsi2,0.043397957268104366,12168
SPX500_USD,15m,Neutral,8,rsi14,0.06135809755068982,12168
SPX500_USD,15m,Neutral,8,d21,0.057214952274089924,12168
SPX500_USD,15m,Neutral,8,d50,0.05915364554570834,12168
SPX500_USD,15m,Neutral,8,d200,0.06534942688586404,12168
SPX500_USD,15m,Neutral,8,slope21,0.05374792278596974,12168
SPX500_USD,15m,Neutral,8,gap_9_21,0.05576614180743528,12168
SPX500_USD,15m,Bajista,1,rsi2,-0.02224838867126551,23186
SPX500_USD,15m,Bajista,1,rsi14,-0.017498091395880513,23186
SPX500_USD,15m,Bajista,1,d21,-0.017667296019194832,23186
SPX500_USD,15m,Bajista,1,d50,-0.015494850708990253,23186
SPX500_USD,15m,Bajista,1,d200,-0.006566904106590128,23186
SPX500_USD,15m,Bajista,1,slope21,-0.009725050272633986,23186
SPX500_USD,15m,Bajista,1,gap_9_21,-0.008690844357230483,23186
SPX500_USD,15m,Bajista,4,rsi2,0.004253964159981189,23186
SPX500_USD,15m,Bajista,4,rsi14,0.0044174022460338495,23186
SPX500_USD,15m,Bajista,4,d21,0.0052759949171508795,23186
SPX500_USD,15m,Bajista,4,d50,0.0041151503692834724,23186
SPX500_USD,15m,Bajista,4,d200,0.012460589831226703,23186
SPX500_USD,15m,Bajista,4,slope21,0.000934438548401256,23186
SPX500_USD,15m,Bajista,4,gap_9_21,0.000482667944620986,23186
SPX500_USD,15m,Bajista,8,rsi2,0.007221717120791342,23186
SPX500_USD,15m,Bajista,8,rsi14,0.015735608328113184,23186
SPX500_USD,15m,Bajista,8,d21,0.016220438200588654,23186
SPX500_USD,15m,Bajista,8,d50,0.01908305718574417,23186
SPX500_USD,15m,Bajista,8,d200,0.02934769142009528,23186
SPX500_USD,15m,Bajista,8,slope21,0.012685063350939125,23186
SPX500_USD,15m,Bajista,8,gap_9_21,0.013837466458205199,23186
SPX500_USD,1h,Todos,1,rsi2,-0.03373557089779236,92263
SPX500_USD,1h,Todos,1,rsi14,-0.026468278185642215,92263
SPX500_USD,1h,Todos,1,d21,-0.02859871967426097,92263
SPX500_USD,1h,Todos,1,d50,-0.021565609705402042,92263
SPX500_USD,1h,Todos,1,d200,-0.01356561002938499,92263
SPX500_USD,1h,Todos,1,slope21,-0.017992644431932648,92263
SPX500_USD,1h,Todos,1,gap_9_21,-0.018285652428524524,92263
SPX500_USD,1h,Todos,6,rsi2,-0.012789610204009042,92263
SPX500_USD,1h,Todos,6,rsi14,-0.02162360686800072,92263
SPX500_USD,1h,Todos,6,d21,-0.021212822563781458,92263
SPX500_USD,1h,Todos,6,d50,-0.022989213680042003,92263
SPX500_USD,1h,Todos,6,d200,-0.023089012986550226,92263
SPX500_USD,1h,Todos,6,slope21,-0.019179257097891565,92263
SPX500_USD,1h,Todos,6,gap_9_21,-0.021028099539368985,92263
SPX500_USD,1h,Todos,24,rsi2,-0.009782100577263083,92263
SPX500_USD,1h,Todos,24,rsi14,-0.03636789807294708,92263
SPX500_USD,1h,Todos,24,d21,-0.03584177424217164,92263
SPX500_USD,1h,Todos,24,d50,-0.040912122022289804,92263
SPX500_USD,1h,Todos,24,d200,-0.03962224193409413,92263
SPX500_USD,1h,Todos,24,slope21,-0.036832999120793485,92263
SPX500_USD,1h,Todos,24,gap_9_21,-0.03949860782514984,92263
SPX500_USD,1h,Alcista,1,rsi2,-0.04785726232343117,51608
SPX500_USD,1h,Alcista,1,rsi14,-0.039428927925592744,51608
SPX500_USD,1h,Alcista,1,d21,-0.04228881114684051,51608
SPX500_USD,1h,Alcista,1,d50,-0.03170720643172488,51608
SPX500_USD,1h,Alcista,1,d200,-0.02214484140708117,51608
SPX500_USD,1h,Alcista,1,slope21,-0.024218403279504423,51608
SPX500_USD,1h,Alcista,1,gap_9_21,-0.024279464753116275,51608
SPX500_USD,1h,Alcista,6,rsi2,-0.030550849879363535,51608
SPX500_USD,1h,Alcista,6,rsi14,-0.039250167184935306,51608
SPX500_USD,1h,Alcista,6,d21,-0.04063421614367589,51608
SPX500_USD,1h,Alcista,6,d50,-0.03506215184436296,51608
SPX500_USD,1h,Alcista,6,d200,-0.03404267180995104,51608
SPX500_USD,1h,Alcista,6,slope21,-0.03294997130551661,51608
SPX500_USD,1h,Alcista,6,gap_9_21,-0.03258130266610867,51608
SPX500_USD,1h,Alcista,24,rsi2,-0.01856123811023073,51608
SPX500_USD,1h,Alcista,24,rsi14,-0.04198523582369596,51608
SPX500_USD,1h,Alcista,24,d21,-0.04235075697542155,51608
SPX500_USD,1h,Alcista,24,d50,-0.04270157173453692,51608
SPX500_USD,1h,Alcista,24,d200,-0.056035474143854715,51608
SPX500_USD,1h,Alcista,24,slope21,-0.03923021643954181,51608
SPX500_USD,1h,Alcista,24,gap_9_21,-0.04036333107208853,51608
SPX500_USD,1h,Neutral,1,rsi2,-0.015967793199272003,12510
SPX500_USD,1h,Neutral,1,rsi14,-0.011539210270327152,12510
SPX500_USD,1h,Neutral,1,d21,-0.009383350170346699,12510
SPX500_USD,1h,Neutral,1,d50,-0.015392127879994768,12510
SPX500_USD,1h,Neutral,1,d200,-0.0155316267702647,12510
SPX500_USD,1h,Neutral,1,slope21,-0.0127561704426387,12510
SPX500_USD,1h,Neutral,1,gap_9_21,-0.01547744591501711,12510
SPX500_USD,1h,Neutral,6,rsi2,0.004295496236284635,12510
SPX500_USD,1h,Neutral,6,rsi14,0.0026239404930848294,12510
SPX500_USD,1h,Neutral,6,d21,0.005690757980046657,12510
SPX500_USD,1h,Neutral,6,d50,-0.004984700075161595,12510
SPX500_USD,1h,Neutral,6,d200,-0.006621389660255712,12510
SPX500_USD,1h,Neutral,6,slope21,-0.003017543137728556,12510
SPX500_USD,1h,Neutral,6,gap_9_21,-0.005233317146917383,12510
SPX500_USD,1h,Neutral,24,rsi2,-0.011056765346978954,12510
SPX500_USD,1h,Neutral,24,rsi14,-0.03641472904923276,12510
SPX500_USD,1h,Neutral,24,d21,-0.03591325653630149,12510
SPX500_USD,1h,Neutral,24,d50,-0.03992013887967967,12510
SPX500_USD,1h,Neutral,24,d200,-0.03528966944155531,12510
SPX500_USD,1h,Neutral,24,slope21,-0.043936361001630196,12510
SPX500_USD,1h,Neutral,24,gap_9_21,-0.04657892599191948,12510
SPX500_USD,1h,Bajista,1,rsi2,-0.015791600657460877,28145
SPX500_USD,1h,Bajista,1,rsi14,-0.01664003530279855,28145
SPX500_USD,1h,Bajista,1,d21,-0.01713762742140288,28145
SPX500_USD,1h,Bajista,1,d50,-0.01823199272617619,28145
SPX500_USD,1h,Bajista,1,d200,-0.016837532940964788,28145
SPX500_USD,1h,Bajista,1,slope21,-0.011584297432641572,28145
SPX500_USD,1h,Bajista,1,gap_9_21,-0.013101746882498532,28145
SPX500_USD,1h,Bajista,6,rsi2,0.013321180947922126,28145
SPX500_USD,1h,Bajista,6,rsi14,0.009197910340690518,28145
SPX500_USD,1h,Bajista,6,d21,0.00971768522325032,28145
SPX500_USD,1h,Bajista,6,d50,0.00240303063727472,28145
SPX500_USD,1h,Bajista,6,d200,-0.006405116605076433,28145
SPX500_USD,1h,Bajista,6,slope21,0.008620790774345521,28145
SPX500_USD,1h,Bajista,6,gap_9_21,0.003624097045616409,28145
SPX500_USD,1h,Bajista,24,rsi2,0.011815501943046525,28145
SPX500_USD,1h,Bajista,24,rsi14,-0.005336744910158547,28145
SPX500_USD,1h,Bajista,24,d21,-0.006784268514277772,28145
SPX500_USD,1h,Bajista,24,d50,-0.013778101625305532,28145
SPX500_USD,1h,Bajista,24,d200,-0.023369288635063615,28145
SPX500_USD,1h,Bajista,24,slope21,-0.011390892030832383,28145
SPX500_USD,1h,Bajista,24,gap_9_21,-0.015282105301022869,28145
SPX500_USD,1d,Todos,1,rsi2,-0.06097323321141904,3710
SPX500_USD,1d,Todos,1,rsi14,-0.04721546542445048,3710
SPX500_USD,1d,Todos,1,d21,-0.05347672723971096,3710
SPX500_USD,1d,Todos,1,d50,-0.03416729440943235,3710
SPX500_USD,1d,Todos,1,d200,-0.007277277672332603,3710
SPX500_USD,1d,Todos,1,slope21,-0.03371876717849292,3710
SPX500_USD,1d,Todos,1,gap_9_21,-0.027137306974891837,3710
SPX500_USD,1d,Todos,5,rsi2,-0.08305049970768516,3710
SPX500_USD,1d,Todos,5,rsi14,-0.05311689086981996,3710
SPX500_USD,1d,Todos,5,d21,-0.062384869038543955,3710
SPX500_USD,1d,Todos,5,d50,-0.039601142706796114,3710
SPX500_USD,1d,Todos,5,d200,-0.009086746257590012,3710
SPX500_USD,1d,Todos,5,slope21,-0.03574418993794168,3710
SPX500_USD,1d,Todos,5,gap_9_21,-0.02713972414493838,3710
SPX500_USD,1d,Todos,10,rsi2,-0.05658373516152246,3710
SPX500_USD,1d,Todos,10,rsi14,-0.023981650283640847,3710
SPX500_USD,1d,Todos,10,d21,-0.03424511699659657,3710
SPX500_USD,1d,Todos,10,d50,-0.020319830158693035,3710
SPX500_USD,1d,Todos,10,d200,0.00142608277501178,3710
SPX500_USD,1d,Todos,10,slope21,-0.015055861829403406,3710
SPX500_USD,1d,Todos,10,gap_9_21,-0.006958211991276326,3710
SPX500_USD,1d,Alcista,1,rsi2,-0.060958890718753565,2730
SPX500_USD,1d,Alcista,1,rsi14,-0.0607708355453663,2730
SPX500_USD,1d,Alcista,1,d21,-0.06522333029669257,2730
SPX500_USD,1d,Alcista,1,d50,-0.05061798680539221,2730
SPX500_USD,1d,Alcista,1,d200,-0.02819714021076917,2730
SPX500_USD,1d,Alcista,1,slope21,-0.048583108695773106,2730
SPX500_USD,1d,Alcista,1,gap_9_21,-0.040331194827477664,2730
SPX500_USD,1d,Alcista,5,rsi2,-0.08108239657163452,2730
SPX500_USD,1d,Alcista,5,rsi14,-0.06620902577445575,2730
SPX500_USD,1d,Alcista,5,d21,-0.07798444482443306,2730
SPX500_USD,1d,Alcista,5,d50,-0.05713946794588244,2730
SPX500_USD,1d,Alcista,5,d200,-0.03648536599345558,2730
SPX500_USD,1d,Alcista,5,slope21,-0.05274057808733366,2730
SPX500_USD,1d,Alcista,5,gap_9_21,-0.041282832257752956,2730
SPX500_USD,1d,Alcista,10,rsi2,-0.05460494621662126,2730
SPX500_USD,1d,Alcista,10,rsi14,-0.0459599691351727,2730
SPX500_USD,1d,Alcista,10,d21,-0.060817045855275545,2730
SPX500_USD,1d,Alcista,10,d50,-0.05152773216838978,2730
SPX500_USD,1d,Alcista,10,d200,-0.047860998205835704,2730
SPX500_USD,1d,Alcista,10,slope21,-0.04415476637443331,2730
SPX500_USD,1d,Alcista,10,gap_9_21,-0.030003418966078346,2730
SPX500_USD,1d,Neutral,1,rsi2,-0.07970981902001006,365
SPX500_USD,1d,Neutral,1,rsi14,-0.11256802504843191,365
SPX500_USD,1d,Neutral,1,d21,-0.10942172581516844,365
SPX500_USD,1d,Neutral,1,d50,-0.11447351211555121,365
SPX500_USD,1d,Neutral,1,d200,-0.08732500376335994,365
SPX500_USD,1d,Neutral,1,slope21,-0.10104041478395849,365
SPX500_USD,1d,Neutral,1,gap_9_21,-0.10686264106430289,365
SPX500_USD,1d,Neutral,5,rsi2,-0.1409868233655807,365
SPX500_USD,1d,Neutral,5,rsi14,-0.17845977267207058,365
SPX500_USD,1d,Neutral,5,d21,-0.14817643618452064,365
SPX500_USD,1d,Neutral,5,d50,-0.1821404510602804,365
SPX500_USD,1d,Neutral,5,d200,-0.13071839456299372,365
SPX500_USD,1d,Neutral,5,slope21,-0.12923600091801307,365
SPX500_USD,1d,Neutral,5,gap_9_21,-0.14369865481475633,365
SPX500_USD,1d,Neutral,10,rsi2,-0.1103307382805728,365
SPX500_USD,1d,Neutral,10,rsi14,-0.10492112398118614,365
SPX500_USD,1d,Neutral,10,d21,-0.08068100774141647,365
SPX500_USD,1d,Neutral,10,d50,-0.11555612588624044,365
SPX500_USD,1d,Neutral,10,d200,-0.06879841470005406,365
SPX500_USD,1d,Neutral,10,slope21,-0.056413135483425185,365
SPX500_USD,1d,Neutral,10,gap_9_21,-0.07683843217191523,365
SPX500_USD,1d,Bajista,1,rsi2,-0.06642950086884254,615
SPX500_USD,1d,Bajista,1,rsi14,-0.006547056374417669,615
SPX500_USD,1d,Bajista,1,d21,-0.014354741098305996,615
SPX500_USD,1d,Bajista,1,d50,-0.0020605676471275613,615
SPX500_USD,1d,Bajista,1,d200,0.014738047332799958,615
SPX500_USD,1d,Bajista,1,slope21,0.019118881628998906,615
SPX500_USD,1d,Bajista,1,gap_9_21,0.020788972171296747,615
SPX500_USD,1d,Bajista,5,rsi2,-0.07800302406947746,615
SPX500_USD,1d,Bajista,5,rsi14,0.01978069054396184,615
SPX500_USD,1d,Bajista,5,d21,0.014288500091312517,615
SPX500_USD,1d,Bajista,5,d50,0.02133431833916461,615
SPX500_USD,1d,Bajista,5,d200,0.05390771141942988,615
SPX500_USD,1d,Bajista,5,slope21,0.0448531209792829,615
SPX500_USD,1d,Bajista,5,gap_9_21,0.041143562880275375,615
SPX500_USD,1d,Bajista,10,rsi2,-0.07982643708205586,615
SPX500_USD,1d,Bajista,10,rsi14,0.044534766454948034,615
SPX500_USD,1d,Bajista,10,d21,0.044869526278916924,615
SPX500_USD,1d,Bajista,10,d50,0.04601217087512473,615
SPX500_USD,1d,Bajista,10,d200,0.12182508442538634,615
SPX500_USD,1d,Bajista,10,slope21,0.06796762068470975,615
SPX500_USD,1d,Bajista,10,gap_9_21,0.05300376909179643,615
US2000_USD,5m,Todos,1,rsi2,-0.027337798162415678,255271
US2000_USD,5m,Todos,1,rsi14,-0.012210329183221893,255271
US2000_USD,5m,Todos,1,d21,-0.014879358502271133,255271
US2000_USD,5m,Todos,1,d50,-0.00708006365197703,255271
US2000_USD,5m,Todos,1,d200,0.0021002888406736683,255271
US2000_USD,5m,Todos,1,slope21,-0.005663349432317761,255271
US2000_USD,5m,Todos,1,gap_9_21,-0.004967220882646525,255271
US2000_USD,5m,Todos,6,rsi2,0.003787467276972418,255271
US2000_USD,5m,Todos,6,rsi14,0.008146574447963104,255271
US2000_USD,5m,Todos,6,d21,0.00655838817444848,255271
US2000_USD,5m,Todos,6,d50,0.00915596814109199,255271
US2000_USD,5m,Todos,6,d200,0.014948060755418045,255271
US2000_USD,5m,Todos,6,slope21,0.005554457745211286,255271
US2000_USD,5m,Todos,6,gap_9_21,0.0051838192893548405,255271
US2000_USD,5m,Todos,12,rsi2,0.008123348425328511,255271
US2000_USD,5m,Todos,12,rsi14,0.014483424596720092,255271
US2000_USD,5m,Todos,12,d21,0.012369618988835537,255271
US2000_USD,5m,Todos,12,d50,0.015101722143158244,255271
US2000_USD,5m,Todos,12,d200,0.020759848474617697,255271
US2000_USD,5m,Todos,12,slope21,0.01099432704282181,255271
US2000_USD,5m,Todos,12,gap_9_21,0.011184043203633368,255271
US2000_USD,5m,Alcista,1,rsi2,-0.034878104320761834,114951
US2000_USD,5m,Alcista,1,rsi14,-0.01765657467987892,114951
US2000_USD,5m,Alcista,1,d21,-0.020447135530693977,114951
US2000_USD,5m,Alcista,1,d50,-0.013008565987482432,114951
US2000_USD,5m,Alcista,1,d200,-0.003694299945011235,114951
US2000_USD,5m,Alcista,1,slope21,-0.00547145715804682,114951
US2000_USD,5m,Alcista,1,gap_9_21,-0.0056577770694649625,114951
US2000_USD,5m,Alcista,6,rsi2,-0.0026841962161409097,114951
US2000_USD,5m,Alcista,6,rsi14,0.0043436254770872484,114951
US2000_USD,5m,Alcista,6,d21,0.0034960498152357515,114951
US2000_USD,5m,Alcista,6,d50,0.0022932516157174823,114951
US2000_USD,5m,Alcista,6,d200,0.006647340776410401,114951
US2000_USD,5m,Alcista,6,slope21,0.0033266181586195844,114951
US2000_USD,5m,Alcista,6,gap_9_21,0.0006985394492607353,114951
US2000_USD,5m,Alcista,12,rsi2,0.003617753547962358,114951
US2000_USD,5m,Alcista,12,rsi14,0.007974653295686735,114951
US2000_USD,5m,Alcista,12,d21,0.007580653611107225,114951
US2000_USD,5m,Alcista,12,d50,0.003093546792872835,114951
US2000_USD,5m,Alcista,12,d200,0.009462170847188728,114951
US2000_USD,5m,Alcista,12,slope21,0.003410040385138369,114951
US2000_USD,5m,Alcista,12,gap_9_21,1.0904522984002289e-05,114951
US2000_USD,5m,Neutral,1,rsi2,-0.018317096745100223,41219
US2000_USD,5m,Neutral,1,rsi14,-0.01969160855975946,41219
US2000_USD,5m,Neutral,1,d21,-0.020072160932682815,41219
US2000_USD,5m,Neutral,1,d50,-0.019807414212320077,41219
US2000_USD,5m,Neutral,1,d200,-0.01699007041055482,41219
US2000_USD,5m,Neutral,1,slope21,-0.0186418762447394,41219
US2000_USD,5m,Neutral,1,gap_9_21,-0.01868398443791122,41219
US2000_USD,5m,Neutral,6,rsi2,0.007627007973501246,41219
US2000_USD,5m,Neutral,6,rsi14,-0.003260492934292325,41219
US2000_USD,5m,Neutral,6,d21,-0.0034856198411360698,41219
US2000_USD,5m,Neutral,6,d50,-0.005095933292994657,41219
US2000_USD,5m,Neutral,6,d200,-0.0020652855624197874,41219
US2000_USD,5m,Neutral,6,slope21,-0.010042387141050643,41219
US2000_USD,5m,Neutral,6,gap_9_21,-0.009513425651218326,41219
US2000_USD,5m,Neutral,12,rsi2,0.005082235524417526,41219
US2000_USD,5m,Neutral,12,rsi14,0.003335098234178391,41219
US2000_USD,5m,Neutral,12,d21,0.001440698797611791,41219
US2000_USD,5m,Neutral,12,d50,0.0005138345748031669,41219
US2000_USD,5m,Neutral,12,d200,0.0019479537416251572,41219
US2000_USD,5m,Neutral,12,slope21,7.705929147371173e-07,41219
US2000_USD,5m,Neutral,12,gap_9_21,-0.00040134149224619296,41219
US2000_USD,5m,Bajista,1,rsi2,-0.02586850852783552,99101
US2000_USD,5m,Bajista,1,rsi14,-0.01514668979277778,99101
US2000_USD,5m,Bajista,1,d21,-0.01714248089262473,99101
US2000_USD,5m,Bajista,1,d50,-0.010810520861828625,99101
US2000_USD,5m,Bajista,1,d200,0.0005429362622009229,99101
US2000_USD,5m,Bajista,1,slope21,-0.008192347114695913,99101
US2000_USD,5m,Bajista,1,gap_9_21,-0.007982615957485692,99101
US2000_USD,5m,Bajista,6,rsi2,0.0050955451209442745,99101
US2000_USD,5m,Bajista,6,rsi14,0.0046193039486283755,99101
US2000_USD,5m,Bajista,6,d21,0.0029902968945719264,99101
US2000_USD,5m,Bajista,6,d50,0.00667347408253577,99101
US2000_USD,5m,Bajista,6,d200,0.019134072655953203,99101
US2000_USD,5m,Bajista,6,slope21,-0.00033428731499210234,99101
US2000_USD,5m,Bajista,6,gap_9_21,-0.00140208517197406,99101
US2000_USD,5m,Bajista,12,rsi2,0.008363340264671362,99101
US2000_USD,5m,Bajista,12,rsi14,0.009020484599077883,99101
US2000_USD,5m,Bajista,12,d21,0.00597580566448348,99101
US2000_USD,5m,Bajista,12,d50,0.012750256330882061,99101
US2000_USD,5m,Bajista,12,d200,0.02420795248484137,99101
US2000_USD,5m,Bajista,12,slope21,0.003160862707463751,99101
US2000_USD,5m,Bajista,12,gap_9_21,0.004961561903895542,99101
US2000_USD,15m,Todos,1,rsi2,-0.003228045567768027,69295
US2000_USD,15m,Todos,1,rsi14,0.002346621689972336,69295
US2000_USD,15m,Todos,1,d21,0.0005834529447812281,69295
US2000_USD,15m,Todos,1,d50,0.0029723607701122295,69295
US2000_USD,15m,Todos,1,d200,0.010888294973705574,69295
US2000_USD,15m,Todos,1,slope21,0.0008799138193909372,69295
US2000_USD,15m,Todos,1,gap_9_21,0.00245930392532587,69295
US2000_USD,15m,Todos,4,rsi2,0.012596691199465718,69295
US2000_USD,15m,Todos,4,rsi14,0.015324948798862094,69295
US2000_USD,15m,Todos,4,d21,0.013152892131401321,69295
US2000_USD,15m,Todos,4,d50,0.014318272716055246,69295
US2000_USD,15m,Todos,4,d200,0.016977388763959222,69295
US2000_USD,15m,Todos,4,slope21,0.01049683354563995,69295
US2000_USD,15m,Todos,4,gap_9_21,0.011998788079136166,69295
US2000_USD,15m,Todos,8,rsi2,0.018146061894117303,69295
US2000_USD,15m,Todos,8,rsi14,0.024807090531874295,69295
US2000_USD,15m,Todos,8,d21,0.02212969749586793,69295
US2000_USD,15m,Todos,8,d50,0.02501608262477048,69295
US2000_USD,15m,Todos,8,d200,0.025442000198878538,69295
US2000_USD,15m,Todos,8,slope21,0.020083683519568095,69295
US2000_USD,15m,Todos,8,gap_9_21,0.022368544665729472,69295
US2000_USD,15m,Alcista,1,rsi2,-0.011566995269538713,31858
US2000_USD,15m,Alcista,1,rsi14,-0.0007521796205169888,31858
US2000_USD,15m,Alcista,1,d21,-0.003269019640966562,31858
US2000_USD,15m,Alcista,1,d50,-0.0019710742043336465,31858
US2000_USD,15m,Alcista,1,d200,0.0012503727945075544,31858
US2000_USD,15m,Alcista,1,slope21,-0.0007849534404560899,31858
US2000_USD,15m,Alcista,1,gap_9_21,0.00015722372036697566,31858
US2000_USD,15m,Alcista,4,rsi2,0.004993136832657514,31858
US2000_USD,15m,Alcista,4,rsi14,0.012179435117342005,31858
US2000_USD,15m,Alcista,4,d21,0.0091562708428352,31858
US2000_USD,15m,Alcista,4,d50,0.008959439982274692,31858
US2000_USD,15m,Alcista,4,d200,0.010410115203147568,31858
US2000_USD,15m,Alcista,4,slope21,0.004130621447685409,31858
US2000_USD,15m,Alcista,4,gap_9_21,0.006820221056117026,31858
US2000_USD,15m,Alcista,8,rsi2,0.008584430792496245,31858
US2000_USD,15m,Alcista,8,rsi14,0.014422006338086053,31858
US2000_USD,15m,Alcista,8,d21,0.010633258353102588,31858
US2000_USD,15m,Alcista,8,d50,0.013043696595383349,31858
US2000_USD,15m,Alcista,8,d200,0.0184505803744856,31858
US2000_USD,15m,Alcista,8,slope21,0.006082111682377818,31858
US2000_USD,15m,Alcista,8,gap_9_21,0.010171856241439054,31858
US2000_USD,15m,Neutral,1,rsi2,0.010148713107932722,13437
US2000_USD,15m,Neutral,1,rsi14,0.009427360816709154,13437
US2000_USD,15m,Neutral,1,d21,0.00974370956550261,13437
US2000_USD,15m,Neutral,1,d50,0.009913296691704846,13437
US2000_USD,15m,Neutral,1,d200,0.015553075538150999,13437
US2000_USD,15m,Neutral,1,slope21,0.0017272811436956133,13437
US2000_USD,15m,Neutral,1,gap_9_21,0.005418803884424602,13437
US2000_USD,15m,Neutral,4,rsi2,0.023599111326360497,13437
US2000_USD,15m,Neutral,4,rsi14,0.026287557095356733,13437
US2000_USD,15m,Neutral,4,d21,0.02437007976794277,13437
US2000_USD,15m,Neutral,4,d50,0.025810161915987822,13437
US2000_USD,15m,Neutral,4,d200,0.027796413659590423,13437
US2000_USD,15m,Neutral,4,slope21,0.01981704241166612,13437
US2000_USD,15m,Neutral,4,gap_9_21,0.022892609181853662,13437
US2000_USD,15m,Neutral,8,rsi2,0.03203816528445929,13437
US2000_USD,15m,Neutral,8,rsi14,0.04229008515355246,13437
US2000_USD,15m,Neutral,8,d21,0.038532752326960205,13437
US2000_USD,15m,Neutral,8,d50,0.04196327767687569,13437
US2000_USD,15m,Neutral,8,d200,0.04289559183088197,13437
US2000_USD,15m,Neutral,8,slope21,0.03697129773153696,13437
US2000_USD,15m,Neutral,8,gap_9_21,0.040400981851404574,13437
US2000_USD,15m,Bajista,1,rsi2,-0.007049013064896937,24000
US2000_USD,15m,Bajista,1,rsi14,-0.011839113586574631,24000
US2000_USD,15m,Bajista,1,d21,-0.01363715949710414,24000
US2000_USD,15m,Bajista,1,d50,-0.013179280321826699,24000
US2000_USD,15m,Bajista,1,d200,-0.0073085242069440386,24000
US2000_USD,15m,Bajista,1,slope21,-0.012226438790194973,24000
US2000_USD,15m,Bajista,1,gap_9_21,-0.01224763755228078,24000
US2000_USD,15m,Bajista,4,rsi2,0.009645255276265646,24000
US2000_USD,15m,Bajista,4,rsi14,0.002496968935485073,24000
US2000_USD,15m,Bajista,4,d21,0.0008844369250577928,24000
US2000_USD,15m,Bajista,4,d50,0.0002701780849084956,24000
US2000_USD,15m,Bajista,4,d200,-0.0029393747012692838,24000
US2000_USD,15m,Bajista,4,slope21,-0.002120276992528329,24000
US2000_USD,15m,Bajista,4,gap_9_21,-0.0028514393581571956,24000
US2000_USD,15m,Bajista,8,rsi2,0.014345254404800379,24000
US2000_USD,15m,Bajista,8,rsi14,0.01529278057877301,24000
US2000_USD,15m,Bajista,8,d21,0.014033432774447196,24000
US2000_USD,15m,Bajista,8,d50,0.016290503256453173,24000
US2000_USD,15m,Bajista,8,d200,0.009318910767966882,24000
US2000_USD,15m,Bajista,8,slope21,0.010874581621949781,24000
US2000_USD,15m,Bajista,8,gap_9_21,0.010994435074860667,24000
US2000_USD,1h,Todos,1,rsi2,-0.030115818931571458,88004
US2000_USD,1h,Todos,1,rsi14,-0.016442489656639348,88004
US2000_USD,1h,Todos,1,d21,-0.017781897184281737,88004
US2000_USD,1h,Todos,1,d50,-0.014227928720857404,88004
US2000_USD,1h,Todos,1,d200,-0.011126555095012291,88004
US2000_USD,1h,Todos,1,slope21,-0.01040669791872637,88004
US2000_USD,1h,Todos,1,gap_9_21,-0.011160407250408653,88004
US2000_USD,1h,Todos,6,rsi2,-0.011140404662893942,88004
US2000_USD,1h,Todos,6,rsi14,-0.01252502201325042,88004
US2000_USD,1h,Todos,6,d21,-0.011226070419843711,88004
US2000_USD,1h,Todos,6,d50,-0.016246919820317528,88004
US2000_USD,1h,Todos,6,d200,-0.020149164935510215,88004
US2000_USD,1h,Todos,6,slope21,-0.010411820432806893,88004
US2000_USD,1h,Todos,6,gap_9_21,-0.01388639831496463,88004
US2000_USD,1h,Todos,24,rsi2,-0.006424906902305266,88004
US2000_USD,1h,Todos,24,rsi14,-0.025895843634977902,88004
US2000_USD,1h,Todos,24,d21,-0.02441787140443092,88004
US2000_USD,1h,Todos,24,d50,-0.03254251066918488,88004
US2000_USD,1h,Todos,24,d200,-0.04220000863030651,88004
US2000_USD,1h,Todos,24,slope21,-0.025804185139538666,88004
US2000_USD,1h,Todos,24,gap_9_21,-0.02809196091116644,88004
US2000_USD,1h,Alcista,1,rsi2,-0.040937362107929504,45862
US2000_USD,1h,Alcista,1,rsi14,-0.02609202402741785,45862
US2000_USD,1h,Alcista,1,d21,-0.028612444362741875,45862
US2000_USD,1h,Alcista,1,d50,-0.023131530755425646,45862
US2000_USD,1h,Alcista,1,d200,-0.019121094170466618,45862
US2000_USD,1h,Alcista,1,slope21,-0.016663049597670003,45862
US2000_USD,1h,Alcista,1,gap_9_21,-0.017154540894955255,45862
US2000_USD,1h,Alcista,6,rsi2,-0.027696216485018143,45862
US2000_USD,1h,Alcista,6,rsi14,-0.0294008217155899,45862
US2000_USD,1h,Alcista,6,d21,-0.030195138963850995,45862
US2000_USD,1h,Alcista,6,d50,-0.030063605405662424,45862
US2000_USD,1h,Alcista,6,d200,-0.02703592125786405,45862
US2000_USD,1h,Alcista,6,slope21,-0.024227718765268545,45862
US2000_USD,1h,Alcista,6,gap_9_21,-0.025927250854950148,45862
US2000_USD,1h,Alcista,24,rsi2,-0.007270051787005765,45862
US2000_USD,1h,Alcista,24,rsi14,-0.011235922667646453,45862
US2000_USD,1h,Alcista,24,d21,-0.010710495887774327,45862
US2000_USD,1h,Alcista,24,d50,-0.013538358136505564,45862
US2000_USD,1h,Alcista,24,d200,-0.031500695698539624,45862
US2000_USD,1h,Alcista,24,slope21,-0.006484424670000045,45862
US2000_USD,1h,Alcista,24,gap_9_21,-0.006407226484008045,45862
US2000_USD,1h,Neutral,1,rsi2,-0.014078631249031751,12569
US2000_USD,1h,Neutral,1,rsi14,0.0011321247085465712,12569
US2000_USD,1h,Neutral,1,d21,0.0012571930811003096,12569
US2000_USD,1h,Neutral,1,d50,-0.0002779775052533829,12569
US2000_USD,1h,Neutral,1,d200,0.005805565967908772,12569
US2000_USD,1h,Neutral,1,slope21,0.0046177504931525,12569
US2000_USD,1h,Neutral,1,gap_9_21,0.0017643817023003036,12569
US2000_USD,1h,Neutral,6,rsi2,0.012205722647000695,12569
US2000_USD,1h,Neutral,6,rsi14,0.01066799829686108,12569
US2000_USD,1h,Neutral,6,d21,0.01371810656576266,12569
US2000_USD,1h,Neutral,6,d50,0.0050016923178157,12569
US2000_USD,1h,Neutral,6,d200,0.01063440311737569,12569
US2000_USD,1h,Neutral,6,slope21,0.007048125365133066,12569
US2000_USD,1h,Neutral,6,gap_9_21,0.0016195422603857974,12569
US2000_USD,1h,Neutral,24,rsi2,-0.007884233172251237,12569
US2000_USD,1h,Neutral,24,rsi14,-0.03685572003957562,12569
US2000_USD,1h,Neutral,24,d21,-0.0399057407380465,12569
US2000_USD,1h,Neutral,24,d50,-0.03567962203830232,12569
US2000_USD,1h,Neutral,24,d200,-0.041210386434247584,12569
US2000_USD,1h,Neutral,24,slope21,-0.05138014476649951,12569
US2000_USD,1h,Neutral,24,gap_9_21,-0.051148832229872015,12569
US2000_USD,1h,Bajista,1,rsi2,-0.019111278868931603,29573
US2000_USD,1h,Bajista,1,rsi14,-0.010383162163946033,29573
US2000_USD,1h,Bajista,1,d21,-0.010108026456483983,29573
US2000_USD,1h,Bajista,1,d50,-0.009914740613609491,29573
US2000_USD,1h,Bajista,1,d200,-0.006733873832175342,29573
US2000_USD,1h,Bajista,1,slope21,-0.0049752337906443875,29573
US2000_USD,1h,Bajista,1,gap_9_21,-0.005636142224298273,29573
US2000_USD,1h,Bajista,6,rsi2,0.007489266696056016,29573
US2000_USD,1h,Bajista,6,rsi14,0.019670613072825787,29573
US2000_USD,1h,Bajista,6,d21,0.021971745974693244,29573
US2000_USD,1h,Bajista,6,d50,0.014536691904463493,29573
US2000_USD,1h,Bajista,6,d200,0.007043272272849772,29573
US2000_USD,1h,Bajista,6,slope21,0.020682683119721372,29573
US2000_USD,1h,Bajista,6,gap_9_21,0.015334377807966948,29573
US2000_USD,1h,Bajista,24,rsi2,0.006071929222783386,29573
US2000_USD,1h,Bajista,24,rsi14,0.00836651579131317,29573
US2000_USD,1h,Bajista,24,d21,0.007702221427181048,29573
US2000_USD,1h,Bajista,24,d50,0.00411384272711461,29573
US2000_USD,1h,Bajista,24,d200,0.010957589108939332,29573
US2000_USD,1h,Bajista,24,slope21,0.006324462381993885,29573
US2000_USD,1h,Bajista,24,gap_9_21,0.003564799871763143,29573
US2000_USD,1d,Todos,1,rsi2,-0.058362412068054134,3706
US2000_USD,1d,Todos,1,rsi14,-0.05684401027593419,3706
US2000_USD,1d,Todos,1,d21,-0.059452399581566985,3706
US2000_USD,1d,Todos,1,d50,-0.048135024784866566,3706
US2000_USD,1d,Todos,1,d200,-0.022318408057604284,3706
US2000_USD,1d,Todos,1,slope21,-0.04206585150273936,3706
US2000_USD,1d,Todos,1,gap_9_21,-0.03991605033718068,3706
US2000_USD,1d,Todos,5,rsi2,-0.07514998210864854,3706
US2000_USD,1d,Todos,5,rsi14,-0.08357615298268709,3706
US2000_USD,1d,Todos,5,d21,-0.08457767447914659,3706
US2000_USD,1d,Todos,5,d50,-0.07889706377958858,3706
US2000_USD,1d,Todos,5,d200,-0.05440056616345997,3706
US2000_USD,1d,Todos,5,slope21,-0.06328893462086814,3706
US2000_USD,1d,Todos,5,gap_9_21,-0.06632864933546812,3706
US2000_USD,1d,Todos,10,rsi2,-0.05550270130435645,3706
US2000_USD,1d,Todos,10,rsi14,-0.08674524490340052,3706
US2000_USD,1d,Todos,10,d21,-0.08434616252290426,3706
US2000_USD,1d,Todos,10,d50,-0.09239467081446005,3706
US2000_USD,1d,Todos,10,d200,-0.07549260692211174,3706
US2000_USD,1d,Todos,10,slope21,-0.0773290563072724,3706
US2000_USD,1d,Todos,10,gap_9_21,-0.08523112941360292,3706
US2000_USD,1d,Alcista,1,rsi2,-0.05850598239640375,2374
US2000_USD,1d,Alcista,1,rsi14,-0.07884343299668381,2374
US2000_USD,1d,Alcista,1,d21,-0.07940947462258169,2374
US2000_USD,1d,Alcista,1,d50,-0.0740890639792554,2374
US2000_USD,1d,Alcista,1,d200,-0.05255930934537514,2374
US2000_USD,1d,Alcista,1,slope21,-0.06479578941538637,2374
US2000_USD,1d,Alcista,1,gap_9_21,-0.06426814723772176,2374
US2000_USD,1d,Alcista,5,rsi2,-0.07784468051461083,2374
US2000_USD,1d,Alcista,5,rsi14,-0.10735447082565396,2374
US2000_USD,1d,Alcista,5,d21,-0.10603357429217303,2374
US2000_USD,1d,Alcista,5,d50,-0.11057464672484084,2374
US2000_USD,1d,Alcista,5,d200,-0.09212174855655367,2374
US2000_USD,1d,Alcista,5,slope21,-0.08785922504332119,2374
US2000_USD,1d,Alcista,5,gap_9_21,-0.09289342015153741,2374
US2000_USD,1d,Alcista,10,rsi2,-0.04891655027183335,2374
US2000_USD,1d,Alcista,10,rsi14,-0.10041540424261482,2374
US2000_USD,1d,Alcista,10,d21,-0.0982907794719594,2374
US2000_USD,1d,Alcista,10,d50,-0.11141053295277546,2374
US2000_USD,1d,Alcista,10,d200,-0.10973397648567447,2374
US2000_USD,1d,Alcista,10,slope21,-0.09608368835696088,2374
US2000_USD,1d,Alcista,10,gap_9_21,-0.10299443115396725,2374
US2000_USD,1d,Neutral,1,rsi2,-0.09455002342923455,488
US2000_USD,1d,Neutral,1,rsi14,-0.06562901350841481,488
US2000_USD,1d,Neutral,1,d21,-0.06539926451409586,488
US2000_USD,1d,Neutral,1,d50,-0.0729437051976554,488
US2000_USD,1d,Neutral,1,d200,-0.06617008529728283,488
US2000_USD,1d,Neutral,1,slope21,-0.03676149121863204,488
US2000_USD,1d,Neutral,1,gap_9_21,-0.041796969626253636,488
US2000_USD,1d,Neutral,5,rsi2,-0.06969397020924817,488
US2000_USD,1d,Neutral,5,rsi14,-0.06916528937737713,488
US2000_USD,1d,Neutral,5,d21,-0.05918654193378647,488
US2000_USD,1d,Neutral,5,d50,-0.09276479629989505,488
US2000_USD,1d,Neutral,5,d200,-0.06476918435079956,488
US2000_USD,1d,Neutral,5,slope21,-0.02581026016672859,488
US2000_USD,1d,Neutral,5,gap_9_21,-0.056949457905957186,488
US2000_USD,1d,Neutral,10,rsi2,-0.026192004900210463,488
US2000_USD,1d,Neutral,10,rsi14,-0.08448402299679014,488
US2000_USD,1d,Neutral,10,d21,-0.07275567242522626,488
US2000_USD,1d,Neutral,10,d50,-0.12351398866764378,488
US2000_USD,1d,Neutral,10,d200,-0.0866759832895554,488
US2000_USD,1d,Neutral,10,slope21,-0.06873398081590737,488
US2000_USD,1d,Neutral,10,gap_9_21,-0.10697216433465417,488
US2000_USD,1d,Bajista,1,rsi2,-0.031427682080330095,844
US2000_USD,1d,Bajista,1,rsi14,-0.003364390995410361,844
US2000_USD,1d,Bajista,1,d21,-0.009984212856876108,844
US2000_USD,1d,Bajista,1,d50,0.009504061753787032,844
US2000_USD,1d,Bajista,1,d200,0.005659300098331576,844
US2000_USD,1d,Bajista,1,slope21,0.005082464095701284,844
US2000_USD,1d,Bajista,1,gap_9_21,0.01228830343250355,844
US2000_USD,1d,Bajista,5,rsi2,-0.05542080635485653,844
US2000_USD,1d,Bajista,5,rsi14,-0.01840396264378111,844
US2000_USD,1d,Bajista,5,d21,-0.026549226316216507,844
US2000_USD,1d,Bajista,5,d50,0.006864268592407381,844
US2000_USD,1d,Bajista,5,d200,0.004276071315692065,844
US2000_USD,1d,Bajista,5,slope21,-0.015670558380244504,844
US2000_USD,1d,Bajista,5,gap_9_21,-0.006157714348216733,844
US2000_USD,1d,Bajista,10,rsi2,-0.07384662489562312,844
US2000_USD,1d,Bajista,10,rsi14,-0.025583554944477536,844
US2000_USD,1d,Bajista,10,d21,-0.0302468049722465,844
US2000_USD,1d,Bajista,10,d50,0.002656319812250859,844
US2000_USD,1d,Bajista,10,d200,-0.02415465831498619,844
US2000_USD,1d,Bajista,10,slope21,-0.012092518506904916,844
US2000_USD,1d,Bajista,10,gap_9_21,-0.010351431845678603,844
XAU_USD,5m,Todos,1,rsi2,-0.059368387679388936,237316
XAU_USD,5m,Todos,1,rsi14,-0.04740595435219853,237316
XAU_USD,5m,Todos,1,d21,-0.05198926542853289,237316
XAU_USD,5m,Todos,1,d50,-0.036511330251290865,237316
XAU_USD,5m,Todos,1,d200,-0.01875173850018738,237316
XAU_USD,5m,Todos,1,slope21,-0.03058756135381942,237316
XAU_USD,5m,Todos,1,gap_9_21,-0.027557173906915155,237316
XAU_USD,5m,Todos,6,rsi2,-0.05007956585245945,237316
XAU_USD,5m,Todos,6,rsi14,-0.04847313351631,237316
XAU_USD,5m,Todos,6,d21,-0.05121288701454713,237316
XAU_USD,5m,Todos,6,d50,-0.04031759811716506,237316
XAU_USD,5m,Todos,6,d200,-0.02221021516487806,237316
XAU_USD,5m,Todos,6,slope21,-0.03673723148477745,237316
XAU_USD,5m,Todos,6,gap_9_21,-0.034533699468468806,237316
XAU_USD,5m,Todos,12,rsi2,-0.03714513205316662,237316
XAU_USD,5m,Todos,12,rsi14,-0.0409976608229141,237316
XAU_USD,5m,Todos,12,d21,-0.04246598028565425,237316
XAU_USD,5m,Todos,12,d50,-0.03601460895599647,237316
XAU_USD,5m,Todos,12,d200,-0.021221245827225323,237316
XAU_USD,5m,Todos,12,slope21,-0.03271850233692166,237316
XAU_USD,5m,Todos,12,gap_9_21,-0.03136032497144915,237316
XAU_USD,5m,Alcista,1,rsi2,-0.057560104517461366,104508
XAU_USD,5m,Alcista,1,rsi14,-0.038488467064584045,104508
XAU_USD,5m,Alcista,1,d21,-0.04449290743427864,104508
XAU_USD,5m,Alcista,1,d50,-0.026356449766263286,104508
XAU_USD,5m,Alcista,1,d200,-0.009468952307536523,104508
XAU_USD,5m,Alcista,1,slope21,-0.018683201276361406,104508
XAU_USD,5m,Alcista,1,gap_9_21,-0.01419476302412275,104508
XAU_USD,5m,Alcista,6,rsi2,-0.04731698069270236,104508
XAU_USD,5m,Alcista,6,rsi14,-0.030952224610518147,104508
XAU_USD,5m,Alcista,6,d21,-0.03640509005107175,104508
XAU_USD,5m,Alcista,6,d50,-0.020710634478135488,104508
XAU_USD,5m,Alcista,6,d200,-0.005170338510703724,104508
XAU_USD,5m,Alcista,6,slope21,-0.016134531768287722,104508
XAU_USD,5m,Alcista,6,gap_9_21,-0.012197015410476651,104508
XAU_USD,5m,Alcista,12,rsi2,-0.027958839312344583,104508
XAU_USD,5m,Alcista,12,rsi14,-0.016642676476098288,104508
XAU_USD,5m,Alcista,12,d21,-0.020763891805818738,104508
XAU_USD,5m,Alcista,12,d50,-0.008790942625136237,104508
XAU_USD,5m,Alcista,12,d200,0.002825690817447814,104508
XAU_USD,5m,Alcista,12,slope21,-0.009344358345618146,104508
XAU_USD,5m,Alcista,12,gap_9_21,-0.005173761029675959,104508
XAU_USD,5m,Neutral,1,rsi2,-0.07487281684547083,33086
XAU_USD,5m,Neutral,1,rsi14,-0.07321910623644053,33086
XAU_USD,5m,Neutral,1,d21,-0.074470133255873,33086
XAU_USD,5m,Neutral,1,d50,-0.07063379832229477,33086
XAU_USD,5m,Neutral,1,d200,-0.06716415709464517,33086
XAU_USD,5m,Neutral,1,slope21,-0.057048236889231885,33086
XAU_USD,5m,Neutral,1,gap_9_21,-0.055914224183437895,33086
XAU_USD,5m,Neutral,6,rsi2,-0.06442131012303465,33086
XAU_USD,5m,Neutral,6,rsi14,-0.07705161985941426,33086
XAU_USD,5m,Neutral,6,d21,-0.0758899023740705,33086
XAU_USD,5m,Neutral,6,d50,-0.07759080007302148,33086
XAU_USD,5m,Neutral,6,d200,-0.07286270618339158,33086
XAU_USD,5m,Neutral,6,slope21,-0.06838664971881861,33086
XAU_USD,5m,Neutral,6,gap_9_21,-0.06931400693966364,33086
XAU_USD,5m,Neutral,12,rsi2,-0.05241053960476835,33086
XAU_USD,5m,Neutral,12,rsi14,-0.07183129500622222,33086
XAU_USD,5m,Neutral,12,d21,-0.07026007624385124,33086
XAU_USD,5m,Neutral,12,d50,-0.07377419889880395,33086
XAU_USD,5m,Neutral,12,d200,-0.06738817536665197,33086
XAU_USD,5m,Neutral,12,slope21,-0.06531562730508815,33086
XAU_USD,5m,Neutral,12,gap_9_21,-0.0671900565772973,33086
XAU_USD,5m,Bajista,1,rsi2,-0.05428620083605009,99722
XAU_USD,5m,Bajista,1,rsi14,-0.045686712328200624,99722
XAU_USD,5m,Bajista,1,d21,-0.049472464875970755,99722
XAU_USD,5m,Bajista,1,d50,-0.03536775196763937,99722
XAU_USD,5m,Bajista,1,d200,-0.016507223307752457,99722
XAU_USD,5m,Bajista,1,slope21,-0.025994583948933937,99722
XAU_USD,5m,Bajista,1,gap_9_21,-0.022618210592317115,99722
XAU_USD,5m,Bajista,6,rsi2,-0.04560053482447171,99722
XAU_USD,5m,Bajista,6,rsi14,-0.0453279887131685,99722
XAU_USD,5m,Bajista,6,d21,-0.0475361038536571,99722
XAU_USD,5m,Bajista,6,d50,-0.03650976966857303,99722
XAU_USD,5m,Bajista,6,d200,-0.017792541781532178,99722
XAU_USD,5m,Bajista,6,slope21,-0.032725782418219565,99722
XAU_USD,5m,Bajista,6,gap_9_21,-0.028902253816301307,99722
XAU_USD,5m,Bajista,12,rsi2,-0.03870540779762107,99722
XAU_USD,5m,Bajista,12,rsi14,-0.03953418215713619,99722
XAU_USD,5m,Bajista,12,d21,-0.040881363466630814,99722
XAU_USD,5m,Bajista,12,d50,-0.03419227985776836,99722
XAU_USD,5m,Bajista,12,d200,-0.019727298634304783,99722
XAU_USD,5m,Bajista,12,slope21,-0.02850396022628329,99722
XAU_USD,5m,Bajista,12,gap_9_21,-0.026641926288927375,99722
XAU_USD,15m,Todos,1,rsi2,-0.06026506975108433,64686
XAU_USD,15m,Todos,1,rsi14,-0.03492521614716787,64686
XAU_USD,15m,Todos,1,d21,-0.0381933518798664,64686
XAU_USD,15m,Todos,1,d50,-0.02776273609829893,64686
XAU_USD,15m,Todos,1,d200,-0.0142637898292879,64686
XAU_USD,15m,Todos,1,slope21,-0.016657030841921244,64686
XAU_USD,15m,Todos,1,gap_9_21,-0.015193402539541625,64686
XAU_USD,15m,Todos,4,rsi2,-0.042178110768214414,64686
XAU_USD,15m,Todos,4,rsi14,-0.031580189955602064,64686
XAU_USD,15m,Todos,4,d21,-0.03433243893127288,64686
XAU_USD,15m,Todos,4,d50,-0.025604860059629104,64686
XAU_USD,15m,Todos,4,d200,-0.013113902496779111,64686
XAU_USD,15m,Todos,4,slope21,-0.01920659729657176,64686
XAU_USD,15m,Todos,4,gap_9_21,-0.017175719056328666,64686
XAU_USD,15m,Todos,8,rsi2,-0.033438028178991185,64686
XAU_USD,15m,Todos,8,rsi14,-0.028717672187798006,64686
XAU_USD,15m,Todos,8,d21,-0.03132537862973653,64686
XAU_USD,15m,Todos,8,d50,-0.023692874485203175,64686
XAU_USD,15m,Todos,8,d200,-0.01295035085928994,64686
XAU_USD,15m,Todos,8,slope21,-0.021021034955805495,64686
XAU_USD,15m,Todos,8,gap_9_21,-0.01851482765771605,64686
XAU_USD,15m,Alcista,1,rsi2,-0.06014232344913326,29086
XAU_USD,15m,Alcista,1,rsi14,-0.021817322843396738,29086
XAU_USD,15m,Alcista,1,d21,-0.025405968415689217,29086
XAU_USD,15m,Alcista,1,d50,-0.011638014862430242,29086
XAU_USD,15m,Alcista,1,d200,0.0033107159695191257,29086
XAU_USD,15m,Alcista,1,slope21,0.0021790158630987555,29086
XAU_USD,15m,Alcista,1,gap_9_21,0.003947321645298512,29086
XAU_USD,15m,Alcista,4,rsi2,-0.044471303536549926,29086
XAU_USD,15m,Alcista,4,rsi14,-0.02088931632615054,29086
XAU_USD,15m,Alcista,4,d21,-0.024010472850814337,29086
XAU_USD,15m,Alcista,4,d50,-0.010967877302587456,29086
XAU_USD,15m,Alcista,4,d200,0.010289924145416152,29086
XAU_USD,15m,Alcista,4,slope21,-0.003112440779423632,29086
XAU_USD,15m,Alcista,4,gap_9_21,-0.001099442326842871,29086
XAU_USD,15m,Alcista,8,rsi2,-0.0338030439778874,29086
XAU_USD,15m,Alcista,8,rsi14,-0.020096189795891294,29086
XAU_USD,15m,Alcista,8,d21,-0.02473565793224639,29086
XAU_USD,15m,Alcista,8,d50,-0.009556214539885876,29086
XAU_USD,15m,Alcista,8,d200,0.015799091430849628,29086
XAU_USD,15m,Alcista,8,slope21,-0.010956617244197065,29086
XAU_USD,15m,Alcista,8,gap_9_21,-0.005528857185273106,29086
XAU_USD,15m,Neutral,1,rsi2,-0.08033707459591813,10853
XAU_USD,15m,Neutral,1,rsi14,-0.06694834723475081,10853
XAU_USD,15m,Neutral,1,d21,-0.07030726143082411,10853
XAU_USD,15m,Neutral,1,d50,-0.06299482962126383,10853
XAU_USD,15m,Neutral,1,d200,-0.05897164549063389,10853
XAU_USD,15m,Neutral,1,slope21,-0.04811472762588303,10853
XAU_USD,15m,Neutral,1,gap_9_21,-0.04636835741633809,10853
XAU_USD,15m,Neutral,4,rsi2,-0.052250486152899844,10853
XAU_USD,15m,Neutral,4,rsi14,-0.05297448324730914,10853
XAU_USD,15m,Neutral,4,d21,-0.05455267946376281,10853
XAU_USD,15m,Neutral,4,d50,-0.0492524815411589,10853
XAU_USD,15m,Neutral,4,d200,-0.047316952957602215,10853
XAU_USD,15m,Neutral,4,slope21,-0.04392658404172167,10853
XAU_USD,15m,Neutral,4,gap_9_21,-0.039938767791023344,10853
XAU_USD,15m,Neutral,8,rsi2,-0.034490080245722386,10853
XAU_USD,15m,Neutral,8,rsi14,-0.02575513872584187,10853
XAU_USD,15m,Neutral,8,d21,-0.02800139860031478,10853
XAU_USD,15m,Neutral,8,d50,-0.01994178697284207,10853
XAU_USD,15m,Neutral,8,d200,-0.020172501923681026,10853
XAU_USD,15m,Neutral,8,slope21,-0.01438589849580849,10853
XAU_USD,15m,Neutral,8,gap_9_21,-0.011507258859048458,10853
XAU_USD,15m,Bajista,1,rsi2,-0.048725390904487756,24747
XAU_USD,15m,Bajista,1,rsi14,-0.026714640288886874,24747
XAU_USD,15m,Bajista,1,d21,-0.030204982389876536,24747
XAU_USD,15m,Bajista,1,d50,-0.019998454048562146,24747
XAU_USD,15m,Bajista,1,d200,-0.00829887618060254,24747
XAU_USD,15m,Bajista,1,slope21,-0.00924241745568396,24747
XAU_USD,15m,Bajista,1,gap_9_21,-0.006579756035403219,24747
XAU_USD,15m,Bajista,4,rsi2,-0.031230298609391537,24747
XAU_USD,15m,Bajista,4,rsi14,-0.018811653640955522,24747
XAU_USD,15m,Bajista,4,d21,-0.022362265340134888,24747
XAU_USD,15m,Bajista,4,d50,-0.01362366831766861,24747
XAU_USD,15m,Bajista,4,d200,-0.0010437209921473748,24747
XAU_USD,15m,Bajista,4,slope21,-0.008079952867636167,24747
XAU_USD,15m,Bajista,4,gap_9_21,-0.004620310941252339,24747
XAU_USD,15m,Bajista,8,rsi2,-0.0272272413554268,24747
XAU_USD,15m,Bajista,8,rsi14,-0.019865599872900267,24747
XAU_USD,15m,Bajista,8,d21,-0.021972250534949687,24747
XAU_USD,15m,Bajista,8,d50,-0.016411407756391348,24747
XAU_USD,15m,Bajista,8,d200,-0.000979790252139954,24747
XAU_USD,15m,Bajista,8,slope21,-0.013476521074548636,24747
XAU_USD,15m,Bajista,8,gap_9_21,-0.011822263400794513,24747
XAU_USD,1h,Todos,1,rsi2,-0.049378252040641335,86940
XAU_USD,1h,Todos,1,rsi14,-0.02538530990008326,86940
XAU_USD,1h,Todos,1,d21,-0.029364831015588417,86940
XAU_USD,1h,Todos,1,d50,-0.018042492775095863,86940
XAU_USD,1h,Todos,1,d200,-0.003924791111116258,86940
XAU_USD,1h,Todos,1,slope21,-0.013054643738141554,86940
XAU_USD,1h,Todos,1,gap_9_21,-0.011791132947907335,86940
XAU_USD,1h,Todos,6,rsi2,-0.01595423755353131,86940
XAU_USD,1h,Todos,6,rsi14,-0.0001152456149324863,86940
XAU_USD,1h,Todos,6,d21,-0.002192247874629953,86940
XAU_USD,1h,Todos,6,d50,0.0024504225599345495,86940
XAU_USD,1h,Todos,6,d200,0.006158922950028759,86940
XAU_USD,1h,Todos,6,slope21,0.001649645731401501,86940
XAU_USD,1h,Todos,6,gap_9_21,0.0038612002048093435,86940
XAU_USD,1h,Todos,24,rsi2,0.011339244012358722,86940
XAU_USD,1h,Todos,24,rsi14,0.0101628886818007,86940
XAU_USD,1h,Todos,24,d21,0.010000573576786366,86940
XAU_USD,1h,Todos,24,d50,0.009945642949220611,86940
XAU_USD,1h,Todos,24,d200,0.01263484928151387,86940
XAU_USD,1h,Todos,24,slope21,0.004649129748842808,86940
XAU_USD,1h,Todos,24,gap_9_21,0.003420189021865402,86940
XAU_USD,1h,Alcista,1,rsi2,-0.05165396355949627,42005
XAU_USD,1h,Alcista,1,rsi14,-0.024104183470608883,42005
XAU_USD,1h,Alcista,1,d21,-0.027676668537930778,42005
XAU_USD,1h,Alcista,1,d50,-0.01801934195967964,42005
XAU_USD,1h,Alcista,1,d200,-0.008342101746559995,42005
XAU_USD,1h,Alcista,1,slope21,-0.00887603186158008,42005
XAU_USD,1h,Alcista,1,gap_9_21,-0.006980850479994072,42005
XAU_USD,1h,Alcista,6,rsi2,-0.017416564047309856,42005
XAU_USD,1h,Alcista,6,rsi14,0.0019088913966178267,42005
XAU_USD,1h,Alcista,6,d21,-0.00032808771037218796,42005
XAU_USD,1h,Alcista,6,d50,0.00431137086542462,42005
XAU_USD,1h,Alcista,6,d200,0.0069299891219867646,42005
XAU_USD,1h,Alcista,6,slope21,0.006186244293774106,42005
XAU_USD,1h,Alcista,6,gap_9_21,0.007718863078486134,42005
XAU_USD,1h,Alcista,24,rsi2,0.013426198384177078,42005
XAU_USD,1h,Alcista,24,rsi14,0.005758055681724347,42005
XAU_USD,1h,Alcista,24,d21,0.006463852561192881,42005
XAU_USD,1h,Alcista,24,d50,0.0010814960617190738,42005
XAU_USD,1h,Alcista,24,d200,-0.006344962761013814,42005
XAU_USD,1h,Alcista,24,slope21,-0.00034106994148850987,42005
XAU_USD,1h,Alcista,24,gap_9_21,-0.003305348381231056,42005
XAU_USD,1h,Neutral,1,rsi2,-0.06853318406615477,11026
XAU_USD,1h,Neutral,1,rsi14,-0.05155517267664872,11026
XAU_USD,1h,Neutral,1,d21,-0.055093455818896506,11026
XAU_USD,1h,Neutral,1,d50,-0.04894318849168293,11026
XAU_USD,1h,Neutral,1,d200,-0.044328929281120776,11026
XAU_USD,1h,Neutral,1,slope21,-0.040155204803672094,11026
XAU_USD,1h,Neutral,1,gap_9_21,-0.038255969704607755,11026
XAU_USD,1h,Neutral,6,rsi2,-0.04574561934419864,11026
XAU_USD,1h,Neutral,6,rsi14,-0.029344521890224906,11026
XAU_USD,1h,Neutral,6,d21,-0.03270039936302593,11026
XAU_USD,1h,Neutral,6,d50,-0.025611394159330152,11026
XAU_USD,1h,Neutral,6,d200,-0.016119402639501644,11026
XAU_USD,1h,Neutral,6,slope21,-0.01834936369492369,11026
XAU_USD,1h,Neutral,6,gap_9_21,-0.015169768118562164,11026
XAU_USD,1h,Neutral,24,rsi2,-0.013581969666787668,11026
XAU_USD,1h,Neutral,24,rsi14,-0.007969340503438614,11026
XAU_USD,1h,Neutral,24,d21,-0.004908146545431978,11026
XAU_USD,1h,Neutral,24,d50,-0.005410238930196837,11026
XAU_USD,1h,Neutral,24,d200,0.003193325749097463,11026
XAU_USD,1h,Neutral,24,slope21,-0.0013002510757837097,11026
XAU_USD,1h,Neutral,24,gap_9_21,-0.0022040466964946604,11026
XAU_USD,1h,Bajista,1,rsi2,-0.04088747892601486,33909
XAU_USD,1h,Bajista,1,rsi14,-0.026894730127196533,33909
XAU_USD,1h,Bajista,1,d21,-0.029339418062463835,33909
XAU_USD,1h,Bajista,1,d50,-0.02188437080345596,33909
XAU_USD,1h,Bajista,1,d200,-0.014025838490192946,33909
XAU_USD,1h,Bajista,1,slope21,-0.014164722997797596,33909
XAU_USD,1h,Bajista,1,gap_9_21,-0.01483084265398937,33909
XAU_USD,1h,Bajista,6,rsi2,-0.006272484680316426,33909
XAU_USD,1h,Bajista,6,rsi14,-0.0018463937019349477,33909
XAU_USD,1h,Bajista,6,d21,-0.0023721550772968928,33909
XAU_USD,1h,Bajista,6,d50,-0.0007040831989993095,33909
XAU_USD,1h,Bajista,6,d200,-0.006342054425042237,33909
XAU_USD,1h,Bajista,6,slope21,-0.0045490087116474886,33909
XAU_USD,1h,Bajista,6,gap_9_21,-0.0008363406652878097,33909
XAU_USD,1h,Bajista,24,rsi2,0.012393506389834108,33909
XAU_USD,1h,Bajista,24,rsi14,0.002395888559817454,33909
XAU_USD,1h,Bajista,24,d21,0.00252395366352879,33909
XAU_USD,1h,Bajista,24,d50,0.0014096662603262876,33909
XAU_USD,1h,Bajista,24,d200,-0.013480140878046208,33909
XAU_USD,1h,Bajista,24,slope21,-0.006358276408885046,33909
XAU_USD,1h,Bajista,24,gap_9_21,-0.008149574085320013,33909
XAU_USD,1d,Todos,1,rsi2,-0.014575652056917911,3409
XAU_USD,1d,Todos,1,rsi14,0.008514770151526576,3409
XAU_USD,1d,Todos,1,d21,0.006149098098665972,3409
XAU_USD,1d,Todos,1,d50,0.009055435483748426,3409
XAU_USD,1d,Todos,1,d200,0.024161270084016195,3409
XAU_USD,1d,Todos,1,slope21,0.013852200987922815,3409
XAU_USD,1d,Todos,1,gap_9_21,0.010945056372469512,3409
XAU_USD,1d,Todos,5,rsi2,0.015475231546567252,3409
XAU_USD,1d,Todos,5,rsi14,0.022626650482289398,3409
XAU_USD,1d,Todos,5,d21,0.022616512845007077,3409
XAU_USD,1d,Todos,5,d50,0.017033539491993595,3409
XAU_USD,1d,Todos,5,d200,0.0338521960767356,3409
XAU_USD,1d,Todos,5,slope21,0.01684795041452506,3409
XAU_USD,1d,Todos,5,gap_9_21,0.01458038941616968,3409
XAU_USD,1d,Todos,10,rsi2,0.015930631241775708,3409
XAU_USD,1d,Todos,10,rsi14,0.025573449040022286,3409
XAU_USD,1d,Todos,10,d21,0.024419494439585174,3409
XAU_USD,1d,Todos,10,d50,0.018507411901421716,3409
XAU_USD,1d,Todos,10,d200,0.03306585343563121,3409
XAU_USD,1d,Todos,10,slope21,0.0200461377743358,3409
XAU_USD,1d,Todos,10,gap_9_21,0.01443263930018597,3409
XAU_USD,1d,Alcista,1,rsi2,-0.03878466448323497,2017
XAU_USD,1d,Alcista,1,rsi14,-0.001528437503263075,2017
XAU_USD,1d,Alcista,1,d21,-0.0034303588290787767,2017
XAU_USD,1d,Alcista,1,d50,-0.005060077180322531,2017
XAU_USD,1d,Alcista,1,d200,-0.001005707117789744,2017
XAU_USD,1d,Alcista,1,slope21,0.008899594875177776,2017
XAU_USD,1d,Alcista,1,gap_9_21,0.008973213857589377,2017
XAU_USD,1d,Alcista,5,rsi2,-0.020580237249113165,2017
XAU_USD,1d,Alcista,5,rsi14,0.014037146638271021,2017
XAU_USD,1d,Alcista,5,d21,0.013760837988242517,2017
XAU_USD,1d,Alcista,5,d50,0.0026388021300750224,2017
XAU_USD,1d,Alcista,5,d200,0.003151227041242928,2017
XAU_USD,1d,Alcista,5,slope21,0.02148575590888651,2017
XAU_USD,1d,Alcista,5,gap_9_21,0.020520260170915433,2017
XAU_USD,1d,Alcista,10,rsi2,-0.007019073457033547,2017
XAU_USD,1d,Alcista,10,rsi14,0.022527655039156397,2017
XAU_USD,1d,Alcista,10,d21,0.02422059621444631,2017
XAU_USD,1d,Alcista,10,d50,-0.0006722701531765028,2017
XAU_USD,1d,Alcista,10,d200,-0.00783789643942296,2017
XAU_USD,1d,Alcista,10,slope21,0.028278267624338906,2017
XAU_USD,1d,Alcista,10,gap_9_21,0.015645724646933652,2017
XAU_USD,1d,Neutral,1,rsi2,0.042451381643048916,370
XAU_USD,1d,Neutral,1,rsi14,-0.003568186108096631,370
XAU_USD,1d,Neutral,1,d21,-0.0033672881348905275,370
XAU_USD,1d,Neutral,1,d50,-0.010384495336175041,370
XAU_USD,1d,Neutral,1,d200,-0.01307505651730226,370
XAU_USD,1d,Neutral,1,slope21,-0.037263099665308594,370
XAU_USD,1d,Neutral,1,gap_9_21,-0.043439521304224474,370
XAU_USD,1d,Neutral,5,rsi2,0.05956322857647651,370
XAU_USD,1d,Neutral,5,rsi14,-0.018020743524319115,370
XAU_USD,1d,Neutral,5,d21,-0.012224083922197131,370
XAU_USD,1d,Neutral,5,d50,-0.006463435363573422,370
XAU_USD,1d,Neutral,5,d200,-0.013905655046934385,370
XAU_USD,1d,Neutral,5,slope21,-0.076189647013393,370
XAU_USD,1d,Neutral,5,gap_9_21,-0.07777124307266968,370
XAU_USD,1d,Neutral,10,rsi2,0.0216771777700691,370
XAU_USD,1d,Neutral,10,rsi14,-0.04511304023777491,370
XAU_USD,1d,Neutral,10,d21,-0.04248999509008713,370
XAU_USD,1d,Neutral,10,d50,-0.035505718064392705,370
XAU_USD,1d,Neutral,10,d200,-0.010877500339074201,370
XAU_USD,1d,Neutral,10,slope21,-0.09776980978085442,370
XAU_USD,1d,Neutral,10,gap_9_21,-0.11879371317935515,370
XAU_USD,1d,Bajista,1,rsi2,-0.00804648878310123,1022
XAU_USD,1d,Bajista,1,rsi14,-0.012605404889749173,1022
XAU_USD,1d,Bajista,1,d21,-0.01266709891077621,1022
XAU_USD,1d,Bajista,1,d50,-0.029766471436604134,1022
XAU_USD,1d,Bajista,1,d200,-0.061397686252751535,1022
XAU_USD,1d,Bajista,1,slope21,-0.0018232280698397677,1022
XAU_USD,1d,Bajista,1,gap_9_21,-0.01821961701131915,1022
XAU_USD,1d,Bajista,5,rsi2,0.04143198118112024,1022
XAU_USD,1d,Bajista,5,rsi14,0.0037446798110942116,1022
XAU_USD,1d,Bajista,5,d21,0.006733298720004761,1022
XAU_USD,1d,Bajista,5,d50,-0.030696873032136522,1022
XAU_USD,1d,Bajista,5,d200,-0.09707612102957228,1022
XAU_USD,1d,Bajista,5,slope21,-0.015035719888257604,1022
XAU_USD,1d,Bajista,5,gap_9_21,-0.02429950207877543,1022
XAU_USD,1d,Bajista,10,rsi2,0.03359952725832226,1022
XAU_USD,1d,Bajista,10,rsi14,0.007958331984104505,1022
XAU_USD,1d,Bajista,10,d21,0.007197723845859354,1022
XAU_USD,1d,Bajista,10,d50,-0.01451512037773244,1022
XAU_USD,1d,Bajista,10,d200,-0.08827492033891625,1022
XAU_USD,1d,Bajista,10,slope21,-0.006011283069767232,1022
XAU_USD,1d,Bajista,10,gap_9_21,-0.0030526230832395285,1022
EUR_USD,5m,Todos,1,rsi2,-0.055971086813766044,265809
EUR_USD,5m,Todos,1,rsi14,-0.04549771146148188,265809
EUR_USD,5m,Todos,1,d21,-0.049006913562563495,265809
EUR_USD,5m,Todos,1,d50,-0.03657976684889355,265809
EUR_USD,5m,Todos,1,d200,-0.019045976934010486,265809
EUR_USD,5m,Todos,1,slope21,-0.029466159685450688,265809
EUR_USD,5m,Todos,1,gap_9_21,-0.02805761943169992,265809
EUR_USD,5m,Todos,6,rsi2,-0.039349264532431025,265809
EUR_USD,5m,Todos,6,rsi14,-0.03865146709756447,265809
EUR_USD,5m,Todos,6,d21,-0.04025493645907,265809
EUR_USD,5m,Todos,6,d50,-0.034336280154593,265809
EUR_USD,5m,Todos,6,d200,-0.02220230428399076,265809
EUR_USD,5m,Todos,6,slope21,-0.028755674226414635,265809
EUR_USD,5m,Todos,6,gap_9_21,-0.02876085057119524,265809
EUR_USD,5m,Todos,12,rsi2,-0.02893047712912872,265809
EUR_USD,5m,Todos,12,rsi14,-0.03379592293936633,265809
EUR_USD,5m,Todos,12,d21,-0.034700002151180846,265809
EUR_USD,5m,Todos,12,d50,-0.0306743975924955,265809
EUR_USD,5m,Todos,12,d200,-0.02178153806181655,265809
EUR_USD,5m,Todos,12,slope21,-0.026940637207082174,265809
EUR_USD,5m,Todos,12,gap_9_21,-0.0272878482158503,265809
EUR_USD,5m,Alcista,1,rsi2,-0.053283281536074846,112587
EUR_USD,5m,Alcista,1,rsi14,-0.043745918402167405,112587
EUR_USD,5m,Alcista,1,d21,-0.04669943531817058,112587
EUR_USD,5m,Alcista,1,d50,-0.03636284199871724,112587
EUR_USD,5m,Alcista,1,d200,-0.01886003932218556,112587
EUR_USD,5m,Alcista,1,slope21,-0.025718167171066116,112587
EUR_USD,5m,Alcista,1,gap_9_21,-0.02403427513692839,112587
EUR_USD,5m,Alcista,6,rsi2,-0.03675635849036705,112587
EUR_USD,5m,Alcista,6,rsi14,-0.039994148468533684,112587
EUR_USD,5m,Alcista,6,d21,-0.040751429957741336,112587
EUR_USD,5m,Alcista,6,d50,-0.03623614980610756,112587
EUR_USD,5m,Alcista,6,d200,-0.022807984514619347,112587
EUR_USD,5m,Alcista,6,slope21,-0.02851033985916746,112587
EUR_USD,5m,Alcista,6,gap_9_21,-0.027478512303980455,112587
EUR_USD,5m,Alcista,12,rsi2,-0.02750461831631334,112587
EUR_USD,5m,Alcista,12,rsi14,-0.03353237409570416,112587
EUR_USD,5m,Alcista,12,d21,-0.033609615536351646,112587
EUR_USD,5m,Alcista,12,d50,-0.03017280495488171,112587
EUR_USD,5m,Alcista,12,d200,-0.019497171652448197,112587
EUR_USD,5m,Alcista,12,slope21,-0.02546219752197123,112587
EUR_USD,5m,Alcista,12,gap_9_21,-0.02565874607747878,112587
EUR_USD,5m,Neutral,1,rsi2,-0.05557382854181636,34070
EUR_USD,5m,Neutral,1,rsi14,-0.05295202624940006,34070
EUR_USD,5m,Neutral,1,d21,-0.05493722761119992,34070
EUR_USD,5m,Neutral,1,d50,-0.05121507642259194,34070
EUR_USD,5m,Neutral,1,d200,-0.04605195951743702,34070
EUR_USD,5m,Neutral,1,slope21,-0.043423217272261644,34070
EUR_USD,5m,Neutral,1,gap_9_21,-0.04330021505754438,34070
EUR_USD,5m,Neutral,6,rsi2,-0.03043781419504337,34070
EUR_USD,5m,Neutral,6,rsi14,-0.03132058592095723,34070
EUR_USD,5m,Neutral,6,d21,-0.03202564012182837,34070
EUR_USD,5m,Neutral,6,d50,-0.034570514720149895,34070
EUR_USD,5m,Neutral,6,d200,-0.03250720897285405,34070
EUR_USD,5m,Neutral,6,slope21,-0.02931083994658188,34070
EUR_USD,5m,Neutral,6,gap_9_21,-0.03042526182235074,34070
EUR_USD,5m,Neutral,12,rsi2,-0.022478005418429585,34070
EUR_USD,5m,Neutral,12,rsi14,-0.022144742335905514,34070
EUR_USD,5m,Neutral,12,d21,-0.022479533473162682,34070
EUR_USD,5m,Neutral,12,d50,-0.02479242156502763,34070
EUR_USD,5m,Neutral,12,d200,-0.022507720539913262,34070
EUR_USD,5m,Neutral,12,slope21,-0.019624862993432537,34070
EUR_USD,5m,Neutral,12,gap_9_21,-0.020909809599257825,34070
EUR_USD,5m,Bajista,1,rsi2,-0.05759304102086356,119152
EUR_USD,5m,Bajista,1,rsi14,-0.042530027728650596,119152
EUR_USD,5m,Bajista,1,d21,-0.046243046756757396,119152
EUR_USD,5m,Bajista,1,d50,-0.03333875375426252,119152
EUR_USD,5m,Bajista,1,d200,-0.01415874171076691,119152
EUR_USD,5m,Bajista,1,slope21,-0.02232942363167758,119152
EUR_USD,5m,Bajista,1,gap_9_21,-0.02017364252828833,119152
EUR_USD,5m,Bajista,6,rsi2,-0.043007930811150064,119152
EUR_USD,5m,Bajista,6,rsi14,-0.02869261161825265,119152
EUR_USD,5m,Bajista,6,d21,-0.03213015131679034,119152
EUR_USD,5m,Bajista,6,d50,-0.01986419594607792,119152
EUR_USD,5m,Bajista,6,d200,-0.0011019811234044738,119152
EUR_USD,5m,Bajista,6,slope21,-0.01556072530202998,119152
EUR_USD,5m,Bajista,6,gap_9_21,-0.014276151460557105,119152
EUR_USD,5m,Bajista,12,rsi2,-0.029656162360347044,119152
EUR_USD,5m,Bajista,12,rsi14,-0.02215930792651845,119152
EUR_USD,5m,Bajista,12,d21,-0.025664492283937867,119152
EUR_USD,5m,Bajista,12,d50,-0.012973671266488034,119152
EUR_USD,5m,Bajista,12,d200,0.00656849241569365,119152
EUR_USD,5m,Bajista,12,slope21,-0.013969722891839986,119152
EUR_USD,5m,Bajista,12,gap_9_21,-0.012134143537768023,119152
EUR_USD,15m,Todos,1,rsi2,-0.04607468543900675,72178
EUR_USD,15m,Todos,1,rsi14,-0.021074317908596662,72178
EUR_USD,15m,Todos,1,d21,-0.024560121846263053,72178
EUR_USD,15m,Todos,1,d50,-0.013777088007651789,72178
EUR_USD,15m,Todos,1,d200,-0.004372308902921258,72178
EUR_USD,15m,Todos,1,slope21,-0.010999245497871723,72178
EUR_USD,15m,Todos,1,gap_9_21,-0.008604273614817541,72178
EUR_USD,15m,Todos,4,rsi2,-0.028641509571289026,72178
EUR_USD,15m,Todos,4,rsi14,-0.01720887136914984,72178
EUR_USD,15m,Todos,4,d21,-0.018926097216387012,72178
EUR_USD,15m,Todos,4,d50,-0.013213189301909607,72178
EUR_USD,15m,Todos,4,d200,-0.008240923314423653,72178
EUR_USD,15m,Todos,4,slope21,-0.012937153262874769,72178
EUR_USD,15m,Todos,4,gap_9_21,-0.010912482987489792,72178
EUR_USD,15m,Todos,8,rsi2,-0.024522266114044077,72178
EUR_USD,15m,Todos,8,rsi14,-0.018474646188038287,72178
EUR_USD,15m,Todos,8,d21,-0.019613169731859757,72178
EUR_USD,15m,Todos,8,d50,-0.015549747588744724,72178
EUR_USD,15m,Todos,8,d200,-0.012804915598584212,72178
EUR_USD,15m,Todos,8,slope21,-0.016700436485964705,72178
EUR_USD,15m,Todos,8,gap_9_21,-0.01426275526704326,72178
EUR_USD,15m,Alcista,1,rsi2,-0.052432666482733446,29718
EUR_USD,15m,Alcista,1,rsi14,-0.024140024596701025,29718
EUR_USD,15m,Alcista,1,d21,-0.02835097551478975,29718
EUR_USD,15m,Alcista,1,d50,-0.016345622794968387,29718
EUR_USD,15m,Alcista,1,d200,-0.0054048152566503445,29718
EUR_USD,15m,Alcista,1,slope21,-0.008242703598477117,29718
EUR_USD,15m,Alcista,1,gap_9_21,-0.006848002515508123,29718
EUR_USD,15m,Alcista,4,rsi2,-0.029823330137095625,29718
EUR_USD,15m,Alcista,4,rsi14,-0.015198382835615361,29718
EUR_USD,15m,Alcista,4,d21,-0.016104042896440008,29718
EUR_USD,15m,Alcista,4,d50,-0.011358953810671691,29718
EUR_USD,15m,Alcista,4,d200,-0.0024187217984719114,29718
EUR_USD,15m,Alcista,4,slope21,-0.007102192083955656,29718
EUR_USD,15m,Alcista,4,gap_9_21,-0.005924686417832527,29718
EUR_USD,15m,Alcista,8,rsi2,-0.021446625715512136,29718
EUR_USD,15m,Alcista,8,rsi14,-0.01488434525622951,29718
EUR_USD,15m,Alcista,8,d21,-0.015837565279361452,29718
EUR_USD,15m,Alcista,8,d50,-0.012000469001756832,29718
EUR_USD,15m,Alcista,8,d200,-0.0038434985582240853,29718
EUR_USD,15m,Alcista,8,slope21,-0.012869849284428246,29718
EUR_USD,15m,Alcista,8,gap_9_21,-0.008675807574286503,29718
EUR_USD,15m,Neutral,1,rsi2,-0.02668661683736858,11590
EUR_USD,15m,Neutral,1,rsi14,-0.016320357364872317,11590
EUR_USD,15m,Neutral,1,d21,-0.01660707020830534,11590
EUR_USD,15m,Neutral,1,d50,-0.012169186765031252,11590
EUR_USD,15m,Neutral,1,d200,-0.004863978137601251,11590
EUR_USD,15m,Neutral,1,slope21,-0.015439241673125262,11590
EUR_USD,15m,Neutral,1,gap_9_21,-0.011838290815717545,11590
EUR_USD,15m,Neutral,4,rsi2,-0.01870958454187534,11590
EUR_USD,15m,Neutral,4,rsi14,-0.008048249530205985,11590
EUR_USD,15m,Neutral,4,d21,-0.007886378867383139,11590
EUR_USD,15m,Neutral,4,d50,-0.002605068555828403,11590
EUR_USD,15m,Neutral,4,d200,0.004508835987775526,11590
EUR_USD,15m,Neutral,4,slope21,-0.006674677558634886,11590
EUR_USD,15m,Neutral,4,gap_9_21,-0.002980606235079336,11590
EUR_USD,15m,Neutral,8,rsi2,-0.017845208023404308,11590
EUR_USD,15m,Neutral,8,rsi14,-0.0034233295584941135,11590
EUR_USD,15m,Neutral,8,d21,-0.003586779747437186,11590
EUR_USD,15m,Neutral,8,d50,0.002650975261302607,11590
EUR_USD,15m,Neutral,8,d200,0.008193806463464797,11590
EUR_USD,15m,Neutral,8,slope21,-0.002515735109684593,11590
EUR_USD,15m,Neutral,8,gap_9_21,0.00013051803131570826,11590
EUR_USD,15m,Bajista,1,rsi2,-0.04743555309919577,30870
EUR_USD,15m,Bajista,1,rsi14,-0.021737564369172027,30870
EUR_USD,15m,Bajista,1,d21,-0.026050068067646898,30870
EUR_USD,15m,Bajista,1,d50,-0.011446261292113923,30870
EUR_USD,15m,Bajista,1,d200,-0.002308497651244919,30870
EUR_USD,15m,Bajista,1,slope21,-0.009086491839535034,30870
EUR_USD,15m,Bajista,1,gap_9_21,-0.005401369438904441,30870
EUR_USD,15m,Bajista,4,rsi2,-0.02831737681978298,30870
EUR_USD,15m,Bajista,4,rsi14,-0.008688449519458184,30870
EUR_USD,15m,Bajista,4,d21,-0.013969724391131436,30870
EUR_USD,15m,Bajista,4,d50,0.0016041342074376097,30870
EUR_USD,15m,Bajista,4,d200,0.01433013397240863,30870
EUR_USD,15m,Bajista,4,slope21,-0.005723054357252024,30870
EUR_USD,15m,Bajista,4,gap_9_21,0.00012075113387530148,30870
EUR_USD,15m,Bajista,8,rsi2,-0.025129224694823083,30870
EUR_USD,15m,Bajista,8,rsi14,-0.0045800545889489955,30870
EUR_USD,15m,Bajista,8,d21,-0.009757189242039173,30870
EUR_USD,15m,Bajista,8,d50,0.007050714551835635,30870
EUR_USD,15m,Bajista,8,d200,0.022724052792990217,30870
EUR_USD,15m,Bajista,8,slope21,-0.0024801411681493715,30870
EUR_USD,15m,Bajista,8,gap_9_21,0.0032089448758828194,30870
EUR_USD,1h,Todos,1,rsi2,-0.0507644769112515,97877
EUR_USD,1h,Todos,1,rsi14,-0.02872574919906861,97877
EUR_USD,1h,Todos,1,d21,-0.030812896097340874,97877
EUR_USD,1h,Todos,1,d50,-0.022884520265512655,97877
EUR_USD,1h,Todos,1,d200,-0.011709379172497529,97877
EUR_USD,1h,Todos,1,slope21,-0.018368454815736453,97877
EUR_USD,1h,Todos,1,gap_9_21,-0.018378594475891893,97877
EUR_USD,1h,Todos,6,rsi2,-0.01979250968304235,97877
EUR_USD,1h,Todos,6,rsi14,-0.009858063060289069,97877
EUR_USD,1h,Todos,6,d21,-0.00921278856126357,97877
EUR_USD,1h,Todos,6,d50,-0.0098105407121552,97877
EUR_USD,1h,Todos,6,d200,-0.00993091019286854,97877
EUR_USD,1h,Todos,6,slope21,-0.007357823408840748,97877
EUR_USD,1h,Todos,6,gap_9_21,-0.00831837341247115,97877
EUR_USD,1h,Todos,24,rsi2,0.0009322567319951714,97877
EUR_USD,1h,Todos,24,rsi14,-0.0026001661756693247,97877
EUR_USD,1h,Todos,24,d21,-0.00022073572953422834,97877
EUR_USD,1h,Todos,24,d50,-0.0025840442240058427,97877
EUR_USD,1h,Todos,24,d200,-0.006630461604995018,97877
EUR_USD,1h,Todos,24,slope21,-0.004657646460690503,97877
EUR_USD,1h,Todos,24,gap_9_21,-0.006638032997528281,97877
EUR_USD,1h,Alcista,1,rsi2,-0.053286147004184777,41635
EUR_USD,1h,Alcista,1,rsi14,-0.03258291915954319,41635
EUR_USD,1h,Alcista,1,d21,-0.03413688973489457,41635
EUR_USD,1h,Alcista,1,d50,-0.029783022950379382,41635
EUR_USD,1h,Alcista,1,d200,-0.02332923638925395,41635
EUR_USD,1h,Alcista,1,slope21,-0.018852945099296498,41635
EUR_USD,1h,Alcista,1,gap_9_21,-0.018963001094734144,41635
EUR_USD,1h,Alcista,6,rsi2,-0.0251925599579779,41635
EUR_USD,1h,Alcista,6,rsi14,-0.011928810012826677,41635
EUR_USD,1h,Alcista,6,d21,-0.00981302008240093,41635
EUR_USD,1h,Alcista,6,d50,-0.019597919058808935,41635
EUR_USD,1h,Alcista,6,d200,-0.029521101894894097,41635
EUR_USD,1h,Alcista,6,slope21,-0.005436080152735657,41635
EUR_USD,1h,Alcista,6,gap_9_21,-0.01093243617738381,41635
EUR_USD,1h,Alcista,24,rsi2,0.0007783721755985127,41635
EUR_USD,1h,Alcista,24,rsi14,-0.006578263169455949,41635
EUR_USD,1h,Alcista,24,d21,-0.004156503184579033,41635
EUR_USD,1h,Alcista,24,d50,-0.013445962737678369,41635
EUR_USD,1h,Alcista,24,d200,-0.017606323192315393,41635
EUR_USD,1h,Alcista,24,slope21,-0.010152976479888784,41635
EUR_USD,1h,Alcista,24,gap_9_21,-0.014201177453253331,41635
EUR_USD,1h,Neutral,1,rsi2,-0.03550973309687078,12896
EUR_USD,1h,Neutral,1,rsi14,-0.022153468734836486,12896
EUR_USD,1h,Neutral,1,d21,-0.020377977959363937,12896
EUR_USD,1h,Neutral,1,d50,-0.020943989517135848,12896
EUR_USD,1h,Neutral,1,d200,-0.014839879125168551,12896
EUR_USD,1h,Neutral,1,slope21,-0.020471588008496265,12896
EUR_USD,1h,Neutral,1,gap_9_21,-0.022695502541902033,12896
EUR_USD,1h,Neutral,6,rsi2,-0.0013024421966835074,12896
EUR_USD,1h,Neutral,6,rsi14,-0.010457021142195048,12896
EUR_USD,1h,Neutral,6,d21,-0.006738243984321745,12896
EUR_USD,1h,Neutral,6,d50,-0.007504876193958694,12896
EUR_USD,1h,Neutral,6,d200,0.0021249470479984887,12896
EUR_USD,1h,Neutral,6,slope21,-0.020582141317304348,12896
EUR_USD,1h,Neutral,6,gap_9_21,-0.023250365766696774,12896
EUR_USD,1h,Neutral,24,rsi2,0.018506869783319762,12896
EUR_USD,1h,Neutral,24,rsi14,0.01910824504109076,12896
EUR_USD,1h,Neutral,24,d21,0.025523093816207286,12896
EUR_USD,1h,Neutral,24,d50,0.02314456875281764,12896
EUR_USD,1h,Neutral,24,d200,0.034857494989711364,12896
EUR_USD,1h,Neutral,24,slope21,0.017119540185813957,12896
EUR_USD,1h,Neutral,24,gap_9_21,0.013228358524651743,12896
EUR_USD,1h,Bajista,1,rsi2,-0.052673010613207415,43346
EUR_USD,1h,Bajista,1,rsi14,-0.028715319857276263,43346
EUR_USD,1h,Bajista,1,d21,-0.03139735135665608,43346
EUR_USD,1h,Bajista,1,d50,-0.022257132955909704,43346
EUR_USD,1h,Bajista,1,d200,-0.014173364264237116,43346
EUR_USD,1h,Bajista,1,slope21,-0.014421802221866571,43346
EUR_USD,1h,Bajista,1,gap_9_21,-0.014688970451070038,43346
EUR_USD,1h,Bajista,6,rsi2,-0.018875842887486997,43346
EUR_USD,1h,Bajista,6,rsi14,0.002818860515884064,43346
EUR_USD,1h,Bajista,6,d21,0.0005539687005185688,43346
EUR_USD,1h,Bajista,6,d50,0.008914332417376481,43346
EUR_USD,1h,Bajista,6,d200,0.008909274805842677,43346
EUR_USD,1h,Bajista,6,slope21,0.0058466122295301225,43346
EUR_USD,1h,Bajista,6,gap_9_21,0.009327429204609402,43346
EUR_USD,1h,Bajista,24,rsi2,-0.001841458008006587,43346
EUR_USD,1h,Bajista,24,rsi14,0.007766479532159612,43346
EUR_USD,1h,Bajista,24,d21,0.0077347571375662345,43346
EUR_USD,1h,Bajista,24,d50,0.018707085257497102,43346
EUR_USD,1h,Bajista,24,d200,0.031535941161901206,43346
EUR_USD,1h,Bajista,24,slope21,0.0069443304493813736,43346
EUR_USD,1h,Bajista,24,gap_9_21,0.008557672866913571,43346
EUR_USD,1d,Todos,1,rsi2,-0.023745564267067743,3742
EUR_USD,1d,Todos,1,rsi14,0.0014666974746785919,3742
EUR_USD,1d,Todos,1,d21,-0.0009378594952861597,3742
EUR_USD,1d,Todos,1,d50,0.009845707842159351,3742
EUR_USD,1d,Todos,1,d200,0.01666349543498077,3742
EUR_USD,1d,Todos,1,slope21,0.002757779813456871,3742
EUR_USD,1d,Todos,1,gap_9_21,0.006109347958861058,3742
EUR_USD,1d,Todos,5,rsi2,0.005572987877738421,3742
EUR_USD,1d,Todos,5,rsi14,0.0075953739929531736,3742
EUR_USD,1d,Todos,5,d21,0.00647498942546132,3742
EUR_USD,1d,Todos,5,d50,0.018734336293409388,3742
EUR_USD,1d,Todos,5,d200,0.029349386109272537,3742
EUR_USD,1d,Todos,5,slope21,0.0014327993507169256,3742
EUR_USD,1d,Todos,5,gap_9_21,0.0087100761600349,3742
EUR_USD,1d,Todos,10,rsi2,-0.012432222949085029,3742
EUR_USD,1d,Todos,10,rsi14,0.01997722141947345,3742
EUR_USD,1d,Todos,10,d21,0.015461561963289901,3742
EUR_USD,1d,Todos,10,d50,0.03363780034553334,3742
EUR_USD,1d,Todos,10,d200,0.03865348809516731,3742
EUR_USD,1d,Todos,10,slope21,0.022501299759808302,3742
EUR_USD,1d,Todos,10,gap_9_21,0.026780692281876805,3742
EUR_USD,1d,Alcista,1,rsi2,-0.06695156772945549,1596
EUR_USD,1d,Alcista,1,rsi14,-0.01964874832558909,1596
EUR_USD,1d,Alcista,1,d21,-0.025193037378771297,1596
EUR_USD,1d,Alcista,1,d50,-0.008706870317853707,1596
EUR_USD,1d,Alcista,1,d200,0.006643815132962776,1596
EUR_USD,1d,Alcista,1,slope21,0.0019263409297127238,1596
EUR_USD,1d,Alcista,1,gap_9_21,0.0056136763490729135,1596
EUR_USD,1d,Alcista,5,rsi2,-0.035997212287829795,1596
EUR_USD,1d,Alcista,5,rsi14,-0.04010804428761419,1596
EUR_USD,1d,Alcista,5,d21,-0.03894371796506812,1596
EUR_USD,1d,Alcista,5,d50,-0.03185995012480017,1596
EUR_USD,1d,Alcista,5,d200,-0.007254970595262682,1596
EUR_USD,1d,Alcista,5,slope21,-0.027960243591412286,1596
EUR_USD,1d,Alcista,5,gap_9_21,-0.020570790280329605,1596
EUR_USD,1d,Alcista,10,rsi2,-0.041574487389064864,1596
EUR_USD,1d,Alcista,10,rsi14,-0.027066863339275198,1596
EUR_USD,1d,Alcista,10,d21,-0.024368462923512264,1596
EUR_USD,1d,Alcista,10,d50,-0.027511710083955913,1596
EUR_USD,1d,Alcista,10,d200,-0.02226021021130272,1596
EUR_USD,1d,Alcista,10,slope21,-0.005282401969929742,1596
EUR_USD,1d,Alcista,10,gap_9_21,-0.008987938013208853,1596
EUR_USD,1d,Neutral,1,rsi2,0.004381553791696277,428
EUR_USD,1d,Neutral,1,rsi14,-0.0066815366340416136,428
EUR_USD,1d,Neutral,1,d21,0.0002776448310384269,428
EUR_USD,1d,Neutral,1,d50,0.004186253458507174,428
EUR_USD,1d,Neutral,1,d200,0.026949303186471874,428
EUR_USD,1d,Neutral,1,slope21,-0.01254039357302725,428
EUR_USD,1d,Neutral,1,gap_9_21,-0.010819730292688776,428
EUR_USD,1d,Neutral,5,rsi2,0.045489059737565944,428
EUR_USD,1d,Neutral,5,rsi14,0.0588167769108477,428
EUR_USD,1d,Neutral,5,d21,0.0630686916882719,428
EUR_USD,1d,Neutral,5,d50,0.07339358971042746,428
EUR_USD,1d,Neutral,5,d200,0.10232956870002986,428
EUR_USD,1d,Neutral,5,slope21,0.05671806361250211,428
EUR_USD,1d,Neutral,5,gap_9_21,0.05390625920731636,428
EUR_USD,1d,Neutral,10,rsi2,0.04880457370115712,428
EUR_USD,1d,Neutral,10,rsi14,0.09460510379768845,428
EUR_USD,1d,Neutral,10,d21,0.09306168016141972,428
EUR_USD,1d,Neutral,10,d50,0.13293003916567578,428
EUR_USD,1d,Neutral,10,d200,0.16260084331173655,428
EUR_USD,1d,Neutral,10,slope21,0.10140816744156718,428
EUR_USD,1d,Neutral,10,gap_9_21,0.11444446468193979,428
EUR_USD,1d,Bajista,1,rsi2,-0.003570629126079993,1718
EUR_USD,1d,Bajista,1,rsi14,-0.002035447260390477,1718
EUR_USD,1d,Bajista,1,d21,-0.001366096881430426,1718
EUR_USD,1d,Bajista,1,d50,0.003901004915616558,1718
EUR_USD,1d,Bajista,1,d200,-0.01996375028264201,1718
EUR_USD,1d,Bajista,1,slope21,-0.009270885087237323,1718
EUR_USD,1d,Bajista,1,gap_9_21,-0.006883002428992824,1718
EUR_USD,1d,Bajista,5,rsi2,0.013622225169143033,1718
EUR_USD,1d,Bajista,5,rsi14,-0.008332527746984036,1718
EUR_USD,1d,Bajista,5,d21,-0.0074174925567530945,1718
EUR_USD,1d,Bajista,5,d50,0.001764442949097588,1718
EUR_USD,1d,Bajista,5,d200,-0.05496722233050475,1718
EUR_USD,1d,Bajista,5,slope21,-0.02121156442152467,1718
EUR_USD,1d,Bajista,5,gap_9_21,-0.009830275832296311,1718
EUR_USD,1d,Bajista,10,rsi2,-0.024013969599745943,1718
EUR_USD,1d,Bajista,10,rsi14,-0.009254978448501344,1718
EUR_USD,1d,Bajista,10,d21,-0.015974590923463327,1718
EUR_USD,1d,Bajista,10,d50,0.010771091984575496,1718
EUR_USD,1d,Bajista,10,d200,-0.056523142086266506,1718
EUR_USD,1d,Bajista,10,slope21,-0.0076137204462935195,1718
EUR_USD,1d,Bajista,10,gap_9_21,0.005588096656905714,1718
WTICO_USD,5m,Todos,1,rsi2,-0.04545357364618786,250662
WTICO_USD,5m,Todos,1,rsi14,-0.029082216384662334,250662
WTICO_USD,5m,Todos,1,d21,-0.033092239289151074,250662
WTICO_USD,5m,Todos,1,d50,-0.021287280171852167,250662
WTICO_USD,5m,Todos,1,d200,-0.010245400348535782,250662
WTICO_USD,5m,Todos,1,slope21,-0.015870377209797948,250662
WTICO_USD,5m,Todos,1,gap_9_21,-0.01409284530796997,250662
WTICO_USD,5m,Todos,6,rsi2,-0.023139744250079985,250662
WTICO_USD,5m,Todos,6,rsi14,-0.011600888416353886,250662
WTICO_USD,5m,Todos,6,d21,-0.014360692592705102,250662
WTICO_USD,5m,Todos,6,d50,-0.006056176076163029,250662
WTICO_USD,5m,Todos,6,d200,0.0007351008754739223,250662
WTICO_USD,5m,Todos,6,slope21,-0.007461582957718788,250662
WTICO_USD,5m,Todos,6,gap_9_21,-0.005788521815986996,250662
WTICO_USD,5m,Todos,12,rsi2,-0.01206988066835088,250662
WTICO_USD,5m,Todos,12,rsi14,-0.0006644782335683708,250662
WTICO_USD,5m,Todos,12,d21,-0.0031711946364230094,250662
WTICO_USD,5m,Todos,12,d50,0.004299500575778272,250662
WTICO_USD,5m,Todos,12,d200,0.008332732096530179,250662
WTICO_USD,5m,Todos,12,slope21,0.0012172685411819832,250662
WTICO_USD,5m,Todos,12,gap_9_21,0.002989652619490783,250662
WTICO_USD,5m,Alcista,1,rsi2,-0.04817342875922196,105104
WTICO_USD,5m,Alcista,1,rsi14,-0.030511330906353055,105104
WTICO_USD,5m,Alcista,1,d21,-0.03466447647016091,105104
WTICO_USD,5m,Alcista,1,d50,-0.02167171746816392,105104
WTICO_USD,5m,Alcista,1,d200,-0.008057422011198207,105104
WTICO_USD,5m,Alcista,1,slope21,-0.01153934362671981,105104
WTICO_USD,5m,Alcista,1,gap_9_21,-0.009781029281295543,105104
WTICO_USD,5m,Alcista,6,rsi2,-0.021967452727644606,105104
WTICO_USD,5m,Alcista,6,rsi14,-0.006769053118318783,105104
WTICO_USD,5m,Alcista,6,d21,-0.010297314091488777,105104
WTICO_USD,5m,Alcista,6,d50,0.0008349128473297712,105104
WTICO_USD,5m,Alcista,6,d200,0.010427239471662525,105104
WTICO_USD,5m,Alcista,6,slope21,-0.0009337893042989177,105104
WTICO_USD,5m,Alcista,6,gap_9_21,0.0010681967525165907,105104
WTICO_USD,5m,Alcista,12,rsi2,-0.011562691525925933,105104
WTICO_USD,5m,Alcista,12,rsi14,0.007690098450504875,105104
WTICO_USD,5m,Alcista,12,d21,0.003477422133057776,105104
WTICO_USD,5m,Alcista,12,d50,0.016076275940695373,105104
WTICO_USD,5m,Alcista,12,d200,0.022499077187192497,105104
WTICO_USD,5m,Alcista,12,slope21,0.009726785640667784,105104
WTICO_USD,5m,Alcista,12,gap_9_21,0.013374197516158478,105104
WTICO_USD,5m,Neutral,1,rsi2,-0.042363087235255274,38014
WTICO_USD,5m,Neutral,1,rsi14,-0.04525081520171649,38014
WTICO_USD,5m,Neutral,1,d21,-0.046395613436048186,38014
WTICO_USD,5m,Neutral,1,d50,-0.04328571373283355,38014
WTICO_USD,5m,Neutral,1,d200,-0.04273582728747289,38014
WTICO_USD,5m,Neutral,1,slope21,-0.03751376789371894,38014
WTICO_USD,5m,Neutral,1,gap_9_21,-0.036362578511095825,38014
WTICO_USD,5m,Neutral,6,rsi2,-0.027379326118439403,38014
WTICO_USD,5m,Neutral,6,rsi14,-0.03828332986398558,38014
WTICO_USD,5m,Neutral,6,d21,-0.03811220136850734,38014
WTICO_USD,5m,Neutral,6,d50,-0.037919042591270664,38014
WTICO_USD,5m,Neutral,6,d200,-0.038642530065187815,38014
WTICO_USD,5m,Neutral,6,slope21,-0.03829075467961884,38014
WTICO_USD,5m,Neutral,6,gap_9_21,-0.038376498677569044,38014
WTICO_USD,5m,Neutral,12,rsi2,-0.02464123375897098,38014
WTICO_USD,5m,Neutral,12,rsi14,-0.03558206083241902,38014
WTICO_USD,5m,Neutral,12,d21,-0.03438209871855263,38014
WTICO_USD,5m,Neutral,12,d50,-0.03576945422960346,38014
WTICO_USD,5m,Neutral,12,d200,-0.03626926075085174,38014
WTICO_USD,5m,Neutral,12,slope21,-0.03530859806789165,38014
WTICO_USD,5m,Neutral,12,gap_9_21,-0.03683667480557279,38014
WTICO_USD,5m,Bajista,1,rsi2,-0.04355968426662723,107544
WTICO_USD,5m,Bajista,1,rsi14,-0.026451643106863352,107544
WTICO_USD,5m,Bajista,1,d21,-0.03023886338302952,107544
WTICO_USD,5m,Bajista,1,d50,-0.019063582470745234,107544
WTICO_USD,5m,Bajista,1,d200,-0.00603683506604468,107544
WTICO_USD,5m,Bajista,1,slope21,-0.009090638572375326,107544
WTICO_USD,5m,Bajista,1,gap_9_21,-0.006979007128874006,107544
WTICO_USD,5m,Bajista,6,rsi2,-0.022606053928512962,107544
WTICO_USD,5m,Bajista,6,rsi14,-0.004955982209460147,107544
WTICO_USD,5m,Bajista,6,d21,-0.00772678512426793,107544
WTICO_USD,5m,Bajista,6,d50,0.0014293828825048312,107544
WTICO_USD,5m,Bajista,6,d200,0.012214218590144104,107544
WTICO_USD,5m,Bajista,6,slope21,0.00209232191707269,107544
WTICO_USD,5m,Bajista,6,gap_9_21,0.004175175977108262,107544
WTICO_USD,5m,Bajista,12,rsi2,-0.008808441707167212,107544
WTICO_USD,5m,Bajista,12,rsi14,0.006518928159435781,107544
WTICO_USD,5m,Bajista,12,d21,0.004237400244679366,107544
WTICO_USD,5m,Bajista,12,d50,0.011950129009041233,107544
WTICO_USD,5m,Bajista,12,d200,0.02029998968536881,107544
WTICO_USD,5m,Bajista,12,slope21,0.009954358508970291,107544
WTICO_USD,5m,Bajista,12,gap_9_21,0.010941141954459202,107544
WTICO_USD,15m,Todos,1,rsi2,-0.028632206237385598,67917
WTICO_USD,15m,Todos,1,rsi14,-0.009817807288923662,67917
WTICO_USD,15m,Todos,1,d21,-0.011954160564848078,67917
WTICO_USD,15m,Todos,1,d50,-0.005828751264085612,67917
WTICO_USD,15m,Todos,1,d200,0.005976894945237468,67917
WTICO_USD,15m,Todos,1,slope21,-0.00041457092941269265,67917
WTICO_USD,15m,Todos,1,gap_9_21,0.000835199379527591,67917
WTICO_USD,15m,Todos,4,rsi2,-0.0035242886059477325,67917
WTICO_USD,15m,Todos,4,rsi14,0.010298997660977886,67917
WTICO_USD,15m,Todos,4,d21,0.008557730274515885,67917
WTICO_USD,15m,Todos,4,d50,0.012180564330531635,67917
WTICO_USD,15m,Todos,4,d200,0.01908081879540079,67917
WTICO_USD,15m,Todos,4,slope21,0.01285878771403257,67917
WTICO_USD,15m,Todos,4,gap_9_21,0.014331566274338276,67917
WTICO_USD,15m,Todos,8,rsi2,0.006704597065415858,67917
WTICO_USD,15m,Todos,8,rsi14,0.022041332755081074,67917
WTICO_USD,15m,Todos,8,d21,0.020351453214772677,67917
WTICO_USD,15m,Todos,8,d50,0.02220718341352088,67917
WTICO_USD,15m,Todos,8,d200,0.02071005552256006,67917
WTICO_USD,15m,Todos,8,slope21,0.024239504303190485,67917
WTICO_USD,15m,Todos,8,gap_9_21,0.0244662388806194,67917
WTICO_USD,15m,Alcista,1,rsi2,-0.038266213628768454,28572
WTICO_USD,15m,Alcista,1,rsi14,-0.014000905692156002,28572
WTICO_USD,15m,Alcista,1,d21,-0.017219785619955796,28572
WTICO_USD,15m,Alcista,1,d50,-0.00886982162987944,28572
WTICO_USD,15m,Alcista,1,d200,0.0005615461851171853,28572
WTICO_USD,15m,Alcista,1,slope21,0.0010357845437503523,28572
WTICO_USD,15m,Alcista,1,gap_9_21,0.0024484047874063757,28572
WTICO_USD,15m,Alcista,4,rsi2,-0.021913478866345662,28572
WTICO_USD,15m,Alcista,4,rsi14,-0.000547221902276773,28572
WTICO_USD,15m,Alcista,4,d21,-0.004149506891692341,28572
WTICO_USD,15m,Alcista,4,d50,0.0017869347463053975,28572
WTICO_USD,15m,Alcista,4,d200,0.012461656861619689,28572
WTICO_USD,15m,Alcista,4,slope21,0.0057965880188307955,28572
WTICO_USD,15m,Alcista,4,gap_9_21,0.008389652198040982,28572
WTICO_USD,15m,Alcista,8,rsi2,-0.009607170430586573,28572
WTICO_USD,15m,Alcista,8,rsi14,0.012847355113225345,28572
WTICO_USD,15m,Alcista,8,d21,0.009326607181712424,28572
WTICO_USD,15m,Alcista,8,d50,0.011384480346676919,28572
WTICO_USD,15m,Alcista,8,d200,0.01891997460787757,28572
WTICO_USD,15m,Alcista,8,slope21,0.01720375218353336,28572
WTICO_USD,15m,Alcista,8,gap_9_21,0.017746280284871543,28572
WTICO_USD,15m,Neutral,1,rsi2,-0.03297696963188933,11985
WTICO_USD,15m,Neutral,1,rsi14,-0.022189515414499757,11985
WTICO_USD,15m,Neutral,1,d21,-0.02436689963532884,11985
WTICO_USD,15m,Neutral,1,d50,-0.019921501872365133,11985
WTICO_USD,15m,Neutral,1,d200,-0.015154040050249895,11985
WTICO_USD,15m,Neutral,1,slope21,-0.01585285560668558,11985
WTICO_USD,15m,Neutral,1,gap_9_21,-0.013614513063222918,11985
WTICO_USD,15m,Neutral,4,rsi2,0.004942765200478077,11985
WTICO_USD,15m,Neutral,4,rsi14,0.0070435788158793805,11985
WTICO_USD,15m,Neutral,4,d21,0.004522361584754756,11985
WTICO_USD,15m,Neutral,4,d50,0.009328045767603288,11985
WTICO_USD,15m,Neutral,4,d200,0.01068962379104912,11985
WTICO_USD,15m,Neutral,4,slope21,0.003402407342690234,11985
WTICO_USD,15m,Neutral,4,gap_9_21,0.006560504502131385,11985
WTICO_USD,15m,Neutral,8,rsi2,0.0058857740679582465,11985
WTICO_USD,15m,Neutral,8,rsi14,0.01778040072763313,11985
WTICO_USD,15m,Neutral,8,d21,0.014179150661057722,11985
WTICO_USD,15m,Neutral,8,d50,0.022575185209363566,11985
WTICO_USD,15m,Neutral,8,d200,0.021346752612218182,11985
WTICO_USD,15m,Neutral,8,slope21,0.020188818994308584,11985
WTICO_USD,15m,Neutral,8,gap_9_21,0.023132757688165473,11985
WTICO_USD,15m,Bajista,1,rsi2,-0.020585250394990876,27360
WTICO_USD,15m,Bajista,1,rsi14,-0.007675599466340489,27360
WTICO_USD,15m,Bajista,1,d21,-0.008613217712574256,27360
WTICO_USD,15m,Bajista,1,d50,-0.006248950138053972,27360
WTICO_USD,15m,Bajista,1,d200,-0.0004096796967880711,27360
WTICO_USD,15m,Bajista,1,slope21,-0.00013589697975248158,27360
WTICO_USD,15m,Bajista,1,gap_9_21,-0.00012043522013495392,27360
WTICO_USD,15m,Bajista,4,rsi2,0.007749620491888881,27360
WTICO_USD,15m,Bajista,4,rsi14,0.019344678551938096,27360
WTICO_USD,15m,Bajista,4,d21,0.018726691562513314,27360
WTICO_USD,15m,Bajista,4,d50,0.019606415718594703,27360
WTICO_USD,15m,Bajista,4,d200,0.022086868226359347,27360
WTICO_USD,15m,Bajista,4,slope21,0.016626664701487232,27360
WTICO_USD,15m,Bajista,4,gap_9_21,0.016896485412426426,27360
WTICO_USD,15m,Bajista,8,rsi2,0.020632400496088714,27360
WTICO_USD,15m,Bajista,8,rsi14,0.035067386009324505,27360
WTICO_USD,15m,Bajista,8,d21,0.03403497341753992,27360
WTICO_USD,15m,Bajista,8,d50,0.034208227985578495,27360
WTICO_USD,15m,Bajista,8,d200,0.024646455549125743,27360
WTICO_USD,15m,Bajista,8,slope21,0.029495671183724533,27360
WTICO_USD,15m,Bajista,8,gap_9_21,0.02849195308693961,27360
WTICO_USD,1h,Todos,1,rsi2,-0.024607097093669556,92402
WTICO_USD,1h,Todos,1,rsi14,-0.012818666063263326,92402
WTICO_USD,1h,Todos,1,d21,-0.015076267724322018,92402
WTICO_USD,1h,Todos,1,d50,-0.008637588617625027,92402
WTICO_USD,1h,Todos,1,d200,0.0014052087387793149,92402
WTICO_USD,1h,Todos,1,slope21,-0.007272399074367764,92402
WTICO_USD,1h,Todos,1,gap_9_21,-0.00763827027593842,92402
WTICO_USD,1h,Todos,6,rsi2,0.004971108437990382,92402
WTICO_USD,1h,Todos,6,rsi14,0.01001653724992917,92402
WTICO_USD,1h,Todos,6,d21,0.009685282076215367,92402
WTICO_USD,1h,Todos,6,d50,0.009231402396127611,92402
WTICO_USD,1h,Todos,6,d200,0.016265920183573618,92402
WTICO_USD,1h,Todos,6,slope21,0.007396561683877055,92402
WTICO_USD,1h,Todos,6,gap_9_21,0.005356941648375903,92402
WTICO_USD,1h,Todos,24,rsi2,0.014082732970655749,92402
WTICO_USD,1h,Todos,24,rsi14,0.0025697750806659638,92402
WTICO_USD,1h,Todos,24,d21,0.0007108280708640677,92402
WTICO_USD,1h,Todos,24,d50,0.006202141957346882,92402
WTICO_USD,1h,Todos,24,d200,0.02462701337773776,92402
WTICO_USD,1h,Todos,24,slope21,-0.00400968592756163,92402
WTICO_USD,1h,Todos,24,gap_9_21,-0.004813404120006287,92402
WTICO_USD,1h,Alcista,1,rsi2,-0.03226815336279662,43438
WTICO_USD,1h,Alcista,1,rsi14,-0.02051044627667611,43438
WTICO_USD,1h,Alcista,1,d21,-0.02264928756041705,43438
WTICO_USD,1h,Alcista,1,d50,-0.019265718801306966,43438
WTICO_USD,1h,Alcista,1,d200,-0.014055639180665859,43438
WTICO_USD,1h,Alcista,1,slope21,-0.009989345975571457,43438
WTICO_USD,1h,Alcista,1,gap_9_21,-0.011488319426958262,43438
WTICO_USD,1h,Alcista,6,rsi2,-0.0001577342235101428,43438
WTICO_USD,1h,Alcista,6,rsi14,0.004834520675628778,43438
WTICO_USD,1h,Alcista,6,d21,0.005323639922865614,43438
WTICO_USD,1h,Alcista,6,d50,-0.0019643983432557277,43438
WTICO_USD,1h,Alcista,6,d200,-0.013481825911496815,43438
WTICO_USD,1h,Alcista,6,slope21,0.0036444110152277624,43438
WTICO_USD,1h,Alcista,6,gap_9_21,0.00016988896252355544,43438
WTICO_USD,1h,Alcista,24,rsi2,0.00829693779685888,43438
WTICO_USD,1h,Alcista,24,rsi14,-0.0059136110979256876,43438
WTICO_USD,1h,Alcista,24,d21,-0.007652294898534616,43438
WTICO_USD,1h,Alcista,24,d50,-0.00731256642437818,43438
WTICO_USD,1h,Alcista,24,d200,-0.01197662888896959,43438
WTICO_USD,1h,Alcista,24,slope21,-0.011188950316336387,43438
WTICO_USD,1h,Alcista,24,gap_9_21,-0.012441210844235256,43438
WTICO_USD,1h,Neutral,1,rsi2,-0.020161672909752154,11787
WTICO_USD,1h,Neutral,1,rsi14,-0.0014955177614143578,11787
WTICO_USD,1h,Neutral,1,d21,-0.0017070355293464998,11787
WTICO_USD,1h,Neutral,1,d50,-0.0017561967045313471,11787
WTICO_USD,1h,Neutral,1,d200,1.7412856462624585e-05,11787
WTICO_USD,1h,Neutral,1,slope21,0.0006292555423976758,11787
WTICO_USD,1h,Neutral,1,gap_9_21,-0.0013907546966041757,11787
WTICO_USD,1h,Neutral,6,rsi2,0.015336188015270005,11787
WTICO_USD,1h,Neutral,6,rsi14,0.020267654070829692,11787
WTICO_USD,1h,Neutral,6,d21,0.02067507487207172,11787
WTICO_USD,1h,Neutral,6,d50,0.018245055982518864,11787
WTICO_USD,1h,Neutral,6,d200,0.024088433410130942,11787
WTICO_USD,1h,Neutral,6,slope21,0.018331427713620736,11787
WTICO_USD,1h,Neutral,6,gap_9_21,0.018259875752454007,11787
WTICO_USD,1h,Neutral,24,rsi2,0.032104507254646114,11787
WTICO_USD,1h,Neutral,24,rsi14,0.002325068766591355,11787
WTICO_USD,1h,Neutral,24,d21,0.004427716711808082,11787
WTICO_USD,1h,Neutral,24,d50,-0.005125729228356186,11787
WTICO_USD,1h,Neutral,24,d200,0.004203222310299168,11787
WTICO_USD,1h,Neutral,24,slope21,-0.00774639579185515,11787
WTICO_USD,1h,Neutral,24,gap_9_21,-0.015520231094716421,11787
WTICO_USD,1h,Bajista,1,rsi2,-0.018570581832893545,37177
WTICO_USD,1h,Bajista,1,rsi14,-0.02164428670749571,37177
WTICO_USD,1h,Bajista,1,d21,-0.021956626560752802,37177
WTICO_USD,1h,Bajista,1,d50,-0.020563796177816555,37177
WTICO_USD,1h,Bajista,1,d200,-0.005656028132519742,37177
WTICO_USD,1h,Bajista,1,slope21,-0.017408318697468072,37177
WTICO_USD,1h,Bajista,1,gap_9_21,-0.017878948291892974,37177
WTICO_USD,1h,Bajista,6,rsi2,0.003367052180413271,37177
WTICO_USD,1h,Bajista,6,rsi14,-0.009927091879931222,37177
WTICO_USD,1h,Bajista,6,d21,-0.008298550093714937,37177
WTICO_USD,1h,Bajista,6,d50,-0.013845451227047476,37177
WTICO_USD,1h,Bajista,6,d200,0.010982861076414918,37177
WTICO_USD,1h,Bajista,6,slope21,-0.012483988938186677,37177
WTICO_USD,1h,Bajista,6,gap_9_21,-0.014513574375381815,37177
WTICO_USD,1h,Bajista,24,rsi2,0.00858979045528592,37177
WTICO_USD,1h,Bajista,24,rsi14,-0.016450547846153407,37177
WTICO_USD,1h,Bajista,24,d21,-0.01501824252098865,37177
WTICO_USD,1h,Bajista,24,d50,-0.019249195192302726,37177
WTICO_USD,1h,Bajista,24,d200,0.025399253412639825,37177
WTICO_USD,1h,Bajista,24,slope21,-0.021801415090622337,37177
WTICO_USD,1h,Bajista,24,gap_9_21,-0.023507638627998206,37177
WTICO_USD,1d,Todos,1,rsi2,-0.0015534048241721543,3695
WTICO_USD,1d,Todos,1,rsi14,0.026571969913810098,3695
WTICO_USD,1d,Todos,1,d21,0.02424739574678849,3695
WTICO_USD,1d,Todos,1,d50,0.026160415410747415,3695
WTICO_USD,1d,Todos,1,d200,0.011739101489919185,3695
WTICO_USD,1d,Todos,1,slope21,0.03116041203330415,3695
WTICO_USD,1d,Todos,1,gap_9_21,0.02860433407010366,3695
WTICO_USD,1d,Todos,5,rsi2,0.05377782993989815,3695
WTICO_USD,1d,Todos,5,rsi14,0.0681737816689776,3695
WTICO_USD,1d,Todos,5,d21,0.06657315269312428,3695
WTICO_USD,1d,Todos,5,d50,0.06238903480253536,3695
WTICO_USD,1d,Todos,5,d200,0.024408278126249038,3695
WTICO_USD,1d,Todos,5,slope21,0.06042875590913292,3695
WTICO_USD,1d,Todos,5,gap_9_21,0.05460896023469062,3695
WTICO_USD,1d,Todos,10,rsi2,0.055664285217099464,3695
WTICO_USD,1d,Todos,10,rsi14,0.05601388303432518,3695
WTICO_USD,1d,Todos,10,d21,0.06019713126873332,3695
WTICO_USD,1d,Todos,10,d50,0.05083740159987493,3695
WTICO_USD,1d,Todos,10,d200,0.005415283406565762,3695
WTICO_USD,1d,Todos,10,slope21,0.047429938785540124,3695
WTICO_USD,1d,Todos,10,gap_9_21,0.04275841673252388,3695
WTICO_USD,1d,Alcista,1,rsi2,-0.010344718777284843,1871
WTICO_USD,1d,Alcista,1,rsi14,-0.01676199139831686,1871
WTICO_USD,1d,Alcista,1,d21,-0.01168820281186372,1871
WTICO_USD,1d,Alcista,1,d50,-0.0253712165483042,1871
WTICO_USD,1d,Alcista,1,d200,-0.028751360472958596,1871
WTICO_USD,1d,Alcista,1,slope21,-0.018559480215574423,1871
WTICO_USD,1d,Alcista,1,gap_9_21,-0.02753100120035362,1871
WTICO_USD,1d,Alcista,5,rsi2,0.029704322688123886,1871
WTICO_USD,1d,Alcista,5,rsi14,-0.03766520371343853,1871
WTICO_USD,1d,Alcista,5,d21,-0.026268432039023362,1871
WTICO_USD,1d,Alcista,5,d50,-0.05479150166123926,1871
WTICO_USD,1d,Alcista,5,d200,-0.04331821870079462,1871
WTICO_USD,1d,Alcista,5,slope21,-0.05677052773453174,1871
WTICO_USD,1d,Alcista,5,gap_9_21,-0.0765823958777777,1871
WTICO_USD,1d,Alcista,10,rsi2,0.03797947622873352,1871
WTICO_USD,1d,Alcista,10,rsi14,-0.062436653619624284,1871
WTICO_USD,1d,Alcista,10,d21,-0.04382255434382324,1871
WTICO_USD,1d,Alcista,10,d50,-0.07286201605062233,1871
WTICO_USD,1d,Alcista,10,d200,-0.053235976042276534,1871
WTICO_USD,1d,Alcista,10,slope21,-0.08307902967804874,1871
WTICO_USD,1d,Alcista,10,gap_9_21,-0.09633871698354358,1871
WTICO_USD,1d,Neutral,1,rsi2,0.03365012047157645,568
WTICO_USD,1d,Neutral,1,rsi14,0.08316690483328273,568
WTICO_USD,1d,Neutral,1,d21,0.06503775631724344,568
WTICO_USD,1d,Neutral,1,d50,0.08990413220715952,568
WTICO_USD,1d,Neutral,1,d200,0.07029019132041485,568
WTICO_USD,1d,Neutral,1,slope21,0.0772002974037678,568
WTICO_USD,1d,Neutral,1,gap_9_21,0.08545446996893817,568
WTICO_USD,1d,Neutral,5,rsi2,0.16122190409920306,568
WTICO_USD,1d,Neutral,5,rsi14,0.18830322296992266,568
WTICO_USD,1d,Neutral,5,d21,0.16724718551496442,568
WTICO_USD,1d,Neutral,5,d50,0.20564269559294193,568
WTICO_USD,1d,Neutral,5,d200,0.14997699534445494,568
WTICO_USD,1d,Neutral,5,slope21,0.16428545889671167,568
WTICO_USD,1d,Neutral,5,gap_9_21,0.16548316783471123,568
WTICO_USD,1d,Neutral,10,rsi2,0.153560495957585,568
WTICO_USD,1d,Neutral,10,rsi14,0.17240139397866078,568
WTICO_USD,1d,Neutral,10,d21,0.16125300917003682,568
WTICO_USD,1d,Neutral,10,d50,0.19021458045938852,568
WTICO_USD,1d,Neutral,10,d200,0.12100533946371718,568
WTICO_USD,1d,Neutral,10,slope21,0.14132304076362098,568
WTICO_USD,1d,Neutral,10,gap_9_21,0.1388896419590249,568
WTICO_USD,1d,Bajista,1,rsi2,-0.008108447592358625,1256
WTICO_USD,1d,Bajista,1,rsi14,0.062417977785587796,1256
WTICO_USD,1d,Bajista,1,d21,0.05642517263539369,1256
WTICO_USD,1d,Bajista,1,d50,0.07336187378846046,1256
WTICO_USD,1d,Bajista,1,d200,0.06296836278012466,1256
WTICO_USD,1d,Bajista,1,slope21,0.07478149969478909,1256
WTICO_USD,1d,Bajista,1,gap_9_21,0.07795070269974326,1256
WTICO_USD,1d,Bajista,5,rsi2,0.0375681228387455,1256
WTICO_USD,1d,Bajista,5,rsi14,0.16946389532698145,1256
WTICO_USD,1d,Bajista,5,d21,0.15901591935769985,1256
WTICO_USD,1d,Bajista,5,d50,0.18465768744791897,1256
WTICO_USD,1d,Bajista,5,d200,0.14467316874817132,1256
WTICO_USD,1d,Bajista,5,slope21,0.1734347077282285,1256
WTICO_USD,1d,Bajista,5,gap_9_21,0.18620504831380583,1256
WTICO_USD,1d,Bajista,10,rsi2,0.04070515439117615,1256
WTICO_USD,1d,Bajista,10,rsi14,0.20756521517414522,1256
WTICO_USD,1d,Bajista,10,d21,0.19532030127063307,1256
WTICO_USD,1d,Bajista,10,d50,0.22929608655961864,1256
WTICO_USD,1d,Bajista,10,d200,0.1771136453532207,1256
WTICO_USD,1d,Bajista,10,slope21,0.2173793129929244,1256
WTICO_USD,1d,Bajista,10,gap_9_21,0.23137885501001026,1256
