inst,side,filt,L,X,S,trades,per_year,win,avgR,avgR_gross,PF,t,totR,maxDD_R,bars,IS_avgR,OOS_avgR
NAS100_USD,Largo,1h,20,50,1.5,132,8.598715890850722,40.15151515151515,-0.10982982797693121,0.04101948596001779,0.8327638587239967,-0.9895003178631364,-14.49753729295492,23.06460197893567,7.742424242424242,-0.2809658157287294,0.03278349514956735
NAS100_USD,Largo,1h,20,50,2.0,130,8.468432316746924,46.15384615384615,-0.10096290251787093,0.012950309324486374,0.812483524730023,-1.1006314896206324,-13.125177327323222,20.30591150449615,8.923076923076923,-0.25456652126468715,0.026679541229483395
NAS100_USD,Largo,1h,20,50,3.0,128,8.338148742643124,53.125,-0.09742263074779586,-0.021077722530796067,0.7632215638170827,-1.3627599308281262,-12.47009673571787,16.372296677345304,10.5546875,-0.22797664497713788,0.014210511854105238
NAS100_USD,Largo,1h,20,60,1.5,132,8.598715890850722,34.84848484848485,-0.1626511836478799,-0.011801869710930907,0.7707383431519274,-1.3741972121102466,-21.469956241520148,30.246853163842488,10.166666666666666,-0.39442457060309205,0.030493305481463524
NAS100_USD,Largo,1h,20,60,2.0,130,8.468432316746924,41.53846153846154,-0.11162915437291121,0.0022840574694460436,0.8047938148596767,-1.1289752822356927,-14.511790068478458,20.64510623488069,11.53076923076923,-0.2671117502570872,0.017574692911122354
NAS100_USD,Largo,1h,20,60,3.0,128,8.338148742643124,47.65625,-0.10038308478067481,-0.024038176563674962,0.7703990776374606,-1.309461478091709,-12.849034851926376,17.53452499377393,13.390625,-0.23563126082090136,0.015263906326185562
NAS100_USD,Largo,1h,20,70,1.5,132,8.598715890850722,34.84848484848485,-0.1123904250795271,0.0384588888574219,0.8435254955767999,-0.853095111544184,-14.835536110497577,26.994517955124728,10.681818181818182,-0.36607227154409955,0.09901111364094997
NAS100_USD,Largo,1h,20,70,2.0,130,8.468432316746924,41.53846153846154,-0.08327551365483835,0.030637698187518915,0.856541462117873,-0.7739052512109106,-10.825816775128985,20.84314347002394,12.1,-0.26734884088866,0.06968682869439373
NAS100_USD,Largo,1h,20,70,3.0,128,8.338148742643124,47.65625,-0.07938936939758304,-0.0030444611805831995,0.821859442991878,-0.9582959889256624,-10.161839282890629,16.95794452500368,14.0390625,-0.24143903875607367,0.0591748406335901
NAS100_USD,Largo,1h,25,50,1.5,320,20.845371856607812,44.6875,-0.07685393563882567,0.07549091935631277,0.8753447263919326,-1.1181202215743762,-24.593259404424213,36.90990343015003,6.59375,-0.20896646643103775,0.03261073273186434
NAS100_USD,Largo,1h,25,50,2.0,315,20.519662921348313,49.84126984126984,-0.0876506528256677,0.02708632746105157,0.8327626742780136,-1.5104766093933357,-27.609955640085325,35.948379575064365,7.473015873015873,-0.2119240927324759,0.014354135999573739
NAS100_USD,Largo,1h,25,50,3.0,301,19.607677902621724,57.14285714285714,-0.06693190800282202,0.009537917917637693,0.8255996196963888,-1.4714432082636073,-20.146504308849426,21.87316954646736,9.20265780730897,-0.1279821198043422,-0.01593264570521067
NAS100_USD,Largo,1h,25,60,1.5,320,20.845371856607812,37.5,-0.13354666338441964,0.01879819161071878,0.8076843400061184,-1.7200553474240288,-42.73493228301429,46.066906875292915,9.115625,-0.23806937101877687,-0.04694213420166653
NAS100_USD,Largo,1h,25,60,2.0,315,20.519662921348313,42.53968253968254,-0.12012762287459576,-0.005390642587876511,0.7967875452047772,-1.8277366147576348,-37.840201205497664,42.73708700053818,10.2984126984127,-0.23015279448425574,-0.029817944443545335
NAS100_USD,Largo,1h,25,60,3.0,301,19.607677902621724,49.16943521594684,-0.07856821767691344,-0.002098391756453724,0.8218295246455447,-1.5109617644348945,-23.649033520750944,25.884656733271513,12.538205980066445,-0.12924559522932225,-0.03623406691666946
NAS100_USD,Largo,1h,25,70,1.5,320,20.845371856607812,36.875,-0.09632194105989447,0.05602291393524396,0.8634112047447912,-1.1266817126581574,-30.82302113916623,36.69992332654693,9.775,-0.20257095557560847,-0.008287043318302876
NAS100_USD,Largo,1h,25,70,2.0,315,20.519662921348313,41.58730158730159,-0.10121866060577875,0.013518319680940501,0.8327497904588793,-1.4134790822609429,-31.883878090820307,37.73099319010078,11.041269841269841,-0.20449527610719304,-0.016448259442768162
NAS100_USD,Largo,1h,25,70,3.0,301,19.607677902621724,48.17275747508305,-0.0660050853952654,0.0104647405251943,0.8542691515740032,-1.1763693006509492,-19.867530703974886,22.00354365496519,13.551495016611296,-0.11075236153193016,-0.028624738866466205
NAS100_USD,Largo,1h,30,50,1.5,692,45.07811663991439,43.641618497109825,-0.17887940355160128,-0.02190595876002669,0.7089324175344842,-4.249647539402744,-123.78454725770808,126.69826140603088,5.563583815028902,-0.2519421132050316,-0.11492478236445218
NAS100_USD,Largo,1h,30,50,2.0,665,43.31928838951311,51.578947368421055,-0.1099303791597477,0.008798681625917773,0.7746198608996676,-3.014579873839964,-73.10370214123222,75.28898775247438,6.469172932330827,-0.18308711563202962,-0.04757394082961327
NAS100_USD,Largo,1h,30,50,3.0,623,40.583333333333336,57.14285714285714,-0.08227697620051377,-0.002063959729841808,0.7673275384095614,-2.8374525903404293,-51.25855617292008,52.715413247081514,7.768860353130016,-0.1260904824411038,-0.04485293962000979
NAS100_USD,Largo,1h,30,60,1.5,692,45.07811663991439,36.70520231213873,-0.1687084404470602,-0.011734995655485603,0.7570214459873852,-3.308232143126667,-116.74624078936566,121.55280123704163,7.978323699421965,-0.18787197284772758,-0.15193385788495836
NAS100_USD,Largo,1h,30,60,2.0,665,43.31928838951311,43.609022556390975,-0.10115575345391631,0.01757330733174918,0.8226191148793928,-2.27719352812516,-67.26857604685435,70.87349638261124,9.475187969924812,-0.12242670801989253,-0.08302507908848812
NAS100_USD,Largo,1h,30,60,3.0,623,40.583333333333336,49.59871589085072,-0.07182917347818168,0.008383842992490282,0.8309518286062237,-2.0390918341323085,-44.74957507690719,47.15285530074517,11.428571428571429,-0.08820279677152487,-0.05784337024845104
NAS100_USD,Largo,1h,30,70,1.5,692,45.07811663991439,34.53757225433526,-0.15777500770864605,-0.0008015629170715023,0.7806113919791349,-2.7783459276487,-109.18030533438308,111.60393874692045,9.115606936416185,-0.1915488640792934,-0.12821144237607404
NAS100_USD,Largo,1h,30,70,2.0,665,43.31928838951311,41.05263157894737,-0.10547877712889883,0.013250283656766653,0.8233121516273991,-2.165216835077069,-70.14338679071773,71.96111185012076,10.854135338345865,-0.15098765051416746,-0.06668848393699853
NAS100_USD,Largo,1h,30,70,3.0,622,40.518191546281436,46.62379421221865,-0.07870368081553454,0.0015234096483789257,0.8262630348346055,-2.033341922038392,-48.953689467262485,50.16550617353116,13.14790996784566,-0.11877627934463171,-0.04459426659136255
NAS100_USD,Largo,1h,35,50,1.5,1240,80.77581594435527,48.79032258064516,-0.14307420760562084,0.017470422321189415,0.7362187002278594,-4.944326176022971,-177.41201743096985,189.08672970149703,4.630645161290323,-0.2119752413303921,-0.08369103439538257
NAS100_USD,Largo,1h,35,50,2.0,1165,75.89018191546282,55.62231759656653,-0.08545122528458463,0.0358619248959463,0.7961709614788577,-3.427482935835866,-99.55067745654108,109.38517216921184,5.459227467811159,-0.14197578852539522,-0.03661400264452425
NAS100_USD,Largo,1h,35,50,3.0,1087,70.80912252541467,60.073597056117755,-0.07042863787146311,0.011138736158915676,0.7683345293491923,-3.5519106744287217,-76.55592936628041,83.30154570254892,6.425022999080037,-0.10700300954272671,-0.03869314355189593
NAS100_USD,Largo,1h,35,60,1.5,1237,80.58039058319957,39.450282942603074,-0.13617522078100952,0.02434522720983839,0.7929771569415893,-3.6971085831447956,-168.44874810610878,176.14940473332456,7.3581244947453515,-0.1633851428800177,-0.11269436933111238
NAS100_USD,Largo,1h,35,60,2.0,1157,75.36904761904762,45.894554883318925,-0.08613563955957207,0.035324102179284576,0.8394267388684263,-2.6827124117152454,-99.65893497042488,104.03544103082533,8.791702679343128,-0.09195791844579056,-0.08107524207849684
NAS100_USD,Largo,1h,35,60,3.0,1070,69.70171214553237,51.58878504672897,-0.0620265643867505,0.019968625358385342,0.8442020346130207,-2.422483786208365,-66.36842389382304,71.42392437843976,10.630841121495328,-0.07468771456336043,-0.05083660419545088
NAS100_USD,Largo,1h,35,70,1.5,1237,80.58039058319957,35.81244947453517,-0.14249547922029662,0.01802496877055128,0.7944838226531853,-3.4569725072502884,-176.26690779550694,182.61164664134503,8.934518997574777,-0.1915517159029385,-0.10016231111916139
NAS100_USD,Largo,1h,35,70,2.0,1157,75.36904761904762,41.48660328435609,-0.10218236358160089,0.019277378157255762,0.8222612114090585,-2.8562250271841254,-118.22499466391223,120.17535979215181,10.639585133967156,-0.130347608303579,-0.07770271631112555
NAS100_USD,Largo,1h,35,70,3.0,1068,69.57142857142857,46.72284644194756,-0.0780832983106454,0.003949461649472123,0.8208933620092542,-2.7226543443741136,-83.39296259576928,85.82447447907192,12.838014981273409,-0.11237861138622424,-0.047893762152565404
NAS100_USD,Largo,1h,40,50,1.5,1847,120.31688068485822,53.76285868976719,-0.13344638844925094,0.03220365219188089,0.7099439069826243,-6.4258572329955825,-246.4754794657665,255.84154774208983,3.7374120194910665,-0.1925859653670632,-0.07986068304797216
NAS100_USD,Largo,1h,40,50,2.0,1743,113.54213483146067,58.462421113023524,-0.09536929214884717,0.029203037226418344,0.7346922683548583,-5.3542289004119334,-166.2286762154406,172.08078241266847,4.25588066551922,-0.13400639141378914,-0.06016377735809406
NAS100_USD,Largo,1h,40,50,3.0,1609,104.81313536650616,62.461155997513984,-0.06025081916542597,0.02366056863407523,0.7564547306614877,-4.252478256466934,-96.94356803717038,104.38664192541978,5.05158483530143,-0.0900664529234794,-0.032406170812051535
NAS100_USD,Largo,1h,40,60,1.5,1821,118.62319422150883,42.50411861614498,-0.11708180602164774,0.048928104648226375,0.808170002362042,-4.127492531441815,-213.20596876542052,218.06277191737192,6.6787479406919275,-0.13368882519415842,-0.10192266772237066
NAS100_USD,Largo,1h,40,60,2.0,1694,110.3501872659176,47.4616292798111,-0.08830341551279101,0.03672934628669888,0.8240068367013152,-3.5858616698542005,-149.58598587866797,152.9044604640104,7.786304604486423,-0.08408744237566748,-0.09213007581518015
NAS100_USD,Largo,1h,40,60,3.0,1512,98.49438202247191,54.298941798941804,-0.04208283150274951,0.04287065530801977,0.8828739493442868,-2.0922941582038375,-63.62924123215726,70.2160080616898,9.573412698412698,-0.039821881602482255,-0.04423862094253922
NAS100_USD,Largo,1h,40,70,1.5,1809,117.84149277688604,37.86622443338861,-0.11364699632670579,0.05235283475677641,0.8281805414573823,-3.4055176068438846,-205.58741635501076,208.70346872745256,8.676616915422885,-0.1359439451058644,-0.09335135762804189
NAS100_USD,Largo,1h,40,70,2.0,1679,109.37306046013911,42.34663490172722,-0.08879435888712889,0.03625586319227136,0.8397408662129491,-3.0442272628961855,-149.0857285714894,157.60726560864774,10.152471709350804,-0.08493286530901978,-0.09228371306145199
NAS100_USD,Largo,1h,40,70,3.0,1492,97.19154628143393,48.525469168900806,-0.0383947265454619,0.0465978367339974,0.9057246169464659,-1.5933623810032465,-57.28493200582916,81.89239950498134,12.507372654155496,-0.03954479407910666,-0.03731054829759889
NAS100_USD,Largo,1d,20,50,1.5,384,25.014446227929373,38.54166666666667,-0.13785017425387483,-0.02190207756152814,0.7854258606564837,-2.195561443132807,-52.93446691348793,61.847183735009054,7.6171875,-0.10604455751708282,-0.16232730787159033
NAS100_USD,Largo,1d,20,50,2.0,374,24.36302835741038,43.58288770053476,-0.12399372841827161,-0.036996077091439455,0.7673661246999262,-2.3552337037215745,-46.37365442843358,52.116385524224086,8.911764705882353,-0.10189342744666355,-0.1406986507489237
NAS100_USD,Largo,1d,20,50,3.0,356,23.19047619047619,48.87640449438202,-0.12327337621267004,-0.0648613294154966,0.7061245964537618,-2.927021923915183,-43.885321931710536,45.407310416091946,10.539325842696629,-0.1092521395793287,-0.13384110628607512
NAS100_USD,Largo,1d,20,60,1.5,384,25.014446227929373,34.63541666666667,-0.13755094430446055,-0.021602847612113906,0.7972600995122139,-1.9454690627261502,-52.81956261291285,63.80247009937185,9.153645833333334,-0.07035281077256224,-0.18926563693039156
NAS100_USD,Largo,1d,20,60,2.0,374,24.36302835741038,39.839572192513366,-0.10992006829591953,-0.0229224169690874,0.8043455573805397,-1.8532468789734466,-41.11010554267391,47.956977388621326,10.606951871657754,-0.04385661117281602,-0.1598553574828663
NAS100_USD,Largo,1d,20,60,3.0,356,23.19047619047619,44.662921348314605,-0.11105024502074548,-0.05263819822357202,0.74782422594311,-2.381110691517708,-39.53388722738539,41.908666919753074,12.469101123595506,-0.07468671043762108,-0.13845724399226286
NAS100_USD,Largo,1d,20,70,1.5,384,25.014446227929373,34.375,-0.13157143970092663,-0.015623343008579961,0.8069491921164936,-1.7972457093254919,-50.523432845155824,62.22496753705207,9.640625,-0.10621573456401685,-0.15108481646527655
NAS100_USD,Largo,1d,20,70,2.0,374,24.36302835741038,39.57219251336899,-0.1070303891371558,-0.020032737810323657,0.810513913129217,-1.7445946157695935,-40.02936553729627,47.41520778732162,11.163101604278076,-0.08635424392329083,-0.12265883692791756
NAS100_USD,Largo,1d,20,70,3.0,356,23.19047619047619,44.38202247191011,-0.10992564834982732,-0.05151360155265388,0.7521030316237503,-2.2912107099385226,-39.133530812538524,41.86762410762482,13.109550561797754,-0.10675394150328311,-0.11231614661347886
NAS100_USD,Largo,1d,25,50,1.5,814,53.02541466024612,42.75184275184275,-0.08210962331568192,0.03944417282672189,0.8636798266037348,-1.9444938742722737,-66.83723337896508,76.81214678469195,6.561425061425061,-0.12757435259185992,-0.048496810645687026
NAS100_USD,Largo,1d,25,50,2.0,780,50.81059390048154,47.43589743589743,-0.08439569347531523,0.006801042514015146,0.8329267957984836,-2.3592909183552826,-65.82864091074588,76.81953072992448,7.653846153846154,-0.11817875456700096,-0.05988055179816274
NAS100_USD,Largo,1d,25,50,3.0,738,48.07463884430177,52.710027100271006,-0.08852370103480901,-0.02772519523600613,0.7729798131313876,-3.1106919473376657,-65.33049136368905,68.28014237717095,9.070460704607045,-0.08718164101047686,-0.08949035965373357
NAS100_USD,Largo,1d,25,60,1.5,814,53.02541466024612,36.977886977886975,-0.09904622576039152,0.02250757038201229,0.8492779823974412,-2.0408799052020288,-80.6236277689587,89.94356357516854,8.416461916461916,-0.09731085476586371,-0.10032921371788431
NAS100_USD,Largo,1d,25,60,2.0,780,50.81059390048154,41.53846153846154,-0.09019747575417059,0.0009992602351598127,0.8365428343610383,-2.2004893630142317,-70.35403108825305,81.45134101488392,9.796153846153846,-0.08682170660878952,-0.0926471489393143
NAS100_USD,Largo,1d,25,60,3.0,738,48.07463884430177,46.476964769647694,-0.08392772354140632,-0.023129217742603445,0.8037584295332737,-2.5875030396209,-61.93865997355786,64.8880390307696,11.59349593495935,-0.0574588707996565,-0.10299270139035899
NAS100_USD,Largo,1d,25,70,1.5,814,53.02541466024612,36.36363636363637,-0.08319389643308514,0.03835989970931867,0.8742446005416297,-1.5876592337140256,-67.7198316965313,74.61960299111408,9.242014742014742,-0.08724539407256207,-0.08019855843466844
NAS100_USD,Largo,1d,25,70,2.0,780,50.81059390048154,40.76923076923077,-0.08124486902373393,0.009951866965596447,0.8543000513634444,-1.8464172437929114,-63.370997838512466,72.70837445901438,10.723076923076922,-0.08565897891022353,-0.07804170963707772
NAS100_USD,Largo,1d,25,70,3.0,738,48.07463884430177,45.25745257452575,-0.08683654879646975,-0.026038042997666884,0.8009565973053236,-2.5288896848335627,-64.08537301179467,65.96885911309761,12.711382113821138,-0.06967210862018164,-0.09919974696540454
NAS100_USD,Largo,1d,30,50,1.5,1427,92.95733012306046,44.639103013314646,-0.11361517854992094,0.011873812428476474,0.8051560617322926,-3.821276626764402,-162.12885979073718,164.33719435065487,5.544498948843728,-0.17306511336977073,-0.07170901183103039
NAS100_USD,Largo,1d,30,50,2.0,1354,88.2019796682718,51.03397341211225,-0.08220322627014655,0.012287428706750852,0.8260821239159759,-3.226292748043589,-111.30316836977842,114.12106763513779,6.5243722304283605,-0.1378773244213932,-0.04329422668389262
NAS100_USD,Largo,1d,30,50,3.0,1254,81.68780096308186,56.61881977671451,-0.06386697009344824,-0.0002449640738477641,0.8144382774181924,-3.149787398944083,-80.0891804971841,81.55222689259064,7.7958532695374805,-0.10062887366316607,-0.038500265743454276
NAS100_USD,Largo,1d,30,60,1.5,1427,92.95733012306046,37.561317449194114,-0.10702806616750428,0.01846092481089316,0.8362056679361429,-3.0029651394429724,-152.7290504210286,155.79256385874757,7.707778556412054,-0.12947569001392656,-0.0912047709830489
NAS100_USD,Largo,1d,30,60,2.0,1354,88.2019796682718,43.353028064992614,-0.07548384285801693,0.01900681211888048,0.8603591460042218,-2.4754439895437423,-102.20512322975492,106.29840662175015,9.137370753323486,-0.08787157163986156,-0.06682642136305146
NAS100_USD,Largo,1d,30,60,3.0,1254,81.68780096308186,48.803827751196174,-0.06138689987246755,0.002235106147132942,0.8490053246847017,-2.5390995909365834,-76.97917244007431,79.37469470140444,10.93939393939394,-0.07629410384168132,-0.051100527322282305
NAS100_USD,Largo,1d,30,70,1.5,1427,92.95733012306046,35.8093903293623,-0.10919066863258563,0.0162983223458118,0.8371585876188462,-2.8129286305696657,-155.8150841386997,157.4792631130209,8.81499649614576,-0.17345546708471377,-0.06389051201758492
NAS100_USD,Largo,1d,30,70,2.0,1354,88.2019796682718,41.3589364844904,-0.08228495614791495,0.012205698828982451,0.8526436541151854,-2.4897607315434938,-111.41383062427684,114.06604745635498,10.421713441654358,-0.13355914151192932,-0.04645092697883591
NAS100_USD,Largo,1d,30,70,3.0,1253,81.62265917602997,46.36871508379888,-0.06721154869395923,-0.0035957972526946195,0.8418915700895823,-2.5574707816546454,-84.21607051353092,85.80004031832526,12.50997605746209,-0.11586137733110347,-0.03370742142498253
NAS100_USD,Largo,1d,35,50,1.5,2133,138.94743178170145,50.210970464135016,-0.08780593402278415,0.047064056824022815,0.8300937723409132,-3.9474460269688687,-187.2900572705986,198.5582851108574,4.717299578059071,-0.16224831698493963,-0.029484434996413164
NAS100_USD,Largo,1d,35,50,2.0,2007,130.7395666131621,55.65520677628301,-0.06813399418201799,0.03339608238080402,0.8367587643584907,-3.561184115082566,-136.7449263233101,150.0822134222993,5.45440956651719,-0.1362778208973139,-0.01524714813837681
NAS100_USD,Largo,1d,35,50,3.0,1839,119.79574638844302,60.46764545948885,-0.05538438676129874,0.01313893309350108,0.8162247216061277,-3.6193599331444815,-101.85188725402838,110.38867520429665,6.489396411092986,-0.09757704627778405,-0.022969064690460502
NAS100_USD,Largo,1d,35,60,1.5,2130,138.75200642054574,40.563380281690144,-0.07646048629366879,0.05835929940195255,0.8771296845571224,-2.7107098152508944,-162.8608358055145,167.6740085015527,7.23943661971831,-0.12616455856419057,-0.037496489940897944
NAS100_USD,Largo,1d,35,60,2.0,1998,130.15329052969503,45.645645645645644,-0.06455086583775393,0.03696040613856336,0.8763498538587532,-2.653151861541387,-128.97262994383237,131.9919763008643,8.46096096096096,-0.10463712856771647,-0.0333805868110749
NAS100_USD,Largo,1d,35,60,3.0,1816,118.29748528624933,51.26651982378855,-0.05159598306027696,0.01708162035952338,0.8680739712812229,-2.644365317491874,-93.69830523746296,96.4654530297622,10.251101321585903,-0.08063827830592567,-0.029133582831220535
NAS100_USD,Largo,1d,35,70,1.5,2130,138.75200642054574,37.32394366197183,-0.0899531917549443,0.04486659394067703,0.8621459520533239,-2.8832627723997266,-191.60029843803136,193.16627239434166,8.780281690140844,-0.18954380720093497,-0.0118821565309516
NAS100_USD,Largo,1d,35,70,2.0,1997,130.0881487426431,41.962944416624936,-0.07991279949736996,0.021611958703504852,0.8552408400015756,-2.976811194258852,-159.5858605962478,160.19603112023967,10.255883825738607,-0.1542577494713241,-0.022169791199094176
NAS100_USD,Largo,1d,35,70,3.0,1810,117.90663456393794,47.18232044198895,-0.06046238455650955,0.008267577064725666,0.8558745959587934,-2.781889776407953,-109.43691604728228,114.40728126153724,12.434806629834254,-0.11728793703499844,-0.01674614819231526
NAS100_USD,Largo,1d,40,50,1.5,2795,182.07129481005884,53.95348837209303,-0.11716800885258065,0.026152437705789486,0.7450790244837375,-6.864325716318599,-327.4845847429629,337.73990364877216,3.73953488372093,-0.17637174287961904,-0.07130860852687475
NAS100_USD,Largo,1d,40,50,2.0,2640,171.97431781701445,58.371212121212125,-0.08823180637730266,0.01969632779105628,0.7574396062290085,-6.020547525128118,-232.93196883607902,239.2065242315739,4.276136363636364,-0.12616301855391793,-0.05886570662766501
NAS100_USD,Largo,1d,40,50,3.0,2425,157.96883360085607,62.144329896907216,-0.061398739582011,0.01124203174088804,0.7600309925340882,-5.229904571879611,-148.89194348637668,151.6086835747704,5.115876288659794,-0.08953569121196849,-0.03932810644180889
NAS100_USD,Largo,1d,40,60,1.5,2749,179.07477260567148,42.0516551473263,-0.10191331209166173,0.04185390640249541,0.8319076694438958,-4.381886418072538,-280.15969493997807,283.5177863860712,6.534739905420153,-0.12619226130575373,-0.0829650389032026
NAS100_USD,Largo,1d,40,60,2.0,2565,167.08868378812198,47.05653021442495,-0.07916184431618672,0.029211575748202896,0.842323105211133,-3.9213405928765424,-203.05013067101896,205.85811817983875,7.600779727095516,-0.08135228822118384,-0.07746406080504711
NAS100_USD,Largo,1d,40,60,3.0,2291,149.23983413590156,53.16455696202531,-0.05350295237029991,0.019833194844989927,0.8558343842353019,-3.2447953368895255,-122.57526388035708,124.11392221957003,9.29375818419904,-0.06171110198981292,-0.04691576699508095
NAS100_USD,Largo,1d,40,70,1.5,2732,177.9673622257892,37.40849194729136,-0.0993673532396161,0.04437433784149131,0.8482191100517226,-3.640447576430153,-271.4716090506312,276.8365196319855,8.508418740849194,-0.15459320228899978,-0.05649370969932735
NAS100_USD,Largo,1d,40,70,2.0,2546,165.8509898341359,41.908876669285156,-0.08281866457127628,0.02552052860460779,0.8494687284764023,-3.514870321882012,-210.8563199984694,214.18301511793533,9.917910447761194,-0.10507448497025139,-0.06569761302043162
NAS100_USD,Largo,1d,40,70,3.0,2265,147.54614767255217,47.196467991169975,-0.05804376397479125,0.015309952350779117,0.8609277686358343,-2.998695493664094,-131.4691254029022,138.7888019051504,12.154525386313466,-0.08578678502541602,-0.03599443741870834
NAS100_USD,Largo,1h+1d,20,50,1.5,106,6.905029427501337,43.39622641509434,-0.020872000012949973,0.1107709460165238,0.9664008648597371,-0.16486791326885622,-2.2124320013726972,17.513111198127685,7.669811320754717,-0.12172093513434448,0.037831111475622924
NAS100_USD,Largo,1h+1d,20,50,2.0,104,6.774745853397539,50.96153846153846,-0.011110502630604698,0.08831497495681508,0.9776102483430071,-0.10694911935864614,-1.1554922735828885,14.13643733383655,9.028846153846153,-0.10343274511709649,0.04204472789192079
NAS100_USD,Largo,1h+1d,20,50,3.0,102,6.64446227929374,57.84313725490197,-0.04402999270758431,0.022569709954175038,0.8865352641263189,-0.5418081789777,-4.4910592561736,11.387375184158596,10.519607843137255,-0.13647446616121692,0.010858913405510068
NAS100_USD,Largo,1h+1d,20,60,1.5,106,6.905029427501337,38.67924528301887,-0.057613527200277445,0.07402941882919631,0.9147319254659645,-0.42079204015498156,-6.107033883229409,19.3176615350132,10.320754716981131,-0.2748804417035867,0.06885527377926075
NAS100_USD,Largo,1h+1d,20,60,2.0,104,6.774745853397539,47.11538461538461,0.00015632485858898878,0.09958180244600881,1.000296593951866,0.001377826060735655,0.016257785293254834,14.015502694312339,11.913461538461538,-0.09986537954750772,0.05774457891058404
NAS100_USD,Largo,1h+1d,20,60,3.0,102,6.64446227929374,53.92156862745098,-0.022089138277398477,0.04451056438436087,0.9453614506628513,-0.25206379195502765,-2.2530921042946446,10.91891764733974,13.627450980392156,-0.13041575670127714,0.0422297914117795
NAS100_USD,Largo,1h+1d,20,70,1.5,106,6.905029427501337,38.67924528301887,0.00808579379465342,0.13972873982412717,1.011966982433702,0.05291935397466641,0.8570941422332625,20.208207745006398,10.933962264150944,-0.22280747149898025,0.1424863512043805
NAS100_USD,Largo,1h+1d,20,70,2.0,104,6.774745853397539,47.11538461538461,0.040379923071853924,0.13980540065927374,1.076612517471772,0.32661369545498703,4.199511999472808,14.68341235180724,12.596153846153847,-0.08714715392731599,0.11380460376834567
NAS100_USD,Largo,1h+1d,20,70,3.0,102,6.64446227929374,53.92156862745098,0.010774092274128682,0.077373794935888,1.0266502370934638,0.11371329964991629,1.0989574119611256,11.364190752336341,14.392156862745098,-0.12193693962114936,0.08957126746195002
NAS100_USD,Largo,1h+1d,25,50,1.5,258,16.806581059390048,46.89922480620155,-0.02713356984467128,0.11667294616892034,0.953849139776517,-0.35544378927164433,-7.00046101992519,27.940375924969793,6.821705426356589,-0.1908561679676886,0.07314652150567683
NAS100_USD,Largo,1h+1d,25,50,2.0,254,16.54601391118245,52.362204724409445,-0.04417942973867522,0.06410191034184894,0.9102383569850745,-0.6946226254309865,-11.221575153623505,26.898684598180687,7.68503937007874,-0.21825275615806108,0.061586642009812384
NAS100_USD,Largo,1h+1d,25,50,3.0,242,15.764312466559657,59.50413223140496,-0.03627553466069382,0.035722775937074264,0.8996093202185179,-0.7254714754057329,-8.778679387887903,17.397111515637583,9.268595041322314,-0.12084695241439251,0.01651065225940003
NAS100_USD,Largo,1h+1d,25,60,1.5,258,16.806581059390048,39.14728682170542,-0.10756413956282786,0.0362423764507638,0.8397950480866789,-1.2627612998374855,-27.751548007209585,32.2419478674501,9.562015503875969,-0.27468102091623414,-0.005205049733866508
NAS100_USD,Largo,1h+1d,25,60,2.0,254,16.54601391118245,44.881889763779526,-0.08586569284643135,0.022415647234092825,0.8469236357861526,-1.1961517272225661,-21.809885982993563,29.247408777522903,10.73228346456693,-0.253758965667099,0.016145409626885696
NAS100_USD,Largo,1h+1d,25,60,3.0,242,15.764312466559657,52.066115702479344,-0.04864352807699255,0.02335478252077551,0.8828401780173859,-0.8543487931677556,-11.771733794632198,16.336120573758922,12.830578512396695,-0.12487198778286338,-0.001064690810912099
NAS100_USD,Largo,1h+1d,25,70,1.5,258,16.806581059390048,38.759689922480625,-0.04946967478193912,0.09433684123165254,0.9268105746732549,-0.519569606243949,-12.763176093740293,30.045046798886027,10.162790697674419,-0.20024241195264036,0.04287862673511538
NAS100_USD,Largo,1h+1d,25,70,2.0,254,16.54601391118245,44.09448818897638,-0.05644168775366826,0.05183965232685594,0.9009146603280809,-0.7184501886881153,-14.336188689431737,27.77136383896683,11.409448818897637,-0.20725707722344242,0.03519297926594137
NAS100_USD,Largo,1h+1d,25,70,3.0,242,15.764312466559657,50.82644628099173,-0.03309445154826671,0.03890385904950137,0.9222381211724497,-0.5379563191820679,-8.008857274680542,16.264147021402,13.797520661157025,-0.1028228151538947,0.010427278755917221
NAS100_USD,Largo,1h+1d,30,50,1.5,542,35.30684858212948,46.309963099631,-0.1244149649512708,0.02335428538012911,0.786509615521417,-2.6173632869319152,-67.43291100358877,70.48566517088103,5.752767527675276,-0.21426345944528677,-0.06932928082696341
NAS100_USD,Largo,1h+1d,30,50,2.0,524,34.134296415195294,53.81679389312977,-0.07711981273428067,0.03423280507085154,0.8343153427846615,-1.9003943065890745,-40.410781872763074,42.70034749823222,6.650763358778626,-0.18577494829911806,-0.012191743921146135
NAS100_USD,Largo,1h+1d,30,50,3.0,490,31.919475655430713,59.591836734693885,-0.04832089020988243,0.027047230126545436,0.8527209970400624,-1.5106074654740802,-23.67723620284239,25.203613286488476,7.910204081632653,-0.10749683721180212,-0.013046628641962894
NAS100_USD,Largo,1h+1d,30,60,1.5,542,35.30684858212948,39.11439114391143,-0.11760001122275392,0.03016923910864602,0.8229760615090508,-2.0446814254198573,-63.73920608273262,66.41419482719586,8.411439114391143,-0.12216884701223285,-0.11479887975658523
NAS100_USD,Largo,1h+1d,30,60,2.0,524,34.134296415195294,45.80152671755725,-0.07326486266344001,0.03808775514169222,0.8658297342206739,-1.492434617931887,-38.390788035642565,42.34024705185281,9.849236641221374,-0.09325089500137795,-0.061321989681013676
NAS100_USD,Largo,1h+1d,30,60,3.0,490,31.919475655430713,52.04081632653062,-0.04248303403771974,0.03288508629870815,0.8934647554089873,-1.0962581592865022,-20.81668667848267,26.29806408552065,11.822448979591837,-0.05498610238901166,-0.03503006495535355
NAS100_USD,Largo,1h+1d,30,70,1.5,542,35.30684858212948,37.08487084870848,-0.09535931291340978,0.052409937417990105,0.8608169505848033,-1.484739790991557,-51.6847475990681,54.2055051263699,9.546125461254613,-0.10925061076675865,-0.08684262434855901
NAS100_USD,Largo,1h+1d,30,70,2.0,524,34.134296415195294,43.320610687022906,-0.06881623266952958,0.04253638513560263,0.8793505366204944,-1.2693179510499357,-36.0597059188335,38.491670192692126,11.188931297709924,-0.10830828892204966,-0.045217321006438334
NAS100_USD,Largo,1h+1d,30,70,3.0,489,31.854333868378813,48.875255623721884,-0.04398795718141781,0.03138815728110818,0.8970017490971668,-1.0229079220403687,-21.51011106171331,23.461116193811044,13.517382413087935,-0.08142440875340007,-0.02179436048402118
NAS100_USD,Largo,1h+1d,35,50,1.5,998,65.01150347779561,50.50100200400801,-0.11617577451564774,0.038971549671591596,0.7766963070093015,-3.6358346799720933,-115.94342296661645,128.14869872074843,4.727454909819639,-0.18769234384440023,-0.06873645019424193
NAS100_USD,Largo,1h+1d,35,50,2.0,942,61.36356340288925,56.581740976645435,-0.07839554853283344,0.03833862044683349,0.8094911239537441,-2.855398001491793,-73.8486067179291,83.57292889394759,5.483014861995754,-0.15303779105782703,-0.028809889187608007
NAS100_USD,Largo,1h+1d,35,50,3.0,878,57.194489031567684,61.27562642369021,-0.05913304784319525,0.019486745256417155,0.7977740195344483,-2.7258253950022286,-51.91881600632543,58.91224032255798,6.46127562642369,-0.10676886257287062,-0.02755627671556952
NAS100_USD,Largo,1h+1d,35,60,1.5,995,64.81607811663991,40.80402010050251,-0.12371491851907854,0.03138606901288029,0.8059799160908248,-3.0865137976132453,-123.09634392648314,133.04656464366164,7.565829145728643,-0.14272017431585565,-0.11109771692824157
NAS100_USD,Largo,1h+1d,35,60,2.0,935,60.90757089352595,46.31016042780748,-0.1011187697672048,0.01564399982098521,0.8105082153101878,-2.9072798926208625,-94.54604973233648,99.8465100045432,8.883422459893048,-0.1175710106102843,-0.0901506092051518
NAS100_USD,Largo,1h+1d,35,60,3.0,863,56.217362225789195,52.14368482039398,-0.06899683942709509,0.009982896069142138,0.8239898298326148,-2.4818538889548374,-59.54427242558306,62.738602280001345,10.820393974507532,-0.09255349978043312,-0.05315544186390072
NAS100_USD,Largo,1h+1d,35,70,1.5,995,64.81607811663991,36.984924623115575,-0.13226907597834028,0.02283191155361855,0.8037587813658826,-2.9535301863299,-131.60773059844857,140.20203353424947,9.103517587939699,-0.17604517041740075,-0.10320701997113793
NAS100_USD,Largo,1h+1d,35,70,2.0,935,60.90757089352595,41.92513368983957,-0.11670909284538505,5.3676742804969354e-05,0.7955807061342575,-3.0200074363709617,-109.12300181043503,112.00190218650367,10.647058823529411,-0.15541329372128523,-0.09090629226145162
NAS100_USD,Largo,1h+1d,35,70,3.0,861,56.087078651685395,47.27061556329849,-0.08275702766017816,-0.003737693928049376,0.8069376279021898,-2.652513941208783,-71.2538008154134,73.61003349081906,12.961672473867596,-0.1281879731213055,-0.05238168621814537
NAS100_USD,Largo,1h+1d,40,50,1.5,1507,98.16867308721241,54.08095554080955,-0.13257653925284651,0.027853214290120203,0.7075679212050215,-5.851210430824232,-199.7928446540397,209.8482800302514,3.761114797611148,-0.20358274036041277,-0.08267161598854571
NAS100_USD,Largo,1h+1d,40,50,2.0,1423,92.69676297485286,58.74912157413914,-0.09563526695034702,0.025242842641826427,0.7310511628508922,-4.897490112833948,-136.0889848703438,143.588506112713,4.2740688685874915,-0.14505333784520322,-0.060936214778958754
NAS100_USD,Largo,1h+1d,40,50,3.0,1308,85.20545746388443,62.920489296636084,-0.060124054634548105,0.021291761060176242,0.7539550946264381,-3.852176172946518,-78.64226346198892,84.5307429125498,5.089449541284404,-0.10144773677512646,-0.03051417215586599
NAS100_USD,Largo,1h+1d,40,60,1.5,1484,96.67041198501873,42.722371967654986,-0.13054999205406348,0.03022760752324391,0.7845616961937414,-4.267638188365718,-193.7361882082302,200.30254518293955,6.8322102425876015,-0.1536831894359722,-0.11413288423464438
NAS100_USD,Largo,1h+1d,40,60,2.0,1381,89.96080791867308,47.863866763215064,-0.09958544310759855,0.021721075869657932,0.8006772132184647,-3.725844230723911,-137.5274969315936,143.1420938498063,7.947863866763215,-0.09846916473178902,-0.10036532763091936
NAS100_USD,Largo,1h+1d,40,60,3.0,1227,79.92897271268058,54.44172779136104,-0.05717548251913273,0.02510605554290779,0.8420436067829007,-2.598674916488188,-70.15431705097586,73.1012814940362,9.788101059494702,-0.06240303169582815,-0.053343423165029734
NAS100_USD,Largo,1h+1d,40,70,1.5,1474,96.01899411449973,38.12754409769335,-0.12058698388275951,0.040112372857126335,0.8163715150502805,-3.3365517648065137,-177.74521424318752,183.2015598055042,8.7842605156038,-0.14744626591721435,-0.10162383337232263
NAS100_USD,Largo,1h+1d,40,70,2.0,1369,89.1791064740503,42.804967129291455,-0.09996831398948652,0.021253719092959505,0.8184811366496005,-3.1905599888841163,-136.85662185160706,144.56296234346135,10.268078889700512,-0.10236729894582616,-0.09830770635592635
NAS100_USD,Largo,1h+1d,40,70,3.0,1212,78.9518459069021,48.76237623762376,-0.05474138397249621,0.027483011386403782,0.8657571027439526,-2.106724283702874,-66.34655737466541,75.05438690839414,12.669966996699669,-0.06877750913728722,-0.04461304365472089
NAS100_USD,Corto,1h,20,50,1.5,56,3.647940074906367,32.142857142857146,-0.11142940841931678,0.0359229629120315,0.8469214619011102,-0.5479538302045485,-6.24004687148174,18.533100887144087,5.839285714285714,-0.16322783463854945,-0.05166199355097131
NAS100_USD,Corto,1h,20,50,2.0,56,3.647940074906367,37.5,-0.1220858314273241,-0.01157155292881294,0.8067019423437106,-0.7294574272283263,-6.8368065599301495,15.899644009261173,7.053571428571429,-0.0710721983136467,-0.18094771578925958
NAS100_USD,Corto,1h,20,50,3.0,53,3.4525147137506687,41.509433962264154,-0.17338960589721697,-0.09865066115940307,0.6844437877595824,-1.2790718304357536,-9.1896491125525,14.988433896596938,8.981132075471699,-0.164950308008776,-0.18358709084574987
NAS100_USD,Corto,1h,20,60,1.5,56,3.647940074906367,21.428571428571427,-0.32975752754659576,-0.18240515621524753,0.5991543983245364,-1.639161360145742,-18.466421542609364,25.327054959331093,8.017857142857142,-0.4037149837143773,-0.24442200119915558
NAS100_USD,Corto,1h,20,60,2.0,56,3.647940074906367,25.0,-0.3183526112814605,-0.2078383327829493,0.5699615402916608,-1.8864481775754158,-17.827746231761786,24.46873627708515,9.464285714285714,-0.28714284907004284,-0.3543638753715577
NAS100_USD,Corto,1h,20,60,3.0,53,3.4525147137506687,30.18867924528302,-0.30949324715467563,-0.23475430241686163,0.5147200188493806,-2.220333418960078,-16.403142099197808,20.58736194723714,11.90566037735849,-0.33695305565686556,-0.2763126452145295
NAS100_USD,Corto,1h,20,70,1.5,56,3.647940074906367,19.642857142857142,-0.4027318971735078,-0.2553795258421595,0.5221779878758832,-2.058180827407512,-22.55298624171644,31.554032917335107,9.160714285714286,-0.3323678750844792,-0.48392115343007924
NAS100_USD,Corto,1h,20,70,2.0,56,3.647940074906367,23.214285714285715,-0.3940666173247169,-0.28355233882620573,0.48142226442830766,-2.4231443591892594,-22.067730570184146,29.388969745588195,10.714285714285714,-0.26446787806735345,-0.5436036241601363
NAS100_USD,Corto,1h,20,70,3.0,53,3.4525147137506687,28.30188679245283,-0.36916606212324826,-0.2944271173854343,0.4241643592294718,-2.8140299613718107,-19.565801292532157,24.203520560625275,13.584905660377359,-0.321315144620528,-0.4269859207723685
NAS100_USD,Corto,1h,25,50,1.5,148,9.640984483681112,37.16216216216216,-0.09879977700780616,0.040060775733109226,0.8534046930065746,-0.885277695744693,-14.622366997155313,26.019550919884047,6.22972972972973,0.00381529707542889,-0.22629123268697715
NAS100_USD,Corto,1h,25,50,2.0,144,9.380417335473515,40.97222222222222,-0.12165893272548617,-0.01781771004820281,0.7901192322001216,-1.3102218880255323,-17.51888631247001,25.59348784648944,7.319444444444445,-0.0059222266391781185,-0.26632981533337124
NAS100_USD,Corto,1h,25,50,3.0,136,8.85928303905832,49.26470588235294,-0.07905027883787273,-0.008910980458143189,0.8138509773029724,-1.0747450068492306,-10.75083792195069,15.037037120143818,8.985294117647058,-0.025279922652759024,-0.15136213715578428
NAS100_USD,Corto,1h,25,60,1.5,148,9.640984483681112,29.054054054054053,-0.15975412189075416,-0.020893569149838635,0.790400821134769,-1.254573010115762,-23.643610039831614,26.05771658480807,8.452702702702704,-0.10001778613845803,-0.2339719935830007
NAS100_USD,Corto,1h,25,60,2.0,144,9.380417335473515,33.33333333333333,-0.13051536337393072,-0.026674140696647346,0.8008662051831388,-1.1953798118193635,-18.794212325846022,24.243134151540687,9.847222222222221,-0.01328512554993222,-0.2770531606539288
NAS100_USD,Corto,1h,25,60,3.0,136,8.85928303905832,41.911764705882355,-0.07378059403125782,-0.0036412956515282906,0.8527363586361698,-0.838480767825284,-10.034160788251064,14.3605327092351,12.051470588235293,-0.02977147220977371,-0.13296527510152956
NAS100_USD,Corto,1h,25,70,1.5,148,9.640984483681112,27.027027027027028,-0.15976615642150255,-0.020905603680587116,0.7945532001924057,-1.1675240358987773,-23.645391150382377,29.584275477621134,9.736486486486486,-0.07262152013358272,-0.2680367651428575
NAS100_USD,Corto,1h,25,70,2.0,144,9.380417335473515,30.555555555555557,-0.1356445831046332,-0.031803360427349846,0.7999500017241468,-1.1529586890159829,-19.53281996706718,28.45122306896896,11.23611111111111,-0.01191093517877403,-0.2903116430119572
NAS100_USD,Corto,1h,25,70,3.0,136,8.85928303905832,37.5,-0.09936455668327204,-0.029225258303542494,0.8095339764580001,-1.0672235589619898,-13.513579708924999,18.964803219801112,13.897058823529411,-0.04530964357943564,-0.1720590949953279
NAS100_USD,Corto,1h,30,50,1.5,301,19.607677902621724,47.50830564784053,0.016766347336716086,0.15021483235543084,1.0301635845333845,0.23837432057741728,5.046670548351542,27.2363156106074,5.4186046511627906,0.011613410725153834,0.022692224440012686
NAS100_USD,Corto,1h,30,50,2.0,289,18.82597645799893,52.595155709342556,-0.007506472976703614,0.09380500163756504,0.9837511965947076,-0.12754419326099975,-2.1693706902673444,21.694245942162112,6.470588235294118,0.019410688266867128,-0.03778827937572071
NAS100_USD,Corto,1h,30,50,3.0,277,18.044275013376136,57.03971119133574,-0.02436661233106342,0.04416730612553622,0.9291893268457093,-0.5336757749726833,-6.749551615704567,16.325110402906596,7.978339350180505,-0.006868440945853271,-0.04503374388839823
NAS100_USD,Corto,1h,30,60,1.5,301,19.607677902621724,38.205980066445186,0.03462653240091133,0.1680750174196261,1.052737546820654,0.39261545504002315,10.42258625267431,24.154571127984504,7.681063122923588,0.002410753335058217,0.07167467832664243
NAS100_USD,Corto,1h,30,60,2.0,289,18.82597645799893,42.90657439446367,0.006548430759719502,0.10785990537398818,1.011683950846014,0.08814845021225695,1.892496489558936,19.59700520795883,9.09688581314879,0.031002922976827663,-0.02096287298452718
NAS100_USD,Corto,1h,30,60,3.0,277,18.044275013376136,47.292418772563174,-0.01324669364465053,0.055287224811949094,0.9697382301858666,-0.22655331285194397,-3.6693341395681967,17.6788029558784,10.938628158844764,0.004675566563785389,-0.03441471751288195
NAS100_USD,Corto,1h,30,70,1.5,301,19.607677902621724,34.55149501661129,-0.018505996986687468,0.1149424880320273,0.9733175375784349,-0.1905886371381523,-5.570305092992928,29.628428134298154,9.425249169435215,-0.01090502031566625,-0.02724712015836191
NAS100_USD,Corto,1h,30,70,2.0,289,18.82597645799893,39.44636678200692,-0.021446782541562633,0.07986469207270606,0.9637754451876195,-0.2613145127761454,-6.198120154511601,23.990235281897718,11.013840830449826,0.024178566796729386,-0.0727753005471411
NAS100_USD,Corto,1h,30,70,3.0,277,18.044275013376136,42.96028880866426,-0.034383088906681625,0.034150829549917994,0.9261209282976884,-0.5248491343907091,-9.52411562715081,21.967734027649925,13.108303249097473,-0.007036933549439501,-0.0666816975963377
NAS100_USD,Corto,1h,35,50,1.5,600,39.08507223113965,49.5,-0.0624622209685303,0.06698692253936697,0.8829799509324208,-1.3915060282701706,-37.47733258111818,58.70656049347406,4.75,-0.1001247305099005,-0.0104520887447334
NAS100_USD,Corto,1h,35,50,2.0,562,36.60968432316747,54.62633451957295,-0.05820404913910966,0.039942947898052285,0.866544402204229,-1.5159968154125751,-32.71067561617963,48.49907705385729,5.6138790035587185,-0.08616474400551832,-0.019861324111334046
NAS100_USD,Corto,1h,35,50,3.0,516,33.613162118780096,61.04651162790697,-0.021778734221151345,0.043665219822523485,0.9247834965430193,-0.7373005867288622,-11.237826858114094,26.061964374635018,6.905038759689923,-0.02681730514202987,-0.014836187191922397
NAS100_USD,Corto,1h,35,60,1.5,599,39.01993044408775,38.898163606010016,-0.002077473691673093,0.1272888341072942,0.9968168621977048,-0.034884725051142554,-1.2444067413121829,45.41527171253229,6.936560934891486,-0.044673087218239836,0.05657601001355969
NAS100_USD,Corto,1h,35,60,2.0,561,36.54454253611557,42.95900178253119,-0.022241661579599243,0.07584089017622479,0.9600069661610312,-0.4390211464426807,-12.477572146155175,34.107729174353175,8.297682709447415,-0.04181809488303809,0.0045210573668741216
NAS100_USD,Corto,1h,35,60,3.0,506,32.961744248261105,49.60474308300395,-0.00046766167027635966,0.06523177719939421,0.9988516759570618,-0.011515428452317678,-0.23663680515983798,15.783843776312557,10.575098814229248,0.012864268750481701,-0.0188068899016478
NAS100_USD,Corto,1h,35,70,1.5,599,39.01993044408775,33.889816360601,-0.03669270055378994,0.0926736072451773,0.9471713209048953,-0.5415602884077957,-21.978927631720175,53.25044342114004,8.86644407345576,-0.06658272232628727,0.004465384982148831
NAS100_USD,Corto,1h,35,70,2.0,561,36.54454253611557,37.4331550802139,-0.05191704404285811,0.04616550771296593,0.912982617780469,-0.9029170476371549,-29.1254617080434,46.456209253788614,10.522281639928698,-0.063535874984659,-0.03603307262875053
NAS100_USD,Corto,1h,35,70,3.0,506,32.961744248261105,42.88537549407115,-0.02835809843679321,0.037341340432877373,0.9369993093124848,-0.612087320496432,-14.349197809017365,27.133086451671556,13.197628458498023,-0.016935431570767198,-0.04407096882057546
NAS100_USD,Corto,1h,40,50,1.5,972,63.31781701444623,52.88065843621399,-0.08245388710074994,0.04661226933781988,0.8246989148289033,-2.6810500052387587,-80.14517826192895,86.23999148617682,3.8559670781893005,-0.10332219472246175,-0.05036137224647251
NAS100_USD,Corto,1h,40,50,2.0,920,59.93044408774746,57.608695652173914,-0.07209416002887602,0.02630407240529981,0.811607860130948,-2.7261744955314837,-66.32662722656593,72.13393267102725,4.460869565217391,-0.07895242247804887,-0.061376930964848225
NAS100_USD,Corto,1h,40,50,3.0,856,55.7613697164259,61.79906542056075,-0.04783487796715843,0.017817842765756056,0.8203782340168015,-2.3006811974571466,-40.946655539887615,46.78269271769172,5.418224299065421,-0.0476015122873592,-0.04819427496364448
NAS100_USD,Corto,1h,40,60,1.5,958,62.40583199571964,40.709812108559504,-0.02957030599769417,0.09977205384378275,0.9521914703332297,-0.6874546565566402,-28.328353145791013,49.608048301005574,6.267223382045929,-0.04507834995638817,-0.0057748946325022815
NAS100_USD,Corto,1h,40,60,2.0,899,58.56246655965757,44.60511679644049,-0.0487198816882182,0.04996268113319974,0.9085118301987067,-1.315204802027113,-43.79917363770816,54.593731316375624,7.379310344827586,-0.03872699347628844,-0.06417630368174122
NAS100_USD,Corto,1h,40,60,3.0,811,52.82998929909042,51.048088779284825,-0.03174757520939246,0.03451226217225747,0.9201521968296076,-1.0586787232188708,-25.74728349481729,34.9178857940946,9.258939580764489,-0.018062614232062277,-0.052423305726225736
NAS100_USD,Corto,1h,40,70,1.5,953,62.08012306046014,34.20776495278069,-0.03246755407543587,0.09700314923310766,0.9524547882961771,-0.6209709244873037,-30.941579033890385,79.94075972052379,8.36411332633788,-0.07799428034635603,0.03739659767541763
NAS100_USD,Corto,1h,40,70,2.0,891,58.041332263242374,37.71043771043771,-0.04153662493467727,0.057259624318127166,0.9299613851601662,-0.9126163595981656,-37.00913281679745,58.528678600593,9.771043771043772,-0.05061468289889865,-0.027570381912798238
NAS100_USD,Corto,1h,40,70,3.0,799,52.04828785446763,43.42928660826033,-0.03439248189828804,0.03191604421973354,0.9247940819887426,-0.9380031752586082,-27.479593036732144,37.688737298170324,12.221526908635795,-0.027293159877907227,-0.045074847320804606
NAS100_USD,Corto,1d,20,50,1.5,52,3.3873729266987693,28.846153846153843,-0.32276583780077417,-0.17334353604259908,0.563432551057992,-1.9106052347020979,-16.783823565640258,19.672338675359384,6.0576923076923075,-0.2515967174112828,-0.6216761434366382
NAS100_USD,Corto,1d,20,50,2.0,50,3.2570893525949707,34.0,-0.2803350009397294,-0.16857262862117137,0.5474441545733042,-1.9485053533104402,-14.016750046986472,15.578318847127795,8.22,-0.21222385587446277,-0.5906191062370549
NAS100_USD,Corto,1d,20,50,3.0,46,2.996522204387373,39.130434782608695,-0.23380899580006864,-0.15729951987051952,0.506561597232715,-2.0275643904903977,-10.755213806803157,10.796507486110894,9.652173913043478,-0.18037206975868814,-0.487634394496626
NAS100_USD,Corto,1d,20,60,1.5,52,3.3873729266987693,23.076923076923077,-0.36792502528440113,-0.21850272352622602,0.5428464323733198,-1.9054507520295558,-19.13210131478886,26.737247223579026,7.326923076923077,-0.2668293985561335,-0.792526657543125
NAS100_USD,Corto,1d,20,60,2.0,50,3.2570893525949707,28.000000000000004,-0.31532423422083244,-0.20356186190227438,0.5241370810769574,-1.9581990647726264,-15.766211711041622,21.11242317563389,9.62,-0.22364050973437744,-0.7329945346591273
NAS100_USD,Corto,1d,20,60,3.0,46,2.996522204387373,32.608695652173914,-0.2597889108925457,-0.18327943496299656,0.5000452514023963,-1.9984861684883763,-11.950289901057102,14.514678689998796,11.347826086956522,-0.18934110985662264,-0.5944159658131802
NAS100_USD,Corto,1d,20,70,1.5,52,3.3873729266987693,21.153846153846153,-0.29905654100164586,-0.1496342392434707,0.6380512523105816,-1.2668598236094393,-15.550940132085584,28.939253206981533,7.634615384615385,-0.18156365611081743,-0.792526657543125
NAS100_USD,Corto,1d,20,70,2.0,50,3.2570893525949707,26.0,-0.2631923621359527,-0.15142998981739464,0.6134822197240016,-1.3630896879750514,-13.159618106797636,22.843204945969234,9.94,-0.16006505597232898,-0.7329945346591273
NAS100_USD,Corto,1d,20,70,3.0,46,2.996522204387373,30.434782608695656,-0.22201219199045893,-0.14550271606090978,0.5833748697405241,-1.4654878727215308,-10.212560831561111,15.668533203555693,11.695652173913043,-0.14361139750146493,-0.5944159658131802
NAS100_USD,Corto,1d,25,50,1.5,116,7.556447298020331,41.37931034482759,-0.027440838321915687,0.11374418724734069,0.9547752236829129,-0.2290576219160187,-3.1831372453422198,16.75885284921239,6.086206896551724,-0.01777694794784001,-0.06651656896491734
NAS100_USD,Corto,1d,25,50,2.0,109,7.100454788657036,45.87155963302752,-0.027645738615302305,0.07937658765067046,0.9456231671359414,-0.2696935667462146,-3.0133855090679513,11.521242018536443,7.247706422018348,-0.003495589775801642,-0.12314859993514582
NAS100_USD,Corto,1d,25,50,3.0,101,6.57932049224184,51.48514851485149,-0.06265239012440742,0.0072265935834671035,0.8420957838279906,-0.7719184832130649,-6.3278914025651485,10.551570429677191,8.623762376237623,-0.023513279804157496,-0.20319737718348663
NAS100_USD,Corto,1d,25,60,1.5,116,7.556447298020331,34.48275862068966,-0.10124136085309333,0.039943664716163035,0.8508590881774661,-0.7455381022431099,-11.743997858958826,31.636644096234942,7.603448275862069,-0.05532331768074663,-0.28690997020214737
NAS100_USD,Corto,1d,25,60,2.0,109,7.100454788657036,38.53211009174312,-0.08976516284734368,0.017257163418629026,0.8456135657505447,-0.7672167013796612,-9.78440275036046,21.70388742831747,8.972477064220184,-0.03475111931546017,-0.3073206986325196
NAS100_USD,Corto,1d,25,60,3.0,101,6.57932049224184,42.57425742574257,-0.11397602614091788,-0.04409704243304339,0.7537157978452389,-1.2454252811905742,-11.511578640232706,18.654691583802467,10.742574257425742,-0.050717876303390474,-0.34113029146658447
NAS100_USD,Corto,1d,25,70,1.5,116,7.556447298020331,33.62068965517241,-0.041472472401425195,0.09971255316783119,0.9397649437698296,-0.2670725047376603,-4.810806798565323,33.04432187704186,8.129310344827585,-0.008980789718132317,-0.1728518849903921
NAS100_USD,Corto,1d,25,70,2.0,109,7.100454788657036,36.69724770642202,-0.05520086295764334,0.05182146330832944,0.907941957963793,-0.41511241154871614,-6.016894062383124,23.8640725928715,9.577981651376147,-0.01406138692379852,-0.21788879090966598
NAS100_USD,Corto,1d,25,70,3.0,101,6.57932049224184,40.5940594059406,-0.09259735316947838,-0.022718369461603893,0.8067574448801453,-0.898771544259868,-9.352332670117317,20.88028558021462,11.396039603960396,-0.03998904098465371,-0.2815090196513487
NAS100_USD,Corto,1d,30,50,1.5,207,13.484349919743178,40.57971014492754,-0.1469984500326342,-0.00924762504302166,0.7596202545984909,-1.8572193549984182,-30.42867915675528,38.96623362140047,4.995169082125604,-0.16673162153345805,-0.059237766252654506
NAS100_USD,Corto,1d,30,50,2.0,191,12.442081326912788,44.50261780104712,-0.1474635627119284,-0.043749649469693765,0.7177966710629706,-2.1300037066357977,-28.165540477978322,32.93465090097038,6.047120418848167,-0.15234878579408392,-0.12713047204565936
NAS100_USD,Corto,1d,30,50,3.0,174,11.334670947030498,51.14942528735632,-0.12921764936428515,-0.060097942565008354,0.6794249196933252,-2.2553845960528243,-22.483870989385615,25.878936140411884,7.580459770114943,-0.11951295863075327,-0.16917814062000466
NAS100_USD,Corto,1d,30,60,1.5,207,13.484349919743178,33.33333333333333,-0.1459986878689112,-0.008247862879298715,0.7874209973815539,-1.50062185884486,-30.221728388864623,44.05273592285502,6.565217391304348,-0.1486595003208326,-0.1341650745958926
NAS100_USD,Corto,1d,30,60,2.0,191,12.442081326912788,36.64921465968586,-0.15883968714843308,-0.05512577390619848,0.735413336760365,-1.886804615004654,-30.338380245350717,39.90321609016406,7.9214659685863875,-0.1493449642329808,-0.1983582636073424
NAS100_USD,Corto,1d,30,60,3.0,174,11.334670947030498,41.95402298850575,-0.12785350086399913,-0.05873379406472231,0.7357476663983318,-1.7822481043134573,-22.246509150335847,28.0996361657346,9.810344827586206,-0.1251962823033362,-0.13879498905496418
NAS100_USD,Corto,1d,30,70,1.5,207,13.484349919743178,30.917874396135264,-0.15377241544205067,-0.01602159045243811,0.7834502415724345,-1.4158784495720254,-31.83088999650449,55.474488059069024,7.478260869565218,-0.17006446111503792,-0.08131568600166006
NAS100_USD,Corto,1d,30,70,2.0,191,12.442081326912788,34.55497382198953,-0.15288483815848322,-0.0491709249162486,0.7530707798723355,-1.6239891612194328,-29.201004088270295,45.852600672184224,9.089005235602095,-0.17236524459386648,-0.07180422758959064
NAS100_USD,Corto,1d,30,70,3.0,174,11.334670947030498,39.6551724137931,-0.11479249054279576,-0.04567278374351899,0.7713691587515403,-1.397949434674525,-19.973893354446464,31.760219776620442,11.120689655172415,-0.14906098805324136,0.026313087441392026
NAS100_USD,Corto,1d,35,50,1.5,306,19.93338683788122,47.385620915032675,-0.1006911169296031,0.03257125261107167,0.8118652661063521,-1.6953685223760984,-30.81148178045855,39.02000232289846,4.5130718954248366,-0.11464153919630607,-0.0325486697037848
NAS100_USD,Corto,1d,35,50,2.0,289,18.82597645799893,51.55709342560554,-0.1129698541389036,-0.011924757381416816,0.7536167438393732,-2.1905535036641672,-32.64828784614314,38.226810237520446,5.228373702422146,-0.12481813415354424,-0.05767788073724722
NAS100_USD,Corto,1d,35,50,3.0,263,17.132289994649547,57.79467680608364,-0.10239402779334877,-0.03469043326118683,0.7051526390689075,-2.4163145641234887,-26.92962930965073,30.803497504827025,6.479087452471483,-0.10504199203516568,-0.09053335462687738
NAS100_USD,Corto,1d,35,60,1.5,306,19.93338683788122,35.62091503267974,-0.08879536142425304,0.044467008116421805,0.8639273171685612,-1.133777426043631,-27.17138059582143,41.798977044489625,6.421568627450981,-0.09149517437362589,-0.07560781355616242
NAS100_USD,Corto,1d,35,60,2.0,289,18.82597645799893,39.44636678200692,-0.11150629378334659,-0.010461197025859816,0.8057463747585285,-1.6579157019377495,-32.22531890338716,40.850838750187975,7.463667820069205,-0.103751256390213,-0.14769646828463665
NAS100_USD,Corto,1d,35,60,3.0,261,17.002006420545747,43.67816091954023,-0.11271551738434604,-0.0450283334792321,0.753659240102432,-2.0356008123811895,-29.418750037314318,36.82358320786381,9.406130268199234,-0.08587456081696729,-0.23182226215208948
NAS100_USD,Corto,1d,35,70,1.5,306,19.93338683788122,31.699346405228756,-0.0990245920993176,0.0342377774413572,0.8564064164222642,-1.0925149146212334,-30.301525182391188,54.661282608898205,7.686274509803922,-0.11104527075453671,-0.04030820020651638
NAS100_USD,Corto,1d,35,70,2.0,289,18.82597645799893,35.6401384083045,-0.11005224061980422,-0.009007143862317412,0.819098023293643,-1.4066689320420669,-31.80509753912342,47.875331632205615,8.96885813148789,-0.12111577451665685,-0.05842241576782514
NAS100_USD,Corto,1d,35,70,3.0,261,17.002006420545747,39.46360153256705,-0.11916954388729734,-0.0514823599821834,0.755634425595191,-1.891485813557189,-31.103250954584606,41.902091937155404,11.122605363984674,-0.10803333406974606,-0.1685864749526813
NAS100_USD,Corto,1d,40,50,1.5,408,26.57784911717496,51.9607843137255,-0.10955415368634103,0.020312319142190702,0.7717122677318022,-2.3398381116845717,-44.69809470402714,51.64641721517704,3.730392156862745,-0.1211155847964332,-0.06288022809374681
NAS100_USD,Corto,1d,40,50,2.0,381,24.819020866773677,56.95538057742782,-0.08386782791451688,0.01494759525023036,0.7807934516208006,-2.076637085179874,-31.953642435430933,36.585836757777294,4.346456692913386,-0.0912507076987497,-0.053745678394847035
NAS100_USD,Corto,1d,40,50,3.0,358,23.32075976457999,60.05586592178771,-0.08628701683774212,-0.019813408481354745,0.7040255407145841,-2.6341886557774985,-30.89075202791168,34.7236959088455,5.217877094972067,-0.09421154627912917,-0.054254059800022604
NAS100_USD,Corto,1d,40,60,1.5,401,26.121856607811665,37.65586034912718,-0.08892610634450863,0.041677929887983335,0.863106793220695,-1.3442519785131835,-35.65936864414796,55.4512739313715,5.872817955112219,-0.07563019073636638,-0.1439848337987388
NAS100_USD,Corto,1d,40,60,2.0,373,24.297886570358482,42.89544235924933,-0.06969848729154214,0.029695089146567093,0.8723798371930855,-1.2127095888182835,-25.99753575974522,38.89757721959797,6.959785522788204,-0.043796049296915524,-0.1779850683524118
NAS100_USD,Corto,1d,40,60,3.0,343,22.3436329588015,48.39650145772595,-0.08916120577762598,-0.021903820353938504,0.7949338406194705,-1.9169320053514372,-30.58229358172571,38.7159792008932,8.527696793002915,-0.06863872718507236,-0.17370156535292158
NAS100_USD,Corto,1d,40,70,1.5,400,26.056714820759765,32.0,-0.07471745230099817,0.055910816071879504,0.8945101234984157,-0.9102336395247852,-29.886980920399267,61.35083017027284,7.7175,-0.0900080291852166,-0.011594814394352894
NAS100_USD,Corto,1d,40,70,2.0,372,24.232744783306583,37.096774193548384,-0.04837869493268386,0.051038295998380834,0.9195161720084754,-0.6765406594279619,-17.996874514958396,39.391904647832156,9.190860215053764,-0.05353701138511127,-0.026885709714236317
NAS100_USD,Corto,1d,40,70,3.0,342,22.2784911717496,41.812865497076025,-0.07719061847979342,-0.009913344765507759,0.8406098651351295,-1.3603109800161823,-26.39919152008935,39.93442256982585,11.08187134502924,-0.08386320372765609,-0.04980314171617803
NAS100_USD,Corto,1h+1d,20,50,1.5,3,0.19542536115569822,33.33333333333333,-0.36873362568720736,-0.23666324298682914,0.5050466476957994,-0.49242081940286003,-1.106200877061622,2.234959864221196,8.333333333333334,-0.36873362568720736,
NAS100_USD,Corto,1h+1d,20,50,2.0,3,0.19542536115569822,33.33333333333333,-0.44321688593207104,-0.3441640989067874,0.38900905238627975,-0.6872219378696331,-1.329650657796213,2.1762198981658933,9.333333333333334,-0.44321688593207104,
NAS100_USD,Corto,1h+1d,20,50,3.0,3,0.19542536115569822,33.33333333333333,-0.5177001461769372,-0.451664954826748,0.2665335737171505,-0.9568175171584908,-1.5531004385308114,2.1174799321105984,9.666666666666666,-0.5177001461769372,
NAS100_USD,Corto,1h+1d,20,60,1.5,3,0.19542536115569822,0.0,-1.1588649166989116,-1.0267945339985334,0.0,-27.162403142460636,-3.4765947500967345,3.4765947500967345,9.333333333333334,-1.1588649166989116,
NAS100_USD,Corto,1h+1d,20,60,2.0,3,0.19542536115569822,0.0,-1.0990527870252833,-0.9999999999999996,0.0,-81.86653890048046,-3.2971583610758497,3.2971583610758497,10.333333333333334,-1.0990527870252833,
NAS100_USD,Corto,1h+1d,20,60,3.0,3,0.19542536115569822,0.0,-1.06603519135019,-1.0000000000000009,0.0,-119.11067306174535,-3.1981055740505697,3.1981055740505697,10.666666666666666,-1.06603519135019,
NAS100_USD,Corto,1h+1d,20,70,1.5,3,0.19542536115569822,0.0,-1.1588649166989116,-1.0267945339985334,0.0,-27.162403142460636,-3.4765947500967345,3.4765947500967345,9.333333333333334,-1.1588649166989116,
NAS100_USD,Corto,1h+1d,20,70,2.0,3,0.19542536115569822,0.0,-1.0990527870252833,-0.9999999999999996,0.0,-81.86653890048046,-3.2971583610758497,3.2971583610758497,10.333333333333334,-1.0990527870252833,
NAS100_USD,Corto,1h+1d,20,70,3.0,3,0.19542536115569822,0.0,-1.06603519135019,-1.0000000000000009,0.0,-119.11067306174535,-3.1981055740505697,3.1981055740505697,10.666666666666666,-1.06603519135019,
NAS100_USD,Corto,1h+1d,25,50,1.5,16,1.0422685928303905,37.5,-0.15747498433244664,-0.04130722441828234,0.7743849252989052,-0.4880112232595046,-2.519599749319146,5.598973395399963,5.8125,-0.2047359576216626,0.17335182869206522
NAS100_USD,Corto,1h+1d,25,50,2.0,16,1.0422685928303905,43.75,-0.16762530994619146,-0.08049949001056822,0.7272265227168485,-0.6121457916347869,-2.6820049591390633,5.69923004654995,7.125,-0.19228805015551148,0.005013871519049085
NAS100_USD,Corto,1h+1d,25,50,3.0,16,1.0422685928303905,50.0,-0.1309487622051921,-0.07286488224810996,0.7007687203320034,-0.6333445887187463,-2.0951801952830738,3.7347948063935625,8.875,-0.12632371599822428,-0.1633240856539671
NAS100_USD,Corto,1h+1d,25,60,1.5,16,1.0422685928303905,25.0,-0.35938368427028866,-0.24321592435612438,0.5720644440112789,-1.0416330883072935,-5.750138948324619,8.090246735182443,8.1875,-0.2645029559249828,-1.0235487826874305
NAS100_USD,Corto,1h+1d,25,60,2.0,16,1.0422685928303905,31.25,-0.28548389117439155,-0.19835807123876825,0.6185279998121158,-0.9185429367626223,-4.567742258790265,7.493877193736985,9.8125,-0.18088707748279392,-1.0176615870155747
NAS100_USD,Corto,1h+1d,25,60,3.0,16,1.0422685928303905,31.25,-0.32639664329914103,-0.26831276334205895,0.4859817158670329,-1.3611547102571513,-5.2223462927862565,6.5064362494174,11.875,-0.22848553643563,-1.0117743913437187
NAS100_USD,Corto,1h+1d,25,70,1.5,16,1.0422685928303905,25.0,-0.27771778011102055,-0.16155002019685627,0.6693079907590334,-0.7070871169310914,-4.443484481776329,6.585836681012392,8.4375,-0.1711704940286763,-1.0235487826874305
NAS100_USD,Corto,1h+1d,25,70,2.0,16,1.0422685928303905,25.0,-0.392020353739721,-0.3048945338040977,0.5181586246256986,-1.2217172744085911,-6.272325659835536,7.879089809262583,10.25,-0.30264303470031334,-1.0176615870155747
NAS100_USD,Corto,1h+1d,25,70,3.0,16,1.0422685928303905,25.0,-0.4182542850093609,-0.3601704050522789,0.40189523772155356,-1.7032128736120664,-6.6920685601497745,7.763244659767807,12.3125,-0.333465698390167,-1.0117743913437187
NAS100_USD,Corto,1h+1d,30,50,1.5,45,2.9313804173354736,42.22222222222222,-0.14321614193258833,-0.02002795666443758,0.7719212687660734,-0.8395406542915221,-6.444726386966475,13.322504097397317,4.911111111111111,-0.1888810929241857,0.15360603951279447
NAS100_USD,Corto,1h+1d,30,50,2.0,40,2.6056714820759765,52.5,-0.08028678558220564,0.01676608851833966,0.8367496514144259,-0.5310797939905577,-3.2114714232882258,8.666218186437485,6.075,-0.11905839887834943,0.1911145074908009
NAS100_USD,Corto,1h+1d,30,50,3.0,37,2.410246120920278,62.16216216216216,-0.029245871831070604,0.03737584027467865,0.911935579946949,-0.2456353582706242,-1.0820972577496124,5.455548939817386,7.621621621621622,-0.06249529844071365,0.24506189769848447
NAS100_USD,Corto,1h+1d,30,60,1.5,45,2.9313804173354736,28.888888888888886,-0.2470472222595597,-0.12385903699140902,0.6811792477075983,-1.1916153002208527,-11.117125001680186,19.271522582493024,6.6,-0.19470287323773475,-0.5872854909014223
NAS100_USD,Corto,1h+1d,30,60,2.0,40,2.6056714820759765,37.5,-0.20789208594983322,-0.11083921184928795,0.6809459936767158,-1.1308594374565613,-8.315683437993329,15.350146820374047,8.525,-0.155349831102382,-0.5756878698819916
NAS100_USD,Corto,1h+1d,30,60,3.0,37,2.410246120920278,45.94594594594595,-0.07550876091021577,-0.008887048804466537,0.8497181118921026,-0.43781969875248694,-2.7938241536779835,8.87135950846146,10.567567567567568,-0.12145097397316715,0.30351449685913306
NAS100_USD,Corto,1h+1d,30,70,1.5,45,2.9313804173354736,22.22222222222222,-0.4032367906896769,-0.2800486054215261,0.5132364364551479,-2.0141228616441134,-18.14565558103546,24.92513884032973,7.688888888888889,-0.3072251244693356,-1.0273126211218953
NAS100_USD,Corto,1h+1d,30,70,2.0,40,2.6056714820759765,32.5,-0.2585629890033916,-0.16151011490284628,0.6217803928709079,-1.3422602914422719,-10.342519560135663,18.81280190342533,10.175,-0.24743571092727906,-0.3364539355361792
NAS100_USD,Corto,1h+1d,30,70,3.0,37,2.410246120920278,40.54054054054054,-0.053946995779451855,0.012674716326297368,0.8990797006750719,-0.251544220757567,-1.9960388438397187,10.536624555234983,12.486486486486486,-0.1966632122331955,1.1234617899639332
NAS100_USD,Corto,1h+1d,35,50,1.5,88,5.732477260567149,51.13636363636363,-0.09663449034323358,0.014252348711100987,0.820716140676963,-0.8764769089283441,-8.503835150204555,15.446736581194713,4.556818181818182,-0.11464647298405482,0.111789880214841
NAS100_USD,Corto,1h+1d,35,50,2.0,82,5.341626538255752,56.09756097560976,-0.1150923159162046,-0.031075147775519986,0.7552593459097171,-1.1801962267126624,-9.437569905128777,13.411132720852677,5.402439024390244,-0.12365955701675597,-0.023300446981725793
NAS100_USD,Corto,1h+1d,35,50,3.0,76,4.950775815944355,64.47368421052632,-0.0751496976515966,-0.019037687140752647,0.7663809248633924,-0.9828248134577219,-5.711377021521342,9.08433902463214,6.684210526315789,-0.10146143939267921,0.18420889951050354
NAS100_USD,Corto,1h+1d,35,60,1.5,88,5.732477260567149,35.22727272727273,-0.14811427551166503,-0.03722743645733051,0.7931214470160141,-1.0122447072183451,-13.034056245026523,21.373926124522466,6.636363636363637,-0.14704071845783442,-0.16053686427741948
NAS100_USD,Corto,1h+1d,35,60,2.0,82,5.341626538255752,40.243902439024396,-0.1824455541991088,-0.09842838605842417,0.7155865839184424,-1.442939105885051,-14.96053544432692,18.884013921351336,8.012195121951219,-0.17156955875827293,-0.2989740767794928
NAS100_USD,Corto,1h+1d,35,60,3.0,75,4.885634028892456,48.0,-0.138224543440395,-0.08242540818348695,0.7246255010702335,-1.281850076621036,-10.366840758029625,15.023610379402585,10.186666666666667,-0.10946328926418633,-0.4176195840092793
NAS100_USD,Corto,1h+1d,35,70,1.5,88,5.732477260567149,28.40909090909091,-0.25688273587113497,-0.1459958968168005,0.667537982520228,-1.6246832530749036,-22.60568075665988,30.510921186936834,8.511363636363637,-0.21367925412238908,-0.7568087389637669
NAS100_USD,Corto,1h+1d,35,70,2.0,82,5.341626538255752,34.146341463414636,-0.24166954857573378,-0.15765238043504917,0.6481296998836561,-1.738567520043767,-19.81690298321017,28.357360850784957,10.24390243902439,-0.23693265148495446,-0.2924220174055119
NAS100_USD,Corto,1h+1d,35,70,3.0,75,4.885634028892456,41.333333333333336,-0.18753200941923112,-0.13173287416232304,0.6481390247623168,-1.6207903148629983,-14.064900706442334,21.66533977594139,12.786666666666667,-0.16429617493317583,-0.4132515444266254
NAS100_USD,Corto,1h+1d,40,50,1.5,158,10.292402354200107,56.9620253164557,-0.02450407327740253,0.08408980526097051,0.9431424019299458,-0.33486263794920695,-3.8716435778296,21.198627955619692,3.7531645569620253,-0.07354961414599152,0.2954596933414876
NAS100_USD,Corto,1h+1d,40,50,2.0,147,9.575842696629213,61.904761904761905,-0.026577667455537458,0.05616510396908274,0.9246762435415937,-0.4158707043702774,-3.9069171159640064,16.51242443626603,4.3061224489795915,-0.06342711963462265,0.19451904561897365
NAS100_USD,Corto,1h+1d,40,50,3.0,139,9.054708400214018,67.62589928057554,-0.0289685251605906,0.026481359138174048,0.8880971614320614,-0.5639411468721657,-4.026624997322093,12.506775344409368,5.2086330935251794,-0.0709311905435302,0.23605883515271206
NAS100_USD,Corto,1h+1d,40,60,1.5,155,10.096976993044409,40.0,-0.0012324722106095193,0.10810393324073089,0.9980463393585761,-0.011318070754907534,-0.1910331926444755,26.390228758335454,6.025806451612903,-0.019191339767002727,0.12731521135094132
NAS100_USD,Corto,1h+1d,40,60,2.0,144,9.380417335473515,44.44444444444444,-0.043470748826557354,0.039898486773028013,0.9227895477792736,-0.4565392637956313,-6.2597878310242585,22.434217772070433,7.020833333333333,-0.044592236742201724,-0.036092538855213074
NAS100_USD,Corto,1h+1d,40,60,3.0,132,8.598715890850722,53.03030303030303,-0.04631253426468009,0.009734650958418654,0.893689025437464,-0.5961968379800636,-6.113254522937773,15.348534262108915,8.931818181818182,-0.048609279528695086,-0.030775728066931615
NAS100_USD,Corto,1h+1d,40,70,1.5,155,10.096976993044409,30.32258064516129,-0.0741287869811627,0.035207618470177775,0.8983565698866264,-0.5471496652614624,-11.489961982080217,33.28265218182851,8.270967741935484,-0.09837077431137553,0.09939280654036067
NAS100_USD,Corto,1h+1d,40,70,2.0,144,9.380417335473515,34.72222222222222,-0.08109511013616771,0.00227412546341769,0.8755018895202216,-0.6847275603895489,-11.67769585960815,28.712995267554625,9.645833333333334,-0.11016268088423613,0.11013890794322986
NAS100_USD,Corto,1h+1d,40,70,3.0,132,8.598715890850722,41.66666666666667,-0.07636524772478602,-0.02031806250168729,0.8526667962591762,-0.7959102604637609,-10.080212699671755,22.42410452774707,12.106060606060606,-0.10832796073342253,0.13985310498069622
SPX500_USD,Largo,1h,20,50,1.5,72,4.690208667736758,40.27777777777778,-0.18482434495999195,0.007803835760301945,0.7355495288445084,-1.247318463667227,-13.30735283711942,23.75543842710307,7.347222222222222,-0.32669644870144954,0.002812953536774551
SPX500_USD,Largo,1h,20,50,2.0,71,4.625066880684858,43.66197183098591,-0.174800511050857,-0.03203723380293841,0.7044856743651459,-1.3805269039358066,-12.410836284610847,20.542299671913405,8.338028169014084,-0.36527027261636724,0.07096692322722072
SPX500_USD,Largo,1h,20,50,3.0,70,4.559925093632959,51.42857142857142,-0.16784296899829446,-0.07294360379195994,0.647579958514946,-1.6362590306057463,-11.749007829880611,17.54905184030936,10.371428571428572,-0.34528854968093414,0.055395019602445854
SPX500_USD,Largo,1h,20,60,1.5,72,4.690208667736758,33.33333333333333,-0.19803324493180705,-0.0054050642115130755,0.7469779540571967,-1.1227948499395366,-14.258393635090107,21.229041705304308,9.25,-0.18687209948608155,-0.21279475987615354
SPX500_USD,Largo,1h,20,60,2.0,71,4.625066880684858,36.61971830985916,-0.20179290465102223,-0.05902962740310356,0.7000845067111827,-1.3674799416959211,-14.327296230222577,17.285715714878517,10.422535211267606,-0.27028030415705595,-0.11342206657872053
SPX500_USD,Largo,1h,20,60,3.0,70,4.559925093632959,45.714285714285715,-0.19915490482652892,-0.10425553962019447,0.6312394924515196,-1.7265105172510753,-13.940843337857025,15.59909055154415,12.685714285714285,-0.3075384002528919,-0.06280147509658847
SPX500_USD,Largo,1h,20,70,1.5,72,4.690208667736758,31.944444444444443,-0.2355533514851855,-0.042925170764891565,0.7051228546744203,-1.302735922413233,-16.959841306933356,24.34236457494377,10.152777777777779,-0.27321286941963036,-0.18574560195898418
SPX500_USD,Largo,1h,20,70,2.0,71,4.625066880684858,35.2112676056338,-0.2338504504803525,-0.09108717323243389,0.6604141550057326,-1.5512209823866914,-16.603381984105027,20.190694390335146,11.338028169014084,-0.34290477104347195,-0.09313519814084353
SPX500_USD,Largo,1h,20,70,3.0,70,4.559925093632959,45.714285714285715,-0.2031799375993235,-0.10828057239298908,0.6237866349409908,-1.7332371681706789,-14.222595631952647,16.300104793355892,13.7,-0.325513124401911,-0.04927689613800376
SPX500_USD,Largo,1h,25,50,1.5,249,16.220304975922954,39.3574297188755,-0.21797433000159142,-0.0364963173474632,0.6907484140797262,-2.7964570516875527,-54.27560817039626,57.744709267648474,6.236947791164659,-0.3844160323039966,-0.0501903559064248
SPX500_USD,Largo,1h,25,50,2.0,245,15.959737827715356,47.755102040816325,-0.11912226866107324,0.017371534604330288,0.780813115171878,-1.8073779557686924,-29.184955821962944,37.816618997840095,7.502040816326531,-0.28548218667375874,0.04860125523696217
SPX500_USD,Largo,1h,25,50,3.0,232,15.112894596040663,54.741379310344826,-0.08948428460198664,0.002254070777656748,0.7766019928008555,-1.7083469405235552,-20.7603540276609,28.810160295844614,9.099137931034482,-0.2193736344483754,0.038184734477797175
SPX500_USD,Largo,1h,25,60,1.5,249,16.220304975922954,31.72690763052209,-0.24478869769361447,-0.06331068503948628,0.6878428741871794,-2.708260417308251,-60.95238572571,60.95238572570999,8.481927710843374,-0.3311695460421198,-0.15771122960036305
SPX500_USD,Largo,1h,25,60,2.0,245,15.959737827715356,38.36734693877551,-0.16820089960384865,-0.03170709633844509,0.736809032860632,-2.1790420593423314,-41.20922040294292,45.722129951653535,10.30204081632653,-0.2575429607424285,-0.07812652648872302
SPX500_USD,Largo,1h,25,60,3.0,232,15.112894596040663,45.689655172413794,-0.13530632020507072,-0.043567964825427366,0.7209068494803134,-2.226910994253399,-31.391066287576407,35.859867990085796,12.422413793103448,-0.22448531668221333,-0.047651751018135666
SPX500_USD,Largo,1h,25,70,1.5,249,16.220304975922954,29.71887550200803,-0.2726566241954316,-0.09117861154130337,0.6598545579050287,-2.8847741193991627,-67.89149942466246,67.89149942466248,9.449799196787149,-0.3779592549710593,-0.16650477865548413
SPX500_USD,Largo,1h,25,70,2.0,245,15.959737827715356,36.3265306122449,-0.19948296359994852,-0.06298916033454499,0.6954470655229672,-2.5029429507297625,-48.873326081987386,55.29334192639582,11.375510204081632,-0.30736431269055275,-0.09071734115614255
SPX500_USD,Largo,1h,25,70,3.0,232,15.112894596040663,43.96551724137931,-0.15305163293485832,-0.06131327755521498,0.6912192130898428,-2.4417500098548675,-35.507978840887134,41.8289813002805,13.620689655172415,-0.2535316023643526,-0.05428926982039813
SPX500_USD,Largo,1h,30,50,1.5,613,39.93191546281434,43.882544861337685,-0.19167309632906335,-0.014225668744372687,0.6964761962823004,-4.246357056484655,-117.49560804971583,120.31376700617986,5.5905383360522025,-0.2477576194345243,-0.14032070486062562
SPX500_USD,Largo,1h,30,50,2.0,592,38.56393793472445,50.16891891891891,-0.1408570490418779,-0.006602492557670218,0.7227698294159827,-3.6486061645331542,-83.38737303279171,85.25099225013962,6.625,-0.1724415826537471,-0.11231925500671636
SPX500_USD,Largo,1h,30,50,3.0,551,35.893124665596574,56.80580762250453,-0.09298372776002421,-0.002916517714097932,0.743018350389519,-3.005659012416501,-51.234033995773345,53.99030133143788,8.11978221415608,-0.12372638492659789,-0.06551606156308555
SPX500_USD,Largo,1h,30,60,1.5,613,39.93191546281434,35.39967373572594,-0.1990205457911474,-0.021573118206456757,0.7251898482745243,-3.519751613975889,-121.99959456997335,123.33558985094979,8.081566068515498,-0.1749151922571734,-0.2210920101206923
SPX500_USD,Largo,1h,30,60,2.0,592,38.56393793472445,39.86486486486486,-0.1770055313163441,-0.042750974832136406,0.7111357355340153,-3.7085395943753423,-104.78727453927571,105.03927100000786,9.633445945945946,-0.13754131805557313,-0.21266290728507933
SPX500_USD,Largo,1h,30,60,3.0,549,35.762841091492774,46.44808743169399,-0.12947912424991329,-0.03944902984451411,0.7149070085753608,-3.4438055515883645,-71.08403921320239,71.55842076971908,11.737704918032787,-0.1089707325873218,-0.14792958041695056
SPX500_USD,Largo,1h,30,70,1.5,613,39.93191546281434,34.257748776508976,-0.17780310794485618,-0.0003556803601655412,0.7580702576231069,-2.893695853489519,-108.99330517019683,110.32930045117325,8.934747145187602,-0.1586067855037872,-0.19537974067995995
SPX500_USD,Largo,1h,30,70,2.0,592,38.56393793472445,38.682432432432435,-0.1555158385169292,-0.02126128203272154,0.7502210423781827,-3.0050871384606235,-92.0653764020221,92.31737286275427,10.679054054054054,-0.12067873323502694,-0.18699245132790848
SPX500_USD,Largo,1h,30,70,3.0,548,35.697699304440874,45.07299270072993,-0.11213420882455273,-0.02206744163037385,0.7569021120465714,-2.7683052027902835,-61.4495464358549,61.80611622274522,12.97080291970803,-0.09782501586352972,-0.12495801843322041
SPX500_USD,Largo,1h,35,50,1.5,1157,75.36904761904762,50.216076058772686,-0.1406211864396871,0.03888386402342803,0.7396721383234112,-4.744725552241812,-162.69871271071798,163.01691919371643,4.86171132238548,-0.1341451947894099,-0.14713084875712348
SPX500_USD,Largo,1h,35,50,2.0,1094,71.26511503477796,55.21023765996343,-0.10790787537757704,0.027547724481889403,0.752698001695769,-4.2111056605235095,-118.05121566306929,118.05121566306924,5.609689213893967,-0.09987985759657106,-0.11599481439000323
SPX500_USD,Largo,1h,35,50,3.0,1009,65.72806313536651,61.05054509415263,-0.06559135988827677,0.02568647050930946,0.7819244591654001,-3.2207420766427513,-66.18168212727126,69.51350274015039,6.757185332011893,-0.06178180264703381,-0.0695003634028855
SPX500_USD,Largo,1h,35,60,1.5,1153,75.10848047084002,39.028620988725066,-0.14445828465389382,0.03493706215680391,0.7845816882762797,-3.73525800149983,-166.56040220593957,169.3870417655548,7.8586296617519515,-0.10839434045760113,-0.1807103885590367
SPX500_USD,Largo,1h,35,60,2.0,1089,70.93940609951846,43.98530762167126,-0.11475959446149696,0.020663268977907233,0.7954961815139485,-3.428044425432103,-124.97319836857018,125.84317803828172,9.18457300275482,-0.07226251714061335,-0.15764871124106028
SPX500_USD,Largo,1h,35,60,3.0,993,64.68579454253612,50.15105740181269,-0.085209600291893,0.006268378834358969,0.7958157713476505,-3.161349237923387,-84.61313308984975,88.27893181535927,11.202416918429003,-0.06258838944467358,-0.1082446137765615
SPX500_USD,Largo,1h,35,70,1.5,1153,75.10848047084002,36.600173460537725,-0.13654131104178593,0.042854035768911815,0.8033220141784932,-3.179109149800014,-157.43213163117917,164.95596019159026,9.216825672159583,-0.11288585222961439,-0.16032018963906441
SPX500_USD,Largo,1h,35,70,2.0,1089,70.93940609951846,41.32231404958678,-0.10460010929702025,0.03082275414238393,0.820528143700765,-2.8163702975899803,-113.90951902445505,117.96147075862889,10.805325987144169,-0.08370700551939493,-0.12568595388440226
SPX500_USD,Largo,1h,35,70,3.0,991,64.55551096843232,47.22502522704339,-0.07432047477774725,0.017135653005225362,0.8302107545440012,-2.4821874193994202,-73.65159050474753,83.87121926271733,13.121089808274471,-0.07081882929405407,-0.07787194042076129
SPX500_USD,Largo,1h,40,50,1.5,1838,119.73060460139112,52.937976060935796,-0.17984489154823774,0.004392396880605548,0.6267511922628032,-8.805569794561434,-330.55491066566094,330.5549106656607,3.7780195865070727,-0.16082466053530284,-0.19857755967328808
SPX500_USD,Largo,1h,40,50,2.0,1714,111.65302300695559,57.4095682613769,-0.13814091393672667,0.0011089733044754259,0.6375631128700494,-7.765834514573759,-236.7735264875495,237.0202658625453,4.369311551925321,-0.12070737700755085,-0.15537220565790735
SPX500_USD,Largo,1h,40,50,3.0,1572,102.40288924558588,61.06870229007634,-0.08972133034242086,0.0035489725313563535,0.6545538629955314,-6.316605664363551,-141.0419312982856,141.3884890219242,5.290712468193385,-0.06000780754661599,-0.11854121335489322
SPX500_USD,Largo,1h,40,60,1.5,1804,117.51578384162654,40.79822616407982,-0.16526332838710467,0.019167659316992193,0.7467663247290512,-5.625181966048394,-298.13504441033683,302.7956991788997,6.946784922394679,-0.11752935473479204,-0.2120541499804254
SPX500_USD,Largo,1h,40,60,2.0,1665,108.46107544141252,46.48648648648649,-0.12535103572124628,0.014145625609331042,0.7684484398192852,-4.850268603224606,-208.70947447587506,210.99135461360984,8.236036036036037,-0.0858446066172797,-0.16443266451226698
SPX500_USD,Largo,1h,40,60,3.0,1484,96.67041198501873,51.75202156334232,-0.09498442513398057,-0.0011818439350361964,0.7626099022358677,-4.5240132639691035,-140.95688689882718,143.8241775144688,10.126010781671159,-0.036515313035401065,-0.15098518421520582
SPX500_USD,Largo,1h,40,70,1.5,1796,116.99464954521135,36.24721603563474,-0.16738490831882882,0.017031294797572618,0.7618740565244305,-4.940133707365371,-300.62329534061655,311.2394661734861,8.803452115812918,-0.1355584127488292,-0.19851037975733066
SPX500_USD,Largo,1h,40,70,2.0,1652,107.61423220973782,41.34382566585956,-0.13047717478836657,0.009053285140064557,0.7793822923271184,-4.378808683560926,-215.54829275038156,221.59397997721967,10.484261501210653,-0.11171281166187413,-0.1490157333044319
SPX500_USD,Largo,1h,40,70,3.0,1463,95.30243445692884,46.069719753930286,-0.10097014663501673,-0.007037321163248596,0.7730766591599506,-4.163979084663986,-147.71932452702947,153.0800443945047,12.850307587149693,-0.06422701592321199,-0.13618846201607723
SPX500_USD,Largo,1d,20,50,1.5,284,18.50026752273943,33.45070422535211,-0.30520094181581897,-0.16724863847285512,0.5759624123972643,-4.397125303145387,-86.67706747569258,90.47237870596234,6.383802816901408,-0.23348605589870863,-0.3674796585333094
SPX500_USD,Largo,1d,20,50,2.0,274,17.848849652220437,38.68613138686132,-0.254773343717595,-0.15113154009408078,0.5788624288637826,-4.231462529484323,-69.80789617862104,73.21852822514825,7.821167883211679,-0.24439475321172544,-0.2637398810934143
SPX500_USD,Largo,1d,20,50,3.0,259,16.871722846441948,44.4015444015444,-0.19368216334704455,-0.12422339926244358,0.5739631171448715,-3.969490018330983,-50.16368030688454,51.105895629732785,9.872586872586872,-0.18923375425275288,-0.19740494542595532
SPX500_USD,Largo,1d,20,60,1.5,284,18.50026752273943,28.87323943661972,-0.31518434311391286,-0.1772320397709491,0.5863008997889081,-4.003019427968525,-89.51235344435125,93.04091078179749,7.72887323943662,-0.2203070711511207,-0.39757776350265345
SPX500_USD,Largo,1d,20,60,2.0,274,17.848849652220437,33.57664233576642,-0.2657139654649333,-0.16207216184141912,0.589286909729816,-3.9298863212367023,-72.80562653739173,72.80562653739177,9.386861313868613,-0.2375523148593379,-0.29004409898133215
SPX500_USD,Largo,1d,20,60,3.0,259,16.871722846441948,38.22393822393823,-0.21008634815870256,-0.14062758407410164,0.5759581321219696,-3.8823079817392823,-54.41236417310396,54.412364173103924,11.702702702702704,-0.20727112428128056,-0.2124423511199493
SPX500_USD,Largo,1d,20,70,1.5,284,18.50026752273943,28.87323943661972,-0.29611072445062103,-0.15815842110765724,0.6113362134114554,-3.5441618933747243,-84.09544574397637,89.74908015406953,8.20774647887324,-0.18030820941232292,-0.39667606645756404
SPX500_USD,Largo,1d,20,70,2.0,274,17.848849652220437,33.57664233576642,-0.24855932773856276,-0.14491752411504852,0.6158027695971552,-3.486564649788215,-68.1052558003662,69.33559635667463,9.934306569343066,-0.20277251206666924,-0.28811664467958636
SPX500_USD,Largo,1d,20,70,3.0,259,16.871722846441948,38.22393822393823,-0.19650858915349934,-0.12704982506889836,0.6033637124494206,-3.4659684050188257,-50.89572459075633,50.8957245907563,12.301158301158301,-0.1823161245373884,-0.20838597088896807
SPX500_USD,Largo,1d,25,50,1.5,673,43.8404226859283,39.22734026745914,-0.18025510860990926,-0.03834076475273115,0.7277853000130782,-3.8781505799134988,-121.31168809446893,123.65781593134005,6.1114413075780085,-0.20173682077465052,-0.16504343933589197
SPX500_USD,Largo,1d,25,50,2.0,644,41.951310861423224,44.72049689440994,-0.14528033206588273,-0.03802549169197225,0.7369743294861294,-3.6155856754541986,-93.56053385042847,95.37481625918005,7.285714285714286,-0.19207156331833933,-0.11192913532211043
SPX500_USD,Largo,1d,25,50,3.0,592,38.56393793472445,51.689189189189186,-0.1040601017737727,-0.03193761029293453,0.7429850310475238,-3.219416321564493,-61.60358025007344,62.81310185590778,8.989864864864865,-0.12569760282965953,-0.08888898034378308
SPX500_USD,Largo,1d,25,60,1.5,673,43.8404226859283,33.43239227340267,-0.19084251418553483,-0.04892817032835669,0.7323063416843695,-3.582844517956098,-128.43701204686494,130.38233529234478,7.900445765230312,-0.18290757017668177,-0.19646142123748908
SPX500_USD,Largo,1d,25,60,2.0,644,41.951310861423224,38.04347826086957,-0.1656625181050622,-0.05840767773115171,0.7273256572345714,-3.621242903176378,-106.68666165966005,108.20034062486816,9.4472049689441,-0.17918862796951715,-0.15602156745699325
SPX500_USD,Largo,1d,25,60,3.0,592,38.56393793472445,43.91891891891892,-0.12148107766567798,-0.04935858618483981,0.733111364650954,-3.312635104396661,-71.91679797808136,72.9259172882201,11.619932432432432,-0.11892134826742291,-0.12327583046215568
SPX500_USD,Largo,1d,25,70,1.5,673,43.8404226859283,32.5408618127786,-0.19609831015881143,-0.0541839663016333,0.7286437770326586,-3.5054348938404782,-131.9741627368801,134.58476826859555,8.656760772659732,-0.18376942701065754,-0.2048286614236209
SPX500_USD,Largo,1d,25,70,2.0,644,41.951310861423224,37.11180124223603,-0.1664560868448701,-0.05920124647095962,0.7295239702610985,-3.4687785916626694,-107.19771992809633,109.21036060798112,10.309006211180124,-0.17025884022157992,-0.16374561369338542
SPX500_USD,Largo,1d,25,70,3.0,592,38.56393793472445,43.07432432432432,-0.11536338478901373,-0.04324089330817556,0.7498685180265279,-2.9744137173009237,-68.29512379509613,69.63688424835266,12.64358108108108,-0.10541709021460967,-0.1223372235135959
SPX500_USD,Largo,1d,30,50,1.5,1254,81.68780096308186,46.09250398724083,-0.08311589543327487,0.06393369297052405,0.8562603116270361,-2.5623002971228903,-104.22733287332669,109.95761572169063,5.583732057416268,-0.1059629092066094,-0.06771170056607335
SPX500_USD,Largo,1d,30,50,2.0,1195,77.8444355270198,50.46025104602511,-0.09196567124822405,0.019122056071871802,0.8124836480110873,-3.307490756707413,-109.89897714162774,113.94668927790055,6.451046025104603,-0.09997381263517165,-0.08666403661653133
SPX500_USD,Largo,1d,30,50,3.0,1079,70.28798822899947,57.64596848934198,-0.0551299551480532,0.01969699703303597,0.8417105935557786,-2.459190138049013,-59.485221604749405,62.09981615351271,7.89805375347544,-0.060231371188192884,-0.05177602878064955
SPX500_USD,Largo,1d,30,60,1.5,1254,81.68780096308186,38.27751196172249,-0.08839718887049061,0.058652399533308336,0.8649723384927491,-2.2522477311036386,-110.85007484359522,116.16015771822217,7.804625199362041,-0.08994492278173744,-0.08735365666063796
SPX500_USD,Largo,1d,30,60,2.0,1195,77.8444355270198,41.84100418410041,-0.10458148184921023,0.0065062454708856065,0.8153798954442105,-3.1356954330006834,-124.97487080980623,129.13077151688032,9.056903765690377,-0.08025416307615595,-0.12068691124555771
SPX500_USD,Largo,1d,30,60,3.0,1077,70.15770465489567,48.467966573816156,-0.06409187987021038,0.010687851324454411,0.845400623944553,-2.4014916573154133,-69.02695462021659,74.5096262859997,11.060352831940575,-0.03820440662777099,-0.08116405020574824
SPX500_USD,Largo,1d,30,70,1.5,1254,81.68780096308186,37.16108452950559,-0.08536003059094366,0.061689557812855275,0.8718039585327693,-2.036669356631455,-107.04147836104335,110.29170802502152,8.787081339712918,-0.1087094426848379,-0.06961710254365847
SPX500_USD,Largo,1d,30,70,2.0,1195,77.8444355270198,40.50209205020921,-0.102947039652464,0.008140687667631813,0.8215582367728543,-2.904448182807758,-123.02171238469448,125.20938463267802,10.185774058577406,-0.09467863288975178,-0.10842097792652663
SPX500_USD,Largo,1d,30,70,3.0,1077,70.15770465489567,46.982358402971215,-0.059417842491516486,0.015361888703148308,0.8593171534551731,-2.094305152119575,-63.99301636336325,66.56586046784201,12.44196843082637,-0.0487136355211455,-0.06647701134100613
SPX500_USD,Largo,1d,35,50,1.5,1880,122.4665596575709,51.06382978723404,-0.07617082152999329,0.08003346844157155,0.8545065152115723,-3.1314018691679206,-143.20114447638738,150.6794832232439,4.76968085106383,-0.09102866051437199,-0.06544923076104606
SPX500_USD,Largo,1d,35,50,2.0,1781,116.01752273943285,56.14823133071308,-0.06381504791912307,0.053463029520409544,0.8502796669526795,-3.0664676042932077,-113.65460034395818,119.94018656685539,5.469399213924762,-0.07219899503726855,-0.05785527763340968
SPX500_USD,Largo,1d,35,50,3.0,1613,105.07370251471374,62.18226906385617,-0.03630127689353004,0.04285902523296922,0.8775561724150128,-2.1866695020523745,-58.55395962926396,67.38121582051136,6.6119032858028515,-0.03251810300114238,-0.03897552044920724
SPX500_USD,Largo,1d,35,60,1.5,1874,122.0757089352595,41.03521878335112,-0.05651810434325652,0.09962124195299639,0.9096197963543762,-1.8282766767782461,-105.91492753926272,110.961948912953,7.4706510138740665,-0.05445717370500513,-0.05800371550122469
SPX500_USD,Largo,1d,35,60,2.0,1773,115.49638844301765,45.741680767061474,-0.05996627291492158,0.05726902866253531,0.8863480144253254,-2.27815666666727,-106.32020187815596,112.0038282281345,8.636209813874789,-0.043421114110350975,-0.07173633279809585
SPX500_USD,Largo,1d,35,60,3.0,1594,103.83600856072766,51.44291091593476,-0.045984786614836265,0.033221605184594244,0.8830552236549447,-2.167505944966336,-73.299749864049,83.2537524066179,10.510664993726474,-0.021571013207717493,-0.0631030887796997
SPX500_USD,Largo,1d,35,70,1.5,1874,122.0757089352595,38.740661686232656,-0.061323240380403835,0.09481610591584909,0.9053987107701739,-1.8136107313444023,-114.91975247287678,119.3735506550525,8.89007470651014,-0.08287192269503875,-0.045789984533766176
SPX500_USD,Largo,1d,35,70,2.0,1773,115.49638844301765,43.260011280315844,-0.06056548569666438,0.05666981588079253,0.8894475395859479,-2.1035706110590526,-107.38260614018594,109.80171606535195,10.258883248730964,-0.06739401449630483,-0.05570773885753794
SPX500_USD,Largo,1d,35,70,3.0,1591,103.64058319957196,48.52294154619736,-0.04868994652008932,0.030487705916193826,0.8821766133699023,-2.0988280911619874,-77.4657049134621,86.30043064714575,12.465116279069768,-0.044551167817139685,-0.051586207257730374
SPX500_USD,Largo,1d,40,50,1.5,2554,166.3721241305511,53.44557556773688,-0.14093431250511385,0.025210192712727158,0.7028516359712886,-7.871878106560621,-359.94623413806073,359.9462341380598,3.8042286609240406,-0.14203992619917413,-0.14013713821087898
SPX500_USD,Largo,1d,40,50,2.0,2399,156.27514713750668,57.8991246352647,-0.10545233233802863,0.019235601149330823,0.7177885342935846,-6.841938843577378,-252.98014527893068,252.98014527893085,4.380158399333055,-0.10601211398322771,-0.10504945006435132
SPX500_USD,Largo,1d,40,50,3.0,2199,143.2467897271268,61.57344247385175,-0.07458678751647445,0.009043639691201128,0.7152272660595914,-6.034950222515984,-164.0163457487273,164.01634574872716,5.255570713960891,-0.0645078533236463,-0.08179613436111048
SPX500_USD,Largo,1d,40,60,1.5,2512,163.6361690743713,40.48566878980891,-0.13930516449915573,0.026847042604523558,0.7802764352149325,-5.658311079228236,-349.9345732218792,349.9547324199501,6.76234076433121,-0.11733010778433074,-0.15513924646079677
SPX500_USD,Largo,1d,40,60,2.0,2327,151.58493846976992,45.938977223893424,-0.10008775965175878,0.024677134234150643,0.8074592141174914,-4.664123273456175,-232.9042167096427,232.90421670964307,7.965620971207564,-0.08404785349809607,-0.1116958991422243
SPX500_USD,Largo,1d,40,60,3.0,2079,135.42977528089887,51.03415103415103,-0.07986529279468156,0.004005002191110678,0.7943189276086223,-4.5739469067586676,-166.03994372014296,166.0399437201431,9.684944684944686,-0.047015618566878296,-0.10322506113445276
SPX500_USD,Largo,1d,40,70,1.5,2502,162.98475120385234,36.290967226219024,-0.14509750188031154,0.02110769879240213,0.7864487863707289,-5.142380498059957,-363.03394970453945,363.0541089026101,8.58792965627498,-0.13268236044589599,-0.15404596695821218
SPX500_USD,Largo,1d,40,70,2.0,2314,150.73809523809524,41.184096802074336,-0.10307883513182775,0.021682605622377355,0.8172423901954967,-4.167557048285553,-238.52442449504943,238.52442449504971,10.17286084701815,-0.10157565852402188,-0.10416950689871451
SPX500_USD,Largo,1d,40,70,3.0,2052,133.6709470304976,45.71150097465887,-0.08405222647526506,-8.598664108930434e-05,0.803517949692673,-4.18061896557658,-172.4751687272439,172.4751687272442,12.36598440545809,-0.06459463166705064,-0.09792266551217248
SPX500_USD,Largo,1h+1d,20,50,1.5,56,3.647940074906367,46.42857142857143,-0.020063057990825754,0.16750097796229538,0.967247378402743,-0.11742572967010009,-1.1235312474862422,17.24884718799812,7.535714285714286,0.05498987119240604,-0.08993992309245534
SPX500_USD,Largo,1h+1d,20,50,2.0,55,3.5827982878544677,50.90909090909091,-0.012588107472857251,0.12581117317691431,0.9747354673986309,-0.08703432203604788,-0.6923459110071488,12.597461135499435,8.745454545454546,-0.033489462848464574,0.006151038725963113
SPX500_USD,Largo,1h+1d,20,50,3.0,55,3.5827982878544677,58.18181818181818,-0.056804687626946564,0.03546149947290116,0.857987198785276,-0.4994552680167031,-3.124257819482061,9.44006972137052,10.418181818181818,-0.13437591394220288,0.012741929069490114
SPX500_USD,Largo,1h+1d,20,60,1.5,56,3.647940074906367,39.285714285714285,-0.0015803144600671384,0.18598372149305398,0.9977445131821905,-0.007520101581511613,-0.08849760976375975,18.53319894994385,9.571428571428571,0.2372114204334138,-0.22390365384365285
SPX500_USD,Largo,1h+1d,20,60,2.0,55,3.5827982878544677,43.63636363636363,-0.01580454599725492,0.12259473465251668,0.9729236351713285,-0.09063124094711977,-0.8692500298490207,14.013904304092316,11.018181818181818,0.0892023206950082,-0.10994863337652527
SPX500_USD,Largo,1h+1d,20,60,3.0,55,3.5827982878544677,50.90909090909091,-0.08066974895635387,0.011596438143493844,0.8323593543120886,-0.6034522529354196,-4.436836192599463,9.96630025883545,12.854545454545455,-0.07321990220881655,-0.08734892190242184
SPX500_USD,Largo,1h+1d,20,70,1.5,56,3.647940074906367,39.285714285714285,0.005774599786293767,0.19333863573941487,1.008241735442677,0.02636578018014248,0.323377588032451,18.53319894994385,10.553571428571429,0.22140961681726423,-0.19498903675978216
SPX500_USD,Largo,1h+1d,20,70,2.0,55,3.5827982878544677,43.63636363636363,-0.010188066027306573,0.12821121462246507,0.982545794564307,-0.05639719310363437,-0.5603436315018615,14.013904304092316,12.018181818181818,0.07689514672473782,-0.08826267056362225
SPX500_USD,Largo,1h+1d,20,70,3.0,55,3.5827982878544677,50.90909090909091,-0.0769254289763883,0.015340758123459397,0.8401404646691221,-0.5600122777100413,-4.230898593701356,9.96630025883545,13.854545454545455,-0.08142468485566345,-0.0728916133604865
SPX500_USD,Largo,1h+1d,25,50,1.5,194,12.637506688068486,44.84536082474227,-0.09644019039602811,0.0857503006704201,0.8496022716173678,-1.0805455485093298,-18.709396936829453,20.265395511370787,6.211340206185567,-0.13508569408744092,-0.06873854615705081
SPX500_USD,Largo,1h+1d,25,50,2.0,190,12.376939539860889,52.63157894736842,-0.02708669918679119,0.1100667281314573,0.9451403467489421,-0.36164231490758225,-5.146472845490326,15.256642426455068,7.3578947368421055,-0.14453085185933107,0.05649967974231374
SPX500_USD,Largo,1h+1d,25,50,3.0,182,11.855805243445692,59.34065934065934,-0.01786221256803362,0.07388804613759224,0.9492084934219439,-0.3094303003036054,-3.2509226873821184,13.25047722622558,8.89010989010989,-0.11880917551392038,0.052895004450111326
SPX500_USD,Largo,1h+1d,25,60,1.5,194,12.637506688068486,37.11340206185567,-0.10025086556779152,0.08193962549865673,0.8613423539619486,-0.9418412227488104,-19.448667920151554,25.737818771065577,8.778350515463918,-0.043641743143861586,-0.14082908606636074
SPX500_USD,Largo,1h+1d,25,60,2.0,190,12.376939539860889,43.15789473684211,-0.062099684257918945,0.07505374306032958,0.8949658655394722,-0.6900864272800001,-11.7989400090046,20.967223094859285,10.510526315789473,-0.08859978589987401,-0.043239251557788766
SPX500_USD,Largo,1h+1d,25,60,3.0,182,11.855805243445692,50.54945054945055,-0.043671879771301464,0.04807837893432444,0.899241223043346,-0.6339068055374408,-7.948282118376866,15.478383563067146,12.593406593406593,-0.08027158201519163,-0.018017882871378437
SPX500_USD,Largo,1h+1d,25,70,1.5,194,12.637506688068486,35.56701030927835,-0.10159860922436759,0.08059188184208069,0.8623843177131648,-0.8919736602852848,-19.710130189527312,24.834529582305887,9.860824742268042,-0.05589959150032729,-0.13435631219469732
SPX500_USD,Largo,1h+1d,25,70,2.0,190,12.376939539860889,41.578947368421055,-0.068227979149134,0.0689254481691145,0.8872322367192041,-0.71663205886072,-12.963316038335462,20.02642304448751,11.705263157894738,-0.10119047308538563,-0.044768186167477415
SPX500_USD,Largo,1h+1d,25,70,3.0,182,11.855805243445692,48.9010989010989,-0.04927296582621541,0.04247729287941048,0.8896945608310509,-0.6774680339629098,-8.967679780371205,15.28281057898767,13.89010989010989,-0.09565451171247327,-0.01676253646668887
SPX500_USD,Largo,1h+1d,30,50,1.5,470,30.616639914392724,46.38297872340426,-0.1454256263577692,0.03568862154504006,0.7588860219163956,-2.8271466507226783,-68.35004438815153,70.47101503828446,5.593617021276596,-0.1451963060302368,-0.14557184803002857
SPX500_USD,Largo,1h+1d,30,50,2.0,457,29.76979668271803,51.42231947483589,-0.12657503496910893,0.010145895677646517,0.7469180440980236,-2.882761779575933,-57.844790980882784,59.26385765189227,6.49234135667396,-0.13827592303295763,-0.11904100992080345
SPX500_USD,Largo,1h+1d,30,50,3.0,425,27.68525949705725,58.58823529411765,-0.07490673402175312,0.01658963374149945,0.784937049735899,-2.14252292796233,-31.835361959245077,34.0409274008653,7.988235294117647,-0.08377392229400112,-0.06933501418785017
SPX500_USD,Largo,1h+1d,30,60,1.5,470,30.616639914392724,37.234042553191486,-0.1592305433614371,0.021883704541372177,0.7725130738644908,-2.4478434453886972,-74.83835537987544,82.04294414699314,8.225531914893617,-0.07012199862124419,-0.21604888373584585
SPX500_USD,Largo,1h+1d,30,60,2.0,457,29.76979668271803,40.91903719912472,-0.15871470841511265,-0.021993777768357214,0.7364939013477115,-2.9002476488451454,-72.53262174570648,77.62190201684362,9.62363238512035,-0.09246013786928066,-0.2013750254212419
SPX500_USD,Largo,1h+1d,30,60,3.0,423,27.55497592295345,48.46335697399527,-0.09876017078006617,-0.007305217133160534,0.7717228898976923,-2.3118298665095156,-41.77555223996799,49.08320316487841,11.784869976359339,-0.04393080331868496,-0.13347838029229214
SPX500_USD,Largo,1h+1d,30,70,1.5,470,30.616639914392724,36.38297872340426,-0.15214812556342064,0.02896612233938869,0.785353757102608,-2.211774500576313,-71.5096190148077,75.06999852314044,9.053191489361701,-0.08832295968583817,-0.1928450083355376
SPX500_USD,Largo,1h+1d,30,70,2.0,457,29.76979668271803,40.0437636761488,-0.1495219545126728,-0.012801023865917378,0.7551183869103426,-2.5852921625429404,-68.33153321229148,70.94266504604693,10.61925601750547,-0.10701942716205,-0.17688868974922492
SPX500_USD,Largo,1h+1d,30,70,3.0,423,27.55497592295345,47.28132387706856,-0.08968468008355579,0.0017702735633498895,0.7958419541953686,-1.987884941591632,-37.9366196753441,43.64964139055171,12.962174940898345,-0.05622130245344817,-0.1108738458416162
SPX500_USD,Largo,1h+1d,35,50,1.5,873,56.868780096308186,50.63001145475372,-0.13980103817765047,0.045483777189143274,0.7408676042939968,-4.1035873349942324,-122.04630632908885,125.28225692402202,4.822451317296678,-0.11002882334758579,-0.16079277558712968
SPX500_USD,Largo,1h+1d,35,50,2.0,829,54.00254146602461,55.60916767189384,-0.10861248051089885,0.030726724584299744,0.7501880065034335,-3.7036463077371424,-90.03974634353514,93.43301598315936,5.530759951749095,-0.07905468546411232,-0.1295771846265577
SPX500_USD,Largo,1h+1d,35,50,3.0,765,49.83346709470305,61.830065359477125,-0.05998685940954974,0.03416628986216093,0.7963109540779019,-2.5817892209132265,-45.88994744830555,51.29095839812097,6.666666666666667,-0.037579466361720465,-0.07627394871293805
SPX500_USD,Largo,1h+1d,35,60,1.5,869,56.60821294810059,39.930955120828536,-0.13422714285179138,0.050938720556863645,0.7969945044197422,-3.0166584944870563,-116.6433871382067,122.75498660645096,7.947065592635213,-0.06525472131115097,-0.18277831801471273
SPX500_USD,Largo,1h+1d,35,60,2.0,824,53.67683253076512,44.66019417475729,-0.11472179291908356,0.024597713225545714,0.7932489075068153,-3.0047076242398423,-94.53075736532486,103.83189663477846,9.219660194174757,-0.045380218668153116,-0.16392266095605082
SPX500_USD,Largo,1h+1d,35,60,3.0,752,48.986623863028356,51.06382978723404,-0.07926413594086489,0.015067069983592045,0.8056864682974548,-2.583766476362638,-59.606630227530395,67.52259529254059,11.311170212765957,-0.03376337039120592,-0.11206217060480671
SPX500_USD,Largo,1h+1d,35,70,1.5,869,56.60821294810059,37.9746835443038,-0.14024232031819855,0.0449235430904565,0.7942962948667834,-2.9320068829577934,-121.87057635651453,126.68941283509743,9.21288837744534,-0.09821821345492435,-0.1698239955415621
SPX500_USD,Largo,1h+1d,35,70,2.0,824,53.67683253076512,42.71844660194174,-0.11047873965503427,0.028840766489594997,0.8065465640950162,-2.6766628950223934,-91.03448147574824,98.33488828219146,10.70388349514563,-0.0708430580437377,-0.13860198262404552
SPX500_USD,Largo,1h+1d,35,70,3.0,751,48.921482075976456,48.8681757656458,-0.07479980248203082,0.019476804565896153,0.8235355849389792,-2.250913840866325,-56.17465166400515,66.89363431096223,13.079893475366179,-0.05776754641770203,-0.08703808258317326
SPX500_USD,Largo,1h+1d,40,50,1.5,1378,89.76538255751738,52.685050798258345,-0.19068815049075644,0.0013400102345180935,0.6051909716137607,-8.16861707747593,-262.76827137626236,263.26756010952334,3.785921625544267,-0.15734019582325598,-0.21442526604911394
SPX500_USD,Largo,1h+1d,40,50,2.0,1287,83.83747993579455,57.34265734265735,-0.1406469473423183,0.003763987117081648,0.6262630828634903,-6.949495257046631,-181.01262122956365,181.3870877795093,4.397047397047397,-0.10458888583475812,-0.1662180029134168
SPX500_USD,Largo,1h+1d,40,50,3.0,1187,77.3233012306046,60.7413647851727,-0.09632126001116108,0.0004133283000190882,0.6297490998366111,-5.935703441875305,-114.3333356332482,114.58297999987869,5.244313395113732,-0.05453340069882785,-0.1256986646927153
SPX500_USD,Largo,1h+1d,40,60,1.5,1350,87.9414125200642,40.44444444444444,-0.18956234804609454,0.0025479465459487946,0.7098121599074719,-5.7385831548355135,-255.90916986222763,258.1820233152556,7.057037037037037,-0.12124707940959852,-0.23798836125677522
SPX500_USD,Largo,1h+1d,40,60,2.0,1246,81.16666666666667,46.22792937399679,-0.13874931371057975,0.00581638385172168,0.7413582118978876,-4.7658215818550005,-172.88164488338236,174.3362849731535,8.39486356340289,-0.07385137075658521,-0.18477432949551142
SPX500_USD,Largo,1h+1d,40,60,3.0,1118,72.82851792402354,50.98389982110913,-0.10921789901102026,-0.012156095788050715,0.7260515469971387,-4.615305216161218,-122.10561109432065,127.08552206968363,10.242397137745975,-0.023801018880953123,-0.1678373265512624
SPX500_USD,Largo,1h+1d,40,70,1.5,1344,87.5505617977528,36.160714285714285,-0.20263491869745057,-0.010528911005680895,0.7116179348908751,-5.401423464434012,-272.34133072937357,276.1058977302487,8.801339285714286,-0.16580414184029918,-0.22870193611731504
SPX500_USD,Largo,1h+1d,40,70,2.0,1237,80.58039058319957,41.552142279708974,-0.14702637861494514,-0.002501878537991624,0.7479099387444843,-4.423933580073332,-181.87163034668714,183.4450555973435,10.50767987065481,-0.11652765734063575,-0.1687087337117571
SPX500_USD,Largo,1h+1d,40,70,3.0,1101,71.72110754414125,45.776566757493185,-0.1205576874112735,-0.023363822450753243,0.7266646872992276,-4.467027708390335,-132.73401383981212,133.63317878205936,12.792915531335149,-0.06860646582384171,-0.15619956684644873
SPX500_USD,Corto,1h,20,50,1.5,25,1.6285446762974853,24.0,-0.5446036675574372,-0.38127977967744026,0.38391078105921955,-2.2771278195946336,-13.61509168893593,15.997673528746617,6.32,-0.3693408010593742,-0.8074979673045318
SPX500_USD,Corto,1h,20,50,2.0,24,1.5634028892455858,25.0,-0.5251091925502913,-0.40033922171978625,0.3355052005955574,-2.5619422904988864,-12.602620621206992,14.389557001065006,7.5,-0.41843338168854693,-0.7029022106531987
SPX500_USD,Corto,1h,20,50,3.0,24,1.5634028892455858,29.166666666666668,-0.49040155787542483,-0.4072215773217547,0.28334199381766983,-2.9286226483560873,-11.769637389010196,12.960928308915536,9.458333333333334,-0.3990310655513544,-0.6426857117488753
SPX500_USD,Corto,1h,20,60,1.5,25,1.6285446762974853,24.0,-0.40046042920817426,-0.2371365413281773,0.5469744921952195,-1.3155265778741403,-10.011510730204357,13.27931877746654,6.84,-0.1291020704772692,-0.8074979673045318
SPX500_USD,Corto,1h,20,60,2.0,24,1.5634028892455858,25.0,-0.4124972875899296,-0.28772731675942453,0.478008943167196,-1.6202405487571059,-9.89993490215831,12.47937422419463,8.041666666666666,-0.23825433375196822,-0.7029022106531987
SPX500_USD,Corto,1h,20,60,3.0,24,1.5634028892455858,29.166666666666668,-0.37097685732280267,-0.28779687676913257,0.4578656396187814,-1.7636317961983767,-8.903444575747264,10.289737457104833,10.333333333333334,-0.20795154466715904,-0.6426857117488753
SPX500_USD,Corto,1h,20,70,1.5,25,1.6285446762974853,24.0,-0.3373132744853015,-0.17398938660530455,0.6184104437855459,-0.9481278803230735,-8.432831862132538,12.362001913750074,7.48,-0.023856812605814664,-0.8074979673045318
SPX500_USD,Corto,1h,20,70,2.0,24,1.5634028892455858,25.0,-0.36316357296268525,-0.2383936021321801,0.5404378575152669,-1.2382130927031698,-8.715925751104447,11.662803289817596,8.708333333333334,-0.15932039034837722,-0.7029022106531987
SPX500_USD,Corto,1h,20,70,3.0,24,1.5634028892455858,29.166666666666668,-0.32800814668212913,-0.24482816612845906,0.5206588139092128,-1.3905969791082244,-7.872195520371099,9.836780546179865,11.333333333333334,-0.1392016076420814,-0.6426857117488753
SPX500_USD,Corto,1h,25,50,1.5,126,8.207865168539326,34.92063492063492,-0.28669732284610633,-0.1420691641550407,0.5995309807513792,-2.7154327867739587,-36.1238626786094,40.835218606443576,6.468253968253968,-0.1383386060704226,-0.484508945213685
SPX500_USD,Corto,1h,25,50,2.0,121,7.8821562332798285,37.1900826446281,-0.31709999372989506,-0.20729958346698854,0.5156041166960859,-3.482008386809067,-38.3690992413173,41.20442259348857,7.652892561983471,-0.1602076607299178,-0.5324424115730012
SPX500_USD,Corto,1h,25,50,3.0,111,7.230738362760834,42.34234234234234,-0.24450340915435412,-0.17254254832961502,0.5105253370355017,-3.2341588461101147,-27.139878416133307,28.803670168845912,10.00900900900901,-0.08795660954441176,-0.4576735192615097
SPX500_USD,Corto,1h,25,60,1.5,126,8.207865168539326,29.365079365079367,-0.16748081231366016,-0.022852653622594424,0.7851297826022932,-1.1793995959600685,-21.102582351521182,23.271092667396143,7.920634920634921,-0.001268509848871983,-0.3890972156000445
SPX500_USD,Corto,1h,25,60,2.0,121,7.8821562332798285,32.231404958677686,-0.19490640302065085,-0.08510599275774433,0.7224153567012852,-1.6160247643905947,-23.583674765498753,24.41119656067282,9.355371900826446,-7.391609908584356e-05,-0.46232354193260294
SPX500_USD,Corto,1h,25,60,3.0,111,7.230738362760834,36.93693693693694,-0.16476424175241136,-0.09280338092767232,0.7002825750073767,-1.711591259747457,-18.28883083451766,19.33659403834236,12.018018018018019,0.013178476599339094,-0.4070692199335184
SPX500_USD,Corto,1h,25,70,1.5,126,8.207865168539326,28.57142857142857,-0.07123778796146317,0.07339037072960249,0.9097492740101495,-0.41693806025174085,-8.97596128314436,23.354610964220814,8.753968253968255,0.05073616165004827,-0.23386972077681178
SPX500_USD,Corto,1h,25,70,2.0,121,7.8821562332798285,31.40495867768595,-0.11166692353162844,-0.0018665132687219214,0.8430019218590691,-0.7793859924646728,-13.511697747327041,17.62842274431942,10.24793388429752,0.05406933483008997,-0.3391480624594773
SPX500_USD,Corto,1h,25,70,3.0,111,7.230738362760834,36.03603603603604,-0.09250956477792284,-0.020548703953183742,0.8337216670290598,-0.8182065662325669,-10.268561690349435,15.148627736256095,13.117117117117116,0.07305820850686977,-0.31796355393168296
SPX500_USD,Corto,1h,30,50,1.5,290,18.89111824505083,44.827586206896555,-0.11934575319218862,0.02320931349760503,0.8029270585272441,-1.7710028311491304,-34.6102684257347,41.04126872563576,5.817241379310345,-0.05220005597062255,-0.21051104941984333
SPX500_USD,Corto,1h,30,50,2.0,274,17.848849652220437,50.0,-0.11312460214084813,-0.006085144415401919,0.7802720062454049,-1.921237554348706,-30.996140986592387,38.97861683216998,6.894160583941606,-0.04088267021546194,-0.21006463045098173
SPX500_USD,Corto,1h,30,50,3.0,253,16.480872124130553,55.73122529644269,-0.09672894930167822,-0.02551183537945491,0.7564912006349054,-1.98668601239505,-24.47242417332459,29.038547827309074,8.612648221343873,-0.025556318343398166,-0.19869743019382943
SPX500_USD,Corto,1h,30,60,1.5,290,18.89111824505083,34.48275862068966,-0.058037883102637314,0.08451718358715633,0.9188055544061177,-0.6314558382737221,-16.83098609976482,31.153282359059368,7.606896551724138,0.02797248898270663,-0.17481619316973032
SPX500_USD,Corto,1h,30,60,2.0,274,17.848849652220437,40.51094890510949,-0.039599348799808046,0.06744010892563812,0.9344898573949448,-0.5033729603164117,-10.850221571147404,25.009326682055907,9.193430656934307,0.04506998798727568,-0.15321546739444175
SPX500_USD,Corto,1h,30,60,3.0,253,16.480872124130553,46.24505928853755,-0.04620874574029349,0.025008368181929794,0.9026768305670303,-0.7368967049757204,-11.690812672294253,22.23548515330505,11.379446640316205,0.039003735211558775,-0.16829201171938954
SPX500_USD,Corto,1h,30,70,1.5,290,18.89111824505083,31.724137931034484,0.0339517255906384,0.17650679228043206,1.046104392600751,0.293180900105124,9.846000421285137,27.013431683537277,8.972413793103449,0.05454243588135493,0.005995232756901279
SPX500_USD,Corto,1h,30,70,2.0,274,17.848849652220437,36.496350364963504,0.033362653818588515,0.1404021115440347,1.052347081621541,0.336524447241027,9.141367146293254,19.05892577709734,10.788321167883211,0.04327533584335541,0.020061020674243205
SPX500_USD,Corto,1h,30,70,3.0,253,16.480872124130553,41.89723320158103,0.02537370419251549,0.0965908181147388,1.0510899855663647,0.32540491402081717,6.419547160706419,16.056986914272862,13.268774703557312,0.049152494166848165,-0.00869398528994188
SPX500_USD,Corto,1h,35,50,1.5,609,39.67134831460674,45.812807881773395,-0.15721852437719352,-0.029130400790428734,0.7266346481075843,-3.7098459938113,-95.74608134571085,107.82082160411265,4.921182266009852,-0.15169410050775758,-0.1643421235772556
SPX500_USD,Corto,1h,35,50,2.0,572,37.26110219368646,51.57342657342657,-0.11285525079702602,-0.01647521695030112,0.7520266925941537,-3.1012021262266285,-64.55320345589888,76.27371717714514,5.853146853146853,-0.10685404455646924,-0.12058480443486319
SPX500_USD,Corto,1h,35,50,3.0,517,33.678303905831996,56.09284332688588,-0.10225794296200932,-0.03770285353436357,0.7048611088592792,-3.399525163528923,-52.86735651135882,61.276607935433404,7.121856866537717,-0.08351297692644608,-0.12639416029098682
SPX500_USD,Corto,1h,35,60,1.5,609,39.67134831460674,35.79638752052545,-0.07750819655246752,0.050579927034297235,0.8863992156341357,-1.3384902221532253,-47.20249170045272,63.11199172588948,6.921182266009852,-0.06250045708679139,-0.09686028165294466
SPX500_USD,Corto,1h,35,60,2.0,569,37.06567683253076,40.77328646748682,-0.051380406747275155,0.04520651402944128,0.9087666745651075,-1.0331446335345984,-29.23545143919956,41.44921051152731,8.353251318101933,-0.0206374937878787,-0.09060836368346503
SPX500_USD,Corto,1h,35,60,3.0,509,33.1571696094168,46.75834970530452,-0.04269205713301572,0.02206300341835009,0.9016482079926154,-1.0547483205632966,-21.730257080705,33.7013455891416,10.3811394891945,-0.012697974292215334,-0.08146819125603244
SPX500_USD,Corto,1h,35,70,1.5,609,39.67134831460674,31.527093596059114,-0.053678266440286546,0.07440985714647821,0.92537147171601,-0.7669313580532742,-32.690064262134506,62.884932400134346,8.80952380952381,-0.0952456450716824,-7.822557348664399e-05
SPX500_USD,Corto,1h,35,70,2.0,569,37.06567683253076,36.37961335676626,-0.019984147708839904,0.07660277306787654,0.9665623852953462,-0.3332979105935109,-11.370980046329905,35.469178623694525,10.486818980667838,-0.0362137226147904,0.0007247898711529217
SPX500_USD,Corto,1h,35,70,3.0,507,33.026886035313005,41.61735700197239,-0.02299087174820863,0.041779445986198274,0.9507324863624803,-0.4765971798145975,-11.656371976341775,32.90852918300636,13.009861932938856,-0.028264201042566554,-0.016221057113559922
SPX500_USD,Corto,1h,40,50,1.5,943,61.42870518994115,54.08271474019089,-0.10547194692432077,0.017723376388154338,0.7711707529844966,-3.5907078953245275,-99.46004594963449,112.6794565468194,3.8960763520678685,-0.10110885436753211,-0.11196478123046537
SPX500_USD,Corto,1h,40,50,2.0,875,56.999063670411985,59.08571428571429,-0.08336173249161422,0.010158470804783663,0.7733672652677521,-3.2644510850339628,-72.94151593016244,83.59993913169569,4.605714285714286,-0.09431549808304357,-0.06708667736571211
SPX500_USD,Corto,1h,40,50,3.0,811,52.82998929909042,61.89889025893957,-0.07399041460574776,-0.011452964784410914,0.7261313744882446,-3.597158389626081,-60.00622624526143,67.90260713709571,5.581997533908755,-0.08246929985430086,-0.06131122004944991
SPX500_USD,Corto,1h,40,60,1.5,932,60.71214553237025,40.87982832618026,-0.04254848577212874,0.08079324901561973,0.9317832628463975,-0.9870509548712479,-39.65518873962399,55.69828817375635,6.415236051502146,-0.0009005422688424922,-0.10386044504089231
SPX500_USD,Corto,1h,40,60,2.0,859,55.956795077581596,45.401629802095464,-0.04287660456263393,0.050719608126676204,0.9186983832167861,-1.143720260873161,-36.831003319302546,46.31970709076415,7.623981373690338,-0.020784407985344373,-0.07547373611183351
SPX500_USD,Corto,1h,40,60,3.0,763,49.703183520599254,51.63826998689384,-0.0360470080125206,0.02686357315963765,0.909380405967201,-1.1828578977464257,-27.503867113553216,36.21388153428768,9.458715596330276,-0.019460452112938377,-0.060683716449685045
SPX500_USD,Corto,1h,40,70,1.5,923,60.12586944890316,33.04442036836403,-0.041823207880441346,0.08169913374823783,0.9392528024814655,-0.7771742631662835,-38.60282087364736,62.40355686370123,8.588299024918744,-0.04189473051066193,-0.04171821877886083
SPX500_USD,Corto,1h,40,70,2.0,848,55.2402354200107,36.556603773584904,-0.04942517140596697,0.044452013087948536,0.9166490286018166,-1.0624692192821659,-41.91254535225999,58.80531880515375,10.174528301886792,-0.05254265676677094,-0.04483528771148877
SPX500_USD,Corto,1h,40,70,3.0,743,48.400347779561265,41.857335127860026,-0.03847925505801785,0.024641545652946892,0.91594034670701,-1.012744739247911,-28.590086508107262,44.02990473423428,12.628532974427994,-0.03425252958726935,-0.04472071966982313
SPX500_USD,Corto,1d,20,50,1.5,45,2.9313804173354736,20.0,-0.5463638849417118,-0.4385156359328899,0.33415816980800656,-3.437903023072874,-24.586374822377035,24.586374822377042,6.177777777777778,-0.5657165407944434,-0.49872657822729594
SPX500_USD,Corto,1d,20,50,2.0,41,2.670813269127876,24.390243902439025,-0.5007383860597506,-0.41843633590319423,0.31001464945650764,-3.5229857320816205,-20.530273828449776,20.530273828449772,8.317073170731707,-0.506637967981726,-0.4846486171816357
SPX500_USD,Corto,1d,20,50,3.0,37,2.410246120920278,32.432432432432435,-0.346923870115843,-0.29303326563336235,0.3479315653082312,-2.8783103823089755,-12.836183194286193,12.836183194286193,10.81081081081081,-0.3384547272098712,-0.366941844257231
SPX500_USD,Corto,1d,20,60,1.5,45,2.9313804173354736,17.77777777777778,-0.5390192293758793,-0.4311709803670574,0.35409019247256796,-3.097468124784145,-24.25586532191457,24.255865321914573,6.888888888888889,-0.5683075847799258,-0.4669248160736111
SPX500_USD,Corto,1d,20,60,2.0,41,2.670813269127876,19.51219512195122,-0.5346493382225872,-0.4523472880660308,0.29990596577588147,-3.5045800248645693,-21.920622867126074,21.920622867126074,9.146341463414634,-0.5637008718593868,-0.45541788284949725
SPX500_USD,Corto,1d,20,60,3.0,37,2.410246120920278,24.324324324324326,-0.4079538413575888,-0.3540632368751081,0.3145973283700999,-3.1161414149975397,-15.094292130230786,15.094292130230786,11.81081081081081,-0.43354963699372795,-0.3474546880358053
SPX500_USD,Corto,1d,20,70,1.5,45,2.9313804173354736,17.77777777777778,-0.4929917953750004,-0.38514354636617826,0.4092451283566043,-2.4739408611497513,-22.184630791875016,22.18463079187502,7.111111111111111,-0.5035815057161898,-0.4669248160736111
SPX500_USD,Corto,1d,20,70,2.0,41,2.670813269127876,19.51219512195122,-0.49676090169747333,-0.41445885154091694,0.34951879886287995,-2.871890684984427,-20.367196969596407,20.367196969596403,9.390243902439025,-0.5119200086083978,-0.45541788284949725
SPX500_USD,Corto,1d,20,70,3.0,37,2.410246120920278,24.324324324324326,-0.355830704586286,-0.30194010010380523,0.4021693367078444,-2.327303019073095,-13.165736069692583,13.165736069692581,12.162162162162161,-0.35937440389610475,-0.3474546880358053
SPX500_USD,Corto,1d,25,50,1.5,132,8.598715890850722,30.303030303030305,-0.2722069966150718,-0.16847117858467603,0.6094060516626411,-2.6779426049118644,-35.93132355318948,43.21564170854899,6.068181818181818,-0.32064271665815425,-0.12689983648582437
SPX500_USD,Corto,1d,25,50,2.0,125,8.142723381487427,35.199999999999996,-0.2490677046417497,-0.17152237987733057,0.5872231221546816,-2.805760978338267,-31.133463080218714,36.404939876088136,7.488,-0.28216213301430904,-0.15680444978491775
SPX500_USD,Corto,1d,25,50,3.0,112,7.295880149812734,43.75,-0.16325511240878438,-0.11192217866305668,0.6417185757275157,-2.137249061020084,-18.28457258978385,21.13222378703012,9.258928571428571,-0.1707589381123279,-0.1427446554857653
SPX500_USD,Corto,1d,25,60,1.5,132,8.598715890850722,22.727272727272727,-0.2692788906386662,-0.1655430726082705,0.6465122815500605,-2.185858142926151,-35.544813564303944,44.30134382038334,7.681818181818182,-0.3174791661047928,-0.12467806424028656
SPX500_USD,Corto,1d,25,60,2.0,125,8.142723381487427,27.200000000000003,-0.24634854484166052,-0.16880322007724138,0.6307344402769889,-2.320052396933974,-30.793568105207566,37.19094525790752,9.432,-0.2716842836723032,-0.17571557598047496
SPX500_USD,Corto,1d,25,60,3.0,112,7.295880149812734,33.035714285714285,-0.1834036798945759,-0.1320707461488482,0.6501277425531885,-2.0632240950610665,-20.5412121481925,24.139463583325803,11.544642857142858,-0.1951417253689844,-0.15131968893119283
SPX500_USD,Corto,1d,25,70,1.5,132,8.598715890850722,20.454545454545457,-0.2746552667450568,-0.1709194487146611,0.6506043846830029,-1.9783102798108674,-36.2544952103475,44.43539936581267,8.674242424242424,-0.33562270728394467,-0.09175294512839365
SPX500_USD,Corto,1d,25,70,2.0,125,8.142723381487427,24.8,-0.25987228042227706,-0.18232695565785798,0.6216707622844301,-2.215894931865848,-32.484035052784634,38.432358365211094,10.512,-0.3009406160137019,-0.14537873877345667
SPX500_USD,Corto,1d,25,70,3.0,112,7.295880149812734,31.25,-0.17656344215492117,-0.1252305084091935,0.6683724072935265,-1.7953747091217591,-19.775105521351172,23.073987729635476,12.857142857142858,-0.19393811307280232,-0.12907267497937933
SPX500_USD,Corto,1d,30,50,1.5,256,16.67629748528625,42.1875,-0.1050902315047788,-0.006090393791718942,0.8246235269056202,-1.4679843226012879,-26.90309926522337,31.887749113186107,5.86328125,-0.10413354354681197,-0.10784433320195606
SPX500_USD,Corto,1d,30,50,2.0,238,15.50374531835206,46.63865546218487,-0.11900243006656473,-0.0451352533797122,0.7724185572435067,-1.891037260878037,-28.322578355842406,30.953723571703005,6.9789915966386555,-0.11865635225571931,-0.11996375731891311
SPX500_USD,Corto,1d,30,50,3.0,209,13.614633493846977,56.9377990430622,-0.059497469034708664,-0.010390798625043881,0.8359157344201471,-1.162580629908809,-12.434971028254111,14.822391689934914,8.956937799043063,-0.0328035529655094,-0.13068124521924004
SPX500_USD,Corto,1d,30,60,1.5,256,16.67629748528625,32.421875,-0.1607918301199649,-0.061791992406905055,0.7683310502904218,-1.8325722597246856,-41.16270851071101,47.457951138828314,7.83984375,-0.21693561462858074,0.0008342161927170196
SPX500_USD,Corto,1d,30,60,2.0,238,15.50374531835206,36.134453781512605,-0.1636706070059801,-0.08980343031912756,0.7296654671726179,-2.1552077541308488,-38.95360446742326,43.42503643851127,9.327731092436975,-0.20547977138789214,-0.047534039278446544
SPX500_USD,Corto,1d,30,60,3.0,209,13.614633493846977,42.58373205741627,-0.11296304825682714,-0.06385637784716236,0.7536763987389621,-1.8118315028680863,-23.609277085676872,26.55376738875316,11.904306220095695,-0.1209909029653508,-0.09155543570076409
SPX500_USD,Corto,1d,30,70,1.5,256,16.67629748528625,29.296875,-0.19353608513208115,-0.09453624741902128,0.732837517596534,-1.9483815452743722,-49.545237793812774,56.36136631472014,9.03125,-0.2870940986674554,0.07579759019702663
SPX500_USD,Corto,1d,30,70,2.0,238,15.50374531835206,32.773109243697476,-0.19073693626184365,-0.11686975957499111,0.6993403514340967,-2.2228825008650444,-45.39539083031879,50.25748722099932,10.655462184873949,-0.26455801313601274,0.01432161061084835
SPX500_USD,Corto,1d,30,70,3.0,209,13.614633493846977,39.23444976076555,-0.11692972599495219,-0.0678230555852874,0.7528674704124092,-1.6630775999793848,-24.438312732945008,27.607284661069663,13.617224880382775,-0.15016093091206875,-0.028313179549308027
SPX500_USD,Corto,1d,35,50,1.5,416,27.098983413590155,43.269230769230774,-0.14481938446831866,-0.050213920774053275,0.7486065691180297,-2.802805748394321,-60.24486393882056,61.53930357477689,4.858173076923077,-0.12235805952931048,-0.2036094610478095
SPX500_USD,Corto,1d,35,50,2.0,389,25.34015516318887,49.87146529562982,-0.10570110740997139,-0.034763721904855584,0.7738593367001169,-2.3413669628738067,-41.11773078247887,42.53518255656508,5.804627249357327,-0.0879944623882632,-0.15359336632582976
SPX500_USD,Corto,1d,35,50,3.0,353,22.995050829320494,54.6742209631728,-0.09972808566730146,-0.051894378600111646,0.7185494792842467,-2.6945155679308503,-35.20401424055741,36.10132557042573,6.9660056657223794,-0.08027432063569041,-0.15332941697780422
SPX500_USD,Corto,1d,35,60,1.5,415,27.033841626538255,32.28915662650602,-0.15686947247717645,-0.06221114164602384,0.7707918739354972,-2.3894936475097994,-65.10083107802822,67.22239682077753,6.83855421686747,-0.16026503678043463,-0.1479039912905036
SPX500_USD,Corto,1d,35,60,2.0,386,25.144729802033172,37.82383419689119,-0.10961862097785115,-0.03856663892071599,0.8073691198887258,-1.9048940761598963,-42.312787697450545,43.082820839253856,8.295336787564766,-0.10638870884840185,-0.11837665194424248
SPX500_USD,Corto,1d,35,60,3.0,348,22.669341894060995,41.66666666666667,-0.12182456648902959,-0.07402173298288742,0.7322954374352524,-2.606515417017625,-42.3949491381823,44.11167461479138,10.031609195402298,-0.11941316177500816,-0.1284364826403787
SPX500_USD,Corto,1d,35,70,1.5,415,27.033841626538255,27.228915662650603,-0.18064511907489575,-0.08598678824374315,0.7518411181060279,-2.378328173713436,-74.96772441608174,80.24458661232897,8.42409638554217,-0.2080222326584309,-0.10835993320959686
SPX500_USD,Corto,1d,35,70,2.0,386,25.144729802033172,32.38341968911917,-0.13054749947569555,-0.05949551741856044,0.78634448756816,-1.9592058937040127,-50.391334797618484,53.46513106836947,10.196891191709845,-0.14927287725806446,-0.07977291741196463
SPX500_USD,Corto,1d,35,70,3.0,347,22.604200107009095,36.023054755043226,-0.13189146328093027,-0.08404689558746838,0.728427290577393,-2.470195413660691,-45.766337758482805,48.97847965281166,12.247838616714697,-0.1454448505032598,-0.09487468527585823
SPX500_USD,Corto,1d,40,50,1.5,586,38.17308721241306,52.04778156996587,-0.09803405545507567,-0.006013790023698954,0.7916310311690349,-2.5653079658649265,-57.44795649667434,68.10904888457085,3.7013651877133107,-0.09428654057556946,-0.10953684418244891
SPX500_USD,Corto,1d,40,50,2.0,542,35.30684858212948,57.19557195571956,-0.09090867468099689,-0.021249021875826318,0.7673465142103976,-2.702847252011622,-49.272501677100315,58.111176127629506,4.400369003690037,-0.08731485281494253,-0.10185105767614748
SPX500_USD,Corto,1d,40,50,3.0,500,32.57089352594971,60.6,-0.07184686301329893,-0.02536187910509565,0.7428495816978715,-2.687416826650944,-35.923431506649464,42.47202140396167,5.436,-0.07214396076273637,-0.07093624633412896
SPX500_USD,Corto,1d,40,60,1.5,574,37.39138576779026,36.7595818815331,-0.11797758662860354,-0.026271263291572512,0.8173615742190596,-2.214604034653992,-67.71913472481843,69.63592097919768,6.2682926829268295,-0.12482399839536422,-0.0973425973175975
SPX500_USD,Corto,1d,40,60,2.0,521,33.938871054039595,41.26679462571977,-0.11224226944989595,-0.04287621725245246,0.798594913213572,-2.3711833402469864,-58.47822238339579,59.915812074180245,7.54126679462572,-0.11566797107574568,-0.10204361575461807
SPX500_USD,Corto,1d,40,60,3.0,465,30.290930979133226,46.236559139784944,-0.09781152995573951,-0.051656616865281155,0.7688535926838752,-2.5560368285740247,-45.48236142941887,46.85319412630316,9.32258064516129,-0.10195308720072023,-0.08576969124344264
SPX500_USD,Corto,1d,40,70,1.5,568,37.00053504547886,29.401408450704224,-0.15583216850875584,-0.06394213562355647,0.7811683985400724,-2.413667489235986,-88.51267171297332,97.78942329965537,8.433098591549296,-0.1739146416307476,-0.10055146496438112
SPX500_USD,Corto,1d,40,70,2.0,511,33.2874531835206,33.268101761252446,-0.1409407901546983,-0.07131726687931265,0.7720063740246156,-2.4375808706027793,-72.02074376905082,76.51900828537644,10.170254403131116,-0.1515803067934323,-0.10910536146223648
SPX500_USD,Corto,1d,40,70,3.0,453,29.509229534510432,37.086092715231786,-0.12589445948623174,-0.07950756895621815,0.7368440609157472,-2.716364757509597,-57.03019014726297,60.70836178073268,12.496688741721854,-0.13709063759732643,-0.09336763169796516
SPX500_USD,Corto,1h+1d,20,50,1.5,5,0.32570893525949707,40.0,0.07355068483401639,0.2165480383914598,1.1073240572256522,0.09785597932693316,0.36775342417008194,1.198934167686169,6.2,0.07355068483401639,
SPX500_USD,Corto,1h+1d,20,50,2.0,5,0.32570893525949707,40.0,-0.0948369863744853,0.012411028793597234,0.8571701031045743,-0.15187794471361193,-0.4741849318724265,1.1492006257645884,6.6,-0.0948369863744853,
SPX500_USD,Corto,1h+1d,20,50,3.0,5,0.32570893525949707,40.0,-0.26322465758298924,-0.1917259808042675,0.590411920570443,-0.5291930105339017,-1.3161232879149463,1.3628927798208474,7.0,-0.26322465758298924,
SPX500_USD,Corto,1h+1d,20,60,1.5,5,0.32570893525949707,40.0,0.44450229963371213,0.5874996531911554,1.6486110951989268,0.4438396084597451,2.2225114981685605,1.198934167686169,7.2,0.44450229963371213,
SPX500_USD,Corto,1h+1d,20,60,2.0,5,0.32570893525949707,40.0,0.1833767247252865,0.29062473989336907,1.2761757800074938,0.22620450068416195,0.9168836236264324,1.1492006257645884,7.6,0.1833767247252865,
SPX500_USD,Corto,1h+1d,20,60,3.0,5,0.32570893525949707,40.0,-0.07774885018314137,-0.0062501734044197125,0.8790196841102199,-0.12534447860042017,-0.38874425091570686,1.1206793999891083,8.0,-0.07774885018314137,
SPX500_USD,Corto,1h+1d,20,70,1.5,5,0.32570893525949707,40.0,0.9671525189395027,1.110149872496946,2.4112544638141955,0.7227776042591841,4.835762594697513,1.198934167686169,8.0,0.9671525189395027,
SPX500_USD,Corto,1h+1d,20,70,2.0,5,0.32570893525949707,40.0,0.5753643892046295,0.6826124043727122,1.8665315034673653,0.5413600048892788,2.8768219460231474,1.1492006257645884,8.4,0.5753643892046295,
SPX500_USD,Corto,1h+1d,20,70,3.0,5,0.32570893525949707,40.0,0.18357625946975392,0.25507493624847555,1.2856519910995512,0.23298578622650312,0.9178812973487696,1.0994670838430534,8.8,0.18357625946975392,
SPX500_USD,Corto,1h+1d,25,50,1.5,22,1.4331193151417871,45.45454545454545,0.07371852808352489,0.16878606542718863,1.1324606597336435,0.272622498678001,1.6218076178375476,6.2172466081346585,6.545454545454546,0.0180399696891479,0.42634939791457915
SPX500_USD,Corto,1h+1d,25,50,2.0,21,1.3679775280898876,52.38095238095239,0.06726759706155969,0.14011514839167463,1.143875699102431,0.2896870930248585,1.4126195382927536,5.065877498047945,7.619047619047619,0.0390740773880528,0.23642871510260108
SPX500_USD,Corto,1h+1d,25,50,3.0,20,1.3028357410379883,60.0,0.08589974484045827,0.13395249232830836,1.2398070629121187,0.43966409986996186,1.7179948968091654,2.6611326739492616,9.2,0.07571829905933518,0.14359460426682244
SPX500_USD,Corto,1h+1d,25,60,1.5,22,1.4331193151417871,31.818181818181817,0.05375807634294404,0.14882561368660782,1.076348911436438,0.15101365014290455,1.1826776795447689,4.9492045595287335,8.545454545454545,0.03631254029754859,0.16424647129711523
SPX500_USD,Corto,1h+1d,25,60,2.0,21,1.3679775280898876,38.095238095238095,0.05548092626317645,0.12832847759329136,1.0895996828615164,0.1796515890142804,1.1650994515267055,4.423087631408523,9.857142857142858,0.07197471617267812,-0.04348181319383356
SPX500_USD,Corto,1h+1d,25,60,3.0,20,1.3028357410379883,45.0,0.04347039172540351,0.09152313921325364,1.0871935139815379,0.17461814009144966,0.8694078345080702,2.197601057442012,11.75,0.0597265931033841,-0.048648082749819875
SPX500_USD,Corto,1h+1d,25,70,1.5,22,1.4331193151417871,31.818181818181817,0.20729516310861548,0.30236270045227925,1.2944071128664734,0.4498858166683926,4.560493588389541,4.949204559528734,9.363636363636363,0.03364435982625552,1.307083583896895
SPX500_USD,Corto,1h+1d,25,70,2.0,21,1.3679775280898876,38.095238095238095,0.17611720872191833,0.24896476005203325,1.2844229019012041,0.4576171285540934,3.698461383160285,4.423087631408523,10.714285714285714,0.06986240663290447,0.8136460212560014
SPX500_USD,Corto,1h+1d,25,70,3.0,20,1.3028357410379883,45.0,0.18665924670198875,0.23471199418983885,1.374403703097573,0.5929693076315106,3.733184934039775,2.197601057442012,13.05,0.12734550078762144,0.5227704735500701
SPX500_USD,Corto,1h+1d,30,50,1.5,55,3.5827982878544677,56.36363636363636,0.14670049171213986,0.23575765307104427,1.3211555468348892,0.9646295675110871,8.068527044167693,8.670080445270603,6.818181818181818,0.13104089534097788,0.23870062039271675
SPX500_USD,Corto,1h+1d,30,50,2.0,52,3.3873729266987693,59.61538461538461,0.0712842605044999,0.138803413541124,1.1778684737295888,0.548617474657103,3.7067815462339953,7.583713930795552,7.461538461538462,0.0708925511692593,0.07343866184832326
SPX500_USD,Corto,1h+1d,30,50,3.0,51,3.32223113964687,66.66666666666666,0.08125836039031517,0.12600058005838766,1.280645383144352,0.7870297541787692,4.144176379906074,3.6395515053438854,8.823529411764707,0.11052333759802373,-0.07604089210111825
SPX500_USD,Corto,1h+1d,30,60,1.5,55,3.5827982878544677,47.27272727272727,0.32676820353044284,0.41582536488934707,1.5881607822721433,1.4511832768035429,17.972251194174355,9.59015352043933,8.8,0.2903807008267781,0.540544781914473
SPX500_USD,Corto,1h+1d,30,60,2.0,52,3.3873729266987693,50.0,0.20825117247917707,0.2757703255158012,1.4285164836540867,1.1164354187639982,10.829060968917208,7.496632344615011,9.615384615384615,0.20081346085069124,0.24915858643584943
SPX500_USD,Corto,1h+1d,30,60,3.0,51,3.32223113964687,58.82352941176471,0.19764154742983972,0.24238376709791215,1.5688282979924277,1.4219427909159084,10.079718918921825,3.3793023581755737,11.176470588235293,0.20259975073905653,0.17099120464279904
SPX500_USD,Corto,1h+1d,30,70,1.5,55,3.5827982878544677,40.0,0.24918577904291342,0.3382429404018177,1.4030961466925398,0.9035873364803407,13.705217847360238,11.729279710862832,10.945454545454545,0.096194433522231,1.1480099339769225
SPX500_USD,Corto,1h+1d,30,70,2.0,52,3.3873729266987693,42.30769230769231,0.13228434536166464,0.1998034983982888,1.2404881463784083,0.5840985921956687,6.878785958806561,10.374535031067877,11.923076923076923,0.028198326248751595,0.7047574504826868
SPX500_USD,Corto,1h+1d,30,70,3.0,51,3.32223113964687,50.98039215686274,0.17988900752365133,0.22463122719172382,1.4638250962582933,1.053804045694606,9.174339383706219,3.5836832828242193,14.196078431372548,0.10078410492290202,0.6050778590026793
SPX500_USD,Corto,1h+1d,35,50,1.5,130,8.468432316746924,49.23076923076923,-0.05720565821804764,0.028727527413006434,0.8894640989143897,-0.6271422791549305,-7.436735568346194,14.981455271716461,4.884615384615385,-0.0657229256761897,-0.021433134893851024
SPX500_USD,Corto,1h+1d,35,50,2.0,122,7.947298020331728,56.557377049180324,-0.013845007356034182,0.05017791439329202,0.9646456429275267,-0.17958063767247406,-1.6890908974361702,9.497741952091005,5.778688524590164,0.008040190342625356,-0.09875957442683311
SPX500_USD,Corto,1h+1d,35,50,3.0,113,7.361021936864634,61.06194690265486,-0.033083843564682934,0.010482665557746159,0.8924959137376102,-0.5187530968502432,-3.7384743228091715,8.035138882276469,6.725663716814159,-0.020000089846860726,-0.09040314556657068
SPX500_USD,Corto,1h+1d,35,60,1.5,130,8.468432316746924,39.23076923076923,0.02026746443212559,0.10620065006317966,1.0320073462805583,0.1620551391773073,2.634770376176327,15.190990245585889,7.069230769230769,-0.00010243081162604935,0.10582102445588237
SPX500_USD,Corto,1h+1d,35,60,2.0,122,7.947298020331728,45.90163934426229,0.060097441110815136,0.12412036286014128,1.121013868907079,0.5662935151562407,7.331887815519447,7.35599220843832,8.295081967213115,0.08319760062693916,-0.0295311778117461
SPX500_USD,Corto,1h+1d,35,60,3.0,113,7.361021936864634,50.442477876106196,0.0056931719759287,0.04925968109835777,1.0140755877904957,0.06686728536471827,0.6433284332799432,7.930545891394553,9.831858407079647,0.007415623591760257,-0.0018528065315238386
SPX500_USD,Corto,1h+1d,35,70,1.5,130,8.468432316746924,30.76923076923077,-0.055077774796934986,0.030855410834119044,0.9214048890861197,-0.3722548528318751,-7.160110723601548,26.6677848759883,9.461538461538462,-0.137774612128277,0.2922489419947014
SPX500_USD,Corto,1h+1d,35,70,2.0,122,7.947298020331728,36.885245901639344,0.003951005109938979,0.06797392685926514,1.0070439703592124,0.03111307587191899,0.48202262341255553,14.436398626017402,11.065573770491802,-0.018301251393264634,0.09028976034236898
SPX500_USD,Corto,1h+1d,35,70,3.0,112,7.295880149812734,41.07142857142857,-0.026901856207292605,0.016756130045638536,0.9413481032403358,-0.26490058341118505,-3.013007895216772,12.280791733896603,13.053571428571429,-0.06356986647888828,0.1319928549696219
SPX500_USD,Corto,1h+1d,40,50,1.5,237,15.43860353130016,54.85232067510548,-0.0869248198274437,-0.003406450827169662,0.8040998070787116,-1.510696337869956,-20.601182299104156,30.065680552216218,3.5654008438818567,-0.09221977035444978,-0.0616123734056585
SPX500_USD,Corto,1h+1d,40,50,2.0,215,14.005484216158374,60.93023255813953,-0.07638757560552666,-0.012904184366485601,0.7883076089704202,-1.501585782752165,-16.42332875518823,24.40020598411691,4.306976744186047,-0.08710018370717658,-0.024851244738129528
SPX500_USD,Corto,1h+1d,40,50,3.0,200,13.028357410379883,65.5,-0.05823933975158866,-0.015580287921895856,0.7759873348369243,-1.4193264000478556,-11.647867950317732,17.635559172141104,5.35,-0.07879884432157566,0.045804213678345536
SPX500_USD,Corto,1h+1d,40,60,1.5,231,15.047752808988765,40.692640692640694,-0.05454632445432007,0.028537170428473688,0.9118171182361497,-0.6491968599618324,-12.600200948947936,20.360279609799612,6.1645021645021645,-0.053074465549034035,-0.06136713401540171
SPX500_USD,Corto,1h+1d,40,60,2.0,211,13.744917067950777,45.97156398104265,-0.06515066478014067,-0.0019627361343254094,0.8777993719495493,-0.8801347608152046,-13.746790268609681,20.776365432470328,7.279620853080568,-0.06945874787546354,-0.044891030764298026
SPX500_USD,Corto,1h+1d,40,60,3.0,187,12.18151417870519,52.94117647058824,-0.04505664517909408,-0.002924535409923908,0.8877852627763737,-0.7401304898747386,-8.425592648490593,13.443195461409925,9.20855614973262,-0.05183657961028248,-0.013416951166881493
SPX500_USD,Corto,1h+1d,40,70,1.5,227,14.787185660781166,29.955947136563875,-0.13773023006294233,-0.05454822954572421,0.8051924685072894,-1.3219615592085938,-31.26476222428791,44.91467765202583,8.916299559471366,-0.1846956839718946,0.08866734262636598
SPX500_USD,Corto,1h+1d,40,70,2.0,206,13.41920813269128,33.49514563106796,-0.15173423213915588,-0.08827116992576464,0.7582261856993708,-1.6499579142613883,-31.257251820666113,41.89249794696213,10.45631067961165,-0.19201657070785683,0.04507376486792607
SPX500_USD,Corto,1h+1d,40,70,3.0,181,11.790663456393794,38.67403314917127,-0.11108337566181087,-0.06869844022737803,0.7719367690323223,-1.4618297274234389,-20.106090994787767,28.975026586730717,13.088397790055248,-0.15330324538652101,0.09320631655452868
US2000_USD,Largo,1h,20,50,1.5,129,8.40478951123796,38.759689922480625,-0.11837746309232314,-0.00012678263092589563,0.8217023234630934,-0.9756091333813569,-15.270692738909684,26.463139152168203,6.8604651162790695,0.00529425964167074,-0.24014654393810173
US2000_USD,Largo,1h,20,50,2.0,124,8.079022475918658,45.96774193548387,-0.08367915278387106,0.0057121136973949565,0.849349184521493,-0.8115409094580744,-10.376214945200012,21.533743672826994,8.419354838709678,0.059329408176515344,-0.21774967868423328
US2000_USD,Largo,1h,20,50,3.0,116,7.557795219407777,52.58620689655172,-0.06511394625432647,-0.005363130797605037,0.8441722183639753,-0.7945791763185285,-7.55321776550187,16.668838477933626,10.663793103448276,0.02851570704137376,-0.14388174982055052
US2000_USD,Largo,1h,20,60,1.5,129,8.40478951123796,30.23255813953488,-0.24345468645023013,-0.1252040059888329,0.6698821850154874,-1.9176136811519384,-31.40565455207969,40.626955836876036,8.937984496124031,-0.13384538140466146,-0.35137769449509776
US2000_USD,Largo,1h,20,60,2.0,124,8.079022475918658,36.29032258064516,-0.19573733536088506,-0.10634606887961899,0.6880928667395839,-1.797211755604178,-24.271429584749747,33.0459547738162,11.008064516129032,-0.06303225874393323,-0.32014834468927733
US2000_USD,Largo,1h,20,60,3.0,116,7.557795219407777,40.51724137931034,-0.17179047485891322,-0.11203965940219178,0.6591156755720893,-1.9350835245428966,-19.92769508363393,28.641309187683397,13.836206896551724,-0.04770895273838286,-0.2761765172777721
US2000_USD,Largo,1h,20,70,1.5,129,8.40478951123796,30.23255813953488,-0.1759699027956895,-0.05771922233429225,0.761389683390524,-1.246148369124193,-22.700117460643945,37.429027699486205,9.751937984496124,-0.005547418250972241,-0.34377050296279577
US2000_USD,Largo,1h,20,70,2.0,124,8.079022475918658,36.29032258064516,-0.1456313707304772,-0.0562401042492112,0.7679366418594602,-1.2263204764974742,-18.05828997057917,30.64750867077383,11.879032258064516,0.03433922503891415,-0.3143538042642816
US2000_USD,Largo,1h,20,70,3.0,116,7.557795219407777,40.51724137931034,-0.1409929792858655,-0.08124216382914402,0.7202272330150266,-1.4838145490959322,-16.355185597160396,27.04234511898848,14.801724137931034,0.01503209936866851,-0.27225217243967975
US2000_USD,Largo,1h,25,50,1.5,355,23.12945950767035,45.91549295774648,-0.005518602047714668,0.11682340794946877,0.9905550253677606,-0.0810282869491311,-1.9591037269387073,33.67956435179398,6.191549295774648,0.0724207682360393,-0.08302011070066101
US2000_USD,Largo,1h,25,50,2.0,351,22.868845879414913,50.712250712250714,-0.03234319042716949,0.059505482983600776,0.9354460250055117,-0.5694464232083825,-11.35245983993649,31.83501589651528,7.122507122507122,0.03515211114904728,-0.09945499597170321
US2000_USD,Largo,1h,25,50,3.0,336,21.89154477345701,58.333333333333336,-0.030198312007689947,0.03138478555695475,0.9194896214738963,-0.678342786262737,-10.146632834583823,29.231543526688423,8.639880952380953,0.02003555441743628,-0.07983769480648334
US2000_USD,Largo,1h,25,60,1.5,355,23.12945950767035,37.183098591549296,-0.08257980639061098,0.03976220360657247,0.8768278725450601,-1.0657770831769102,-29.315831268666898,40.39958793121083,8.71830985915493,-0.0309554196260947,-0.13391416851038276
US2000_USD,Largo,1h,25,60,2.0,351,22.868845879414913,41.5954415954416,-0.08858801427399292,0.0032606591367773364,0.8476222193415602,-1.358136175798944,-31.094393010171515,42.033440913850754,9.94017094017094,-0.0486049399917463,-0.12834391199781772
US2000_USD,Largo,1h,25,60,3.0,336,21.89154477345701,48.51190476190476,-0.06245777549231305,-0.0008746779276683505,0.860045314002603,-1.2022440431517831,-20.985812565417184,38.23394708054339,12.19047619047619,-0.01623199173782677,-0.10813650855147998
US2000_USD,Largo,1h,25,70,1.5,355,23.12945950767035,36.056338028169016,-0.043849690535651825,0.0784923194615316,0.9358501656287286,-0.5073342898976126,-15.566640140156398,35.27294972569187,9.71830985915493,0.03089754767094476,-0.11817700043771695
US2000_USD,Largo,1h,25,70,2.0,351,22.868845879414913,40.17094017094017,-0.06620045257166529,0.025648220839104934,0.8886029563781869,-0.9240458475850222,-23.23635885265452,36.80886375906519,11.128205128205128,-0.030156730460668035,-0.10203938080703194
US2000_USD,Largo,1h,25,70,3.0,336,21.89154477345701,47.023809523809526,-0.045837962931839844,0.015745134632804865,0.8995478770589098,-0.8154714268367603,-15.401555545098187,31.583410204291706,13.532738095238095,-0.012153709293082028,-0.07912358635002066
US2000_USD,Largo,1h,30,50,1.5,745,48.53928826257581,45.77181208053691,-0.08684375657775474,0.03622209494785283,0.8511487985055424,-2.043370262999452,-64.69859865042729,72.23662697043609,5.390604026845637,-0.004770756773613873,-0.1770084605879377
US2000_USD,Largo,1h,30,50,2.0,718,46.780146271851585,51.949860724233986,-0.0688443217013508,0.023728318750424443,0.8558685216451444,-1.913424776117967,-49.43022298156987,61.4508990790364,6.3774373259052926,0.01245419044900616,-0.15723282037644817
US2000_USD,Largo,1h,30,50,3.0,670,43.6527827327863,59.40298507462687,-0.03989348347846234,0.022024684061931702,0.8829324470840882,-1.3990602218669972,-26.728633930569767,43.26726846200407,7.7970149253731345,0.03376075930558154,-0.12093623964523159
US2000_USD,Largo,1h,30,60,1.5,745,48.53928826257581,37.718120805369125,-0.12007414506996586,0.0029917064556417203,0.820426893400301,-2.3871181453956387,-89.45523807712456,92.22595750409391,8.130201342281879,-0.05206947677027488,-0.19478349897666863
US2000_USD,Largo,1h,30,60,2.0,718,46.780146271851585,43.45403899721448,-0.07833104764314777,0.014241592808627454,0.8580812319664206,-1.81828716074093,-56.241692207780105,66.238037039667,9.589136490250697,-0.006500416463301124,-0.156425978053795
US2000_USD,Largo,1h,30,60,3.0,669,43.58762932572244,50.074738415545596,-0.04851800325423744,0.0134168776455962,0.8835476672968597,-1.3966887938540768,-32.458544177084846,51.54241699528242,11.8101644245142,0.02559171945375253,-0.1298296112410603
US2000_USD,Largo,1h,30,70,1.5,745,48.53928826257581,35.83892617449664,-0.11806687902725756,0.004998972498350025,0.8286472868036591,-2.1506954080499483,-87.95982487530688,90.73054430227617,9.350335570469799,-0.06711864645636413,-0.17403817678119676
US2000_USD,Largo,1h,30,70,2.0,718,46.780146271851585,41.08635097493036,-0.08426831660912158,0.008304323842653638,0.8535093252700906,-1.7916243076859324,-60.5046513253493,62.58269089557636,11.04317548746518,-0.03202138698609576,-0.14107166451322523
US2000_USD,Largo,1h,30,70,3.0,669,43.58762932572244,47.384155455904335,-0.056703922038507805,0.0052309588613258535,0.8705290990759418,-1.5070500205019817,-37.93492384376172,45.46198716054669,13.572496263079223,-0.005238684448033438,-0.11317048365815054
US2000_USD,Largo,1h,35,50,1.5,1248,81.31145201569747,50.480769230769226,-0.07242308702001078,0.05052097419331174,0.8580325484302282,-2.467143714275074,-90.38401260097345,98.44382892149345,4.645032051282051,-0.048180521922362156,-0.09835418899013244
US2000_USD,Largo,1h,35,50,2.0,1178,76.75071352122725,56.451612903225815,-0.050628981888713946,0.04227508317370336,0.8764280238644667,-2.0122743513901393,-59.64094066490503,67.51184471193103,5.401528013582343,-0.01756753467508535,-0.08589452558325113
US2000_USD,Largo,1h,35,50,3.0,1093,71.21267392079913,61.75663311985361,-0.04411155399371293,0.018516067792106655,0.8526866686148902,-2.190439202512787,-48.21392851512823,52.242161201088074,6.4226898444647755,-0.022780728416691296,-0.0668536818300838
US2000_USD,Largo,1h,35,60,1.5,1247,81.24629860863361,39.21411387329591,-0.09734625369884138,0.025621048667794886,0.8469666403667029,-2.6352831499097698,-121.3907783624552,141.52514002520414,7.32317562149158,-0.037198896494107105,-0.16158323220605342
US2000_USD,Largo,1h,35,60,2.0,1174,76.49009989297181,44.54855195911414,-0.06859467312955238,0.024390711431801406,0.8702436786071824,-2.14040046284533,-80.53014625409449,100.70735287174335,8.630323679727427,0.00014143789790539019,-0.14143083288496378
US2000_USD,Largo,1h,35,60,3.0,1078,70.23537281484124,50.278293135435995,-0.05833208150089123,0.004355040074226321,0.8561295680664563,-2.243722486151398,-62.88198385796075,78.19692927361815,10.412801484230055,-0.012890929485941855,-0.10655357168883942
US2000_USD,Largo,1h,35,70,1.5,1247,81.24629860863361,36.64795509222133,-0.04463298069271962,0.07833432167391662,0.9326663731542462,-1.0056614127917614,-55.657326923821365,87.39683386881781,8.907778668805133,0.0117745485687903,-0.1048758477647136
US2000_USD,Largo,1h,35,70,2.0,1174,76.49009989297181,41.56729131175469,-0.03064647095029355,0.06233891361106021,0.9449581387011429,-0.8052754172693735,-35.97895689564463,67.53344555914364,10.498296422487224,0.03379025358428525,-0.09892678957991742
US2000_USD,Largo,1h,35,70,3.0,1078,70.23537281484124,46.47495361781076,-0.04014600081009436,0.02254112076502321,0.9074355559858891,-1.326213952658316,-43.27738887328172,57.6011445039628,12.697588126159555,-0.0008216771949560075,-0.08187640158715322
US2000_USD,Largo,1h,40,50,1.5,1771,115.38668391009632,54.488989271597966,-0.08800099131232073,0.03821775048359573,0.8049712216944793,-4.074607726139511,-155.84975561412,159.96845696643345,3.7058159232072274,-0.03765675560559241,-0.13978692907250634
US2000_USD,Largo,1h,40,50,2.0,1675,109.13195683196574,59.04477611940299,-0.06796977508381477,0.02751931551438611,0.8104076856121774,-3.6747631243230328,-113.84937326538973,116.30511035586446,4.269253731343284,-0.025689808666330336,-0.11247772992771077
US2000_USD,Largo,1h,40,50,3.0,1560,101.63931501962183,63.07692307692307,-0.053299698857662135,0.011033455372425454,0.7930266468222362,-3.600625957852701,-83.14753021795293,83.14753021795286,5.058333333333334,-0.028635541359759112,-0.07980054893519625
US2000_USD,Largo,1h,40,60,1.5,1749,113.9533089546914,41.96683819325329,-0.09242022642169521,0.03387198318135714,0.8460302724232872,-3.1974374531916876,-161.64297601154493,173.6440636145272,6.462550028587764,-0.02814158479928554,-0.15826119613909403
US2000_USD,Largo,1h,40,60,2.0,1633,106.39551373528361,47.15248009797918,-0.06642848348437835,0.029263289004160437,0.866677014618278,-2.625217020692023,-108.47771352998986,123.32703203826878,7.609308022045315,-0.011196790879880208,-0.12507728838385176
US2000_USD,Largo,1h,40,60,3.0,1484,96.68765608276846,52.96495956873315,-0.05775561975427503,0.006935687245387399,0.847595221975142,-2.7997035491660265,-85.70933971534414,89.52039589073736,9.150943396226415,-0.019852343418780442,-0.09874219206095991
US2000_USD,Largo,1h,40,70,1.5,1743,113.56238851230823,37.63625932300631,-0.059972851724809234,0.06631985324611235,0.9072491621854886,-1.7044973128724583,-104.5326805563425,118.8999842363243,8.392426850258175,-0.02197937770581128,-0.09880376890663894
US2000_USD,Largo,1h,40,70,2.0,1624,105.80913307170887,42.179802955665025,-0.04511324906015878,0.0505628951375181,0.9176352021458863,-1.4669208730395316,-73.26391647369786,85.6970597678254,9.876847290640393,-0.012312401219875417,-0.07991211808868276
US2000_USD,Largo,1h,40,70,3.0,1460,95.12397431323582,47.1917808219178,-0.04731639524626514,0.01739654088348078,0.8889097044354803,-1.895226218598171,-69.0819370595471,69.33275604483215,11.971232876712328,-0.022725039209329417,-0.07365181908723885
US2000_USD,Largo,1d,20,50,1.5,362,23.585533357117374,37.84530386740331,-0.13589934607292686,-0.03365256110334714,0.789600573272625,-2.0001535624716356,-49.195563278399526,56.5827910633615,6.903314917127072,-0.07013056738505703,-0.18857981059405643
US2000_USD,Largo,1d,20,50,2.0,348,22.67338565822333,43.96551724137931,-0.10767958515013368,-0.03042903483694095,0.800240372728989,-1.8631283124040308,-37.47249563224652,41.85122941248389,8.350574712643677,-0.008182630412879385,-0.18946504009122753
US2000_USD,Largo,1d,20,50,3.0,326,21.240010702818406,50.61349693251533,-0.07116882468917728,-0.019288398352886617,0.8177709147917195,-1.5733653413126483,-23.20103684867179,28.136533276346775,10.50920245398773,-0.010854223531584712,-0.12131804362919803
US2000_USD,Largo,1d,20,60,1.5,362,23.585533357117374,33.97790055248619,-0.15844863641233248,-0.056201851442752714,0.7655326411695,-2.1151415668056064,-57.35840638126436,61.48569514794339,8.632596685082873,-0.07795755290535229,-0.2229215938482718
US2000_USD,Largo,1d,20,60,2.0,348,22.67338565822333,39.6551724137931,-0.12190464666640084,-0.044654096353208085,0.7856680893996183,-1.9056134502252682,-42.42281703990749,49.708235581433556,10.333333333333334,-0.006633948132401088,-0.21665595383832734
US2000_USD,Largo,1d,20,60,3.0,326,21.240010702818406,44.785276073619634,-0.09165298002269574,-0.03977255368640509,0.785311613840221,-1.8229922650287786,-29.87887148739881,37.43579683188977,12.797546012269938,-0.0035419755096922816,-0.1649138152357548
US2000_USD,Largo,1d,20,70,1.5,362,23.585533357117374,33.97790055248619,-0.16871165801184473,-0.06646487304226498,0.7503457413479329,-2.265111555574006,-61.07362020028779,66.8345382576796,9.295580110497237,-0.10386368860822395,-0.22065455887743146
US2000_USD,Largo,1d,20,70,2.0,348,22.67338565822333,39.6551724137931,-0.13753887713563068,-0.06028832682243795,0.7581800930116979,-2.1820124891591535,-47.86352924319947,51.434217786243316,11.094827586206897,-0.040169966261247185,-0.21757510230462654
US2000_USD,Largo,1d,20,70,3.0,326,21.240010702818406,44.47852760736196,-0.10487736477084458,-0.052996938434553914,0.7549996647775512,-2.1002224178299067,-34.190020915295335,39.13952194449226,13.650306748466258,-0.03231973781654399,-0.16520617819352149
US2000_USD,Largo,1d,25,50,1.5,750,48.86505529789511,44.800000000000004,-0.01921904325188586,0.0870674880453726,0.966345997749336,-0.42291878045636605,-14.414282438914395,31.279224726876038,6.274666666666667,-0.028482729696068965,-0.011327754799433608
US2000_USD,Largo,1d,25,50,2.0,721,46.975606493043166,50.34674063800277,-0.01456282370973277,0.06556688131820551,0.9690527756292256,-0.38011159253940824,-10.499795894717327,27.55087155867055,7.413314840499306,-0.00901208487603375,-0.019273835386538842
US2000_USD,Largo,1d,25,50,3.0,672,43.78308954691402,56.845238095238095,-0.016933027562383976,0.03694554266212013,0.951761009284331,-0.5590165120202099,-11.378994521922031,28.878496594317895,8.946428571428571,-0.023284947708519074,-0.011717223214744587
US2000_USD,Largo,1d,25,60,1.5,750,48.86505529789511,39.733333333333334,-0.006611374007308021,0.09967515728995047,0.9892806524058286,-0.12491330214203072,-4.958530505481016,32.43909751398769,8.345333333333333,-0.011352416033188246,-0.002572708577854464
US2000_USD,Largo,1d,25,60,2.0,721,46.975606493043166,44.9375866851595,0.001477837731317384,0.08160754275925568,1.0028701939391265,0.03297056362982984,1.0655210042798338,25.607884144161254,9.780859916782246,0.018271455860197395,-0.012775207398578218
US2000_USD,Largo,1d,25,60,3.0,672,43.78308954691402,50.297619047619044,-0.012001685718721613,0.041876884505782495,0.9696586578494146,-0.3406876809764348,-8.065132802980925,29.987314268906328,11.793154761904763,-0.00712074563548671,-0.01600961212853239
US2000_USD,Largo,1d,25,70,1.5,750,48.86505529789511,39.2,0.01748284400252851,0.123769375299787,1.028103173588317,0.3078266175105523,13.112133001896382,32.92536819935849,9.417333333333334,0.010555998324698971,0.0233834903206796
US2000_USD,Largo,1d,25,70,2.0,721,46.975606493043166,44.382801664355064,0.016389867972845144,0.09651957300078343,1.0316036190449143,0.34487814085038765,11.817094808421349,26.74055478481681,11.03883495145631,0.018152072094426215,0.0148942537055545
US2000_USD,Largo,1d,25,70,3.0,672,43.78308954691402,49.404761904761905,-0.001049969747347891,0.052828600477156214,0.9973649148410116,-0.02827673004281452,-0.7055796702177828,29.017933170430545,13.227678571428571,-0.009541242731717742,0.005922538963394829
US2000_USD,Largo,1d,30,50,1.5,1263,82.28875312165536,48.13935075217736,-0.01036322264883124,0.09840930809749125,0.980776412861872,-0.3174963609399756,-13.088750205473858,47.87395697113845,5.624703087885986,-0.013543376402796162,-0.007645381995662962
US2000_USD,Largo,1d,30,50,2.0,1216,79.22654298965394,52.87828947368421,-0.021271646772366638,0.06058854672030964,0.9525600407829552,-0.7717005507265469,-25.866322475197833,47.853951872554234,6.487664473684211,-0.0043937523294045044,-0.035489994212195355
US2000_USD,Largo,1d,30,50,3.0,1118,72.84150909739564,58.765652951699465,-0.012215771787587896,0.04273019362209119,0.9620094713663746,-0.5617344924376211,-13.657232858523267,33.67979700728853,7.803220035778176,0.010668394891167658,-0.03141137212667561
US2000_USD,Largo,1d,30,60,1.5,1263,82.28875312165536,41.88440221694378,0.004336428983932561,0.11310895973025503,1.00723542616925,0.11121784030504037,5.476909806706825,50.85575685144064,8.038004750593824,0.012238084452797468,-0.0024165276722779737
US2000_USD,Largo,1d,30,60,2.0,1216,79.22654298965394,46.62828947368421,0.0033351741600644814,0.08519536765274076,1.0066805556633744,0.10142392589092515,4.055571778638409,46.60493258014204,9.25,0.0357203343943025,-0.023946869916051192
US2000_USD,Largo,1d,30,60,3.0,1117,72.77635569033178,51.74574753804835,0.002669129163743229,0.05761886273397235,1.0071513566127726,0.10242903135169695,2.9814172759011868,37.09387804071453,11.091316025067144,0.03942471328732324,-0.028101581887082783
US2000_USD,Largo,1d,30,70,1.5,1263,82.28875312165536,40.30087094220111,0.01046217764683081,0.1192347083931533,1.0170321660618777,0.24685898354497324,13.213730367947313,42.77260807197071,9.323832145684877,0.021179983415576482,0.0013024669898411272
US2000_USD,Largo,1d,30,70,2.0,1216,79.22654298965394,44.901315789473685,0.008654641949079785,0.09051483544175606,1.0168347749813635,0.2425470553217859,10.524044610081019,36.325221977377794,10.736019736842104,0.03248311291823425,-0.011419039655238224
US2000_USD,Largo,1d,30,70,3.0,1117,72.77635569033178,49.686660698299015,0.002901029003544947,0.057850762573774056,1.0074938104392788,0.10338745495708968,3.240449396959706,28.014302205108816,12.891674127126231,0.025011031134264693,-0.01560882475391615
US2000_USD,Largo,1d,35,50,1.5,1768,115.19122368890474,52.14932126696833,-0.01262643701936166,0.09871584813919858,0.9735904052688729,-0.5125284514072738,-22.323540650231415,41.88332439629551,4.789592760180995,-0.0224208714873503,-0.00453186307887518
US2000_USD,Largo,1d,35,50,2.0,1673,109.00165001783803,57.56126718469815,-0.004498227016289234,0.07934051072103813,0.9882932787802063,-0.21427537103287458,-7.525533798251889,34.967815877520096,5.514644351464435,0.008988320156765508,-0.015510044034896362
US2000_USD,Largo,1d,35,50,3.0,1545,100.66201391366393,62.33009708737865,-0.0033768032289079155,0.053110981762659874,0.9876235426374284,-0.20447860938084295,-5.217160988662729,22.374232085185742,6.502912621359223,0.00821248154936339,-0.012852747841729751
US2000_USD,Largo,1d,35,60,1.5,1768,115.19122368890474,43.04298642533937,0.006652203713439649,0.11799448887199988,1.011546769819566,0.21321208172307288,11.7610961653613,43.07146034967685,7.373868778280543,0.02273151145899233,-0.006636480373793977
US2000_USD,Largo,1d,35,60,2.0,1670,108.80618979664645,47.84431137724551,0.013932589241351401,0.09781374298565769,1.0293036690526487,0.5225405961035745,23.26742403305684,46.32152126135364,8.576047904191617,0.058768494732429476,-0.022618420669853548
US2000_USD,Largo,1d,35,60,3.0,1529,99.61955940064216,52.38718116415958,0.007809869798506659,0.06436178258497323,1.0219822186359309,0.3681034112453429,11.941290921916682,35.37461862931506,10.189012426422499,0.04056408627617424,-0.018985493978705345
US2000_USD,Largo,1d,35,70,1.5,1768,115.19122368890474,40.497737556561084,0.037792102349124015,0.14913438750768426,1.0629532760052747,1.0462584587291128,66.81643695325126,37.84934123142867,9.01923076923077,0.06674571616706045,0.013863495888019507
US2000_USD,Largo,1d,35,70,2.0,1670,108.80618979664645,45.02994011976048,0.03975855160777686,0.12363970535208313,1.0795920470219347,1.2913697159567907,66.39678118498736,38.295771800568424,10.513173652694611,0.08961506657031267,-0.0008853464595077723
US2000_USD,Largo,1d,35,70,3.0,1528,99.5544059935783,49.14921465968586,0.02322791699216435,0.07979829142743099,1.0616803424552121,0.9599976442950496,35.49225716402712,30.861504420992212,12.488874345549739,0.05979293523701709,-0.006720574141715028
US2000_USD,Largo,1d,40,50,1.5,2264,147.50731359257938,54.46113074204947,-0.0654232084298778,0.05063663640663763,0.8519430001403343,-3.384502453993842,-148.11814388524334,172.5981218638851,3.7818021201413425,-0.028348844475556315,-0.09371984135451569
US2000_USD,Largo,1d,40,50,2.0,2126,138.51614341776667,59.501411100658515,-0.039614864396345026,0.04802832760771113,0.8846594152997593,-2.402555752032903,-84.22120170662953,108.80561441687723,4.380056444026341,-0.006936781751757531,-0.065220006334302
US2000_USD,Largo,1d,40,50,3.0,1976,128.74313235818764,63.208502024291505,-0.0375306138722212,0.02151987927200827,0.8486590503897095,-2.870875916550323,-74.16049301150909,90.54879705799276,5.121963562753036,-0.015727328706418745,-0.05482287452096107
US2000_USD,Largo,1d,40,60,1.5,2242,146.07393863717445,42.506690454950935,-0.048789580846200394,0.06730726404622582,0.9157529600707083,-1.8848566182476114,-109.38624025718129,168.77514590004665,6.529438001784121,-0.003932821704563766,-0.08324579804174777
US2000_USD,Largo,1d,40,60,2.0,2082,135.6493935069568,48.27089337175792,-0.015066290050972353,0.07264052038176079,0.9677492331878222,-0.6712916589559764,-31.36801588612444,93.01558951854264,7.692603266090297,0.037958206526384417,-0.05688457858878466
US2000_USD,Largo,1d,40,60,3.0,1898,123.66116660720655,53.0031612223393,-0.026746245397244496,0.03245963926936041,0.925136290066518,-1.4796465422951872,-50.764373763970056,84.27206186495167,9.119072708113803,0.00725527052907983,-0.05414803796584268
US2000_USD,Largo,1d,40,70,1.5,2236,145.6830181947913,38.416815742397134,-0.028130103535492976,0.08795241373786236,0.9546359700122017,-0.9273628698052607,-62.89891150536229,138.8983038948868,8.480322003577818,0.019292841192755636,-0.0645314310699826
US2000_USD,Largo,1d,40,70,2.0,2072,134.99785943631824,43.33976833976834,0.0024819392424335583,0.09016107878124038,1.0048529104646908,0.09324474024501248,5.142578110322333,79.31883801758643,10.052123552123552,0.048833155245779934,-0.034102699295613575
US2000_USD,Largo,1d,40,70,3.0,1876,122.22779165180164,47.60127931769723,-0.016468475312634043,0.042729292445988096,0.9583253441310576,-0.7756519096014395,-30.894859686501466,69.25613524841867,11.939765458422174,0.01794527138624111,-0.04407220105092485
US2000_USD,Largo,1h+1d,20,50,1.5,77,5.016812343917231,51.94805194805194,0.18778062624127903,0.3166289837552407,1.3655710522224542,1.126783796640908,14.459108220578486,5.3846681297324,7.818181818181818,0.45959636734151205,-0.038732491342248446
US2000_USD,Largo,1h+1d,20,50,2.0,76,4.951658936853371,55.26315789473685,0.10886456149530448,0.20535516007542592,1.2429208990011031,0.8009787877805914,8.27370667364314,5.686244312753382,8.75,0.35515638312755454,-0.10138455453222606
US2000_USD,Largo,1h+1d,20,50,3.0,73,4.756198715661791,58.9041095890411,0.07447623394784239,0.13888464774782752,1.2318101083018422,0.7342748418034407,5.4367650781924945,6.303470400954652,10.561643835616438,0.25251077949930073,-0.07240226613211079
US2000_USD,Largo,1h+1d,20,60,1.5,77,5.016812343917231,41.55844155844156,0.017100159680680387,0.145948517194642,1.0283396098069963,0.09841951747930336,1.3167122954123898,10.48573940735429,10.662337662337663,0.2746862026516348,-0.1975548761284483
US2000_USD,Largo,1h+1d,20,60,2.0,76,4.951658936853371,44.73684210526316,-0.016644699362417567,0.0798458992177039,0.9683383562109713,-0.11537639921627749,-1.264997151543735,12.039650441913908,12.039473684210526,0.2422540051687866,-0.23765578859637243
US2000_USD,Largo,1h+1d,20,60,3.0,73,4.756198715661791,46.57534246575342,-0.050482816614372636,0.01392559718561255,0.8776370018427293,-0.45743357232270937,-3.6852456128492026,11.901194788687734,14.150684931506849,0.1739517621351373,-0.2356413440827183
US2000_USD,Largo,1h+1d,20,70,1.5,77,5.016812343917231,41.55844155844156,0.12636770590270371,0.25521606341666536,1.2094256161557315,0.6355240259382652,9.730313354508187,8.313392695104202,11.493506493506494,0.49284445752283645,-0.17902958711407363
US2000_USD,Largo,1h+1d,20,70,2.0,76,4.951658936853371,44.73684210526316,0.06222618997857724,0.15871678855869875,1.118367019947423,0.38562542273194467,4.72919043837187,9.784697478520457,12.921052631578947,0.39684374762486674,-0.22342294459752354
US2000_USD,Largo,1h+1d,20,70,3.0,73,4.756198715661791,46.57534246575342,-0.004257496802231026,0.06015091699775418,0.9896804475600979,-0.03517237467995395,-0.3107972665628649,10.397892813092097,15.123287671232877,0.2644189523467879,-0.2259155673501716
US2000_USD,Largo,1h+1d,25,50,1.5,235,15.311050660007135,49.361702127659576,0.047910027287135046,0.17506426440171405,1.08802333151324,0.5752040370530126,11.258856412476735,21.91972696460079,6.268085106382979,0.09811078830833982,0.007363258770008124
US2000_USD,Largo,1h+1d,25,50,2.0,233,15.180743845879414,54.93562231759657,0.03263972868396895,0.12803738977799772,1.0725996746152178,0.4756102596178591,7.605056783364765,16.539972919423203,7.296137339055794,0.06251597931824572,0.008553449102846576
US2000_USD,Largo,1h+1d,25,50,3.0,224,14.594363182304672,60.71428571428571,-0.0017468361432197116,0.06206540029452381,0.9949749133837361,-0.03258618624566332,-0.3912912960812154,16.70810405134793,8.602678571428571,0.03634913955337777,-0.031918848894924946
US2000_USD,Largo,1h+1d,25,60,1.5,235,15.311050660007135,41.27659574468085,0.0032998020404412633,0.1304540391550203,1.0053078261927135,0.03409883182049442,0.7754534795036969,22.192959989588434,8.936170212765957,0.0719213035891024,-0.0521252569027081
US2000_USD,Largo,1h+1d,25,60,2.0,233,15.180743845879414,46.78111587982833,0.014561084077717596,0.10995874517174635,1.0279440598394756,0.17915179245380625,3.3927325901082,17.433747576968305,10.278969957081545,0.05419056624928486,-0.01738826589005757
US2000_USD,Largo,1h+1d,25,60,3.0,224,14.594363182304672,51.78571428571429,-0.01841549938694945,0.04539673705079407,0.9556200278017558,-0.2906301110123561,-4.125071862676677,20.227072421642657,12.183035714285714,0.029305254630179717,-0.05621033656851576
US2000_USD,Largo,1h+1d,25,70,1.5,235,15.311050660007135,40.42553191489361,0.06781815131554951,0.19497238843012848,1.1073251593285813,0.6161893731496008,15.937265559154136,20.970696878222448,10.140425531914893,0.16548519854380175,-0.011066771445731129
US2000_USD,Largo,1h+1d,25,70,2.0,233,15.180743845879414,45.92274678111588,0.06467822545609288,0.16007588655012156,1.1228753457390763,0.7129567306672576,15.07002653126964,14.79530412812004,11.729613733905579,0.10126177833802306,0.03518450840399405
US2000_USD,Largo,1h+1d,25,70,3.0,224,14.594363182304672,50.89285714285714,0.021907328218708687,0.08571956465645224,1.052701232511302,0.31551411106362665,4.907241520990746,17.361797397975597,13.78125,0.049453912619038226,9.04333736477052e-05
US2000_USD,Largo,1h+1d,30,50,1.5,503,32.77216375312165,47.713717693836976,-0.06606512655633873,0.060933209626112414,0.8833162498457235,-1.278717253348344,-33.23075865783838,40.858252423402654,5.401590457256461,0.018953190262803246,-0.14303246640397102
US2000_USD,Largo,1h+1d,30,50,2.0,490,31.92516946129147,53.265306122448976,-0.059805197149529664,0.03573665919548966,0.8720625733668873,-1.3743280780349163,-29.304546603269536,40.21031952554698,6.328571428571428,0.032973930025201374,-0.14392012567759319
US2000_USD,Largo,1h+1d,30,50,3.0,458,29.84026043524795,60.26200873362445,-0.03712838921147422,0.026603847990776,0.8889145240530237,-1.078862956158045,-17.004802258855193,32.036709772847935,7.689956331877729,0.05888264298005125,-0.12357815678641625
US2000_USD,Largo,1h+1d,30,60,1.5,503,32.77216375312165,40.55666003976143,-0.08047860881301545,0.04651972736943569,0.874853484754258,-1.3070190059141675,-40.48074023294677,53.858405731993784,8.244532803180915,-0.0012390259168939043,-0.15221444332882242
US2000_USD,Largo,1h+1d,30,60,2.0,490,31.92516946129147,46.12244897959184,-0.04358691411952533,0.05195494222549399,0.9177933487744574,-0.8295250397503183,-21.35758791856741,41.18825248779664,9.630612244897959,0.044727799582002715,-0.12365433938200021
US2000_USD,Largo,1h+1d,30,60,3.0,457,29.775107028184088,52.735229759299784,-0.024588425550721195,0.03917224777215696,0.9379894245848052,-0.5888083999653959,-11.236910476679586,36.42356016982566,11.717724288840262,0.07245882907300577,-0.11156853757862585
US2000_USD,Largo,1h+1d,30,70,1.5,503,32.77216375312165,38.56858846918489,-0.07127334816359002,0.05572498801886115,0.8927155028427071,-1.0509496996966234,-35.85049412628578,43.801458903483315,9.502982107355864,-0.0027908944196036786,-0.1332707210606079
US2000_USD,Largo,1h+1d,30,70,2.0,490,31.92516946129147,43.673469387755105,-0.04684928695870513,0.04869256938631416,0.9153923492308816,-0.8174358494062179,-22.956150609765515,33.43627418507762,11.138775510204082,0.02055055615528927,-0.10795498129940825
US2000_USD,Largo,1h+1d,30,70,3.0,457,29.775107028184088,50.10940919037199,-0.031957059748021356,0.03180361357485681,0.9232877926464542,-0.7102739196348495,-14.604376304845761,28.084806162756003,13.582056892778994,0.03457166098676578,-0.09158446090451107
US2000_USD,Largo,1h+1d,35,50,1.5,820,53.42579379236532,51.58536585365854,-0.05198696055826148,0.07630002496201965,0.8941996934427766,-1.4375113659950614,-42.62930765777441,48.39970237351742,4.719512195121951,-0.022621668317541133,-0.07661166750451577
US2000_USD,Largo,1h+1d,35,50,2.0,780,50.81965750981092,57.43589743589743,-0.03329916411175365,0.06324941280453605,0.9148990198831629,-1.084996145342083,-25.973348007167843,42.98968488188819,5.457692307692308,0.01729030136684041,-0.0753382973967825
US2000_USD,Largo,1h+1d,35,50,3.0,731,47.62714056368177,62.106703146374834,-0.03359942604683427,0.031241646467862042,0.8827522843425152,-1.3802723257416234,-24.56118044023585,33.70015137888688,6.399452804377565,0.005731637724631371,-0.06614588131772207
US2000_USD,Largo,1h+1d,35,60,1.5,820,53.42579379236532,40.853658536585364,-0.06857627851149005,0.05971070700879111,0.8883727510380897,-1.5040571519728925,-56.23254837942184,81.36816401225695,7.508536585365854,-0.006201990670009039,-0.12088117459380823
US2000_USD,Largo,1h+1d,35,60,2.0,779,50.754504102747056,46.08472400513479,-0.040141277892404126,0.05642149448661982,0.9204428000489121,-1.025343210631231,-31.27005547818281,67.51598265389116,8.775353016688062,0.047244516062788226,-0.11255251091161281
US2000_USD,Largo,1h+1d,35,60,3.0,720,46.910453085979306,50.97222222222222,-0.03411035423034033,0.030884619714629618,0.9109926066739157,-1.0841967993023272,-24.55945504584504,49.60219588893243,10.433333333333334,0.02081274773372011,-0.07955434214984211
US2000_USD,Largo,1h+1d,35,70,1.5,820,53.42579379236532,38.048780487804876,-0.006892227927429907,0.12139475759285125,0.9892881006088998,-0.1242197970182126,-5.6516269004925235,48.70419212468872,9.178048780487805,0.07068531040959168,-0.07194603810242109
US2000_USD,Largo,1h+1d,35,70,2.0,779,50.754504102747056,42.87548138639281,0.00279685233911861,0.09935962471814255,1.005236209866386,0.05969224724186039,2.1787479721733973,43.72958268911471,10.75224646983312,0.09823208043589517,-0.07628445169412582
US2000_USD,Largo,1h+1d,35,70,3.0,720,46.910453085979306,47.36111111111111,-0.0068390337936135815,0.058155940151356354,0.9832120179756696,-0.18593601500594004,-4.924104331401779,31.607791787758224,12.815277777777778,0.051628904646808686,-0.05521605900066351
US2000_USD,Largo,1h+1d,40,50,1.5,1183,77.07648055654656,54.26880811496196,-0.08981246098164257,0.041563870448440586,0.7983432817675544,-3.4177873488643864,-106.24814134128316,121.44530807346794,3.750633981403212,-0.02546872414149233,-0.14168038930469498
US2000_USD,Largo,1h+1d,40,50,2.0,1115,72.64604887620406,58.9237668161435,-0.06666566428802059,0.032730193794637506,0.8099375966436472,-2.9661711971721823,-74.33221568114296,84.30503357321972,4.336322869955157,-0.012838495760651299,-0.1113890588280023
US2000_USD,Largo,1h+1d,40,50,3.0,1041,67.8246967534784,62.53602305475504,-0.05696629908205041,0.009897814934729987,0.7767451581239635,-3.1674445409444436,-59.30191734441448,65.67684827827469,5.0883765609990395,-0.013127186384451496,-0.09361486948533417
US2000_USD,Largo,1h+1d,40,60,1.5,1171,76.29463967178023,41.75918018787361,-0.10478826012266769,0.02655833140534228,0.8249042244760886,-3.0076791587697085,-122.70705260364386,141.93084763471052,6.551665243381725,-0.04244646470371988,-0.155278369550069
US2000_USD,Largo,1h+1d,40,60,2.0,1088,70.88690688547985,47.150735294117645,-0.07208476711395037,0.02737560231240126,0.8539015043388262,-2.3556829684266987,-78.428226619978,98.58786561628537,7.748161764705882,-0.00806427311424159,-0.12572355938397667
US2000_USD,Largo,1h+1d,40,60,3.0,992,64.63217980734926,52.318548387096776,-0.06755967713534025,-0.0004554662386801735,0.8213077024971623,-2.7084954915738675,-67.01919971825752,79.25222062254348,9.267137096774194,-0.01428269837298261,-0.11251831720617735
US2000_USD,Largo,1h+1d,40,70,1.5,1168,76.09917945058865,37.41438356164384,-0.07649765960746567,0.054818731756552774,0.8814572449507468,-1.8319549938700428,-89.3492664215199,109.25468977662803,8.451198630136986,-0.027780705021661016,-0.11599993441114916
US2000_USD,Largo,1h+1d,40,70,2.0,1082,70.49598644309668,42.14417744916821,-0.05048965217979137,0.048929902199216155,0.9067219817008824,-1.3692746606192852,-54.629803658534264,73.91305920880188,10.002772643253234,-0.001142910595380458,-0.09194762895308899
US2000_USD,Largo,1h+1d,40,70,3.0,978,63.72003210845522,46.830265848670756,-0.054674437791432606,0.01239207966164511,0.8696917208267546,-1.840286275943644,-53.47160016002109,65.35786370093999,11.998977505112475,-0.003914306479326279,-0.0970539095248047
US2000_USD,Corto,1h,20,50,1.5,63,4.104664645023189,42.857142857142854,-0.014710802186265167,0.0882588157101964,0.975031016305169,-0.09068653199235868,-0.9267805377347055,8.955228362608718,7.301587301587301,-0.20728226401342456,0.1495413270192531
US2000_USD,Corto,1h,20,50,2.0,63,4.104664645023189,44.44444444444444,-0.09492962024657643,-0.01770240682423024,0.8264496679155477,-0.695459319122401,-5.980566075534315,9.142346411471914,8.65079365079365,-0.225722469668802,0.01662898661355714
US2000_USD,Corto,1h,20,50,3.0,62,4.039511237959329,51.61290322580645,-0.11091573960853533,-0.059255877783994014,0.7436622952691291,-1.0422676791991523,-6.876775855729191,8.734704833187097,10.161290322580646,-0.23204053543957018,-0.004472737211565357
US2000_USD,Corto,1h,20,60,1.5,63,4.104664645023189,34.92063492063492,-0.09667734409277985,0.006292273803681688,0.8573013682790073,-0.5248640940597231,-6.090672677845131,11.816811420056897,9.34920634920635,-0.3036256276187052,0.07983736832639178
US2000_USD,Corto,1h,20,60,2.0,63,4.104664645023189,36.507936507936506,-0.14579155403047675,-0.06856434060813056,0.7635426592077798,-0.9432667126619828,-9.184867903920034,11.084883910204836,10.936507936507937,-0.25768284490044985,-0.05035486475902908
US2000_USD,Corto,1h,20,60,3.0,62,4.039511237959329,40.32258064516129,-0.1460758575631493,-0.09441599573860794,0.6886413094429967,-1.2579861862232706,-9.056703168915258,9.828600805491597,12.96774193548387,-0.2869919550322201,-0.02224049918123866
US2000_USD,Corto,1h,20,70,1.5,63,4.104664645023189,34.92063492063492,-0.023345723582888264,0.07962389431357329,0.9655410184973889,-0.10791785219406042,-1.4707805857219607,12.339850215058334,9.857142857142858,-0.20947999871512535,0.1354158640299021
US2000_USD,Corto,1h,20,70,2.0,63,4.104664645023189,34.92063492063492,-0.13202987104700573,-0.054802657624659544,0.7879516588434753,-0.7636586720194454,-8.31788187596136,11.72176580383369,11.571428571428571,-0.27665752119289266,-0.008670992981396326
US2000_USD,Corto,1h,20,70,3.0,62,4.039511237959329,38.70967741935484,-0.1227621946236205,-0.07110233279907915,0.7406091674905168,-0.9547912578616535,-7.61125606666447,10.946374127270204,13.64516129032258,-0.29964173922718196,0.03267740517950928
US2000_USD,Corto,1h,25,50,1.5,173,11.271539422047805,39.884393063583815,-0.17815107210198647,-0.07298602372339394,0.7258459364265694,-1.9675852552693391,-30.82013547364366,36.96866199647939,6.271676300578035,-0.2670649692781882,-0.09615270026171152
US2000_USD,Corto,1h,25,50,2.0,167,10.880618979664645,43.11377245508982,-0.20052068044965538,-0.12178222706051366,0.6551574686735644,-2.5664128179599794,-33.48695363509245,38.18080446276311,7.3293413173652695,-0.285969683987849,-0.12381077954604973
US2000_USD,Corto,1h,25,50,3.0,159,10.359391723153763,50.943396226415096,-0.15384200483119911,-0.1018087876141597,0.6412819680014554,-2.4937852884742058,-24.460878768160658,28.42719753375696,9.345911949685535,-0.24879152145886776,-0.0690656506993521
US2000_USD,Corto,1h,25,60,1.5,173,11.271539422047805,32.947976878612714,-0.14979604377937766,-0.04463099540078518,0.7938068473875891,-1.31489292392521,-25.914715573832336,41.73266225290403,7.745664739884393,-0.28286857387276054,-0.02707359935992452
US2000_USD,Corto,1h,25,60,2.0,167,10.880618979664645,35.92814371257485,-0.18141981993802825,-0.10268136654888653,0.7220829175354996,-1.8766489859604898,-30.297109929650716,42.56061821199762,9.083832335329342,-0.2908476370819549,-0.08318348409291226
US2000_USD,Corto,1h,25,60,3.0,159,10.359391723153763,44.0251572327044,-0.11837611415602306,-0.06634289693898368,0.7518272561534891,-1.575697365545333,-18.821802150807667,26.703947004933234,11.647798742138365,-0.2150245330417203,-0.03208288300807912
US2000_USD,Corto,1h,25,70,1.5,173,11.271539422047805,30.63583815028902,-0.13960394679201144,-0.03443889841341891,0.8117811752183716,-1.055089491814937,-24.151482795017976,48.793045204496174,8.942196531791907,-0.3124861224623277,0.019831837437280293
US2000_USD,Corto,1h,25,70,2.0,167,10.880618979664645,34.13173652694611,-0.16757647526334316,-0.08883802187420146,0.7466214817902715,-1.5073320534483479,-27.985271368978307,49.59168414546117,10.497005988023952,-0.33537500627897304,-0.016939157647039037
US2000_USD,Corto,1h,25,70,3.0,159,10.359391723153763,41.509433962264154,-0.1109685055099964,-0.05893528829295702,0.7728954288648384,-1.3067712603791262,-17.64399237608943,32.29335867382723,13.30817610062893,-0.26230390144333987,0.024152383716203076
US2000_USD,Corto,1h,30,50,1.5,398,25.931056011416338,41.959798994974875,-0.11778490860685195,-0.01735962701861074,0.8059424049541318,-2.0080921929729953,-46.878393625527075,64.09347977690084,5.63819095477387,-0.06224732757802689,-0.17332248963567695
US2000_USD,Corto,1h,30,50,2.0,384,25.018908312522296,47.65625,-0.10905739749682064,-0.033311856855185146,0.7862705138486137,-2.1837295969113018,-41.878040638779126,53.12550004214591,6.630208333333333,-0.09569497424676866,-0.12298843450219403
US2000_USD,Corto,1h,30,50,3.0,351,22.868845879414913,55.84045584045584,-0.06686521819377471,-0.015801246199023327,0.8150336964528094,-1.683143764990014,-23.46969158601492,31.148501907631417,8.25925925925926,-0.06406713864213189,-0.06981056509024082
US2000_USD,Corto,1h,30,60,1.5,398,25.931056011416338,33.165829145728644,-0.09296241298973956,0.007462868598501648,0.8650242640632241,-1.25238907119949,-36.999040369916344,51.19781983989275,7.525125628140704,-0.08514968040613835,-0.10077514557334075
US2000_USD,Corto,1h,30,60,2.0,384,25.018908312522296,38.28125,-0.09258604885063865,-0.016840508209003152,0.8438652403719558,-1.4768556131345947,-35.55304275864524,46.7320382528458,8.8515625,-0.11670599391955894,-0.06743972314048771
US2000_USD,Corto,1h,30,60,3.0,351,22.868845879414913,45.86894586894587,-0.05463653028753175,-0.003572558292780385,0.8749800357492882,-1.097237405913638,-19.177422130923645,29.048459375065775,11.113960113960115,-0.08103818883931348,-0.026845310759340452
US2000_USD,Corto,1h,30,70,1.5,398,25.931056011416338,30.65326633165829,-0.07301557802749721,0.027409703560743987,0.8970814826163264,-0.8422518342227044,-29.06020005494389,55.65133819584471,9.06532663316583,-0.035098282073198095,-0.11093287398179634
US2000_USD,Corto,1h,30,70,2.0,384,25.018908312522296,35.67708333333333,-0.08123157440328227,-0.005486033761646744,0.8675620628224434,-1.1208827265414272,-31.19292457086039,51.46478011905639,10.677083333333334,-0.10992464402593245,-0.05131752309456185
US2000_USD,Corto,1h,30,70,3.0,351,22.868845879414913,42.45014245014245,-0.04014403773024955,0.01091993426450183,0.9127058840558168,-0.6900632371075827,-14.090557243317592,30.921749849478275,13.424501424501425,-0.06780610559048025,-0.011026071561585632
US2000_USD,Corto,1h,35,50,1.5,707,46.06345879414912,46.81753889674682,-0.10671651913986338,-0.010132151450658228,0.8042027701478047,-2.6777511549420496,-75.44857903188341,97.62839361973704,4.763790664780764,-0.07117089793252979,-0.14552224170053227
US2000_USD,Corto,1h,35,50,2.0,669,43.58762932572244,52.615844544095665,-0.0886758783365875,-0.016266186415844888,0.8031272666786421,-2.5735187269111885,-59.32416260717703,77.73272194278682,5.579970104633782,-0.0754005256172557,-0.10350562362115748
US2000_USD,Corto,1h,35,50,3.0,606,39.48296468069925,58.08580858085809,-0.06723162710621527,-0.018369360886480408,0.7936698719908601,-2.426598846263864,-40.742366026366454,55.45406620580113,6.816831683168317,-0.07316334588972008,-0.06050622764041048
US2000_USD,Corto,1h,35,60,1.5,707,46.06345879414912,35.36067892503536,-0.10342956611263553,-0.006845198423430362,0.8418900462562449,-2.0484991586867847,-73.12470324163331,97.2977789443526,6.777934936350778,-0.11131382881133427,-0.0948221905628727
US2000_USD,Corto,1h,35,60,2.0,664,43.26186229040314,39.90963855421687,-0.09322514525467185,-0.02068639270664059,0.8339495911594773,-2.1269192111059994,-61.90149644910211,79.61634126103044,8.081325301204819,-0.10729518892318536,-0.07754197556046893
US2000_USD,Corto,1h,35,60,3.0,594,38.70112379593293,45.11784511784512,-0.07493107694099375,-0.025881489984368605,0.8248246057813212,-2.1000692314775473,-44.50905970295029,57.351490022875005,10.006734006734007,-0.1121166726839432,-0.03266255803893611
US2000_USD,Corto,1h,35,70,1.5,707,46.06345879414912,31.25884016973126,-0.07272297900075363,0.02386138868845152,0.8943956275105682,-1.1814139758922817,-51.41514615353281,86.4323768852709,8.473833097595474,-0.06965107547440834,-0.07607662515821342
US2000_USD,Corto,1h,35,70,2.0,664,43.26186229040314,35.8433734939759,-0.054050104995377164,0.018488647552654097,0.9087151137015067,-1.011898405452067,-35.889269716930436,67.95541963257705,10.08433734939759,-0.07162067663525976,-0.03446507291270551
US2000_USD,Corto,1h,35,70,3.0,594,38.70112379593293,40.4040404040404,-0.04400683426081873,0.005042752695806387,0.9042354326271171,-1.0131397569784915,-26.140059550926324,49.63023131680959,12.432659932659933,-0.09071549908614766,0.00908646820250479
US2000_USD,Corto,1h,40,50,1.5,1097,71.47328754905458,53.05378304466728,-0.08738780937204609,0.007259101754312411,0.8131775252440773,-3.0653098622969965,-95.86442688113456,106.99694391726023,3.8742023701002735,-0.085289565603415,-0.08980284680770578
US2000_USD,Corto,1h,40,50,2.0,1031,67.17316268283982,58.19592628516004,-0.06603270138792851,0.005454817255203751,0.8234546663859272,-2.6910691932820088,-68.0797151309543,77.35702661087711,4.519883608147429,-0.073047739027213,-0.058104549345183436
US2000_USD,Corto,1h,40,50,3.0,969,63.133651444880485,61.60990712074303,-0.058400426209527775,-0.01029654035579132,0.7865487232433243,-2.9952159681646786,-56.59001299703242,65.63091483717236,5.432404540763674,-0.07304832586761581,-0.04192153909417876
US2000_USD,Corto,1h,40,60,1.5,1085,70.69144666428826,38.61751152073733,-0.07543311747674833,0.01947744125680463,0.8773522724560178,-1.9503596252685094,-81.84493246227194,103.7104865103688,6.070046082949308,-0.08059114824294841,-0.06946497849875939
US2000_USD,Corto,1h,40,60,2.0,1001,65.218560470924,44.05594405594406,-0.06510026554667636,0.0069552157439006414,0.875169610505412,-1.9283137517841713,-65.16536581222304,80.1999267767077,7.250749250749251,-0.07837822987547527,-0.050159031800894156
US2000_USD,Corto,1h,40,60,3.0,920,59.94113449875133,49.45652173913043,-0.061226926865759215,-0.012599625801688065,0.8466731467664452,-2.2601018173585543,-56.32877271649848,68.31427972810104,8.820652173913043,-0.07563085664116058,-0.04509718061957243
US2000_USD,Corto,1h,40,70,1.5,1083,70.56113985016054,31.948291782086795,-0.08121242427442393,0.013732068526472064,0.8801420948310127,-1.707115087448206,-87.95305548920112,125.11635944824945,7.947368421052632,-0.09028273036774997,-0.07071471941342307
US2000_USD,Corto,1h,40,70,2.0,992,64.63217980734926,36.895161290322584,-0.06015375023738669,0.011919791891261843,0.8971339234023084,-1.4281130495327399,-59.672520235487596,87.60895884716135,9.591733870967742,-0.08099864592409145,-0.03690880259528307
US2000_USD,Corto,1h,40,70,3.0,905,58.96383339279343,41.87845303867404,-0.056473454181895935,-0.007782670391514057,0.8767517564105964,-1.6618531757185357,-51.10847603461582,73.47741151562892,11.772375690607735,-0.0802650412008446,-0.030075329657374795
US2000_USD,Corto,1d,20,50,1.5,103,6.710800927577595,27.184466019417474,-0.3413610526582129,-0.2531805668487717,0.5338713053569556,-2.9142715186652755,-35.16018842379593,36.91914160213203,6.970873786407767,-0.4912328868420764,-0.15565030160429516
US2000_USD,Corto,1d,20,50,2.0,99,6.450187299322154,35.35353535353536,-0.2111044679590037,-0.14474667824810747,0.6458114107616235,-1.9883111835743508,-20.899342327941365,24.979631811926414,9.292929292929292,-0.3753983731782791,-0.013951781695873248
US2000_USD,Corto,1d,20,50,3.0,91,5.928960042811274,39.56043956043956,-0.15036545508149904,-0.10656077923117624,0.6494882691386903,-1.8028980597330362,-13.683256412416412,19.241931670827668,12.175824175824175,-0.3222833241729381,0.05020539219184645
US2000_USD,Corto,1d,20,60,1.5,103,6.710800927577595,21.35922330097087,-0.4162693130933218,-0.3280888272838806,0.468457592089069,-3.304165011667305,-42.87573924861215,45.03392496523942,8.067961165048544,-0.5670705476665092,-0.22940691373089397
US2000_USD,Corto,1d,20,60,2.0,99,6.450187299322154,28.28282828282828,-0.27018641578345415,-0.20382862607255792,0.5790662922333298,-2.361552235560851,-26.74845516256196,29.941851483788483,10.606060606060606,-0.4238588066375271,-0.0857795467585666
US2000_USD,Corto,1d,20,60,3.0,91,5.928960042811274,30.76923076923077,-0.20713610158385254,-0.16333142573352977,0.5611139621213134,-2.3139316068485356,-18.84938524413058,24.195145171085056,13.76923076923077,-0.3938157679944976,0.01065684256189994
US2000_USD,Corto,1d,20,70,1.5,103,6.710800927577595,19.41747572815534,-0.5150932046041118,-0.42691271879467063,0.35797050504856504,-4.488898900310131,-53.054600074223515,55.2127857908508,8.669902912621358,-0.6353266027886728,-0.36610834163628636
US2000_USD,Corto,1d,20,70,2.0,99,6.450187299322154,25.252525252525253,-0.3289240830831089,-0.2625662933722127,0.5091721972805325,-2.7103511290838784,-32.56348422522778,38.35221463643861,11.363636363636363,-0.48763961941371403,-0.1384654394863828
US2000_USD,Corto,1d,20,70,3.0,91,5.928960042811274,28.57142857142857,-0.229206523105619,-0.18540184725529626,0.5261432824301419,-2.413157336858182,-20.85779360261133,27.933776256222032,14.582417582417582,-0.4042667849677897,-0.024969550933086566
US2000_USD,Corto,1d,25,50,1.5,232,15.115590438815554,37.5,-0.19809314506404205,-0.11182224911438511,0.6906951211673296,-2.628626122403771,-45.957609654857755,49.78407325916656,6.741379310344827,-0.18130012699303988,-0.21771115682923153
US2000_USD,Corto,1d,25,50,2.0,213,13.877675704602211,43.1924882629108,-0.15805492968545165,-0.09371510078470098,0.7128195158499472,-2.2910983852364337,-33.6657000230012,36.11715852788776,8.244131455399062,-0.21296730205583392,-0.09361694169979905
US2000_USD,Corto,1d,25,50,3.0,199,12.965528005708169,50.25125628140703,-0.10518787669786454,-0.0618335664136189,0.7370901552374066,-1.922476102891635,-20.932387462875045,25.255053116578367,10.27638190954774,-0.1728554900482041,-0.024879060853505438
US2000_USD,Corto,1d,25,60,1.5,232,15.115590438815554,31.03448275862069,-0.20568220412721094,-0.11941130817755402,0.7025849220813158,-2.2954670961067025,-47.71827135751294,55.301056824026944,8.064655172413794,-0.24252702066495027,-0.1626391941532164
US2000_USD,Corto,1d,25,60,2.0,213,13.877675704602211,35.2112676056338,-0.18667682055984636,-0.12233699165909567,0.6914820050370726,-2.346160032943014,-39.76216277924728,44.30773975788076,9.934272300469484,-0.27850061123096415,-0.07892441313965709
US2000_USD,Corto,1d,25,60,3.0,199,12.965528005708169,41.20603015075377,-0.1144346985329061,-0.07108038824866045,0.741469113700157,-1.8179566257522564,-22.772505008048313,26.494733531062014,12.346733668341708,-0.1772937475707419,-0.0398327502242658
US2000_USD,Corto,1d,25,70,1.5,232,15.115590438815554,28.01724137931034,-0.2795515601512061,-0.1932806642015491,0.6082496459685526,-3.0687254277341314,-64.8559619550798,73.14070676669094,8.887931034482758,-0.3214915607752097,-0.23055623231942596
US2000_USD,Corto,1d,25,70,2.0,213,13.877675704602211,32.3943661971831,-0.22244017681030168,-0.15810034790955102,0.6418847754400119,-2.6172991911177474,-47.37975766059426,56.107601504972735,10.924882629107982,-0.341989305988233,-0.08215293338721907
US2000_USD,Corto,1d,25,70,3.0,199,12.965528005708169,37.68844221105528,-0.14678921347502338,-0.1034349031907777,0.6807644810710662,-2.183477151828788,-29.211053481529653,36.75333021183407,13.577889447236181,-0.22429643340057231,-0.054802622794151996
US2000_USD,Corto,1d,30,50,1.5,388,25.279521940777737,42.01030927835052,-0.10691224019889929,-0.02240651487270514,0.8191376930403147,-1.8388890707358478,-41.48194919717292,43.20452212128798,5.721649484536083,-0.17364828165830423,-0.021333081150956466
US2000_USD,Corto,1d,30,50,2.0,363,23.650686764181234,48.484848484848484,-0.06637737390174976,-0.002883362599832071,0.8605067810105828,-1.3193833782098412,-24.094986726335165,31.723916632573374,6.851239669421488,-0.13422023036585445,0.022639367700833413
US2000_USD,Corto,1d,30,50,3.0,328,21.370317516946127,56.70731707317073,-0.02219298483626356,0.020124348883924035,0.9311187987738437,-0.5645204899172664,-7.279299026294448,16.809396585299996,8.445121951219512,-0.06521157415367762,0.033460434910041296
US2000_USD,Corto,1d,30,60,1.5,388,25.279521940777737,33.50515463917525,-0.10543844191823672,-0.020932716592042575,0.8435202644582211,-1.454479198833939,-40.91011546427585,45.62770186494277,7.463917525773196,-0.15332070540738796,-0.04403648050273684
US2000_USD,Corto,1d,30,60,2.0,363,23.650686764181234,38.56749311294766,-0.07452183188939027,-0.011027820587472552,0.8677804057503872,-1.191232132602935,-27.05142497584867,34.07184238035386,8.90358126721763,-0.1279761045032592,-0.004384378650810613
US2000_USD,Corto,1d,30,60,3.0,327,21.305164109882266,44.95412844036697,-0.03897624324142523,0.00330454871864613,0.9054559316175694,-0.7849683991299783,-12.74523153994605,20.416167665524213,11.116207951070336,-0.07869374565372515,0.012128794827548093
US2000_USD,Corto,1d,30,70,1.5,388,25.279521940777737,30.412371134020617,-0.1437542656086734,-0.05924854028247925,0.7954201937846457,-1.7863866685155338,-55.77665505616528,60.334980112474724,8.77319587628866,-0.19095859176420948,-0.08322165912686835
US2000_USD,Corto,1d,30,70,2.0,363,23.650686764181234,35.26170798898072,-0.10237265650895791,-0.03887864520704022,0.8271100604302792,-1.4595363566764974,-37.16127431275172,44.39019030856756,10.476584022038567,-0.18016949269387,-0.0002952790943598572
US2000_USD,Corto,1d,30,70,3.0,327,21.305164109882266,40.97859327217125,-0.049764538887738526,-0.007483746927667168,0.887210340549649,-0.8715628391475607,-16.2730042162905,25.022488073166045,13.131498470948012,-0.08681591232629338,-0.00209004439337426
US2000_USD,Corto,1d,35,50,1.5,634,41.30726007848733,45.268138801261834,-0.12289474756038427,-0.039363197498179125,0.7753510027334478,-2.9990621140597153,-77.91526995328363,83.80398669659687,4.798107255520505,-0.12543481948768423,-0.1193347982683351
US2000_USD,Corto,1d,35,50,2.0,596,38.83143061006065,50.83892617449665,-0.09961570743676441,-0.0367330536598519,0.7761790922040037,-2.820163320189058,-59.37096163231159,66.50986321432285,5.6644295302013425,-0.1290050616793292,-0.056624668586070466
US2000_USD,Corto,1d,35,50,3.0,534,34.79191937210132,56.74157303370787,-0.06049801309173923,-0.018385183654620427,0.8087154976369306,-2.099868920491582,-32.30593899098875,39.01627683224925,6.865168539325842,-0.09253139434854572,-0.013337757352551893
US2000_USD,Corto,1d,35,60,1.5,633,41.24210667142347,34.59715639810427,-0.1271415735457592,-0.04365448999476207,0.8064930664879574,-2.40629311957603,-80.48061605446557,83.78289996527204,6.6524486571879935,-0.10804240036155088,-0.15383700879186854
US2000_USD,Corto,1d,35,60,2.0,590,38.44051016767749,39.49152542372881,-0.10764828725751838,-0.04473536931850725,0.805468202618531,-2.362353290099685,-63.512489481935845,69.20597269101803,8.010169491525424,-0.11709694204190514,-0.09396538053655995
US2000_USD,Corto,1d,35,60,3.0,523,34.075231894398854,44.74187380497132,-0.07432008627786797,-0.03217180142910904,0.8231477775358618,-1.9794683235901616,-38.86940512332495,41.68227743242701,9.789674952198853,-0.08978238464516969,-0.05199368349517528
US2000_USD,Corto,1d,35,70,1.5,633,41.24210667142347,29.85781990521327,-0.15276582079403694,-0.06927873724303982,0.7827721237824096,-2.4535821877655133,-96.70076456262538,102.92164654492397,8.148499210110584,-0.11406406645338853,-0.20686031833835236
US2000_USD,Corto,1d,35,70,2.0,590,38.44051016767749,34.57627118644068,-0.12759879936211965,-0.06468422612349331,0.7858226723545769,-2.3771402558022445,-75.2832916236506,82.4003379948538,9.77457627118644,-0.13294747893915826,-0.11985320113644962
US2000_USD,Corto,1d,35,70,3.0,520,33.87977167320727,39.03846153846154,-0.08521828465819153,-0.04314130718524454,0.8154254053291871,-1.8989141741364326,-44.3135080222596,48.07542243944229,12.05,-0.10466054173745522,-0.05674597452789536
US2000_USD,Corto,1d,40,50,1.5,837,54.533401712450946,50.53763440860215,-0.10194326096709198,-0.020223937543899742,0.7892908774248739,-3.093789243492576,-85.326509429456,95.2866901652022,3.7311827956989245,-0.09899442957435901,-0.10608687749308743
US2000_USD,Corto,1d,40,50,2.0,778,50.689350695683196,55.52699228791774,-0.08308750630198984,-0.02144410485336165,0.7874429136605112,-2.9082420919357403,-64.6420799029481,71.0615649903663,4.402313624678663,-0.08594271943981838,-0.07912874452806812
US2000_USD,Corto,1d,40,50,3.0,718,46.780146271851585,60.306406685236766,-0.05830364544141248,-0.016751920122701214,0.7899386496172022,-2.553206733396824,-41.86201742693416,46.160261160538695,5.2924791086350975,-0.0700063032023337,-0.042275252798566545
US2000_USD,Corto,1d,40,60,1.5,828,53.9470210488762,37.68115942028986,-0.09487283054106814,-0.0130385382446651,0.8489329793580238,-2.1261922999624057,-78.55470368800442,96.62508351340527,5.933574879227053,-0.06041339171977758,-0.1433564595803258
US2000_USD,Corto,1d,40,60,2.0,753,49.06051551908669,42.49667994687915,-0.09922936099717238,-0.03717945504977283,0.8163269164396716,-2.53398228468069,-74.7197088308708,82.85175920376524,7.130146082337317,-0.07615852194464265,-0.1313088133940232
US2000_USD,Corto,1d,40,60,3.0,683,44.49977702461648,48.46266471449488,-0.07146868535893462,-0.029514360308253437,0.8249295837805019,-2.24292503335349,-48.813112100152345,51.44192555910778,8.756954612005856,-0.06616989799231798,-0.0787361194207873
US2000_USD,Corto,1d,40,70,1.5,827,53.88186764181234,30.350665054413543,-0.13501484496054147,-0.05314192959134307,0.8063087151042779,-2.5097916379297325,-111.6572767823678,139.6434638170434,7.655380894800484,-0.08844928185462558,-0.20039614432146405
US2000_USD,Corto,1d,40,70,2.0,748,48.73474848376739,34.75935828877005,-0.13350855469885753,-0.0714193777771701,0.7808591535089962,-2.8144081102299716,-99.86439891474544,117.03572853304058,9.217914438502675,-0.10625751972759516,-0.17117399793939214
US2000_USD,Corto,1d,40,70,3.0,674,43.91339636104174,40.0593471810089,-0.0970483776971439,-0.05500648614364708,0.795630243214158,-2.475509267036734,-65.41060656787499,73.36182379363237,11.534124629080118,-0.09616281457097246,-0.09827189424249035
US2000_USD,Corto,1h+1d,20,50,1.5,16,1.0424545130217624,43.75,-0.0682717523452423,0.016615557008910195,0.8889615617482511,-0.2055467566349635,-1.0923480375238768,3.2731183271638598,7.125,-0.12407281752410672,0.0034724743132977004
US2000_USD,Corto,1h+1d,20,50,2.0,16,1.0424545130217624,43.75,-0.19182881425893406,-0.12816333224331966,0.6812208927414883,-0.6891029706055936,-3.069261028142945,4.13954707531636,8.8125,-0.23194350203196715,-0.14025278712217706
US2000_USD,Corto,1h+1d,20,50,3.0,16,1.0424545130217624,50.0,-0.19099421088599272,-0.1485505562089165,0.6086671421155646,-0.8820170468984089,-3.0559073741758835,3.436098072291483,11.625,-0.14523003513650307,-0.24983386542105088
US2000_USD,Corto,1h+1d,20,60,1.5,16,1.0424545130217624,31.25,-0.40759082042469624,-0.32270351107054374,0.4574591710724299,-1.433812780131314,-6.52145312679514,7.523313237052438,8.4375,-0.4738812458566386,-0.32236027344077034
US2000_USD,Corto,1h+1d,20,60,2.0,16,1.0424545130217624,31.25,-0.47756811531852267,-0.4139026333029083,0.35053217476237747,-1.980829820215905,-7.641089845096363,7.892484927789294,10.5625,-0.5220776010591437,-0.42034163365200977
US2000_USD,Corto,1h+1d,20,60,3.0,16,1.0424545130217624,31.25,-0.4396898007145752,-0.3972461460374989,0.2809955757454601,-2.3497184539098765,-7.035036811433203,7.035036811433203,13.875,-0.4730488700503613,-0.3967995687114215
US2000_USD,Corto,1h+1d,20,70,1.5,16,1.0424545130217624,31.25,-0.356573588426923,-0.2716862790727705,0.525367794011537,-1.147121589092002,-5.705177414830768,7.279919664406211,8.6875,-0.44683751556261364,-0.24051996782389226
US2000_USD,Corto,1h+1d,20,70,2.0,16,1.0424545130217624,31.25,-0.43930519132019274,-0.37563970930457835,0.4025677634864138,-1.6859178416061755,-7.028883061123084,7.709939748304626,10.8125,-0.5017948033386249,-0.3589614044393512
US2000_USD,Corto,1h+1d,20,70,3.0,16,1.0424545130217624,31.25,-0.41418118471568854,-0.3717375300386123,0.3227086373857403,-2.076856273087241,-6.626898955451017,6.653279362194848,14.125,-0.4595270049033488,-0.3558794159029825
US2000_USD,Corto,1h+1d,25,50,1.5,36,2.345522654298965,50.0,0.036022219726112484,0.11561428572649995,1.0699483618660592,0.18084149960086893,1.2967999101400494,5.024404935070467,6.555555555555555,-0.01419750660159369,0.07619800078827742
US2000_USD,Corto,1h+1d,25,50,2.0,35,2.280369247235105,54.285714285714285,-0.010674549265027736,0.04866828304633995,0.9771998878435513,-0.06167706914706187,-0.37360922427597076,4.47972167244126,7.3428571428571425,-0.09604660182037064,0.05335449015147951
US2000_USD,Corto,1h+1d,25,50,3.0,35,2.280369247235105,62.857142857142854,-0.0011614252254253737,0.03840046298215306,0.9966788737048137,-0.008710571215325957,-0.04064988288988808,4.246381923701694,8.657142857142857,-0.08759289615281943,0.06366217797012019
US2000_USD,Corto,1h+1d,25,60,1.5,36,2.345522654298965,38.88888888888889,-0.14737881003187647,-0.06778674403148897,0.7665353051823831,-0.6830213329186419,-5.305637161147553,11.53743283020917,7.611111111111111,-0.447724788446756,0.09289797270002718
US2000_USD,Corto,1h+1d,25,60,2.0,35,2.280369247235105,42.857142857142854,-0.15998595845439917,-0.10064312614303143,0.7271990351695529,-0.8309423159104458,-5.599508545903971,11.423403570743256,8.857142857142858,-0.47620176062983316,0.07717589317717637
US2000_USD,Corto,1h+1d,25,60,3.0,35,2.280369247235105,54.285714285714285,-0.09011332990246515,-0.05055144169488667,0.7849588164316291,-0.6065297759539046,-3.1539665465862803,6.802961730737522,10.971428571428572,-0.27018123425209023,0.044937598359753625
US2000_USD,Corto,1h+1d,25,70,1.5,36,2.345522654298965,36.11111111111111,-0.13869391384958596,-0.05910184784919845,0.7900504656217526,-0.5515411230025453,-4.9929808985850945,11.292067009732193,8.722222222222221,-0.43238942466694485,0.09626249480430124
US2000_USD,Corto,1h+1d,25,70,2.0,35,2.280369247235105,42.857142857142854,-0.07542353293288731,-0.016080700621519662,0.8713911348608928,-0.319551808453247,-2.6398236526510557,11.239379205385521,10.371428571428572,-0.4639334696059842,0.21595891957193541
US2000_USD,Corto,1h+1d,25,70,3.0,35,2.280369247235105,54.285714285714285,-0.03206135024882288,0.007500537958755604,0.9234906676762553,-0.18377361563404504,-1.1221472587088008,6.802961730737522,12.514285714285714,-0.25808930518893286,0.13745961595625963
US2000_USD,Corto,1h+1d,30,50,1.5,88,5.733499821619693,51.13636363636363,0.06372491436499166,0.13686201501328768,1.1243050258511722,0.5141055623777407,5.607792464119266,9.31891578573403,5.6022727272727275,0.028685572068119402,0.10210133688061365
US2000_USD,Corto,1h+1d,30,50,2.0,83,5.407732786300392,55.42168674698795,0.04138933129090248,0.09696856584376819,1.0947580091607458,0.38521263709469833,3.4353144971449057,11.213210762885296,6.373493975903615,-0.03088050800827412,0.1269720357241379
US2000_USD,Corto,1h+1d,30,50,3.0,76,4.951658936853371,67.10526315789474,0.09617172467541538,0.13376013758860647,1.3682672374441487,1.2080401194013108,7.309051075331569,5.644814993175551,7.934210526315789,0.049852261978402014,0.1504316666919168
US2000_USD,Corto,1h+1d,30,60,1.5,88,5.733499821619693,40.909090909090914,0.031397595821684894,0.10453469646998088,1.0515235178640285,0.20267505724164456,2.762988432308271,9.330310308346498,7.625,-0.0677526644346946,0.1399907380072434
US2000_USD,Corto,1h+1d,30,60,2.0,83,5.407732786300392,44.57831325301205,0.0023351408828464018,0.05791437543571216,1.004284893895753,0.017349805014989093,0.19381669327625134,11.26250469388367,8.674698795180722,-0.11059088905671498,0.13606333423232708
US2000_USD,Corto,1h+1d,30,60,3.0,76,4.951658936853371,53.94736842105263,0.013315519268458564,0.050903932181649625,1.033851020052023,0.12721520645268172,1.0119794644028508,7.313915352108525,11.131578947368421,-0.08255053531379626,0.12561575463624278
US2000_USD,Corto,1h+1d,30,70,1.5,88,5.733499821619693,37.5,0.1341435985757517,0.20728069922404763,1.207327492147826,0.6705360000643654,11.804636674666149,9.37387518140398,9.022727272727273,-0.054123698449436285,0.34034111436524334
US2000_USD,Corto,1h+1d,30,70,2.0,83,5.407732786300392,40.963855421686745,0.07691132919345184,0.13249056374631762,1.1314539146327447,0.4470260543439758,6.383640323056503,10.922968106689387,10.36144578313253,-0.17414543032625446,0.37421538651941993
US2000_USD,Corto,1h+1d,30,70,3.0,76,4.951658936853371,50.0,0.11537507078794404,0.15296348370113513,1.2703595608563494,0.8277897549705123,8.768505379883747,7.001728198752788,13.381578947368421,-0.05294127147809007,0.31254564315672684
US2000_USD,Corto,1h+1d,35,50,1.5,193,12.574607563325008,51.813471502590666,-0.0012117624544813377,0.0730720254957104,0.9974530907247822,-0.0165236598228227,-0.23387015371489817,11.507787151176677,4.6735751295336785,0.004919551810515917,-0.010858363564743612
US2000_USD,Corto,1h+1d,35,50,2.0,185,12.053380306814127,55.67567567567567,-0.024982901476305504,0.03109187859536323,0.9375715981777916,-0.3999504650096274,-4.621836773116518,14.898063323836261,5.254054054054054,-0.04947212067633473,0.016187380077366784
US2000_USD,Corto,1h+1d,35,50,3.0,166,10.815465572600784,62.65060240963856,0.015267253391207162,0.05309746175809239,1.0571789451891742,0.3048138669883187,2.534364062940389,10.12347269329015,6.27710843373494,-0.0435241162518574,0.11913200642728781
US2000_USD,Corto,1h+1d,35,60,1.5,193,12.574607563325008,38.34196891191709,-0.06412507053587574,0.010158717414315968,0.896334136700559,-0.6848185426995349,-12.376138613424018,27.26008267350013,6.7357512953367875,-0.0883274009984907,-0.02604673727469486
US2000_USD,Corto,1h+1d,35,60,2.0,182,11.857920085622547,41.208791208791204,-0.08966442742624002,-0.033598767373089825,0.8336286676297996,-1.117888896681457,-16.318925791575683,23.373379590294135,7.934065934065934,-0.13467777540306253,-0.014200873465096459
US2000_USD,Corto,1h+1d,35,60,3.0,161,10.489698537281484,47.82608695652174,-0.058804602249481724,-0.020947446024030588,0.8558091959146032,-0.8815974231908462,-9.467540962166558,18.531273641970795,9.503105590062113,-0.13402717750945006,0.07478031588460003
US2000_USD,Corto,1h+1d,35,70,1.5,193,12.574607563325008,32.12435233160622,-0.04002580476619706,0.0342579831839946,0.9407209366970961,-0.3324930248648758,-7.724980319876034,23.563330685050442,8.357512953367875,-0.0970016844444206,0.049616245927541346
US2000_USD,Corto,1h+1d,35,70,2.0,182,11.857920085622547,35.16483516483517,-0.06294079424200578,-0.006875134188855596,0.8931542087403238,-0.6147481337294998,-11.455224552045053,25.266608862906935,9.824175824175825,-0.15510975729400087,0.0915777614628094
US2000_USD,Corto,1h+1d,35,70,3.0,161,10.489698537281484,40.993788819875775,-0.02514974242235804,0.01270741380309303,0.9449621254657153,-0.288110005605839,-4.0491085299996445,20.726284749001792,11.73913043478261,-0.16342417265868786,0.22040657334215866
US2000_USD,Corto,1h+1d,40,50,1.5,320,20.849090260435247,54.37499999999999,-0.04797154029851504,0.024577549723678333,0.8918226237907939,-0.938063990657607,-15.350892895524812,26.208334695577435,3.553125,-0.08565306158505631,0.010811632908489313
US2000_USD,Corto,1h+1d,40,50,2.0,300,19.546022119158042,59.66666666666667,-0.03636622905020462,0.018396189173494008,0.89717983874239,-0.8274780107920243,-10.909868715061386,20.773935456276636,4.17,-0.06879214746060706,0.011602691573448594
US2000_USD,Corto,1h+1d,40,50,3.0,277,18.04749375668926,64.25992779783394,-0.010930390091479697,0.026081233664298552,0.954114004352798,-0.3147636457123274,-3.027718055339876,11.594978357389738,5.064981949458484,-0.03659209351889502,0.026313144086361987
US2000_USD,Corto,1h+1d,40,60,1.5,317,20.653630039243666,38.170347003154575,-0.10501137703879998,-0.032231317554168255,0.8313557611418282,-1.5175152718472513,-33.28860652129959,48.552734540237026,5.813880126182966,-0.15526852033185637,-0.024682336529406608
US2000_USD,Corto,1h+1d,40,60,2.0,288,18.76418123439172,43.05555555555556,-0.11712572190027536,-0.061818770526733825,0.7841856660180188,-1.9171257612382253,-33.7322079072793,43.92412181594385,7.09375,-0.1632087710285324,-0.04780078712472338
US2000_USD,Corto,1h+1d,40,60,3.0,261,17.005039243667497,49.808429118773944,-0.07423970831990186,-0.036781031800554496,0.8176476666886436,-1.4694379271573392,-19.376563871494383,27.40858142432362,8.720306513409962,-0.10687043787578109,-0.025759767265452725
US2000_USD,Corto,1h+1d,40,70,1.5,317,20.653630039243666,29.652996845425868,-0.13954272432856166,-0.06676266484392995,0.8008567632131475,-1.6201774456790838,-44.235043612154044,61.91840634480991,7.61198738170347,-0.1927893814513257,-0.05443536253397985
US2000_USD,Corto,1h+1d,40,70,2.0,285,18.568721013200143,33.68421052631579,-0.149794760459508,-0.09460648339158106,0.7603540712942461,-1.9582753551683403,-42.69150673095977,54.62118421176065,9.284210526315789,-0.2065667095836896,-0.0646368367732355
US2000_USD,Corto,1h+1d,40,70,3.0,258,16.80957902247592,39.53488372093023,-0.09028236647057399,-0.05290425580880731,0.8139963532301354,-1.3850205184360602,-23.292850549408087,35.26564621561723,11.604651162790697,-0.15391268243244904,0.003939447549894875
XAU_USD,Largo,1h,20,50,1.5,23,1.6261614401858304,34.78260869565217,-0.06739136791816022,0.026962890375437202,0.8816622542146815,-0.2597059449755152,-1.550001462117685,8.372307868005814,8.391304347826088,-0.657456784843325,0.3865051066396588
XAU_USD,Largo,1h,20,50,2.0,23,1.6261614401858304,34.78260869565217,-0.080880068117626,-0.010114374397427848,0.8231932578372695,-0.3972379819405952,-1.8602415667053982,7.0052955014309175,9.695652173913043,-0.5986380444239532,0.3173952982718565
XAU_USD,Largo,1h,20,50,3.0,23,1.6261614401858304,34.78260869565217,-0.0779424027395933,-0.0307652735927946,0.7630846187759558,-0.5315322168729186,-1.7926752630106457,5.222711219494327,10.826086956521738,-0.421010118136675,0.18595583987354644
XAU_USD,Largo,1h,20,60,1.5,23,1.6261614401858304,34.78260869565217,0.04597249597511457,0.14032675426871197,1.0807266822128665,0.1382685051994146,1.0573674074276351,8.250266262252033,9.956521739130435,-0.645252624267947,0.5776841269313158
XAU_USD,Largo,1h,20,60,2.0,23,1.6261614401858304,34.78260869565217,0.004142829802330133,0.07490852352252823,1.0090563751704487,0.016126345083795655,0.09528508545359304,6.913764297115582,11.26086956521739,-0.5894849239924197,0.4607795634905992
XAU_USD,Largo,1h,20,60,3.0,23,1.6261614401858304,34.78260869565217,-0.02126047079295596,0.025916658353842797,0.935376221852638,-0.1178711578794571,-0.4889908282379871,5.1616904166174375,12.391304347826088,-0.41490803784898606,0.2815453500193749
XAU_USD,Largo,1h,20,70,1.5,23,1.6261614401858304,34.78260869565217,0.0832604143221002,0.1776146726156976,1.1462034389329248,0.23089573869602445,1.9149895294083046,8.250266262252033,10.0,-0.645252624267947,0.6436550593913672
XAU_USD,Largo,1h,20,70,2.0,23,1.6261614401858304,34.78260869565217,0.032108768562569355,0.10287446228276745,1.0701909246187664,0.11568723197954546,0.7385016769390952,6.913764297115582,11.304347826086957,-0.5894849239924197,0.5102577628356378
XAU_USD,Largo,1h,20,70,3.0,23,1.6261614401858304,34.78260869565217,-0.002616511619463133,0.0445606175273356,0.9920467957618229,-0.01351535773102664,-0.06017976724765206,5.1616904166174375,12.434782608695652,-0.41490803784898606,0.3145308162494007
XAU_USD,Largo,1h,25,50,1.5,92,6.504645760743322,52.17391304347826,0.1202850482364263,0.2108008259233659,1.2642905906650084,1.0104875438247942,11.06622443775122,5.850245548542009,8.73913043478261,0.06627768056419951,0.1618291772150623
XAU_USD,Largo,1h,25,50,2.0,92,6.504645760743322,56.52173913043478,0.07681589062579874,0.14470272389100347,1.2079562460957656,0.8050096181265769,7.067061937573484,5.637684161406541,9.934782608695652,0.07285916558704984,0.07985952527099024
XAU_USD,Largo,1h,25,50,3.0,91,6.433943089430895,59.34065934065934,0.044339680013254855,0.0896193053011945,1.1668942844031795,0.6324952263153892,4.034910881206192,3.503625473745693,10.978021978021978,0.06499053648648104,0.02814292983817551
XAU_USD,Largo,1h,25,60,1.5,92,6.504645760743322,48.91304347826087,0.08676362990120358,0.17727940758814317,1.1798438307512211,0.6488485187499635,7.98225395091073,7.125806653439644,11.423913043478262,-0.09669715800190817,0.22788731290359723
XAU_USD,Largo,1h,25,60,2.0,92,6.504645760743322,53.2608695652174,0.03949604112549153,0.10738287439069624,1.098968506282373,0.3702461496066235,3.6336357835452207,5.937991781824019,12.771739130434783,-0.06245912090003882,0.11792308883743792
XAU_USD,Largo,1h,25,60,3.0,91,6.433943089430895,56.043956043956044,0.012563885826338496,0.05784351111427813,1.0423487812237027,0.15928035445520922,1.143313610196803,3.832112128705839,13.923076923076923,-0.023621150379675226,0.040944306380074756
XAU_USD,Largo,1h,25,70,1.5,92,6.504645760743322,47.82608695652174,0.07491658365316596,0.16543236134010558,1.1515910613147389,0.5093906912991503,6.892325696091269,8.221640256739285,12.173913043478262,-0.14053953581982084,0.24065206017084811
XAU_USD,Largo,1h,25,70,2.0,92,6.504645760743322,52.17391304347826,0.02789336513511576,0.09578019840032048,1.0679304377425156,0.23970346919854188,2.56618959243065,7.259866984298732,13.521739130434783,-0.09534090426347333,0.12268895698018431
XAU_USD,Largo,1h,25,70,3.0,91,6.433943089430895,54.94505494505495,0.002260750313086345,0.04754037560102601,1.0073373077924563,0.026461039444392813,0.2057282784908574,5.380028930355637,14.714285714285714,-0.042857869396037404,0.03764790302612457
XAU_USD,Largo,1h,30,50,1.5,258,18.24128919860627,51.93798449612403,0.004239108185567523,0.09774723559647885,1.009522211674316,0.06771761971816491,1.093689911876421,18.986322202275854,7.5852713178294575,-0.05940943361831719,0.07975432727492225
XAU_USD,Largo,1h,30,50,2.0,242,17.110046457607435,57.85123966942148,0.044173919560654994,0.114088009712553,1.1312658823842177,0.8148556108351659,10.690088533678509,10.832634114445014,8.99586776859504,0.0033325563474131065,0.09237408695646299
XAU_USD,Largo,1h,30,50,3.0,236,16.68583042973287,59.7457627118644,0.011984299831610982,0.05891878358462579,1.048626253730898,0.29611750238076134,2.8282947602601918,6.234740518268801,9.974576271186441,-0.00973006694690761,0.03685711995973231
XAU_USD,Largo,1h,30,60,1.5,258,18.24128919860627,46.89922480620155,0.06950032912309029,0.16300845653400162,1.145256075827635,0.8803232335723523,17.931084913757296,18.371990079891294,10.44186046511628,-0.04802004194381279,0.20893127784653467
XAU_USD,Largo,1h,30,60,2.0,242,17.110046457607435,50.82644628099173,0.07369115770322375,0.14360524785512177,1.1937292094765064,1.098956830786501,17.833260164180146,11.111688674866775,12.309917355371901,-0.0024248545024156813,0.16352176670267204
XAU_USD,Largo,1h,30,60,3.0,236,16.68583042973287,52.54237288135594,0.023698669862712747,0.07063315361572753,1.0823638611001742,0.47692757878234426,5.592886087600208,6.842957241703912,13.5,-0.01900824879420012,0.07261750396063112
XAU_USD,Largo,1h,30,70,1.5,258,18.24128919860627,45.73643410852713,0.07576488178847543,0.16927300919938676,1.155073530224225,0.860581506627108,19.54733950142666,22.130445279123016,11.368217054263566,-0.05837919644002371,0.23491887290703373
XAU_USD,Largo,1h,30,70,2.0,242,17.110046457607435,49.586776859504134,0.0814311175826538,0.15134520773455187,1.2094592767783405,1.0916970017579553,19.70633045500222,11.920614685526154,13.301652892561984,-0.0037747161209814575,0.18198935375541253
XAU_USD,Largo,1h,30,70,3.0,236,16.68583042973287,51.271186440677965,0.028855946710729833,0.07579043046374462,1.0978576939581925,0.5277091076477012,6.81000342373224,7.345973009121634,14.572033898305085,-0.017549127940528934,0.08201085040217167
XAU_USD,Largo,1h,35,50,1.5,593,41.926684088269454,51.433389544688026,-0.07735708562344527,0.022870274809020798,0.8249243412675535,-2.0964296831145117,-45.87275177470305,51.60339928171482,6.87858347386172,-0.07438585411965708,-0.08124165288131621
XAU_USD,Largo,1h,35,50,2.0,558,39.45209059233449,55.19713261648745,-0.051578164421020305,0.023659256001933696,0.8519309475031879,-1.6144062202382092,-28.78061574692933,33.61224806523742,7.887096774193548,-0.059700725301606195,-0.04081577125424398
XAU_USD,Largo,1h,35,50,3.0,516,36.48257839721254,58.139534883720934,-0.041838204562519896,0.00864008666852504,0.8305243789642334,-1.6753307668763582,-21.588513554260267,24.24043982160613,9.127906976744185,-0.041050180974228835,-0.042841459263031435
XAU_USD,Largo,1h,35,60,1.5,593,41.926684088269454,42.66441821247892,-0.09373306847380575,0.006494291958660337,0.8149722124603527,-2.0508475648698106,-55.583709604966806,67.00119314054282,9.956155143338954,-0.1293814883475295,-0.047126574008548285
XAU_USD,Largo,1h,35,60,2.0,557,39.38138792102207,45.24236983842011,-0.06810636662609222,0.007050191923958884,0.8335471278260355,-1.733484165286287,-37.93524621073337,46.19724361662924,11.468581687612208,-0.09961948466179836,-0.026176778612056407
XAU_USD,Largo,1h,35,60,3.0,514,36.34117305458769,47.85992217898833,-0.06005690370440057,-0.009613893813382778,0.8015817770957151,-1.9509034025429497,-30.869248504061893,34.07759304420724,13.29182879377432,-0.07818847964485529,-0.036951178612139673
XAU_USD,Largo,1h,35,70,1.5,593,41.926684088269454,41.31534569983137,-0.11071071006345741,-0.010483349630991347,0.7857831538567949,-2.2582926925705102,-65.65145106763025,77.5359001449713,10.883642495784148,-0.14542918458673365,-0.06532001963613913
XAU_USD,Largo,1h,35,70,2.0,557,39.38138792102207,43.62657091561939,-0.08706665554337183,-0.01191009699332074,0.7922884400643246,-2.0853815208293467,-48.49612713765811,57.1083486998778,12.477558348294435,-0.11944368051779423,-0.04398760139330354
XAU_USD,Largo,1h,35,70,3.0,514,36.34117305458769,46.10894941634241,-0.07514970272874082,-0.024706692837723036,0.7595228727446036,-2.3025617208614415,-38.62694720257278,42.068774513600665,14.418287937743191,-0.09298602875252919,-0.05242022531789547
XAU_USD,Largo,1h,40,50,1.5,1003,70.9147793263647,54.735792622133594,-0.0900979162756689,0.014259473950072312,0.7679559379860219,-3.5542001921531887,-90.36821002449591,97.24397202333303,5.6580259222333,-0.10796558571562861,-0.06760235948076465
XAU_USD,Largo,1h,40,50,2.0,935,66.10699767711964,58.6096256684492,-0.05810299195539547,0.019968818743007554,0.8058926156052044,-2.6701431711552432,-54.32629747829476,59.46507984726701,6.449197860962567,-0.07776679792069008,-0.03281408746213147
XAU_USD,Largo,1h,40,50,3.0,883,62.43045876887341,60.70215175537938,-0.04945930300774881,0.0023772702343823273,0.7707508545840127,-2.903922299098395,-43.6725645558422,46.169631283458614,7.285390713476784,-0.06288032979271059,-0.03272570727077358
XAU_USD,Largo,1h,40,60,1.5,979,69.21791521486644,41.57303370786517,-0.13013852782495444,-0.02597877197490851,0.7448405286181903,-3.847948510038175,-127.40561874063039,132.03387037207412,9.32073544433095,-0.13349131718095872,-0.1259107611081453
XAU_USD,Largo,1h,40,60,2.0,896,63.34959349593496,45.64732142857143,-0.08213874016477155,-0.0042216882230898395,0.796922597268956,-2.7873856830830874,-73.59631118763531,77.62378942663338,10.859375,-0.08233686025430689,-0.08188169204860524
XAU_USD,Largo,1h,40,60,3.0,830,58.68321718931475,47.59036144578313,-0.07524766467753773,-0.02345390964994357,0.7524588511563091,-3.243222582575833,-62.45556168235631,63.98652238385095,12.404819277108434,-0.07312924808228927,-0.07790719855526812
XAU_USD,Largo,1h,40,70,1.5,976,69.00580720092915,39.24180327868852,-0.14440757387469946,-0.04012962290738726,0.7266269945735959,-3.890847994866017,-140.94179210170668,150.06152924666313,10.761270491803279,-0.13916527807911014,-0.150981630726905
XAU_USD,Largo,1h,40,70,2.0,891,62.99608013937282,43.09764309764309,-0.09171834919458437,-0.013668339222040965,0.7818949783552787,-2.828193507887995,-81.72104913237467,88.75632748049775,12.607182940516275,-0.08825166612548249,-0.09619206359224287
XAU_USD,Largo,1h,40,70,3.0,823,58.18829849012776,44.95747266099636,-0.08046148324516793,-0.02853242755509357,0.745980582210434,-3.1601827796758233,-66.2198007107732,70.68453194523504,14.356014580801943,-0.0740957848693157,-0.08837090684023222
XAU_USD,Largo,1d,20,50,1.5,165,11.665940766550523,40.60606060606061,-0.1187773869637091,-0.04091404004000152,0.7734538152953913,-1.3407682974149506,-19.598268849012,25.681631033340164,10.10909090909091,-0.18194107640340335,-0.019097189566691583
XAU_USD,Largo,1d,20,50,2.0,160,11.312427409988386,46.25,-0.08364289131520304,-0.02562668547974454,0.7975590449149541,-1.1458842354556404,-13.382862610432486,18.062210538361647,11.46875,-0.11979097161589784,-0.02650560309797579
XAU_USD,Largo,1d,20,50,3.0,153,10.817508710801395,48.36601307189542,-0.03609748913609489,0.002805321827252927,0.8647938898542636,-0.6803303435109792,-5.522915837822518,13.149693867233852,13.633986928104575,-0.08380328669582449,0.03585223833103828
XAU_USD,Largo,1d,20,60,1.5,165,11.665940766550523,40.0,-0.10366552610525714,-0.025802179181549586,0.8047402688291442,-1.0780790487702598,-17.10481180736743,24.17506459210311,11.290909090909091,-0.12654857187768354,-0.06755321949564672
XAU_USD,Largo,1d,20,60,2.0,160,11.312427409988386,45.625,-0.06828540877784164,-0.010269202942383138,0.8366562440013536,-0.8659307849654775,-10.925665404454662,16.528129388701544,12.74375,-0.07137634326328324,-0.06339973813956302
XAU_USD,Largo,1d,20,60,3.0,153,10.817508710801395,47.712418300653596,-0.025591194480727723,0.013311616482620088,0.9053510833468219,-0.4493376688184056,-3.9154527555513416,13.209700191972313,14.967320261437909,-0.049755236000279764,0.010852933712695032
XAU_USD,Largo,1d,20,70,1.5,165,11.665940766550523,39.39393939393939,-0.11284055772561646,-0.03497721080190891,0.7877070195992415,-1.1547043920035727,-18.618692024726716,24.8995238293267,11.836363636363636,-0.14041562835229546,-0.06932364939288865
XAU_USD,Largo,1d,20,70,2.0,160,11.312427409988386,45.0,-0.0753817222967133,-0.017365516461254803,0.8198883643519321,-0.9422042365324501,-12.061075567474129,17.162246318670945,13.30625,-0.08209501191585314,-0.06477039354387937
XAU_USD,Largo,1d,20,70,3.0,153,10.817508710801395,47.05882352941176,-0.030538515452490103,0.00836429551085771,0.8871932079736636,-0.5289205372200364,-4.672392864230986,13.188626968129107,15.555555555555555,-0.05736704417384392,0.009924183602666468
XAU_USD,Largo,1d,25,50,1.5,389,27.503339140534262,44.987146529562985,-0.061969222957039216,0.02447422969667529,0.8712337368452577,-1.1472554391539984,-24.106027730288254,30.79012121516771,8.748071979434448,-0.057494540561903486,-0.06902203361957097
XAU_USD,Largo,1d,25,50,2.0,374,26.44279907084785,48.39572192513369,-0.058377986961478126,0.0064095387187349286,0.8497741785124859,-1.304945880841929,-21.83336712359282,26.44202216437146,9.95187165775401,-0.0567874459016265,-0.060889944911174845
XAU_USD,Largo,1d,25,50,3.0,347,24.53382694541231,52.1613832853026,-0.02273685864941479,0.02020455459032858,0.9106150520964353,-0.679755245627661,-7.8896899513469325,11.459729400985577,11.657060518731988,-0.016877972285880623,-0.03227974174153482
XAU_USD,Largo,1d,25,60,1.5,389,27.503339140534262,42.159383033419026,-0.09107767389332362,-0.004634221239609109,0.8178052181234126,-1.5846639790252002,-35.42921514450289,41.80175387745832,10.498714652956298,-0.08407122532183761,-0.10212095044970551
XAU_USD,Largo,1d,25,60,2.0,374,26.44279907084785,45.45454545454545,-0.08585445246413113,-0.021066926783918076,0.7880364042214393,-1.8163671294972334,-32.109565221585044,37.052338693525485,11.871657754010695,-0.08517087684430656,-0.08693403051199197
XAU_USD,Largo,1d,25,60,3.0,347,24.53382694541231,48.70317002881844,-0.04466451466993385,-0.0017231014301904725,0.8347767744568612,-1.2602433299956828,-15.498586590467045,19.170229608332534,13.858789625360231,-0.03420180711921947,-0.061706045907839874
XAU_USD,Largo,1d,25,70,1.5,389,27.503339140534262,41.90231362467866,-0.09925571429698457,-0.012812261643270062,0.801550212024963,-1.7039503536763831,-38.610472861527,44.67924392875758,11.118251928020566,-0.08307415252128526,-0.12476042755934505
XAU_USD,Largo,1d,25,70,2.0,374,26.44279907084785,45.18716577540107,-0.09223397997153243,-0.027446454291319367,0.7724016840528332,-1.928154040313685,-34.49550850935313,39.210456231999935,12.516042780748663,-0.08439368254343935,-0.10461624280624493
XAU_USD,Largo,1d,25,70,3.0,347,24.53382694541231,48.414985590778095,-0.04858081991336993,-0.0056394066736265595,0.8203876982603533,-1.354981137271433,-16.857544509939366,20.502145957492225,14.561959654178674,-0.03257239966663591,-0.07465514076979281
XAU_USD,Largo,1d,30,50,1.5,667,47.15868176538908,46.776611694152926,-0.0661006517276724,0.02483814704376442,0.8590674509397457,-1.6678617778756566,-44.08913470235749,55.365389790458,8.122938530734633,-0.06169047992172901,-0.07304794939881099
XAU_USD,Largo,1d,30,50,2.0,628,44.401277584204415,50.477707006369435,-0.0441474179632315,0.02391772980427524,0.8813794843325532,-1.3073107452767345,-27.724578480909383,35.460500244284844,9.226114649681529,-0.04048539883835495,-0.04994938242034042
XAU_USD,Largo,1d,30,50,3.0,583,41.21965737514518,53.687821612349914,-0.02227009661148169,0.023179113100964016,0.911928828563073,-0.8735149432116918,-12.983466324493826,20.241697421285238,10.631217838765009,-0.020026831221682227,-0.025839381098362625
XAU_USD,Largo,1d,30,60,1.5,667,47.15868176538908,42.728635682158924,-0.04313124258903088,0.04780755618240592,0.9129889157523513,-0.9401486321034653,-28.768538806883598,48.89344680622496,10.446776611694153,-0.044135519941506246,-0.04154921494497705
XAU_USD,Largo,1d,30,60,2.0,628,44.401277584204415,45.382165605095544,-0.03627662115103065,0.0317885266164761,0.9099681074684741,-0.9358337456770771,-22.781718082847245,36.7992654536571,11.874203821656051,-0.03499176700594771,-0.03831229541381641
XAU_USD,Largo,1d,30,60,3.0,583,41.21965737514518,48.19897084048028,-0.017815169774574882,0.027634039937870808,0.9362252897796269,-0.6102330239453534,-10.386243978577156,24.080521279786566,13.641509433962264,-0.016106805273476507,-0.0205333675141003
XAU_USD,Largo,1d,30,70,1.5,667,47.15868176538908,41.82908545727136,-0.06807784243471593,0.022860956336720882,0.8642324844408692,-1.4498883152953101,-45.40792090395553,59.559303227077486,11.355322338830584,-0.06336131141595562,-0.07550774458009897
XAU_USD,Largo,1d,30,70,2.0,628,44.401277584204415,44.42675159235669,-0.054896069214432595,0.013169078553074158,0.865456289616121,-1.3784579010176847,-34.47473146666367,44.34100386392639,12.859872611464969,-0.048229608570087935,-0.06545815706658363
XAU_USD,Largo,1d,30,70,3.0,583,41.21965737514518,47.16981132075472,-0.031023090571888054,0.014426119140557641,0.8906015004247214,-1.0361767275135432,-18.086461803410735,26.089200788524735,14.768439108061749,-0.0253319120809773,-0.040078387904092704
XAU_USD,Largo,1d,35,50,1.5,1023,72.32883275261324,49.46236559139785,-0.059488783568997734,0.03666181262189625,0.8639875885265573,-2.016688150995083,-60.857025591084685,69.92367016921258,7.101661779081134,-0.01972455817056054,-0.12734043801871195
XAU_USD,Largo,1d,35,50,2.0,949,67.09683507549362,53.84615384615385,-0.03015141528550284,0.042045970777724,0.9110728537171146,-1.192484723179311,-28.613693105942197,44.33105410690561,8.133825079030558,0.004555158030229402,-0.0900900663279025
XAU_USD,Largo,1d,35,50,3.0,877,62.00624274099884,56.67046750285063,-0.017376624286436562,0.030725973191484207,0.9252802695259168,-0.8989553151496461,-15.239299499204865,24.7656817701495,9.342075256556443,0.0048315518874741305,-0.0569988306665566
XAU_USD,Largo,1d,35,60,1.5,1022,72.25813008130082,41.585127201565555,-0.051438135791224464,0.0447004412610758,0.8967340850039436,-1.4209516264297253,-52.569774778631405,67.20824165206251,9.95890410958904,-0.03800812376219081,-0.07431889702587442
XAU_USD,Largo,1d,35,60,2.0,946,66.88472706155633,45.243128964059196,-0.022743895817251086,0.04942788233047152,0.9423381006336442,-0.7344695862979129,-21.51572544311953,33.88581752010303,11.568710359408033,-0.00709803243260742,-0.049752172956736854
XAU_USD,Largo,1d,35,60,3.0,868,61.369918699187,48.15668202764977,-0.014426039423131682,0.03368771708146608,0.9483248379555343,-0.6087038587892484,-12.5218022192783,21.44492954263064,13.408986175115208,-0.00393746502289251,-0.033023990835696335
XAU_USD,Largo,1d,35,70,1.5,1022,72.25813008130082,40.41095890410959,-0.08293560725605686,0.013202969796243379,0.8355407189256527,-2.230665027873153,-84.76019061569012,97.2424527463787,11.223091976516635,-0.05422309025479564,-0.13185322881376116
XAU_USD,Largo,1d,35,70,2.0,946,66.88472706155633,43.86892177589852,-0.05219025780310035,0.019981520344622257,0.8696959917037512,-1.6468001817689097,-49.37198388173293,59.123941705653145,12.957716701902749,-0.025485631579342718,-0.09828844543431306
XAU_USD,Largo,1d,35,70,3.0,867,61.299216027874564,46.71280276816609,-0.03649174691135626,0.01166210868022502,0.871787896375306,-1.5021322806870983,-31.638344572145876,36.74671566630759,14.987312572087658,-0.016980344899086,-0.0710263051055982
XAU_USD,Largo,1d,40,50,1.5,1447,102.30676538908247,53.904630269523146,-0.07929915139990334,0.022572244751765246,0.7989363880793316,-3.521136852482687,-114.74587207566015,120.57961649504396,5.557014512785073,-0.0626934726241446,-0.10935059337855803
XAU_USD,Largo,1d,40,50,2.0,1353,95.66071428571429,58.09312638580931,-0.05045239615968513,0.02574104373265154,0.8353829573144717,-2.6230046176982063,-68.26209200405398,73.53347046577213,6.291943828529194,-0.03878102590613548,-0.07174838280186131
XAU_USD,Largo,1d,40,50,3.0,1258,88.94396051103368,60.413354531001595,-0.034717802321015415,0.015767943846192536,0.8357689538077081,-2.35067831430794,-43.67499531983739,46.571628539754855,7.218600953895072,-0.022398049115674327,-0.05676223876604925
XAU_USD,Largo,1d,40,60,1.5,1414,99.97357723577237,42.57425742574257,-0.06102434579297701,0.040460775496193445,0.8770652539526981,-2.0534594847503893,-86.28842495126949,97.8574932794337,9.115275813295614,-0.03764716623762749,-0.1037578300201559
XAU_USD,Largo,1d,40,60,2.0,1300,91.91347270615563,47.15384615384615,-0.024678725863258453,0.051240416047903005,0.9372182005258731,-0.9634329489289071,-32.08234362223599,51.18652745890627,10.534615384615385,-0.0004481375907645472,-0.06937541276416077
XAU_USD,Largo,1d,40,60,3.0,1188,83.99477351916377,49.66329966329967,-0.019625198822501317,0.030714584834829303,0.9306083443432241,-0.986477423863504,-23.314736201131566,30.991470379792624,12.172558922558922,0.00027009603992386456,-0.05573845916519727
XAU_USD,Largo,1d,40,70,1.5,1404,99.26655052264809,40.17094017094017,-0.08103041136134642,0.02052486935383833,0.8423754372753393,-2.522696503667745,-113.76669755133037,119.15246730638464,10.98076923076923,-0.04589077862473949,-0.14476060700589405
XAU_USD,Largo,1d,40,70,2.0,1287,90.99433797909408,44.5998445998446,-0.03804939368455287,0.03796999247149997,0.9070493491257244,-1.3655501027641894,-48.96956967201954,68.27883177961635,12.725718725718727,-0.0012895885082031757,-0.10526732314987804
XAU_USD,Largo,1d,40,70,3.0,1172,82.86353077816493,47.01365187713311,-0.029615174294843935,0.020836985947914156,0.9000437619823757,-1.3684297733179758,-34.70898427355709,47.191093692069146,14.656996587030717,0.0012735635627781645,-0.08512643827286169
XAU_USD,Largo,1h+1d,20,50,1.5,13,0.9191347270615564,30.76923076923077,-0.20512546220935818,-0.11295239802015483,0.6540163298109034,-0.6716133455793671,-2.6666310087216565,5.970227950697529,9.307692307692308,-0.4348971049523446,-0.008178339858227135
XAU_USD,Largo,1h+1d,20,50,2.0,13,0.9191347270615564,30.76923076923077,-0.1305933635891034,-0.061463565447200746,0.690101116781737,-0.5672266664529714,-1.6977137266583442,4.175411433140248,11.538461538461538,-0.3770819217000228,0.08068254336311323
XAU_USD,Largo,1h+1d,20,50,3.0,13,0.9191347270615564,30.76923076923077,-0.07198544920519424,-0.025898917110592515,0.7292363045194387,-0.45926853829942965,-0.9358108396675251,2.587609310655461,12.076923076923077,-0.21872156256034234,0.05378836224207547
XAU_USD,Largo,1h+1d,20,60,1.5,13,0.9191347270615564,30.76923076923077,-0.19573764638214436,-0.10356458219294098,0.6698506925466408,-0.6303968751072971,-2.5445894029678766,5.848186344943749,9.923076923076923,-0.4145568373267146,-0.008178339858227135
XAU_USD,Largo,1h+1d,20,60,2.0,13,0.9191347270615564,30.76923076923077,-0.123552501718693,-0.054422703576790354,0.7068091268257963,-0.5280880435143144,-1.606182522343009,4.0838802288249125,12.153846153846153,-0.3618267209808002,0.08068254336311323
XAU_USD,Largo,1h+1d,20,60,3.0,13,0.9191347270615564,30.76923076923077,-0.06729154129158735,-0.021205009196985595,0.7468918150006035,-0.42284879000714987,-0.8747900367906356,2.5265885077785715,12.692307692307692,-0.2085514287475273,0.05378836224207547
XAU_USD,Largo,1h+1d,20,70,1.5,13,0.9191347270615564,30.76923076923077,-0.19573764638214436,-0.10356458219294098,0.6698506925466408,-0.6303968751072971,-2.5445894029678766,5.848186344943749,9.923076923076923,-0.4145568373267146,-0.008178339858227135
XAU_USD,Largo,1h+1d,20,70,2.0,13,0.9191347270615564,30.76923076923077,-0.123552501718693,-0.054422703576790354,0.7068091268257963,-0.5280880435143144,-1.606182522343009,4.0838802288249125,12.153846153846153,-0.3618267209808002,0.08068254336311323
XAU_USD,Largo,1h+1d,20,70,3.0,13,0.9191347270615564,30.76923076923077,-0.06729154129158735,-0.021205009196985595,0.7468918150006035,-0.42284879000714987,-0.8747900367906356,2.5265885077785715,12.692307692307692,-0.2085514287475273,0.05378836224207547
XAU_USD,Largo,1h+1d,25,50,1.5,55,3.888646922183508,50.90909090909091,0.12111838798266993,0.21307004487566888,1.2663367939126609,0.7762511736130997,6.661511339046846,7.177009168172573,8.89090909090909,0.22632147241080044,-0.005125313331086696
XAU_USD,Largo,1h+1d,25,50,2.0,55,3.888646922183508,54.54545454545454,0.06614331773143615,0.13510706040118536,1.1776925071865476,0.5307643854891044,3.637882475228989,7.132756876129479,10.072727272727272,0.1824941726999419,-0.07347770823077078
XAU_USD,Largo,1h+1d,25,50,3.0,55,3.888646922183508,60.0,0.05531144650112632,0.10128727494762578,1.21872793418924,0.6152746871948306,3.042129557561948,4.84104622576051,11.0,0.16850354537050596,-0.08051907214212932
XAU_USD,Largo,1h+1d,25,60,1.5,55,3.888646922183508,45.45454545454545,-0.07816612517215185,0.01378553172084705,0.8438071470437242,-0.5223065106657112,-4.299136884468352,9.999752901617425,11.581818181818182,-0.006365755971190578,-0.16432656821330538
XAU_USD,Largo,1h+1d,25,60,2.0,55,3.888646922183508,49.09090909090909,-0.09770984036598929,-0.028746097696240078,0.7648905046869183,-0.8099942071430376,-5.374041220129411,9.83429454876871,12.8,-0.010069166177286011,-0.2028786493924332
XAU_USD,Largo,1h+1d,25,60,3.0,55,3.888646922183508,54.54545454545454,-0.058820595290924774,-0.012844766844425322,0.7998649526213147,-0.6475647943020797,-3.2351327410008626,7.217995639709344,13.854545454545455,0.0422619916193357,-0.18011969958323737
XAU_USD,Largo,1h+1d,25,70,1.5,55,3.888646922183508,45.45454545454545,-0.11005149085790654,-0.018099833964907597,0.7800932783692349,-0.7855252583445981,-6.052831997184859,9.999752901617427,12.018181818181818,-0.06482225972840748,-0.16432656821330538
XAU_USD,Largo,1h+1d,25,70,2.0,55,3.888646922183508,49.09090909090909,-0.12162386463030525,-0.05266012196055606,0.7073485605528538,-1.0683783226900594,-6.689312554666789,9.83429454876871,13.236363636363636,-0.053911543995198666,-0.2028786493924332
XAU_USD,Largo,1h+1d,25,70,3.0,55,3.888646922183508,54.54545454545454,-0.07281093639373362,-0.026835107947234184,0.7522632993975398,-0.8338043321434353,-4.004601501655349,7.217995639709345,14.345454545454546,0.016613032930852766,-0.18011969958323737
XAU_USD,Largo,1h+1d,30,50,1.5,171,12.090156794425088,49.707602339181285,-0.023656661582835317,0.06846622642260429,0.947952612317052,-0.30396518322337257,-4.045289130664839,26.1865960570603,7.292397660818714,0.0008069606820849607,-0.05811246758976529
XAU_USD,Largo,1h+1d,30,50,2.0,160,11.312427409988386,55.00000000000001,0.03144800341931212,0.10038318296006146,1.092375598463336,0.45911726369822664,5.031680547089939,13.021984140615057,8.725,0.06054875939411635,-0.009998527817530299
XAU_USD,Largo,1h+1d,30,50,3.0,156,11.029616724738677,57.692307692307686,0.015328347715638105,0.06164091240912935,1.0643396666710185,0.30572655461241327,2.3912222436395445,8.370976445296378,9.756410256410257,0.048020747860931405,-0.030441012487772475
XAU_USD,Largo,1h+1d,30,60,1.5,171,12.090156794425088,44.44444444444444,0.02443920277373175,0.11656209077917137,1.050127826627887,0.2517687767248634,4.179103674308129,21.0054358189582,10.09356725146199,0.02759118931278735,0.019999785113090054
XAU_USD,Largo,1h+1d,30,60,2.0,160,11.312427409988386,47.5,0.04088730943113175,0.10982248897188107,1.1057342941943678,0.48998178092769124,6.54196950898108,12.222572096514977,12.04375,0.0636419399784826,0.00847919925763205
XAU_USD,Largo,1h+1d,30,60,3.0,156,11.029616724738677,50.0,0.01538819524726006,0.06170075994075128,1.0548512599096573,0.251929963452568,2.4005584585725694,7.976488565381022,13.333333333333334,0.04649256783983034,-0.028157926382338352
XAU_USD,Largo,1h+1d,30,70,1.5,171,12.090156794425088,43.27485380116959,-0.026958874863280677,0.06516401314215892,0.9456974673788722,-0.27243062088468567,-4.609967601620996,23.500499773829418,11.058479532163743,-0.025283052192229302,-0.029319188484479838
XAU_USD,Largo,1h+1d,30,70,2.0,160,11.312427409988386,46.25,0.005381533763151642,0.07431671330390098,1.0137022876195392,0.062469308533331706,0.8610454021042626,12.872932772698752,13.08125,0.031145251012458956,-0.03131224534949821
XAU_USD,Largo,1h+1d,30,70,3.0,156,11.029616724738677,48.717948717948715,-0.006955045750606801,0.03935751894288442,0.9755688780040169,-0.11045009790784562,-1.0849871370946609,7.893574389863046,14.48076923076923,0.02742968835682488,-0.055093673501011124
XAU_USD,Largo,1h+1d,35,50,1.5,399,28.210365853658537,51.8796992481203,-0.055958568998648345,0.04129008957222483,0.8728268970882331,-1.2130034711992597,-22.32746903046069,37.91457284267628,6.889724310776942,-0.0322571809864141,-0.10078510719570004
XAU_USD,Largo,1h+1d,35,50,2.0,375,26.51350174216028,56.266666666666666,-0.03303866652330022,0.040142928915209417,0.9061180399456926,-0.8157189290359654,-12.389499946237581,23.32205166386224,7.928,-0.016601190431814752,-0.06438455116287713
XAU_USD,Largo,1h+1d,35,50,3.0,346,24.463124274099883,59.53757225433526,-0.020803058024906444,0.028373998188063184,0.9141433484648213,-0.6666605191381055,-7.19785807661763,14.428323183054763,9.277456647398845,-0.006873101562006678,-0.04703780936336767
XAU_USD,Largo,1h+1d,35,60,1.5,399,28.210365853658537,42.35588972431078,-0.09778441992707512,-0.0005357613562019239,0.8086802026132459,-1.767261110218852,-39.01598355090297,47.61322072344259,10.00501253132832,-0.11656077707768024,-0.06227261401180017
XAU_USD,Largo,1h+1d,35,60,2.0,375,26.51350174216028,45.86666666666667,-0.06443828630560561,0.008743309132904036,0.8446438533996422,-1.3354647080331739,-24.164357364602104,30.61188126059675,11.592,-0.07663669665765195,-0.04117620144821488
XAU_USD,Largo,1h+1d,35,60,3.0,345,24.392421602787458,48.40579710144928,-0.05285312726652059,-0.003646300462062523,0.8245123823794345,-1.406551142980901,-18.234328906949603,21.51002749734362,13.57391304347826,-0.05962662568850663,-0.04015281772529675
XAU_USD,Largo,1h+1d,35,70,1.5,399,28.210365853658537,40.852130325814535,-0.14804393955913253,-0.05079528098825937,0.7157541551886056,-2.63533583066176,-59.069531884093884,64.82452191581166,10.99498746867168,-0.1460815772999154,-0.15175536383199975
XAU_USD,Largo,1h+1d,35,70,2.0,375,26.51350174216028,44.0,-0.11070385622351833,-0.03752226078500869,0.7388655010550105,-2.266283492531674,-41.51394608381938,45.82978462419771,12.677333333333333,-0.10748272963662217,-0.11684646971480872
XAU_USD,Largo,1h+1d,35,70,3.0,345,24.392421602787458,46.3768115942029,-0.08747906026336974,-0.03827223345891166,0.717578183964547,-2.2933860438177116,-30.18027579086256,32.03485081084565,14.791304347826086,-0.0808339018943699,-0.0999387322052444
XAU_USD,Largo,1h+1d,40,50,1.5,647,45.74462833914053,53.94126738794436,-0.11119587026709818,-0.008706990198010422,0.7277290238154638,-3.4457579693884814,-71.94372806281253,79.52372618073531,5.60741885625966,-0.11747293340762126,-0.09892836787374713
XAU_USD,Largo,1h+1d,40,50,2.0,606,42.845818815331015,58.08580858085809,-0.07982068140810797,-0.0029641393725224623,0.7529555048346807,-2.845392586064028,-48.371332933313425,54.03829239159996,6.364686468646864,-0.08676839934057061,-0.06602792117765256
XAU_USD,Largo,1h+1d,40,50,3.0,567,40.08841463414634,60.84656084656085,-0.061743684202774506,-0.01088556272869444,0.7325645321187155,-2.7954295685455754,-35.008668942973145,37.85785373013236,7.285714285714286,-0.06292325190014766,-0.059493431980093395
XAU_USD,Largo,1h+1d,40,60,1.5,630,44.54268292682927,40.15873015873016,-0.14955933233578128,-0.0473724940269002,0.7171717604555083,-3.51158258997885,-94.2223793715422,95.72432320269722,9.14126984126984,-0.15916143767764487,-0.13049164447681988
XAU_USD,Largo,1h+1d,40,60,2.0,578,40.86614401858304,44.982698961937714,-0.09154673620976589,-0.014904149530437462,0.782703632489235,-2.4406196487969236,-52.914013529244684,54.41703584988788,10.686851211072664,-0.09632842611927807,-0.08185818126222029
XAU_USD,Largo,1h+1d,40,60,3.0,532,37.613821138211385,47.368421052631575,-0.07852317377234064,-0.027720459153422063,0.7490762831356068,-2.6547518446103164,-41.77432844688522,42.227716894248196,12.287593984962406,-0.07862735548646545,-0.07831944064249657
XAU_USD,Largo,1h+1d,40,70,1.5,627,44.33057491289199,37.32057416267943,-0.18805992533207902,-0.08569854207610321,0.6577849573629394,-4.171519801121916,-117.91357318321354,120.28590691142689,10.65390749601276,-0.18597267759343994,-0.19217506779309246
XAU_USD,Largo,1h+1d,40,70,2.0,573,40.51263066202091,42.059336823734725,-0.11835177468129114,-0.041513562732877186,0.7299903667023432,-2.952787070045153,-67.81556689237982,69.59481718853984,12.577661431064572,-0.11447047379326,-0.12617566015558548
XAU_USD,Largo,1h+1d,40,70,3.0,526,37.18960511033682,44.29657794676806,-0.09525644885968053,-0.04427590106068022,0.7078170535703824,-3.0056809527409034,-50.10489210019196,51.8574444288761,14.399239543726235,-0.08741842225217386,-0.11045083563512648
XAU_USD,Corto,1h,20,50,1.5,30,2.1210801393728222,33.33333333333333,-0.191778768626751,-0.11617231572663375,0.6763454956091214,-0.9533067668607863,-5.75336305880253,7.722642241825044,9.0,-0.16074453182727777,-0.19655326659590072
XAU_USD,Corto,1h,20,50,2.0,28,1.9796747967479675,42.857142857142854,0.014284599904724495,0.0719961493283825,1.037988394631377,0.0841265179037147,0.39996879733228585,2.8588841442584205,12.035714285714286,0.5314540317251261,-0.07191030539867577
XAU_USD,Corto,1h,20,50,3.0,28,1.9796747967479675,42.857142857142854,-0.03354779891999025,0.0049007878837037545,0.8857964537498345,-0.26600979715052314,-0.9393383697597268,2.5040702801001116,12.75,0.35430268781675067,-0.09818954670944707
XAU_USD,Corto,1h,20,60,1.5,30,2.1210801393728222,33.33333333333333,-0.15679796018579226,-0.08119150728567498,0.735380686523219,-0.720281756612677,-4.703938805573768,7.722642241825044,9.666666666666666,0.07115495039697506,-0.1918676387369872
XAU_USD,Corto,1h,20,60,2.0,28,1.9796747967479675,42.857142857142854,0.04145617153658184,0.09916772096023986,1.1102483384023139,0.22675631650504557,1.1607728030242916,3.1335217704171265,13.357142857142858,0.7674720038756007,-0.07954646718658796
XAU_USD,Corto,1h,20,60,3.0,28,1.9796747967479675,42.857142857142854,-0.015433417832085341,0.023015168971608664,0.9474614995938099,-0.11502169817856861,-0.4321356992983896,2.626248868706706,14.071428571428571,0.5116480025837337,-0.10328032123472186
XAU_USD,Corto,1h,20,70,1.5,30,2.1210801393728222,33.33333333333333,-0.16957943581022147,-0.09397298291010422,0.7138100914660573,-0.8026531216824236,-5.087383074306644,7.722642241825046,10.6,-0.1996454189969294,-0.16495389993534332
XAU_USD,Corto,1h,20,70,2.0,28,1.9796747967479675,42.857142857142854,0.031185342909808345,0.08889689233346638,1.0829341473386869,0.17497992272899476,0.8731896014746336,3.1335217704171265,14.357142857142858,0.5643717268301722,-0.057679054410252305
XAU_USD,Corto,1h,20,70,3.0,28,1.9796747967479675,42.857142857142854,-0.022280636916601006,0.016167949887092994,0.9241521700229348,-0.1696723002730196,-0.6238578336648282,2.276370264285336,15.071428571428571,0.37624781788678147,-0.0887020460504981
XAU_USD,Corto,1h,25,50,1.5,95,6.716753774680604,49.473684210526315,-0.012687736494913704,0.07750931380737838,0.9717556119336223,-0.12118668100240622,-1.2053349670168019,7.56367405724308,8.6,-0.004403492486939353,-0.017097092176577476
XAU_USD,Corto,1h,25,50,2.0,94,6.646051103368177,55.319148936170215,0.04059539299610957,0.10831525112100254,1.1220929567435218,0.46399947152639903,3.8159669416342994,4.4836355948809326,10.202127659574469,0.192294501017654,-0.03770092082146174
XAU_USD,Corto,1h,25,50,3.0,91,6.433943089430895,57.14285714285714,0.030525774093677297,0.07594458523099802,1.1329430786819878,0.4787983805913271,2.777845442524634,3.845333395027372,11.824175824175825,0.10987352930907766,-0.010470566100946235
XAU_USD,Corto,1h,25,60,1.5,95,6.716753774680604,48.421052631578945,0.020009258819956962,0.1102063091222491,1.044236276046869,0.17112392659433198,1.9008795878959115,6.863293385972927,10.68421052631579,0.10148841457470383,-0.0233586789204728
XAU_USD,Corto,1h,25,60,2.0,94,6.646051103368177,52.12765957446809,0.031802237199144455,0.09952209532403745,1.0898928129908414,0.3294744497994898,2.9894102967195786,4.658474880756505,12.574468085106384,0.18070869123155459,-0.04505270681758331
XAU_USD,Corto,1h,25,60,3.0,91,6.433943089430895,53.84615384615385,0.022683192102167953,0.0681020032394887,1.091488347191503,0.3222948101506029,2.0641704812972836,4.208814555842237,14.417582417582418,0.09114781074660021,-0.012690194197455349
XAU_USD,Corto,1h,25,70,1.5,95,6.716753774680604,47.368421052631575,-0.01181568907894387,0.07838136122334825,0.9739675612883146,-0.10343434911456612,-1.1224904624996677,9.294807613747539,11.347368421052632,-0.023811169250773572,-0.005430998019744194
XAU_USD,Corto,1h,25,70,2.0,94,6.646051103368177,51.06382978723404,0.014635488558048533,0.0823553466829415,1.041231464151688,0.15118325661769533,1.3757359244565621,6.192434579179613,13.26595744680851,0.10423020578946392,-0.03160694614203685
XAU_USD,Corto,1h,25,70,3.0,91,6.433943089430895,52.74725274725275,0.010861401829178805,0.05628021296649955,1.0436643299319428,0.15391777171732823,0.9883875664552713,4.886000114267524,15.131868131868131,0.038517455173548584,-0.003427559065412241
XAU_USD,Corto,1h,30,50,1.5,207,14.635452961672474,51.690821256038646,0.0034497868725597157,0.10317983582052119,1.0079970764727466,0.050175539078495895,0.7141058826198612,15.30956435164148,8.68599033816425,-0.03972544336065857,0.03537768822149425
XAU_USD,Corto,1h,30,50,2.0,196,13.857723577235772,55.10204081632652,0.021221412361568187,0.09602038304025502,1.0638541113056759,0.36417016032320654,4.159396822867365,9.471830207617963,9.908163265306122,0.022446987181279077,0.020282909121249047
XAU_USD,Corto,1h,30,50,3.0,186,13.150696864111499,60.215053763440864,0.02167588586932007,0.07098208927746143,1.0962509909493552,0.5012252627155634,4.031714771693533,6.577881674232594,11.010752688172044,0.05221041381824596,-0.0003768287604597241
XAU_USD,Corto,1h,30,60,1.5,207,14.635452961672474,47.34299516908212,0.008994070526587265,0.10872411947454878,1.019428916312088,0.11360243583187432,1.8617725990035638,22.706666625631136,11.183574879227054,-0.12199902190975848,0.10586291199212025
XAU_USD,Corto,1h,30,60,2.0,196,13.857723577235772,50.0,0.008129525814538517,0.08292849649322533,1.0221394711765273,0.12273055384420739,1.5933870596495494,18.250192153039453,12.729591836734693,-0.07898125388812877,0.07483597874000447
XAU_USD,Corto,1h,30,60,3.0,186,13.150696864111499,53.2258064516129,0.008270049738259363,0.057576253146400726,1.03172719958898,0.16643086450803812,1.5382292513162414,12.258999589257872,14.150537634408602,-0.03293294267586277,0.03802776648179199
XAU_USD,Corto,1h,30,70,1.5,207,14.635452961672474,45.893719806763286,0.018973382548006016,0.11870343149596752,1.0403569168148017,0.21676591911536122,3.927490187437245,22.85816850023635,11.995169082125605,-0.15571959785548503,0.1481581075522683
XAU_USD,Corto,1h,30,70,2.0,196,13.857723577235772,48.46938775510204,0.017898095435905002,0.09269706611459184,1.0478317512905118,0.2443802912660109,3.5080267054373806,18.36381855899336,13.596938775510203,-0.09792486045230955,0.10659134994489815
XAU_USD,Corto,1h,30,70,3.0,186,13.150696864111499,51.61290322580645,0.013730514924110343,0.06303671833225173,1.0513548210216035,0.252233030774131,2.553875775884524,12.334750526560473,15.102150537634408,-0.045765219743304976,0.05669965662835477
XAU_USD,Corto,1h,35,50,1.5,430,30.402148664343787,49.06976744186046,-0.10834894602630053,-0.004540827191851504,0.7576746440212945,-2.54161593765767,-46.59004679130923,50.39626877379972,7.348837209302325,-0.07856327422513416,-0.13400846415804124
XAU_USD,Corto,1h,35,50,2.0,403,28.493176538908248,52.605459057071954,-0.07620374303422317,0.0015740059874604707,0.7793724595318168,-2.108886634965843,-30.710108442791938,37.77427230093846,8.488833746898264,-0.04487200560203665,-0.10387523076638794
XAU_USD,Corto,1h,35,50,3.0,370,26.159988385598144,54.32432432432432,-0.05165134010034558,-0.0005051993669589002,0.7832405811396981,-1.8607595921003488,-19.110995837127867,23.885961221481928,9.954054054054055,-0.01776147606227674,-0.08173723980761079
XAU_USD,Corto,1h,35,60,1.5,429,30.33144599303136,42.19114219114219,-0.10842360521599545,-0.0045311459595840315,0.7806486101284933,-2.1714612446501578,-46.513726637662046,53.18443847400698,9.913752913752914,-0.1310383201124331,-0.08885696058820808
XAU_USD,Corto,1h,35,60,2.0,402,28.42247386759582,45.52238805970149,-0.06996899858535523,0.007876059368324053,0.8179476295961544,-1.6537799283202976,-28.127537431312803,36.555760815987654,11.50497512437811,-0.07668877088949089,-0.06400638372393912
XAU_USD,Corto,1h,35,60,3.0,369,26.089285714285715,46.612466124661246,-0.04871554842249035,0.002477565486579543,0.8217460098161694,-1.4948750677508844,-17.97603736789894,23.66037576993856,13.379403794037941,-0.039847501982341466,-0.05662857447677704
XAU_USD,Corto,1h,35,70,1.5,429,30.33144599303136,41.49184149184149,-0.09910244731100748,0.004790011945403939,0.801779505818521,-1.8114547579702984,-42.51494989642221,50.85344820090971,10.937062937062937,-0.13176238824001613,-0.07084449842025652
XAU_USD,Corto,1h,35,70,2.0,402,28.42247386759582,44.527363184079604,-0.061668914105942364,0.01617614384773693,0.8421174572275518,-1.3271976525807332,-24.79090347058883,34.2693086638273,12.614427860696518,-0.08137826775290664,-0.04418033270088951
XAU_USD,Corto,1h,35,70,3.0,368,26.018583042973287,45.65217391304348,-0.04287253325158773,0.008365416226878827,0.8461609789665672,-1.2045775216078651,-15.777092236584284,22.161551844332983,14.630434782608695,-0.04171379263325117,-0.04390054415913761
XAU_USD,Corto,1h,40,50,1.5,739,52.249274099883856,54.12719891745602,-0.07620502433547634,0.02681310706300254,0.8013675080859587,-2.586497827343708,-56.31551298391702,60.71988066855606,5.929634641407307,-0.0656055973369506,-0.08671874168172289
XAU_USD,Corto,1h,40,50,2.0,685,48.431329849012776,57.372262773722625,-0.051930606970237124,0.024990157473257345,0.8246866349303612,-2.0690775736516662,-35.57246577461243,39.528718084406535,6.738686131386861,-0.04478313446921307,-0.05885215361634375
XAU_USD,Corto,1h,40,50,3.0,648,45.815331010452965,58.95061728395061,-0.0431141790054035,0.008093120884806172,0.7945821311608662,-2.242784469719596,-27.937987995501466,30.632270988866452,7.763888888888889,-0.03561207517560508,-0.05029897330765755
XAU_USD,Corto,1h,40,60,1.5,728,51.47154471544716,43.40659340659341,-0.06312540987443455,0.03964896272275567,0.8648026426851094,-1.6499450058298128,-45.955298388588346,54.259765221087626,9.781593406593407,-0.10234498200934215,-0.02454702965453905
XAU_USD,Corto,1h,40,60,2.0,667,47.15868176538908,47.07646176911544,-0.03327609501324786,0.043753849342367875,0.9097799275364562,-1.0138648113216093,-22.19515537383632,30.24663662018841,11.226386806596702,-0.05690637903884815,-0.010820415749154008
XAU_USD,Corto,1h,40,60,3.0,627,44.33057491289199,49.122807017543856,-0.033489130296664775,0.01776611655602306,0.8754393413714482,-1.3364266685400972,-20.997684696008815,25.124248087852973,12.748006379585327,-0.053166699923313215,-0.015204127135902227
XAU_USD,Corto,1h,40,70,1.5,727,51.40084204413473,42.0907840440165,-0.05782377858489389,0.04488763713337204,0.8798002362765238,-1.35245793610979,-42.037887031217856,55.994506782547376,11.258596973865199,-0.08898539754332145,-0.027087864803494007
XAU_USD,Corto,1h,40,70,2.0,665,47.017276422764226,45.714285714285715,-0.023184747071074527,0.053806124352357904,0.9394098830972096,-0.6279888432818135,-15.41785680226456,30.261735578886665,12.900751879699248,-0.03758194468660914,-0.009505298310273299
XAU_USD,Corto,1h,40,70,3.0,624,44.11846689895471,47.756410256410255,-0.027348303439384818,0.02387599294794327,0.902290073128819,-0.978324680559902,-17.065341346176126,24.041485704818008,14.591346153846153,-0.04002208925841805,-0.015613316569909615
XAU_USD,Corto,1d,20,50,1.5,93,6.575348432055749,45.16129032258064,-0.10129139064042846,-0.024215051680157893,0.7757333513354842,-1.0193690952624772,-9.420099329559847,14.098497856976364,10.043010752688172,0.06739649206320505,-0.13902420650834646
XAU_USD,Corto,1d,20,50,2.0,89,6.2925377468060395,49.43820224719101,-0.027650218323132615,0.02976590545696825,0.9138576629362752,-0.3389737208568135,-2.4608694307588026,7.543990660717444,11.696629213483146,-0.06599519655742339,-0.018596542906702804
XAU_USD,Corto,1d,20,50,3.0,86,6.080429732868757,53.48837209302325,-0.017222706746747363,0.02108499454199088,0.9217779334739413,-0.28413102270981666,-1.4811527802202733,5.375077514814054,12.883720930232558,-0.10035106618938724,0.0017780611258560474
XAU_USD,Corto,1d,20,60,1.5,93,6.575348432055749,44.086021505376344,-0.09609089002240218,-0.019014551062131593,0.7926210803314326,-0.8697731150957134,-8.936452772083403,17.464402403339207,10.806451612903226,0.14959005977414944,-0.15104583931899926
XAU_USD,Corto,1d,20,60,2.0,89,6.2925377468060395,48.31460674157304,0.010927146157241593,0.06834326993734244,1.0330014415048396,0.1070074573745669,0.9725160079945019,9.963696355339453,12.561797752808989,-0.0043500207742150875,0.014534255016057786
XAU_USD,Corto,1d,20,60,3.0,86,6.080429732868757,52.32558139534884,0.009775494433273482,0.04808319572201173,1.0430326100602607,0.1321572718158051,0.8406925212615195,7.258843591603746,13.80232558139535,-0.05668573334294805,0.024966632210695557
XAU_USD,Corto,1d,20,70,1.5,93,6.575348432055749,44.086021505376344,-0.11299123150992181,-0.03591489254965126,0.7561475440899159,-1.073884735660291,-10.508184530422728,17.464402403339204,11.182795698924732,0.06198420573302488,-0.15213047405110727
XAU_USD,Corto,1d,20,70,2.0,89,6.2925377468060395,48.31460674157304,-0.002317784390561719,0.055098339389539126,0.9929999814329141,-0.023466822890478252,-0.206282810759993,9.963696355339454,12.955056179775282,-0.07005441130505849,0.013675585853138932
XAU_USD,Corto,1d,20,70,3.0,86,6.080429732868757,52.32558139534884,0.0006375190940913488,0.038945220382829576,1.002806416674805,0.008882163186758925,0.05482664209185599,7.258843591603746,14.209302325581396,-0.10322634330229546,0.024377830498979767
XAU_USD,Corto,1d,25,50,1.5,177,12.514372822299652,53.672316384180796,0.002697926986304091,0.08564816293591658,1.0069830671246573,0.03852329957508155,0.4775330765758241,16.350199449038417,10.067796610169491,0.05185678808845888,-0.007334493646788733
XAU_USD,Corto,1d,25,50,2.0,168,11.878048780487806,55.952380952380956,0.016596338806942827,0.07932759316747344,1.0566323345807807,0.28842602621420416,2.788184919566395,11.498467319613496,11.25,-0.030760079113134657,0.026476454775879846
XAU_USD,Corto,1d,25,50,3.0,162,11.453832752613241,57.407407407407405,-0.01900626538504647,0.02297948635693153,0.9159662509062173,-0.43047649538287747,-3.079014992377528,10.578480525945945,12.308641975308642,-0.047126081045207775,-0.013382302253014207
XAU_USD,Corto,1d,25,60,1.5,177,12.514372822299652,53.10734463276836,0.07161779587646673,0.1545680318260792,1.1824649189967733,0.8406524431501394,12.676349870134612,17.012580432827157,11.242937853107344,0.2251942581343579,0.040275660721795024
XAU_USD,Corto,1d,25,60,2.0,168,11.878048780487806,55.35714285714286,0.06794040644748064,0.13067166080801126,1.2276673079704328,0.9840580841765013,11.413988283176748,11.448720396104434,12.589285714285714,0.10372588902592497,0.060474370513848366
XAU_USD,Corto,1d,25,60,3.0,162,11.453832752613241,56.79012345679012,0.01863148936327325,0.06061724110525125,1.0810474496270899,0.3604495725621487,3.0183012768502664,10.690584619454185,13.75925925925926,0.04917251342473614,0.012523284550980668
XAU_USD,Corto,1d,25,70,1.5,177,12.514372822299652,52.54237288135594,0.06171248033569387,0.14466271628530636,1.156894647428795,0.7194140342163128,10.923109019417815,15.912632077574152,12.067796610169491,0.015518088367168274,0.071139907268046
XAU_USD,Corto,1d,25,70,2.0,168,11.878048780487806,54.761904761904766,0.06011343836392354,0.12284469272445414,1.2009946773829596,0.8648902138437577,10.099057645139155,11.798720818623899,13.458333333333334,-0.05895389786241185,0.08495482505862657
XAU_USD,Corto,1d,25,70,3.0,162,11.453832752613241,56.17283950617284,0.01322025216970289,0.0552060039116809,1.0573944971483284,0.25439152395862413,2.141680851491868,10.923918234467163,14.660493827160494,-0.0673142475570359,0.02932715211505065
XAU_USD,Corto,1d,30,50,1.5,302,21.35220673635308,54.3046357615894,0.011730216440543362,0.10188118619551786,1.0309267173825118,0.22413603631201895,3.5425253650440953,19.554672399141108,9.21523178807947,0.08032262964641994,-0.0028697751253661
XAU_USD,Corto,1d,30,50,2.0,277,19.584639953542393,57.400722021660656,0.02298636151469177,0.0896712640255352,1.080915996656323,0.5273938772440094,6.36722213956962,10.220270246209605,10.527075812274369,0.012808385287887263,0.02528316145967863
XAU_USD,Corto,1d,30,50,3.0,263,18.59480255516841,59.31558935361216,-0.001601856725481355,0.04261494897200268,0.9924678274513237,-0.04727312648018763,-0.42128831880159634,7.282429923991291,11.372623574144487,-0.03903699065461662,0.006755754570325599
XAU_USD,Corto,1d,30,60,1.5,302,21.35220673635308,52.64900662251656,0.050755465256012565,0.14090643501098707,1.1282869686278483,0.8101898553777779,15.328150507315794,15.644561807226156,11.178807947019868,0.11007253941556926,0.03812974264373747
XAU_USD,Corto,1d,30,60,2.0,277,19.584639953542393,55.5956678700361,0.052119177146974616,0.11880407965781806,1.1754002814327313,1.0052201100099711,14.437012069711969,9.501446104972073,12.84115523465704,0.03109385417658719,0.05686382967569036
XAU_USD,Corto,1d,30,60,3.0,263,18.59480255516841,57.03422053231939,0.018943618139473376,0.0631604238369574,1.0854401893993777,0.4836757833837836,4.982171570681498,6.879286508071864,13.950570342205323,-0.018602717081432473,0.027326055770187253
XAU_USD,Corto,1d,30,70,1.5,302,21.35220673635308,51.65562913907284,0.04129052474951019,0.13144149450448467,1.1027458415386573,0.636139798262563,12.469738474352077,16.066915243206203,12.102649006622517,-0.0069181008756645495,0.05155179847695701
XAU_USD,Corto,1d,30,70,2.0,277,19.584639953542393,54.51263537906137,0.04347726731043017,0.1101621698212736,1.1434224453534265,0.8089779369083888,12.043203044989156,9.285526821127783,13.848375451263538,-0.06009002722687445,0.0668486479361051
XAU_USD,Corto,1d,30,70,3.0,263,18.59480255516841,56.27376425855514,0.019614814804734104,0.0638316205022181,1.0878608715490077,0.484295634379081,5.158696293645069,6.879286508071865,15.038022813688213,-0.08319129974221783,0.042566877587309426
XAU_USD,Corto,1d,35,50,1.5,459,32.45252613240418,52.505446623093675,-0.00496362661956696,0.08877238676713702,0.9869311230402245,-0.1224669388455126,-2.2783046183812345,22.209651194137713,7.738562091503268,0.07853666841963759,-0.02049856523151198
XAU_USD,Corto,1d,35,50,2.0,429,30.33144599303136,55.94405594405595,0.010526300370858938,0.08094579181583075,1.0368638640462773,0.31427892806371993,4.5157828590984845,11.696411088602998,8.745920745920746,0.05694181639002876,0.0016299931338513757
XAU_USD,Corto,1d,35,50,3.0,402,28.42247386759582,56.96517412935324,0.005973840602311731,0.052907788741806516,1.0304349972846958,0.2365483147299033,2.401483922129316,8.221564098473058,9.880597014925373,0.019045631180644357,0.0034061674529963994
XAU_USD,Corto,1d,35,60,1.5,459,32.45252613240418,46.84095860566449,0.030345654982384514,0.12408166836908847,1.073498370670258,0.6038373835740625,13.928655636914492,18.59019240076887,10.50326797385621,0.10254897146769631,0.016912479822326517
XAU_USD,Corto,1d,35,60,2.0,429,30.33144599303136,50.349650349650354,0.04270605953872967,0.11312555098370149,1.1363138551571481,1.0295399381326018,18.32089954211503,9.978445471584585,11.857808857808857,0.09808315552177148,0.03209211614198
XAU_USD,Corto,1d,35,60,3.0,402,28.42247386759582,51.243781094527364,0.027063401361249344,0.07399734950074414,1.123167463195458,0.8748861429799422,10.879487347222236,9.13770101129901,13.365671641791044,0.049871142983530896,0.022583309256872613
XAU_USD,Corto,1d,35,70,1.5,458,32.381823461091756,46.069868995633186,0.028999020492275967,0.1226226397339437,1.068607700015661,0.5308741825295185,13.281551385462393,19.933583058683553,11.751091703056769,0.043902577723961854,0.02621908235579568
XAU_USD,Corto,1d,35,70,2.0,428,30.260743321718934,49.532710280373834,0.04512937249840562,0.11545893425315551,1.1400411497160572,0.9943846289744955,19.315371429317608,10.412317277737676,13.207943925233645,0.06969011527220068,0.04040878405441718
XAU_USD,Corto,1d,35,70,3.0,401,28.35177119628339,50.374064837905244,0.02747628814286141,0.07434621553979472,1.1208236803505454,0.8155128149859505,11.017991545287426,7.920956696145443,14.815461346633416,0.0300820543247391,0.026962913312998934
XAU_USD,Corto,1d,40,50,1.5,622,43.97706155632985,56.752411575562704,-0.03817225331556527,0.05933746790940754,0.8898613615861157,-1.2284827765373483,-23.743141562281597,37.03617830750238,6.315112540192926,-0.03589091125796609,-0.038640901102591454
XAU_USD,Corto,1d,40,50,2.0,583,41.21965737514518,59.348198970840485,-0.02488514962284826,0.048023877812277294,0.9058811800394942,-0.9585072833680599,-14.508042230120536,26.78202264780813,7.0977701543739276,-0.023352314528870915,-0.025198684073889078
XAU_USD,Corto,1d,40,50,3.0,553,39.09857723577236,59.49367088607595,-0.029644168426145565,0.019165372346912967,0.8457758813229284,-1.461900085870052,-16.393225139658497,22.66017451672087,7.994575045207957,-0.02766957575297207,-0.03003310334661914
XAU_USD,Corto,1d,40,60,1.5,614,43.41144018583043,46.25407166123778,0.00910193386079668,0.10619755710535439,1.021853149529799,0.21523766122142823,5.588587390529161,19.4901435212609,9.912052117263844,0.05026112857113957,0.0006113337732013871
XAU_USD,Corto,1d,40,60,2.0,568,40.15911730545877,48.767605633802816,0.010949331193708143,0.083598652207326,1.0333968526211395,0.30977659559304827,6.219220118026225,17.46840720142729,11.227112676056338,0.04500817934567676,0.004195044851334621
XAU_USD,Corto,1d,40,60,3.0,531,37.54311846689895,49.52919020715631,-0.0023348510282679967,0.046348239690840204,0.9902545390939066,-0.08607184948621728,-1.2398058960103062,13.390157345324937,12.583804143126176,0.01824160429968974,-0.006201567465736565
XAU_USD,Corto,1d,40,70,1.5,614,43.41144018583043,44.299674267100976,0.01819219254355587,0.11528781578811358,1.0420761239806666,0.3788257761291342,11.170006221743304,21.84007539010525,11.602605863192183,0.038899829555605066,0.01392047960393865
XAU_USD,Corto,1d,40,70,2.0,567,40.08841463414634,46.73721340388007,0.017521774141477455,0.09010185471877648,1.0511079828797356,0.4368768968846404,9.934845938217718,17.60313705979673,13.098765432098766,0.03298838158758302,0.01444807202745224
XAU_USD,Corto,1d,40,70,3.0,530,37.47241579558653,47.35849056603774,0.0029732454134871705,0.051607425425264905,1.0118510512772367,0.09733610888280733,1.5758200691482003,14.002441706771057,14.633962264150943,0.004483037230716467,0.002688890003964159
XAU_USD,Corto,1h+1d,20,50,1.5,19,1.3433507549361208,42.10526315789473,-0.04603095328520464,0.03030111685171608,0.9087636014734294,-0.18127569218700726,-0.8745881124188881,6.63913969895332,9.526315789473685,2.1142004743042335,-0.16604381037350677
XAU_USD,Corto,1h+1d,20,50,2.0,17,1.201945412311266,52.94117647058824,0.14027288696238407,0.1992440747894963,1.4898390996366966,0.6798336503748641,2.384639078360529,2.6376024056483476,12.352941176470589,1.5856503557281751,0.049936795164522145
XAU_USD,Corto,1h+1d,20,50,3.0,17,1.201945412311266,52.94117647058824,0.10100638142700696,0.14027804632714935,1.550686485986389,0.7331958316406965,1.7171084842591184,1.7764863710631065,12.588235294117647,1.0571002371521168,0.041250515444187605
XAU_USD,Corto,1h+1d,20,60,1.5,19,1.3433507549361208,42.10526315789473,0.024275247728292662,0.1006073178652134,1.0481151490030431,0.08414873448805958,0.4612297068375606,6.63913969895332,10.105263157894736,3.041798403201245,-0.14336492757576025
XAU_USD,Corto,1h+1d,20,60,2.0,17,1.201945412311266,52.94117647058824,0.18305087156730354,0.2420220593944157,1.639221706047053,0.7897092105126753,3.11186481664416,2.9122400318070536,13.117647058823529,2.281348802400934,0.05190725089020164
XAU_USD,Corto,1h+1d,20,60,3.0,17,1.201945412311266,52.94117647058824,0.12952503783028657,0.168796702730429,1.7061701144254935,0.837661137772229,2.2019256431148717,1.9595781218355772,13.352941176470589,1.5208992016006224,0.042564152594640595
XAU_USD,Corto,1h+1d,20,70,1.5,19,1.3433507549361208,42.10526315789473,-0.03273535635463459,0.04359671378228611,0.9351163552973663,-0.12613256597390834,-0.6219717707380572,6.63913969895332,10.736842105263158,1.958596925625627,-0.14336492757576025
XAU_USD,Corto,1h+1d,20,70,2.0,17,1.201945412311266,52.94117647058824,0.13526257108602624,0.19423375891313843,1.4723428559154943,0.6486946114708853,2.2994637084624463,2.9122400318070536,13.823529411764707,1.4689476942192203,0.05190725089020164
XAU_USD,Corto,1h+1d,20,70,3.0,17,1.201945412311266,52.94117647058824,0.09766617084276841,0.13693783574291077,1.5324756679855662,0.701499731062687,1.660324904327063,1.9595781218355772,14.058823529411764,0.9792984628128135,0.042564152594640595
XAU_USD,Corto,1h+1d,25,50,1.5,41,2.8988095238095237,53.65853658536586,0.04944919717208855,0.1330934264783178,1.1241481840212766,0.32165252888110674,2.0274170840556307,6.863293385972925,8.829268292682928,0.21967176647371017,0.008183119765634822
XAU_USD,Corto,1h+1d,25,50,2.0,41,2.8988095238095237,58.536585365853654,0.057665752727983514,0.12039892470765544,1.1991327540321604,0.47613861558614906,2.364295861847324,4.483635594880933,10.341463414634147,0.15882089484308579,0.03314329403341325
XAU_USD,Corto,1h+1d,25,50,3.0,40,2.8281068524970965,62.5,0.066220847253604,0.10824688247718588,1.367350786629694,0.7751717400784365,2.64883389014416,2.733696634856144,11.9,0.12977194038362486,0.05274031234723595
XAU_USD,Corto,1h+1d,25,60,1.5,41,2.8988095238095237,53.65853658536586,0.12769115967218442,0.21133538897841359,1.3205840841804515,0.6963466158633793,5.235337546559561,6.863293385972927,10.512195121951219,0.7259888951297467,-0.017350715590254945
XAU_USD,Corto,1h+1d,25,60,2.0,41,2.8988095238095237,58.536585365853654,0.11233144537943578,0.1750646173591077,1.3879056289846239,0.7906941439063434,4.605589260556867,4.438274372649919,12.195121951219512,0.5385587413351132,0.009003616056847314
XAU_USD,Corto,1h+1d,25,60,3.0,40,2.8281068524970965,62.5,0.10784314061665834,0.14986917584024018,1.5982445737432034,1.0828218249244197,4.313725624666334,2.7336966348561442,14.1,0.4190960139013601,0.04181980385929735
XAU_USD,Corto,1h+1d,25,70,1.5,41,2.8988095238095237,51.21951219512195,-0.014285192225756797,0.06935903708047243,0.964457099051202,-0.09782679254767072,-0.5856928812560287,8.026292536524558,11.341463414634147,-0.0016399083472019016,-0.017350715590254945
XAU_USD,Corto,1h+1d,25,70,2.0,41,2.8988095238095237,56.09756097560976,0.0058491814559798825,0.0685823534356518,1.02001162818978,0.05062155702786116,0.2398164396951752,5.3685162949850085,13.024390243902438,-0.007162861272598242,0.009003616056847314
XAU_USD,Corto,1h+1d,25,70,3.0,40,2.8281068524970965,60.0,0.03508026026896346,0.07710629549254533,1.1926278551132825,0.4239588315283186,1.4032104107585384,3.2358309041287354,14.95,0.003308126200246546,0.04181980385929735
XAU_USD,Corto,1h+1d,30,50,1.5,82,5.7976190476190474,59.756097560975604,0.08162752996668073,0.17303651694952624,1.2225081030456653,0.7934350961069209,6.69345745726782,7.489803162881101,8.878048780487806,0.3677781488739861,0.027715094520376817
XAU_USD,Corto,1h+1d,30,50,2.0,76,5.373403019744483,61.8421052631579,0.06294795055870778,0.1313105746353379,1.2283676811155955,0.739838723713273,4.784044242461791,5.706885169799549,9.960526315789474,0.21814130396318282,0.030923925253022438
XAU_USD,Corto,1h+1d,30,50,3.0,75,5.302700348432056,64.0,0.01438799525564473,0.06012187518517584,1.0664267231468358,0.21652299958242469,1.0790996441733547,4.907811300104168,10.52,0.1348819537113742,-0.008563234926398992
XAU_USD,Corto,1h+1d,30,60,1.5,82,5.7976190476190474,58.536585365853654,0.17105777058270066,0.26246675756554616,1.4614012971417731,1.3600719742223588,14.026737187781455,6.839665084872758,11.5,0.665496632401622,0.07790262270377345
XAU_USD,Corto,1h+1d,30,60,2.0,76,5.373403019744483,61.8421052631579,0.13221827034869071,0.20058089442532082,1.4754984780779579,1.286643443981717,10.048588546500493,5.383928559461702,12.881578947368421,0.4414301666089099,0.06841264096166134
XAU_USD,Corto,1h+1d,30,60,3.0,75,5.302700348432056,62.66666666666667,0.06266086641654815,0.10839474634607926,1.2836987822112824,0.8079797049353029,4.699564981241111,4.846853122842525,13.733333333333333,0.29614613228884373,0.018187482440872798
XAU_USD,Corto,1h+1d,30,70,1.5,82,5.7976190476190474,57.3170731707317,0.12207381223923248,0.21348279922207802,1.3276811013873073,1.0025555419730465,10.010052603617064,6.8611677508510756,12.524390243902438,0.21948706953611177,0.10372058984996538
XAU_USD,Corto,1h+1d,30,70,2.0,76,5.373403019744483,60.526315789473685,0.09257993563654213,0.16094255971317223,1.3312085889487002,0.9298854226898161,7.036075108377202,5.400055558945439,13.986842105263158,0.10692299445977715,0.0896202568317476
XAU_USD,Corto,1h+1d,30,70,3.0,75,5.302700348432056,61.33333333333333,0.03588296918878556,0.0816168491183167,1.1617393143832844,0.4752752208664281,2.691222689158917,4.85760445583168,14.853333333333333,0.05455761907002565,0.0323258930209303
XAU_USD,Corto,1h+1d,35,50,1.5,150,10.605400696864113,56.666666666666664,-0.006027544751586327,0.09029821598606001,0.9843102831101808,-0.08675452888295666,-0.9041317127379491,10.663352826541917,7.56,0.10520999313773113,-0.025146496576312766
XAU_USD,Corto,1h+1d,35,50,2.0,141,9.969076655052264,60.99290780141844,0.007793584565888706,0.07973778621944404,1.0266828946805873,0.13393282679366508,1.0988954237903075,7.502894562473448,8.404255319148936,0.11049102444047079,-0.011192496755462623
XAU_USD,Corto,1h+1d,35,50,3.0,133,9.403455284552846,61.65413533834586,-0.008575659219733335,0.03914894448508477,0.9590454945542759,-0.19158826257118874,-1.1405626762245336,7.75332983785405,9.68421052631579,0.07606964043944178,-0.024446652905828672
XAU_USD,Corto,1h+1d,35,60,1.5,150,10.605400696864113,52.0,0.02708740017332208,0.12341316091096838,1.0657160249586894,0.3262597303451294,4.063110025998312,8.89116706920672,10.78,0.11234052855555414,0.012434518732625938
XAU_USD,Corto,1h+1d,35,60,2.0,141,9.969076655052264,56.73758865248227,0.040075827182612954,0.11202002883616828,1.1261865006559155,0.5712546022131029,5.650691632748426,6.876841848200789,11.914893617021276,0.12770033385691285,0.02387633855375076
XAU_USD,Corto,1h+1d,35,60,3.0,133,9.403455284552846,57.14285714285714,0.007868102011479465,0.05559270571629758,1.0331380103479606,0.14672701529835083,1.0464575675267689,7.3380483373689716,13.578947368421053,0.08728694553191337,-0.007022931148601883
XAU_USD,Corto,1h+1d,35,70,1.5,150,10.605400696864113,52.0,0.018969011635236597,0.11529477237288291,1.0460202172997983,0.21997034215112482,2.8453517452854893,8.806617853803886,12.093333333333334,-0.007896169724179886,0.023586464681386324
XAU_USD,Corto,1h+1d,35,70,2.0,141,9.969076655052264,56.73758865248227,0.04541821233140722,0.11736241398496258,1.1430080345948321,0.6079247111018682,6.403967938728418,7.3739535370234215,13.333333333333334,0.07927758278220742,0.03915849678588116
XAU_USD,Corto,1h+1d,35,70,3.0,133,9.403455284552846,57.14285714285714,0.011643923094085932,0.05936852679890406,1.0490406000608177,0.2056301344259945,1.548641771513429,7.342900658938345,15.082706766917294,0.05346788128926194,0.003801930932490447
XAU_USD,Corto,1h+1d,40,50,1.5,243,17.18074912891986,59.25925925925925,-0.05802951021112183,0.03981073158407847,0.8305103457778579,-1.2275206056986672,-14.101170981302603,15.405932391162496,6.308641975308642,-0.21466175176524097,-0.023397255797145727
XAU_USD,Corto,1h+1d,40,50,2.0,229,16.190911730545878,62.00873362445415,-0.050029964513246865,0.02290203346400524,0.8165663897568823,-1.2313923839341245,-11.456861873533532,12.94361354274336,7.008733624454148,-0.16547173466128617,-0.025597843846995177
XAU_USD,Corto,1h+1d,40,50,3.0,218,15.413182346109176,62.38532110091744,-0.05476444734741907,-0.006273799661760324,0.7347519828312846,-1.68419460560674,-11.938649521737357,12.982340614990727,7.9495412844036695,-0.1449677295089506,-0.03572153222442909
XAU_USD,Corto,1h+1d,40,60,1.5,240,16.968641114982578,49.166666666666664,0.03067444546698852,0.12805618945458894,1.0752796453542237,0.4544358713709968,7.361866912077245,11.839706732545459,10.316666666666666,-0.09070299624801914,0.057922442586684095
XAU_USD,Corto,1h+1d,40,60,2.0,222,15.695993031358885,51.80180180180181,0.0220598359288005,0.09501085577483585,1.0673698429856588,0.3889134508798367,4.897283576193711,9.903374967533832,11.513513513513514,-0.05421922120111539,0.03731564735478368
XAU_USD,Corto,1h+1d,40,60,3.0,211,14.918263646922185,52.60663507109005,-0.002619129494889185,0.04588052504615198,0.9896183112459248,-0.058974888191121434,-0.5526363234216181,9.76295377683771,12.80568720379147,-0.09580877894093408,0.015912903065403827
XAU_USD,Corto,1h+1d,40,70,1.5,240,16.968641114982578,48.333333333333336,0.027480946677025653,0.12486269066462606,1.0659960991712225,0.3771658485631088,6.595427202486157,11.687867744998766,12.054166666666667,-0.14419667210774936,0.06602082028177107
XAU_USD,Corto,1h+1d,40,70,2.0,222,15.695993031358885,50.9009009009009,0.018529987980958108,0.09148100782699349,1.0551799980075258,0.30227538489392636,4.1136573317727,9.266132990849353,13.4009009009009,-0.10919918741955477,0.044075823061060705
XAU_USD,Corto,1h+1d,40,70,3.0,211,14.918263646922185,51.65876777251185,-0.006076255138432229,0.04242339940260894,0.9766056294280758,-0.12707092499368894,-1.2820898342092004,10.314139195145842,14.85781990521327,-0.1443443263274936,0.02142023629121068
EUR_USD,Largo,1h,20,50,1.5,22,1.4331193151417871,45.45454545454545,-0.14832012279276172,-0.07900015187199952,0.6861111966403042,-0.7620087914746291,-3.263042701440758,7.4524431600316445,11.227272727272727,-0.46397555899701065,0.4040768905646739
EUR_USD,Largo,1h,20,50,2.0,20,1.3028357410379883,40.0,-0.1398875456214223,-0.08782375104945377,0.6246256263941611,-0.8464515082418205,-2.7977509124284463,5.746111834029316,13.3,-0.4314147074297059,0.4015200405939615
EUR_USD,Largo,1h,20,50,3.0,19,1.2376939539860887,36.84210526315789,-0.1469617817824008,-0.11194148655477561,0.5003753697237289,-1.1130907232262988,-2.792273853865615,4.757847801599528,14.210526315789474,-0.38883617027534184,0.26768002706264105
EUR_USD,Largo,1h,20,60,1.5,22,1.4331193151417871,45.45454545454545,-0.11048558330705159,-0.0411656123862894,0.7661801589713837,-0.510271148092565,-2.430682832755135,7.4524431600316445,11.636363636363637,-0.46397555899701065,0.5081218741503768
EUR_USD,Largo,1h,20,60,2.0,20,1.3028357410379883,40.0,-0.10867405054571147,-0.05661025597374292,0.7083839489098975,-0.5932733003519164,-2.1734810109142293,5.746111834029316,13.75,-0.4314147074297059,0.4907014550959925
EUR_USD,Largo,1h,20,60,3.0,19,1.2376939539860887,36.84210526315789,-0.1250575747117265,-0.09003727948410131,0.5748429028908527,-0.8703933914938587,-2.3760939195228032,4.757847801599528,14.68421052631579,-0.38883617027534184,0.32713430339732835
EUR_USD,Largo,1h,20,70,1.5,22,1.4331193151417871,45.45454545454545,-0.05946102088137181,0.009858950039390387,0.8741630714729253,-0.23587319726378564,-1.3081424593901798,7.4524431600316445,11.863636363636363,-0.46397555899701065,0.6484394208209961
EUR_USD,Largo,1h,20,70,2.0,20,1.3028357410379883,40.0,-0.06657878654452562,-0.01451499197255709,0.8213424205595546,-0.31365464372885477,-1.3315757308905123,5.746111834029316,14.0,-0.4314147074297059,0.6109736379565235
EUR_USD,Largo,1h,20,70,3.0,19,1.2376939539860887,36.84210526315789,-0.09551703857054347,-0.06049674334291826,0.6752715944098123,-0.5868129795171825,-1.814823732840326,4.757847801599528,14.947368421052632,-0.38883617027534184,0.4073157586376824
EUR_USD,Largo,1h,25,50,1.5,92,5.993044408774746,39.130434782608695,-0.15095170888314127,-0.06601121228489411,0.689686227652962,-1.5342785775830488,-13.887557217248997,15.751157598196764,9.771739130434783,-0.1965901951639117,-0.10116426930411895
EUR_USD,Largo,1h,25,50,2.0,87,5.667335473515249,37.93103448275862,-0.136601767677189,-0.07293401932260365,0.6550155716502509,-1.6537123462180678,-11.884353787915444,14.252408726673417,11.022988505747126,-0.15888459484105605,-0.1127273100016172
EUR_USD,Largo,1h,25,50,3.0,83,5.4067683253076515,42.168674698795186,-0.10120851007952028,-0.058627781087594914,0.6437242445538639,-1.5728009997634425,-8.400306336600183,9.64567629577215,12.337349397590362,-0.14232823874076517,-0.057004801768682015
EUR_USD,Largo,1h,25,60,1.5,92,5.993044408774746,38.04347826086957,-0.06486170474182582,0.020078791856421373,0.8671793891412342,-0.5396855642525206,-5.967276836247975,11.74296209169897,11.032608695652174,-0.13916542979094823,0.01619690440267143
EUR_USD,Largo,1h,25,60,2.0,87,5.667335473515249,36.7816091954023,-0.06832348853062849,-0.004655740176043141,0.828102134401834,-0.6881994495029586,-5.944143502164678,9.628668017257837,12.459770114942529,-0.11294478254268528,-0.02051495923199622
EUR_USD,Largo,1h,25,60,3.0,83,5.4067683253076515,39.75903614457831,-0.0536250106905223,-0.01104428169859695,0.8149812321072286,-0.7104520933003463,-4.450875887313351,6.916933143420487,14.024096385542169,-0.1082074039484667,0.005051062061767942
EUR_USD,Largo,1h,25,70,1.5,92,5.993044408774746,38.04347826086957,-0.061379415593258844,0.02356108100498835,0.8743102496966347,-0.49202812838944426,-5.646906234579814,12.107113593234022,11.967391304347826,-0.08584103900905576,-0.034694008230571255
EUR_USD,Largo,1h,25,70,2.0,87,5.667335473515249,36.7816091954023,-0.06556167299900639,-0.0018939246444210213,0.8350506993137219,-0.6379650898717386,-5.703865550913556,10.891965277278942,13.448275862068966,-0.07028526991717131,-0.06050067630097257
EUR_USD,Largo,1h,25,70,3.0,83,5.4067683253076515,39.75903614457831,-0.05282273001427226,-0.01024200102234691,0.8177492871679655,-0.6805573930770535,-4.384286591184598,7.843019742094853,15.132530120481928,-0.07785298123725638,-0.02591520994956435
EUR_USD,Largo,1h,30,50,1.5,269,17.523140716960942,43.49442379182156,-0.09182879665950491,-0.0033493656906213054,0.7962988971196647,-1.6241567286580245,-24.70194630140682,35.05901514832942,8.394052044609666,-0.14407722367794565,-0.03340929558376801
EUR_USD,Largo,1h,30,50,2.0,255,16.61115569823435,47.84313725490196,-0.050770573734150996,0.015691002247533035,0.8495846109980804,-1.0903960767173422,-12.946496302208503,21.303185641193625,9.690196078431372,-0.08435386195054143,-0.013579163643272345
EUR_USD,Largo,1h,30,50,3.0,241,15.699170679507759,50.62240663900415,-0.056107748370951185,-0.011241352150462113,0.7792766410695195,-1.5339268031324371,-13.521967357399236,19.512026241578422,10.83402489626556,-0.07016694688315879,-0.040957749974175735
EUR_USD,Largo,1h,30,60,1.5,269,17.523140716960942,39.405204460966544,-0.088972153929869,-0.0004927229609853606,0.8163910660901292,-1.3639076363184583,-23.93350940713476,36.51628505774892,10.256505576208179,-0.12331306403362353,-0.05057523082173396
EUR_USD,Largo,1h,30,60,2.0,255,16.61115569823435,42.35294117647059,-0.05827293785521728,0.008188638126466755,0.8428477800881425,-1.0887137446480484,-14.859599153080406,25.271760898684402,11.909803921568628,-0.08111620023710515,-0.032975440671969516
EUR_USD,Largo,1h,30,60,3.0,241,15.699170679507759,44.398340248962654,-0.05738532070663883,-0.012518924486149757,0.7926213944074567,-1.392400654564711,-13.829862290299957,21.046390584660678,13.406639004149378,-0.06883717920556928,-0.04504495594486031
EUR_USD,Largo,1h,30,70,1.5,269,17.523140716960942,39.03345724907063,-0.07758861598113996,0.01089081498774366,0.8401400364941641,-1.1122485443863321,-20.87133769892665,37.182771827564814,11.174721189591079,-0.12298615547777478,-0.02682916237072936
EUR_USD,Largo,1h,30,70,2.0,255,16.61115569823435,41.96078431372549,-0.04993750838307038,0.016524067598613638,0.8655506153250183,-0.8777819667925156,-12.734064637682946,26.965107991158263,12.87843137254902,-0.08085638112368806,-0.01569677328189047
EUR_USD,Largo,1h,30,70,3.0,241,15.699170679507759,43.983402489626556,-0.05490079456037468,-0.010034398339885607,0.80269382930723,-1.2684808827475447,-13.231091489050298,22.311949022423033,14.448132780082988,-0.0700379376527542,-0.0385892179522071
EUR_USD,Largo,1h,35,50,1.5,550,35.827982878544674,49.45454545454545,-0.06655471113953935,0.023717470636789487,0.8410001763980043,-1.7955821241964909,-36.60509112674664,51.305006777367076,7.432727272727273,-0.07276645239622387,-0.059676576184819696
EUR_USD,Largo,1h,35,50,2.0,515,33.548020331728196,53.20388349514563,-0.06082425732032033,0.007249538224401775,0.8192784806030952,-1.9297701869765227,-31.32449251996497,43.51511703977468,8.398058252427184,-0.06479844169896036,-0.056375787563159446
EUR_USD,Largo,1h,35,50,3.0,469,30.551498127340825,57.14285714285714,-0.03572052193669872,0.009710804786107934,0.8412788743537156,-1.481511023489277,-16.7529247883117,26.414488103478185,9.840085287846481,-0.05121851115814336,-0.018329113217611517
EUR_USD,Largo,1h,35,60,1.5,550,35.827982878544674,39.27272727272727,-0.11858614453820113,-0.02831396276187232,0.7604161847404812,-2.692045086351021,-65.22237949601062,83.70149666180043,10.467272727272727,-0.13139211236979348,-0.10440635640283641
EUR_USD,Largo,1h,35,60,2.0,515,33.548020331728196,42.13592233009709,-0.10973765332338489,-0.04166385777866279,0.7323665078468583,-2.9207020098687084,-56.51489146154322,71.36910987058546,11.772815533980582,-0.1150150574603068,-0.10383043552403196
EUR_USD,Largo,1h,35,60,3.0,466,30.356072766185125,44.20600858369099,-0.08003977141501555,-0.034570605482747555,0.723707009019159,-2.750747522037207,-37.29853347939724,49.17869532477569,13.987124463519313,-0.09363224159056213,-0.06457677782081574
EUR_USD,Largo,1h,35,70,1.5,550,35.827982878544674,38.90909090909091,-0.10425787704015418,-0.01398569526382537,0.790418290592261,-2.213774336907267,-57.3418323720848,79.37189104520289,11.461818181818181,-0.12294688528246113,-0.08356391772204419
EUR_USD,Largo,1h,35,70,2.0,515,33.548020331728196,41.74757281553398,-0.09766951368176219,-0.029595718137040084,0.7632307027622548,-2.4405460630424707,-50.29979954610753,67.81722408564596,12.875728155339806,-0.10637860983370558,-0.08792106037588318
EUR_USD,Largo,1h,35,70,3.0,466,30.356072766185125,43.776824034334766,-0.07234457213889384,-0.026875406206625867,0.7531034192693602,-2.3413425652638167,-33.71257061672453,47.368203215767146,15.21030042918455,-0.08787573337856339,-0.054676095132297306
EUR_USD,Largo,1h,40,50,1.5,976,63.578384162653826,54.30327868852459,-0.08599419748498438,0.008334410781115955,0.7759419501535311,-3.433872732541569,-83.93033674534476,91.03843428567856,6.055327868852459,-0.05837989806349411,-0.11761408759178972
EUR_USD,Largo,1h,40,50,2.0,918,59.80016051364366,57.18954248366013,-0.06727382262229019,0.003509620896992629,0.77490887284444,-3.1721111231516823,-61.7573691672624,66.46131461737697,6.903050108932462,-0.04384138551824582,-0.09445544966298167
EUR_USD,Largo,1h,40,50,3.0,852,55.5008025682183,59.38967136150235,-0.04675141096254915,0.00040178866629218254,0.7708722549134946,-2.8631983823826426,-39.83220214009188,44.82318758439602,7.954225352112676,-0.037816390845345056,-0.057335973255237094
EUR_USD,Largo,1h,40,60,1.5,960,62.53611556982344,40.625,-0.11097735981067999,-0.01674457353660496,0.7741377750977787,-3.301041492971759,-106.53826541825279,119.99169987134982,9.836458333333333,-0.08673438364339969,-0.13879983581473992
EUR_USD,Largo,1h,40,60,2.0,887,57.780765115034775,43.51747463359639,-0.09190440300853019,-0.021367466750443726,0.7693805031415459,-3.1956939765822203,-81.51920546856627,90.77197174729788,11.271702367531004,-0.06863779475349091,-0.11897311553939292
EUR_USD,Largo,1h,40,60,3.0,809,52.69970572498662,46.22991347342398,-0.06862326549547067,-0.021581500713015588,0.7612354720246425,-3.0585562590679327,-55.516221785835775,63.7460651031068,13.11619283065513,-0.05293945472601199,-0.08723189503004461
EUR_USD,Largo,1h,40,70,1.5,957,62.34069020866774,39.28944618599791,-0.09317821222147825,0.0010669233156048732,0.813975023126683,-2.474428313928538,-89.17154909595469,106.51349190237475,11.182863113897596,-0.07932470328465194,-0.10905073030829045
EUR_USD,Largo,1h,40,70,2.0,883,57.52019796682718,42.0158550396376,-0.07610895255115264,-0.005616094107213844,0.8133686914814958,-2.3729148411372387,-67.20420510266779,79.37335264639165,12.79048697621744,-0.06064965813273996,-0.0941069056118047
EUR_USD,Largo,1h,40,70,3.0,805,52.43913857677903,44.59627329192546,-0.055516390608724084,-0.008506773127494663,0.811676461609018,-2.226041916722104,-44.69069444002289,54.86479193395547,14.804968944099379,-0.04510973989369305,-0.06787428833282345
EUR_USD,Largo,1d,20,50,1.5,91,5.927902621722846,32.967032967032964,-0.27671849943209426,-0.2028687146867046,0.5215187624629433,-2.73721074906376,-25.181383448320577,34.23843945916313,9.714285714285714,-0.1948140432018073,-0.414028911347575
EUR_USD,Largo,1d,20,50,2.0,85,5.53705189941145,41.17647058823529,-0.1473335922844963,-0.09137281485335556,0.6294434881835215,-1.762457110073793,-12.523355344182185,21.10192041723769,12.152941176470588,-0.05966622678267372,-0.28547610762070164
EUR_USD,Largo,1d,20,50,3.0,80,5.211342964151953,43.75,-0.09867965969461226,-0.06124812244176749,0.6382361974381958,-1.5413143637364095,-7.894372775568981,14.058974449485723,14.05,-0.03887875404796409,-0.19320367184576584
EUR_USD,Largo,1d,20,60,1.5,91,5.927902621722846,30.76923076923077,-0.231745674895933,-0.15789589015054342,0.6012314960474677,-1.861913857157968,-21.088856415529904,30.199120335366924,10.505494505494505,-0.1877314269021088,-0.30553426712087356
EUR_USD,Largo,1d,20,60,2.0,85,5.53705189941145,38.82352941176471,-0.10697433452101962,-0.051013557089878876,0.7324775608299711,-1.0453838504748525,-9.092818434286668,17.71128943908802,13.282352941176471,-0.061132093361789853,-0.17921059331738165
EUR_USD,Largo,1d,20,60,3.0,80,5.211342964151953,41.25,-0.07087191254563911,-0.033440375292794366,0.7424351642509018,-0.9268250502191235,-5.669753003651129,11.860958632065103,15.2875,-0.03991582972298502,-0.1198024950717698
EUR_USD,Largo,1d,20,70,1.5,91,5.927902621722846,30.76923076923077,-0.22149766486074599,-0.14764788011535646,0.6188654114681424,-1.7296650697253697,-20.156287502327885,29.957684621245804,10.76923076923077,-0.17560628305858428,-0.29843321670554657
EUR_USD,Largo,1d,20,70,2.0,85,5.53705189941145,38.82352941176471,-0.10626345612434002,-0.05030267869319928,0.7342553323252042,-1.027441487465149,-9.032393770568902,18.169214674680923,13.647058823529411,-0.05116382606735382,-0.19308711560807582
EUR_USD,Largo,1d,20,70,3.0,80,5.211342964151953,41.25,-0.0703683736813244,-0.03293683642847965,0.7442651403334153,-0.9114647960249267,-5.629469894505952,12.166242122460377,15.675,-0.03286345014052687,-0.12965034960064953
EUR_USD,Largo,1d,25,50,1.5,242,15.764312466559657,46.69421487603306,-0.03061908532649472,0.04898780405465344,0.9257688426229376,-0.5095383637278422,-7.409818649011722,24.24656226532985,10.49586776859504,0.012769813893655342,-0.09329193975560043
EUR_USD,Largo,1d,25,50,2.0,229,14.917469234884965,48.47161572052402,-0.022750827122536073,0.03741783770667901,0.92988281509021,-0.45501485930762664,-5.209939411060761,20.35575915606932,11.764192139737991,0.021016991755802704,-0.08448648743514024
EUR_USD,Largo,1d,25,50,3.0,211,13.744917067950777,50.71090047393365,-0.016457387683837393,0.024485219907158667,0.9271843672890687,-0.4310713545168162,-3.47250880128969,15.416741027592124,13.488151658767773,0.020140738284135703,-0.06471865269654918
EUR_USD,Largo,1d,25,60,1.5,242,15.764312466559657,43.80165289256198,-0.005969915794561091,0.07363697358658707,0.9860011651321395,-0.08481840827358514,-1.444719622283784,18.160031460846398,11.768595041322314,0.005378538550648842,-0.02236212762653102
EUR_USD,Largo,1d,25,60,2.0,229,14.917469234884965,45.414847161572055,-0.0018261125408086272,0.05834255228840644,0.9945879688009001,-0.031254718163037515,-0.41817977184517563,13.89362112864422,13.179039301310043,0.013725792185810569,-0.02376248341835571
EUR_USD,Largo,1d,25,60,3.0,211,13.744917067950777,47.39336492890995,-0.007520688701500728,0.03342191888949534,0.9687774375932567,-0.17008399162073376,-1.5868653160166537,11.870978781426514,15.156398104265403,0.014766446218568355,-0.0369103171675259
EUR_USD,Largo,1d,25,70,1.5,242,15.764312466559657,43.388429752066116,-0.025480301878257488,0.05412658750289068,0.9408741766739571,-0.36050711846063527,-6.166233054538312,18.603332232363762,12.289256198347108,0.0327984049734936,-0.10966065621967575
EUR_USD,Largo,1d,25,70,2.0,229,14.917469234884965,44.97816593886463,-0.02116212312236923,0.03900654170684585,0.9381350228286481,-0.36254890415825325,-4.846126195022554,16.692212611161604,13.764192139737991,0.03567191661752772,-0.1013280318081186
EUR_USD,Largo,1d,25,70,3.0,211,13.744917067950777,46.91943127962085,-0.022688863936620875,0.018253743654375196,0.9073368868756191,-0.5135313362200848,-4.787350290627004,13.262832863672795,15.819905213270141,0.031104116628846698,-0.0936246624844902
EUR_USD,Largo,1d,30,50,1.5,491,31.984617442482612,45.824847250509166,-0.07460249833442115,0.010872208478996078,0.8301406732886893,-1.7951623714596634,-36.629826682200786,58.87779525273211,9.185336048879837,-0.07586832616045187,-0.07282165232427007
EUR_USD,Largo,1d,30,50,2.0,458,29.83493846976993,50.0,-0.03660617636601409,0.027632412369899682,0.8893792089786361,-1.0562981469421415,-16.765628775634454,34.43504463592174,10.648471615720524,-0.04408927454602092,-0.02605106945947813
EUR_USD,Largo,1d,30,50,3.0,423,27.55497592295345,51.536643026004725,-0.02703171956272044,0.015833555686809973,0.8824005313091196,-1.0245546619408792,-11.434417375030746,24.960692862698906,12.099290780141844,-0.019785912475809193,-0.037004881002570184
EUR_USD,Largo,1d,30,60,1.5,491,31.984617442482612,41.955193482688394,-0.0852238339394884,0.0002508728739288133,0.8167780510674136,-1.8038480835407555,-41.84490246428881,59.63513623424339,11.10590631364562,-0.08054417014839496,-0.09180747858676208
EUR_USD,Largo,1d,30,60,2.0,458,29.83493846976993,44.54148471615721,-0.052274632524426975,0.011963956211486798,0.8547508074311718,-1.3227011823028847,-23.941781696187554,37.92095111070713,12.888646288209607,-0.060495824515321664,-0.040678424874112364
EUR_USD,Largo,1d,30,60,3.0,422,27.489834135901553,46.208530805687204,-0.0358188105600208,0.007016153800858129,0.8575755126727259,-1.200453254454456,-15.115538056328777,25.863434436003043,14.630331753554502,-0.030428453209344876,-0.04320783973735184
EUR_USD,Largo,1d,30,70,1.5,491,31.984617442482612,41.75152749490835,-0.08859192208382191,-0.0031172152704046986,0.8104393887756715,-1.8277074074308253,-43.49863374315656,59.38045276354294,11.69450101832994,-0.05698372860906843,-0.13306031192330361
EUR_USD,Largo,1d,30,70,2.0,458,29.83493846976993,44.32314410480349,-0.05795721543256506,0.006281373303348705,0.8399954736566685,-1.4385699346259442,-26.544404668114797,39.09226302045821,13.537117903930131,-0.04157274600285883,-0.08106794073341385
EUR_USD,Largo,1d,30,70,3.0,422,27.489834135901553,45.97156398104265,-0.03889739559884822,0.003937568762030726,0.8465484296331767,-1.2756263924812332,-16.41470094271395,26.0840185236555,15.317535545023697,-0.016789332074660504,-0.06920283099155496
EUR_USD,Largo,1d,35,50,1.5,773,50.354601391118244,49.159120310478656,-0.06277812949484864,0.025089126057074092,0.8496253712725224,-1.9684990290719,-48.527494099517995,65.82054653726057,7.84993531694696,-0.05310221401958037,-0.07576731299649662
EUR_USD,Largo,1d,35,50,2.0,718,46.77180310326378,52.64623955431755,-0.05402600244445594,0.011988712601443866,0.8377043473935158,-1.9983279197194228,-38.79066975511937,53.332782545043216,8.891364902506965,-0.04817321479284992,-0.06199657510157731
EUR_USD,Largo,1d,35,50,3.0,655,42.667870518994114,55.87786259541985,-0.030391745177070953,0.01374300683474521,0.8631295470714309,-1.4814276918359652,-19.906593090981474,33.48472192300898,10.265648854961832,-0.03334665260727981,-0.02638455056847838
EUR_USD,Largo,1d,35,60,1.5,773,50.354601391118244,41.785252263906855,-0.06324369381281475,0.024623561739107975,0.8640897108597025,-1.6616118950352998,-48.887375317305796,60.80046103695001,10.567917205692108,-0.06054803998189658,-0.06686240486462305
EUR_USD,Largo,1d,35,60,2.0,718,46.77180310326378,44.56824512534819,-0.05594741733879193,0.010074859293811791,0.8519423169186344,-1.7353718835046663,-40.17024564925261,51.0656027328001,11.934540389972145,-0.06309304930520422,-0.04621619485821727
EUR_USD,Largo,1d,35,60,3.0,650,42.342161583734615,46.61538461538461,-0.03428119684956477,0.009874481950259134,0.8689129142918883,-1.386747886578581,-22.282777952217103,31.26734552795077,13.84153846153846,-0.04529262927202964,-0.01935990798723918
EUR_USD,Largo,1d,35,70,1.5,773,50.354601391118244,41.39715394566624,-0.05792503622708114,0.029942219324841583,0.8766612376973327,-1.4203218155205648,-44.77605300353372,56.26956854179613,11.608020698576972,-0.03413496642198433,-0.08986140266240805
EUR_USD,Largo,1d,35,70,2.0,718,46.77180310326378,44.15041782729805,-0.052660066318048676,0.01336221031455503,0.862290122681403,-1.5320460972823482,-37.80992761635895,46.79098718679582,13.057103064066853,-0.04254772613352214,-0.06643147696408153
EUR_USD,Largo,1d,35,70,3.0,649,42.277019796682715,46.22496147919877,-0.03178202776031967,0.012345392644810492,0.8797857787976401,-1.2117603810207143,-20.626536016447467,29.07391056516624,15.117103235747303,-0.03022223683826008,-0.03390334341432072
EUR_USD,Largo,1d,40,50,1.5,1105,71.98167469234885,54.29864253393665,-0.08362326035573951,0.010455239282527149,0.7846925211918838,-3.480386757915673,-92.40370269309216,96.82278360657513,6.0841628959276015,-0.06436940485234446,-0.10982989701313833
EUR_USD,Largo,1d,40,50,2.0,1031,67.16118245050829,57.32298739088264,-0.06634708605159124,0.0042399992020488875,0.7818754328807149,-3.251983322353501,-68.40384571919057,71.73199804438464,6.951503394762367,-0.05363969622378181,-0.08417890114795784
EUR_USD,Largo,1d,40,50,3.0,945,61.55898876404495,59.57671957671957,-0.03996607998639146,0.007190526919958679,0.8038477386504542,-2.562341416389769,-37.767945587139934,41.780662020879134,8.121693121693122,-0.03524584382058231,-0.046742295306895866
EUR_USD,Largo,1d,40,60,1.5,1082,70.48341359015517,42.69870609981516,-0.05756444248033628,0.035854225743929116,0.8772584365505083,-1.77946729707785,-62.28472676372385,69.52865716630865,9.599815157116451,-0.03777932262026719,-0.08462286679662334
EUR_USD,Largo,1d,40,60,2.0,997,64.94636169074371,45.73721163490471,-0.046691218743476995,0.0233006891023118,0.8762230135996482,-1.6999185362027907,-46.55114508724657,52.29913691077493,10.995987963891675,-0.0347736087021182,-0.06333576545989396
EUR_USD,Largo,1d,40,60,3.0,901,58.69275013376137,48.05771365149833,-0.023497465632503444,0.023254885749115585,0.9104975044175431,-1.1077530112979028,-21.171216534885602,28.403966934974545,12.832408435072143,-0.016603259587851475,-0.033346331410577704
EUR_USD,Largo,1d,40,70,1.5,1079,70.28798822899947,41.890639481000925,-0.04282086169385042,0.05058647738087352,0.9102327995910174,-1.199256849015111,-46.203709767664606,55.83704332717083,11.085264133456905,-0.011417451958302315,-0.08588839504545928
EUR_USD,Largo,1d,40,70,2.0,994,64.75093632958801,44.76861167002012,-0.0364222871975038,0.03356017960780849,0.9055073856464347,-1.2063053469034717,-36.20375347431878,41.19978005890447,12.650905432595573,-0.013646432998499367,-0.06833048873234093
EUR_USD,Largo,1d,40,70,3.0,897,58.43218298555377,47.045707915273134,-0.014396029770750045,0.032332100819404554,0.9464366263838635,-0.6173287942779241,-12.91323870436279,23.279726934993434,14.713489409141584,0.0011821466017829124,-0.036789658306266154
EUR_USD,Largo,1h+1d,20,50,1.5,9,0.5862760834670947,55.55555555555556,-0.17388937576268798,-0.10505242779664181,0.6303748922495306,-0.6020962675697006,-1.5650043818641919,3.567092961453822,10.444444444444445,-0.3708623582702331,0.5155160630137195
EUR_USD,Largo,1h+1d,20,50,2.0,8,0.5211342964151953,50.0,-0.22160998609356694,-0.16907841150353065,0.4585710945826072,-0.8677916473430859,-1.7728798887485355,3.2744463234407575,12.0,-0.4243589972115191,0.3866370472602897
EUR_USD,Largo,1h+1d,20,50,3.0,7,0.4559925093632959,42.857142857142854,-0.22176173792507362,-0.18585172656619378,0.3089056895323566,-1.0078698651983482,-1.5523321654755153,2.2461943933890836,14.0,-0.41356964569784693,0.2577580315068598
EUR_USD,Largo,1h+1d,20,60,1.5,9,0.5862760834670947,55.55555555555556,-0.17388937576268798,-0.10505242779664181,0.6303748922495306,-0.6020962675697006,-1.5650043818641919,3.567092961453822,10.444444444444445,-0.3708623582702331,0.5155160630137195
EUR_USD,Largo,1h+1d,20,60,2.0,8,0.5211342964151953,50.0,-0.22160998609356694,-0.16907841150353065,0.4585710945826072,-0.8677916473430859,-1.7728798887485355,3.2744463234407575,12.0,-0.4243589972115191,0.3866370472602897
EUR_USD,Largo,1h+1d,20,60,3.0,7,0.4559925093632959,42.857142857142854,-0.22176173792507362,-0.18585172656619378,0.3089056895323566,-1.0078698651983482,-1.5523321654755153,2.2461943933890836,14.0,-0.41356964569784693,0.2577580315068598
EUR_USD,Largo,1h+1d,20,70,1.5,9,0.5862760834670947,55.55555555555556,-0.17388937576268798,-0.10505242779664181,0.6303748922495306,-0.6020962675697006,-1.5650043818641919,3.567092961453822,10.444444444444445,-0.3708623582702331,0.5155160630137195
EUR_USD,Largo,1h+1d,20,70,2.0,8,0.5211342964151953,50.0,-0.22160998609356694,-0.16907841150353065,0.4585710945826072,-0.8677916473430859,-1.7728798887485355,3.2744463234407575,12.0,-0.4243589972115191,0.3866370472602897
EUR_USD,Largo,1h+1d,20,70,3.0,7,0.4559925093632959,42.857142857142854,-0.22176173792507362,-0.18585172656619378,0.3089056895323566,-1.0078698651983482,-1.5523321654755153,2.2461943933890836,14.0,-0.41356964569784693,0.2577580315068598
EUR_USD,Largo,1h+1d,25,50,1.5,42,2.735955056179775,45.23809523809524,-0.0643229362498425,0.019108331351233947,0.8491773267800046,-0.439320384453754,-2.7015633224933855,6.126889960974333,11.428571428571429,-0.12992293058156068,0.015087583204342657
EUR_USD,Largo,1h+1d,25,50,2.0,39,2.540529695024077,43.58974358974359,-0.036466985387300345,0.025984397411586906,0.886928197205647,-0.30478949414977136,-1.4222124301047134,4.939261109512822,13.076923076923077,-0.08540016587209258,0.02062172517829062
EUR_USD,Largo,1h+1d,25,50,3.0,38,2.4753879079721774,47.368421052631575,-0.03607199953990876,0.0061085062508576095,0.8481980843730731,-0.3960156071282943,-1.3707359825165328,4.311221341015052,13.868421052631579,-0.09403247951079038,0.028328533761070782
EUR_USD,Largo,1h+1d,25,60,1.5,42,2.735955056179775,42.857142857142854,-0.06117049179238016,0.022260775808696277,0.8579495102771129,-0.37219061069509113,-2.569160655279967,6.157842815519453,12.833333333333334,-0.1699135114284835,0.07046579513553435
EUR_USD,Largo,1h+1d,25,60,2.0,39,2.540529695024077,41.02564102564102,-0.033920780248580744,0.028530602550306476,0.8959035654610613,-0.2531319805262017,-1.322910429694649,4.805996862771441,14.58974358974359,-0.11824957156777917,0.06446280962381738
EUR_USD,Largo,1h+1d,25,60,3.0,38,2.4753879079721774,44.73684210526316,-0.023649464218743046,0.018531041572023326,0.9014259871265362,-0.23340962659548198,-0.8986796403122358,3.8890451765208045,15.552631578947368,-0.117027063497771,0.0801034238690658
EUR_USD,Largo,1h+1d,25,70,1.5,42,2.735955056179775,42.857142857142854,-0.1214495812389186,-0.03801831363784219,0.7179690405272008,-0.8880914578759176,-5.100882412034581,6.157842815519453,13.238095238095237,-0.1699135114284835,-0.06278271837786639
EUR_USD,Largo,1h+1d,25,70,2.0,39,2.540529695024077,41.02564102564102,-0.08260773710924642,-0.020156354310359184,0.7464925383382858,-0.7373395520743012,-3.22170174726061,4.805996862771441,15.025641025641026,-0.11824957156777917,-0.04102559690762491
EUR_USD,Largo,1h+1d,25,70,3.0,38,2.4753879079721774,44.73684210526316,-0.060094508452934126,-0.017914002662167753,0.7495183487002969,-0.6881963592653711,-2.283591321211497,3.8890451765208045,16.157894736842106,-0.117027063497771,0.003163886041329062
EUR_USD,Largo,1h+1d,30,50,1.5,121,7.8821562332798285,42.14876033057851,-0.1014829004038068,-0.012669200701130683,0.7639528368155739,-1.283429351773323,-12.279430948860622,19.91105716396623,9.03305785123967,-0.1979001844294761,0.03542964291264364
EUR_USD,Largo,1h+1d,30,50,2.0,115,7.491305510968433,48.69565217391305,-0.0322146514971105,0.03472111739943244,0.891270650742659,-0.5089682879070186,-3.7046849221677074,12.828200338687305,10.339130434782609,-0.10243651684291938,0.06580336888141441
EUR_USD,Largo,1h+1d,30,50,3.0,110,7.1655965757089355,50.90909090909091,-0.03411524152346586,0.01054024761893187,0.8397282360447567,-0.7120246045087787,-3.7526765675812443,9.1686891513282,11.418181818181818,-0.07564694878061938,0.023668003356052066
EUR_USD,Largo,1h+1d,30,60,1.5,121,7.8821562332798285,38.01652892561984,-0.13781271202645787,-0.04899901232378174,0.7015530141017845,-1.5618179936765482,-16.675338155201402,19.54299794639396,11.15702479338843,-0.22389748686972946,-0.01557233174901218
EUR_USD,Largo,1h+1d,30,60,2.0,115,7.491305510968433,41.73913043478261,-0.0771014012633294,-0.01016563236678648,0.7643864310845402,-1.0936836838011097,-8.866661145282881,13.915422148617125,12.982608695652173,-0.1458976017304328,0.018926628555335778
EUR_USD,Largo,1h+1d,30,60,3.0,110,7.1655965757089355,42.72727272727273,-0.0642885244542858,-0.01963303531188808,0.7257514287732376,-1.2234463792872758,-7.071737689971438,9.965621769040533,14.236363636363636,-0.10597916427502979,-0.006284156008033291
EUR_USD,Largo,1h+1d,30,70,1.5,121,7.8821562332798285,38.01652892561984,-0.16900184980889832,-0.08018815010622223,0.6340098678487273,-2.0445099287167747,-20.449223826876697,20.953972880534415,11.785123966942148,-0.23465418791899775,-0.07577552969255716
EUR_USD,Largo,1h+1d,30,70,2.0,115,7.491305510968433,41.73913043478261,-0.10320147534606938,-0.03626570644952645,0.6846274188898154,-1.5673614373781193,-11.868169664797978,14.148633217183018,13.643478260869566,-0.1544467708479483,-0.031671583708030075
EUR_USD,Largo,1h+1d,30,70,3.0,110,7.1655965757089355,42.72727272727273,-0.08256239465539313,-0.037906905512995415,0.6477968818929367,-1.6675956884664669,-9.081863412093243,10.458118121957447,14.927272727272728,-0.1119457718882958,-0.04168117415744156
EUR_USD,Largo,1h+1d,35,50,1.5,271,17.65342429106474,47.23247232472325,-0.10586242291944681,-0.01885773556248866,0.7544074273570279,-2.0582876456905046,-28.688716611170086,33.93058431037835,7.472324723247232,-0.1460491577797176,-0.046135349090420504
EUR_USD,Largo,1h+1d,35,50,2.0,252,16.415730337078653,51.587301587301596,-0.09943151720011273,-0.0334295371937961,0.7174098912944885,-2.2546495881227218,-25.056742334428407,29.154749224878046,8.511904761904763,-0.1383046050555318,-0.04034442365987576
EUR_USD,Largo,1h+1d,35,50,3.0,232,15.112894596040663,54.741379310344826,-0.07462377012625883,-0.030623337820776263,0.693726502092477,-2.212524441418018,-17.31271466929205,21.01415841418427,9.89655172413793,-0.12110535636922959,-0.0038909214956510986
EUR_USD,Largo,1h+1d,35,60,1.5,271,17.65342429106474,37.269372693726936,-0.15869364983915674,-0.07168896248219857,0.6831823629333964,-2.649127376596522,-43.00597910641147,46.72360717280022,10.738007380073801,-0.20720804172203225,-0.08658969126093809
EUR_USD,Largo,1h+1d,35,60,2.0,252,16.415730337078653,40.07936507936508,-0.15370505430362486,-0.08770307429730824,0.6349733418381792,-3.002948836859063,-38.73367368451346,41.89543752338825,12.194444444444445,-0.2032392058777579,-0.07841314391094266
EUR_USD,Largo,1h+1d,35,60,3.0,231,15.047752808988765,40.692640692640694,-0.12143531431091507,-0.07747696448656538,0.599802966851284,-3.0762677007193635,-28.051557605821383,31.47907366605335,14.186147186147187,-0.16743236775508472,-0.05067061670450025
EUR_USD,Largo,1h+1d,35,70,1.5,271,17.65342429106474,37.269372693726936,-0.1484865687089129,-0.061481881351954724,0.7035598848336649,-2.3567940675720114,-40.2398601201154,42.456163168480735,11.66789667896679,-0.18263260174804616,-0.09773741868744876
EUR_USD,Largo,1h+1d,35,70,2.0,252,16.415730337078653,40.07936507936508,-0.14540870457444757,-0.07940672456813096,0.6546759393246686,-2.716379901122143,-36.642993552760785,37.960014895833226,13.194444444444445,-0.1837264686433184,-0.08716570318976385
EUR_USD,Largo,1h+1d,35,70,3.0,231,15.047752808988765,40.692640692640694,-0.11531758705349217,-0.07135923722914247,0.619964287402283,-2.806856682500259,-26.63836260935669,28.421520309723434,15.277056277056277,-0.1531083142987953,-0.05717800667610268
EUR_USD,Largo,1h+1d,40,50,1.5,488,31.789192081326913,53.07377049180327,-0.12885840957105915,-0.03502845921842839,0.6840818815119081,-3.6640553468835773,-62.88290387067686,63.17828711922297,5.887295081967213,-0.10260821624465187,-0.16571212926576886
EUR_USD,Largo,1h+1d,40,50,2.0,458,29.83493846976993,56.11353711790393,-0.10957264955126926,-0.03918679608321571,0.6640091888727792,-3.622363163185208,-50.184273494481324,50.40581093089091,6.775109170305677,-0.09019067620442268,-0.1376609638667528
EUR_USD,Largo,1h+1d,40,50,3.0,419,27.294408774745854,58.233890214797135,-0.06860871480571433,-0.02161984732533748,0.6824194721349354,-2.9518647460242056,-28.747051503594307,29.080725206484832,8.033412887828161,-0.06730574530641419,-0.0705945659100694
EUR_USD,Largo,1h+1d,40,60,1.5,479,31.20291599785982,37.995824634655534,-0.16234447409362826,-0.06870002551736147,0.6871078574644814,-3.4502497054429004,-77.76300309084793,78.64137959310357,9.749478079331942,-0.14698297484165604,-0.18395864389539815
EUR_USD,Largo,1h+1d,40,60,2.0,442,28.79266987693954,40.95022624434389,-0.141320862238693,-0.07113525391276294,0.6695832108442169,-3.493207738732072,-62.463821109502305,63.5306950728259,11.228506787330316,-0.13067515760340387,-0.15652901171767747
EUR_USD,Largo,1h+1d,40,60,3.0,397,25.861289459604066,43.07304785894207,-0.09693726877702906,-0.05009522810109446,0.6771941103087374,-3.076213749211452,-38.48409570448054,39.68895808708437,13.317380352644836,-0.093071050743104,-0.10272443790957095
EUR_USD,Largo,1h+1d,40,70,1.5,477,31.07263242375602,37.10691823899371,-0.1481364558455408,-0.05442261158809366,0.7190139769339595,-2.8510205966110527,-70.66108943832296,71.88926189280436,11.046121593291405,-0.12909016605926488,-0.1749744096352933
EUR_USD,Largo,1h+1d,40,70,2.0,440,28.662386302835742,39.77272727272727,-0.1300359978099683,-0.059794183009652425,0.701782689814105,-2.930579839905971,-57.21583903638606,58.13696837724712,12.679545454545455,-0.11579411270340251,-0.15041526986853482
EUR_USD,Largo,1h+1d,40,70,3.0,395,25.731005885500267,41.77215189873418,-0.08484268855953328,-0.037958646610846476,0.7240155065985804,-2.43243721855669,-33.51286198101565,34.618997608871815,14.946835443037974,-0.07580464487835009,-0.09839975408130808
EUR_USD,Corto,1h,20,50,1.5,20,1.3028357410379883,45.0,-0.029237511078988136,0.04797445603579468,0.9279527753144772,-0.13701520617185364,-0.5847502215797628,4.016930705858673,10.25,0.03901422194102182,-0.0974892440989981
EUR_USD,Corto,1h,20,50,2.0,20,1.3028357410379883,45.0,-0.07988097148575427,-0.02197199614966717,0.779523514810334,-0.4530168134001421,-1.5976194297150852,3.671754792924325,10.8,-0.027032039297715117,-0.1327299036737934
EUR_USD,Corto,1h,20,50,3.0,20,1.3028357410379883,45.0,-0.0998085466458524,-0.06120256308846102,0.6535567972009662,-0.7331332054817145,-1.996170932917048,2.9873531310346646,11.2,-0.011130490842506151,-0.18848660244919868
EUR_USD,Corto,1h,20,60,1.5,20,1.3028357410379883,35.0,-0.24854945286989852,-0.17133748575511576,0.4500510515480487,-1.4226394900974304,-4.97098905739797,5.438931400215929,12.65,-0.16471975124697574,-0.33237915449282135
EUR_USD,Corto,1h,20,60,2.0,20,1.3028357410379883,35.0,-0.24436492782893704,-0.18645595249284996,0.38433997677400955,-1.6609448184506357,-4.887298556578741,4.988255313692201,13.2,-0.17983251918871332,-0.30889733646916084
EUR_USD,Corto,1h,20,60,3.0,20,1.3028357410379883,35.0,-0.20946451754130763,-0.1708585339839162,0.3268373934006603,-1.7832156549670553,-4.189290350826153,4.189290350826153,13.6,-0.11299747743650493,-0.30593155764611035
EUR_USD,Corto,1h,20,70,1.5,20,1.3028357410379883,35.0,-0.24854945286989852,-0.17133748575511576,0.4500510515480487,-1.4226394900974304,-4.97098905739797,5.438931400215929,12.65,-0.16471975124697574,-0.33237915449282135
EUR_USD,Corto,1h,20,70,2.0,20,1.3028357410379883,35.0,-0.24436492782893704,-0.18645595249284996,0.38433997677400955,-1.6609448184506357,-4.887298556578741,4.988255313692201,13.2,-0.17983251918871332,-0.30889733646916084
EUR_USD,Corto,1h,20,70,3.0,20,1.3028357410379883,35.0,-0.20946451754130763,-0.1708585339839162,0.3268373934006603,-1.7832156549670553,-4.189290350826153,4.189290350826153,13.6,-0.11299747743650493,-0.30593155764611035
EUR_USD,Corto,1h,25,50,1.5,98,6.383895131086143,36.734693877551024,-0.23400902107174615,-0.1526789388009983,0.5708014284566942,-2.386876892969502,-22.93288406503112,27.403938655380493,9.10204081632653,-0.19286056569715604,-0.2735115382313525
EUR_USD,Corto,1h,25,50,2.0,96,6.253611556982343,41.66666666666667,-0.13113737013471954,-0.07013058795854478,0.667905134639469,-1.590875411964177,-12.589187532933076,16.379334641809887,10.760416666666666,-0.0832507968209643,-0.1770693894356685
EUR_USD,Corto,1h,25,50,3.0,91,5.927902621722846,47.25274725274725,-0.09376983661285498,-0.052277770900469096,0.6650333442948435,-1.4893481950394294,-8.533055131769803,10.850245694281105,12.31868131868132,-0.04946805189037282,-0.13524384784241275
EUR_USD,Corto,1h,25,60,1.5,98,6.383895131086143,31.63265306122449,-0.3157342791516267,-0.23440419688087893,0.45098682785532385,-3.356974722064861,-30.941959356859417,33.801903733806476,10.520408163265307,-0.20357396154234253,-0.42340818405653957
EUR_USD,Corto,1h,25,60,2.0,96,6.253611556982343,35.41666666666667,-0.19184126112128744,-0.13083447894511266,0.5367962225507175,-2.405871126164599,-18.416761067643595,20.561719350353897,12.354166666666666,-0.08356763729879958,-0.29569555335918396
EUR_USD,Corto,1h,25,60,3.0,91,5.927902621722846,38.46153846153847,-0.14969798577971474,-0.10820592006732888,0.5058748336275458,-2.4321585868509863,-13.622516705954043,15.052488894427572,14.186813186813186,-0.07265249786922896,-0.2218256765895312
EUR_USD,Corto,1h,25,70,1.5,98,6.383895131086143,31.63265306122449,-0.298309579576355,-0.21697949730560723,0.48128569059899756,-2.9412069026003564,-29.234338798482792,32.094283175429844,10.816326530612244,-0.16303650387556437,-0.4281717322491141
EUR_USD,Corto,1h,25,70,2.0,96,6.253611556982343,35.41666666666667,-0.1567981359076798,-0.095791353731505,0.6214084059657798,-1.6796844538096016,-15.052621047137261,17.197579329847557,12.697916666666666,-0.008189486708844756,-0.29934112595554196
EUR_USD,Corto,1h,25,70,3.0,91,5.927902621722846,38.46153846153847,-0.12505227134377092,-0.08356020563138505,0.5872257461505048,-1.7745699064057758,-11.379756692283154,12.809728880756683,14.54945054945055,-0.018974117903655094,-0.22435947881962404
EUR_USD,Corto,1h,30,50,1.5,311,20.259095773140718,41.157556270096464,-0.1568843739610223,-0.0708140025934781,0.690526141294889,-2.877824594822655,-48.791040301877935,53.390800791997,8.186495176848874,-0.10064837961929553,-0.2092781575092149
EUR_USD,Corto,1h,30,50,2.0,284,18.50026752273943,45.42253521126761,-0.12744339476711075,-0.06289408733946039,0.6878749533044897,-2.700310171495301,-36.19392411385945,39.374969276968805,9.859154929577464,-0.11417224057104991,-0.13998736243188056
EUR_USD,Corto,1h,30,50,3.0,268,17.457998929909042,49.62686567164179,-0.09512298541686356,-0.0525165663960768,0.6792930867171901,-2.5191589765124625,-25.492960091719436,31.487755480942326,11.488805970149254,-0.08187520501063762,-0.10779057106077308
EUR_USD,Corto,1h,30,60,1.5,311,20.259095773140718,37.942122186495176,-0.19038500473090153,-0.10431463336335739,0.6421682230803454,-3.3103817108768743,-59.20973647131038,64.53758833137638,10.070739549839228,-0.12416884608417218,-0.2520770780042519
EUR_USD,Corto,1h,30,60,2.0,284,18.50026752273943,41.19718309859155,-0.15248332281901772,-0.08793401539136737,0.6410946457681097,-3.0885845115271326,-43.30526368060103,46.801152575650484,12.038732394366198,-0.13171146979941914,-0.17211699211151502
EUR_USD,Corto,1h,30,60,3.0,268,17.457998929909042,45.149253731343286,-0.11740660200062092,-0.07480018297983414,0.6287452567409255,-2.966059440922905,-31.464969336166405,37.63251432663913,13.876865671641792,-0.10374931105206874,-0.13046576341857954
EUR_USD,Corto,1h,30,70,1.5,311,20.259095773140718,37.62057877813505,-0.21166402181183544,-0.12559365044429124,0.6026195056414125,-3.754375139885945,-65.82751078348082,70.84259828625459,10.929260450160772,-0.11641825839442421,-0.30040231071004464
EUR_USD,Corto,1h,30,70,2.0,284,18.50026752273943,40.845070422535215,-0.16986276472835654,-0.10531345730070618,0.60064857316992,-3.504378057174549,-48.24102518285326,51.5023408099335,12.97887323943662,-0.1251932788793304,-0.21208460751716204
EUR_USD,Corto,1h,30,70,3.0,268,17.457998929909042,44.776119402985074,-0.13204381054880612,-0.08943739152801931,0.5829170237096333,-3.394223791991673,-35.38774122708004,40.76721377157882,14.89179104477612,-0.10399809470166661,-0.15886124686979355
EUR_USD,Corto,1h,35,50,1.5,618,40.25762439807384,44.336569579288025,-0.15226641030861343,-0.06185190498796917,0.6806917906558753,-4.24204313074373,-94.1006415707231,94.4415339412796,7.480582524271845,-0.14404138155702872,-0.15916955943940772
EUR_USD,Corto,1h,35,50,2.0,569,37.06567683253076,47.97891036906854,-0.1182977740506666,-0.05038288889000817,0.6869512548273872,-3.823723336683208,-67.3114334348293,67.31710271274667,8.68365553602812,-0.10321245106747466,-0.13072382535412921
EUR_USD,Corto,1h,35,50,3.0,524,34.134296415195294,51.526717557251914,-0.08052248163936797,-0.03505101406371861,0.697154695399039,-3.2724907775515075,-42.193780379028816,44.098138143109814,10.120229007633588,-0.07222588638398442,-0.08753368889743855
EUR_USD,Corto,1h,35,60,1.5,616,40.12734082397004,38.311688311688314,-0.19557560177186206,-0.10522664683384111,0.6290011873659395,-4.943050389466888,-120.47457069146702,121.05262335760595,10.121753246753247,-0.14578860523814025,-0.2376113293841661
EUR_USD,Corto,1h,35,60,2.0,566,36.87025147137507,40.63604240282685,-0.1587046389175788,-0.09086144212597662,0.6292648753029213,-4.623406978365821,-89.8268256273496,90.5285770604368,11.720848056537102,-0.10850667206356357,-0.20045505147900894
EUR_USD,Corto,1h,35,60,3.0,518,33.743445692883896,43.24324324324324,-0.11600425174709866,-0.07049598417520923,0.6251592572589374,-4.2423739343462294,-60.09020240499711,62.73824778367589,13.650579150579151,-0.08465438017421781,-0.14306888907620444
EUR_USD,Corto,1h,35,70,1.5,616,40.12734082397004,37.66233766233766,-0.21511662152875638,-0.12476766659073546,0.5950658542602281,-5.376807436428724,-132.51183886171393,132.8542875256189,10.938311688311689,-0.16421435124061323,-0.25809398746066164
EUR_USD,Corto,1h,35,70,2.0,566,36.87025147137507,39.92932862190813,-0.17458888770947342,-0.10674569091787121,0.5948659023936813,-5.04176189656688,-98.81731044356195,99.34235887497358,12.634275618374557,-0.12455817757159728,-0.21620019031605642
EUR_USD,Corto,1h,35,70,3.0,518,33.743445692883896,42.471042471042466,-0.12789183442715293,-0.08238356685526349,0.5903567861851612,-4.6429448974577765,-66.24797023326522,68.77821361082701,14.666023166023166,-0.09607041900450317,-0.15536355997188653
EUR_USD,Corto,1h,40,50,1.5,999,65.07664526484751,51.95195195195195,-0.1141718780277214,-0.019612887458806037,0.7207126245711015,-4.4864437433099695,-114.05770614969367,118.78008065651873,5.863863863863864,-0.05461694729128947,-0.17242957264910233
EUR_USD,Corto,1h,40,50,2.0,922,60.06072766185126,55.53145336225597,-0.0839267020907552,-0.013111764208722067,0.736188149076088,-3.8424685618765135,-77.3804193276763,81.61692349055217,6.793926247288503,-0.04269934273982211,-0.12444477353887655
EUR_USD,Corto,1h,40,50,3.0,863,56.217362225789195,57.70567786790266,-0.05699381550671842,-0.010055419261720492,0.7416203586595684,-3.3493250634885317,-49.185662782297996,54.54216202996403,7.920046349942062,-0.02988986537696902,-0.08454105454045903
EUR_USD,Corto,1h,40,60,1.5,984,64.09951845906902,39.53252032520325,-0.17006022684931701,-0.07566449162701479,0.667677635410483,-5.472657867899889,-167.33926321972794,175.207444982249,9.376016260162602,-0.08574005453481966,-0.25201470294657397
EUR_USD,Corto,1h,40,60,2.0,893,58.171615837346174,43.00111982082866,-0.11691848783819817,-0.046200047578812194,0.7108856133009549,-4.20712388661609,-104.40820963951096,110.56443959010304,10.951847704367301,-0.06340795889254083,-0.17007068734895153
EUR_USD,Corto,1h,40,60,3.0,824,53.67683253076512,44.78155339805826,-0.08972690760923661,-0.04261859692797224,0.6957956476186932,-4.1182810486405685,-73.93497187001097,80.46796827714985,12.699029126213592,-0.05494618379265066,-0.1253621946645593
EUR_USD,Corto,1h,40,70,1.5,980,63.838951310861425,37.755102040816325,-0.20882648837698212,-0.11446606218845648,0.6031089207549045,-6.606037439717812,-204.64995860944248,212.56225438113339,10.688775510204081,-0.12619338082628426,-0.28913190275723777
EUR_USD,Corto,1h,40,70,2.0,889,57.911048689138575,41.05736782902137,-0.1517650321187779,-0.08107613694876784,0.6360581437092852,-5.38280017001783,-134.91911355359355,141.8848917843287,12.471316085489313,-0.1032798632172624,-0.19992406759718906
EUR_USD,Corto,1h,40,70,3.0,819,53.35112359550562,42.61294261294261,-0.11611975146182618,-0.0691316051545051,0.6214456953791948,-5.223462109807097,-95.10207644723565,101.84143837446983,14.38949938949939,-0.08457010517909735,-0.14837050099528232
EUR_USD,Corto,1d,20,50,1.5,93,6.058186195826646,37.634408602150536,-0.25023588300347915,-0.1803946677381094,0.5420890892969078,-2.571828919721718,-23.27193711932356,25.776771891744843,9.956989247311828,-0.2297310501813305,-0.2686483859458168
EUR_USD,Corto,1d,20,50,2.0,92,5.993044408774746,39.130434782608695,-0.21904749698743292,-0.16696003107287968,0.5199120229869698,-2.6625601739584863,-20.15236972284383,22.282885426993012,11.184782608695652,-0.19435544140467922,-0.24168188127162382
EUR_USD,Corto,1d,20,50,3.0,84,5.47191011235955,38.095238095238095,-0.18071573375028896,-0.14583750258533706,0.4728570833600149,-2.769142213624899,-15.180121635024273,16.58230142848776,13.238095238095237,-0.1358356956534082,-0.2215157683838169
EUR_USD,Corto,1d,20,60,1.5,93,6.058186195826646,37.634408602150536,-0.23048856395683603,-0.16064734869146624,0.5782250452599745,-2.18460515147843,-21.43543644798575,25.665879249812633,10.709677419354838,-0.19138560270860144,-0.26560142711851603
EUR_USD,Corto,1d,20,60,2.0,92,5.993044408774746,39.130434782608695,-0.19507400451557008,-0.14298653860101682,0.5724548991259016,-2.1692849397483926,-17.946808415432447,21.080399363483888,12.054347826086957,-0.16559635580013252,-0.22209518250472118
EUR_USD,Corto,1d,20,60,3.0,84,5.47191011235955,36.904761904761905,-0.16319258068286704,-0.12831434951791512,0.5252396221981128,-2.3091529084476567,-13.708176777360832,15.389049633889671,14.19047619047619,-0.11470643322534427,-0.20727089655334227
EUR_USD,Corto,1d,20,70,1.5,93,6.058186195826646,37.634408602150536,-0.22494132302801148,-0.15510010776264177,0.5883760360576141,-2.060192436284042,-20.919543041605067,25.58865564429788,11.053763440860216,-0.18141583450710305,-0.2640254351692354
EUR_USD,Corto,1d,20,70,2.0,92,5.993044408774746,39.130434782608695,-0.18905679981272563,-0.13696933389817237,0.5856428500168795,-2.0347787476140704,-17.393225582770757,20.855818881471638,12.41304347826087,-0.15811902964900873,-0.21741642246279955
EUR_USD,Corto,1d,20,70,3.0,84,5.47191011235955,36.904761904761905,-0.158799066137933,-0.12392083497298112,0.538021248767794,-2.183433189917224,-13.339121555586372,15.488538084895861,14.583333333333334,-0.10922306071452015,-0.20386816197739918
EUR_USD,Corto,1d,25,50,1.5,260,16.936864633493848,43.07692307692308,-0.13211580104630727,-0.0579647269167102,0.7253540884258364,-2.25447077279543,-34.35010827203989,36.743591251128244,9.71923076923077,-0.11685468363247722,-0.14440947896300368
EUR_USD,Corto,1d,25,50,2.0,249,16.220304975922954,46.1847389558233,-0.1097517201532568,-0.05450988574900311,0.7170225554644741,-2.2221313764072685,-27.32817831816094,30.09260008821438,10.943775100401606,-0.10025127928797416,-0.11764546881338134
EUR_USD,Corto,1d,25,50,3.0,228,14.852327447833066,50.877192982456144,-0.06388565050003117,-0.026561999308425392,0.7519418585614168,-1.7043554958631086,-14.565928314007106,16.77576602428255,12.864035087719298,-0.04172452708790842,-0.08247239916826316
EUR_USD,Corto,1d,25,60,1.5,260,16.936864633493848,40.38461538461539,-0.15342112425233467,-0.07927005012273759,0.6891255015886668,-2.5031675062022143,-39.889492305607014,40.99311877228698,10.996153846153845,-0.13527921188956446,-0.16803544254456618
EUR_USD,Corto,1d,25,60,2.0,249,16.220304975922954,42.971887550200805,-0.13325602999678102,-0.07801419559252734,0.6650540973388823,-2.6180570077445315,-33.180751469198476,34.0084713192085,12.38152610441767,-0.11909988098568043,-0.14501812439571019
EUR_USD,Corto,1d,25,60,3.0,228,14.852327447833066,46.05263157894737,-0.08165773968368162,-0.04433408849207581,0.6970194257522191,-2.078820836562681,-18.617964647879408,19.169777881219403,14.56578947368421,-0.06044067929024376,-0.09945269356204883
EUR_USD,Corto,1d,25,70,1.5,260,16.936864633493848,40.38461538461539,-0.14649249799180344,-0.07234142386220635,0.7031648538872436,-2.298710207781738,-38.08804947786889,39.191675944548884,11.323076923076924,-0.11633622469513488,-0.17078505148078643
EUR_USD,Corto,1d,25,70,2.0,249,16.220304975922954,42.971887550200805,-0.127829997383112,-0.07258816297885831,0.6786927101033324,-2.4251352451583563,-31.829669348394884,32.6573891984049,12.72289156626506,-0.10451545721651781,-0.1472016373744733
EUR_USD,Corto,1d,25,70,3.0,228,14.852327447833066,46.05263157894737,-0.0804773044450813,-0.04315365325347551,0.7013992793685311,-2.0027499277198406,-18.348825413478536,18.90063864681853,15.06578947368421,-0.05397897654363849,-0.10270170849145267
EUR_USD,Corto,1d,30,50,1.5,548,35.697699304440874,43.613138686131386,-0.11347044193209625,-0.030175095910241822,0.7565906134693641,-2.8375376744319287,-62.18180217878874,67.14817933594054,8.541970802919709,-0.1554921994554387,-0.08633927716477302
EUR_USD,Corto,1d,30,50,2.0,509,33.1571696094168,46.56188605108055,-0.1054906752515212,-0.04333482686596297,0.7269869114284035,-3.0575257404605605,-53.69475370302429,58.27101850047205,9.697445972495089,-0.1557480536369332,-0.07214999612655831
EUR_USD,Corto,1d,30,50,3.0,464,30.225789192081326,50.86206896551724,-0.07181392081223892,-0.03059334460831112,0.7321211385802482,-2.6972723364097257,-33.32165925687886,35.83295550170668,11.476293103448276,-0.1173999351834205,-0.04185739708260531
EUR_USD,Corto,1d,30,60,1.5,548,35.697699304440874,40.32846715328467,-0.13299767010260768,-0.04970232408075326,0.7298760807170264,-3.0455318917669327,-72.88272321622901,74.89113515399072,10.335766423357665,-0.22483861611058334,-0.07370096322058137
EUR_USD,Corto,1d,30,60,2.0,509,33.1571696094168,42.63261296660118,-0.12028099132456023,-0.058125142939002,0.7046294277736732,-3.2187997142436124,-61.223024584201156,62.831372906974266,11.713163064833006,-0.20996234618066326,-0.06078649774355068
EUR_USD,Corto,1d,30,60,3.0,462,30.09550561797753,46.320346320346324,-0.07955535292910562,-0.03829915197405961,0.7211722849554109,-2.743985242424823,-36.754573053246794,37.82680526842883,13.883116883116884,-0.15673197709196296,-0.029390547223248336
EUR_USD,Corto,1d,30,70,1.5,548,35.697699304440874,39.96350364963504,-0.12560024770769257,-0.04230490168583814,0.7461337165814084,-2.601785431226741,-68.82893574381552,70.83734768157724,10.985401459854014,-0.21079609562912863,-0.07059391947012875
EUR_USD,Corto,1d,30,70,2.0,509,33.1571696094168,42.23968565815324,-0.11533690767777537,-0.05318105929221715,0.7184452774208553,-2.8199951901352955,-58.706486007987664,60.31483433076077,12.430255402750491,-0.20062172534297992,-0.058759071122100485
EUR_USD,Corto,1d,30,70,3.0,462,30.09550561797753,45.887445887445885,-0.07652820879978052,-0.03527200784473452,0.7341176026338813,-2.428178381282141,-35.3560324654986,36.42826468068068,14.705627705627705,-0.14978954083949692,-0.028908342973964878
EUR_USD,Corto,1d,35,50,1.5,871,56.738496522204386,44.546498277841565,-0.1517783834868604,-0.06265910574786417,0.674461774436914,-5.198617609124913,-132.1989720170554,138.08608763802008,7.304247990815155,-0.1436920706976744,-0.15652117532314078
EUR_USD,Corto,1d,35,50,2.0,810,52.76484751203852,47.53086419753087,-0.12322755741836078,-0.05649814203796762,0.6700553598491606,-4.885883221949812,-99.81432150887223,103.85286845482462,8.396296296296295,-0.1267335787499519,-0.1211542520729601
EUR_USD,Corto,1d,35,50,3.0,726,47.292937399678976,50.413223140495866,-0.08818238658285191,-0.04378285053165053,0.6649542828492168,-4.417262580294808,-64.02041265915048,67.38030202276168,10.00137741046832,-0.10204631852242196,-0.07977814465488244
EUR_USD,Corto,1d,35,60,1.5,870,56.673354735152486,38.275862068965516,-0.1740629742688208,-0.08500574342674143,0.6637100168760668,-5.1199923352602354,-151.4347876138741,157.92313235089517,9.736781609195402,-0.15115495046800081,-0.18752352839995953
EUR_USD,Corto,1d,35,60,2.0,809,52.69970572498662,40.66749072929542,-0.14489978840910225,-0.07822055305733966,0.6576192713792339,-4.954477777992906,-117.22392882296373,120.98475847444814,11.123609394313968,-0.14000334749444998,-0.1478010260376659
EUR_USD,Corto,1d,35,60,3.0,721,46.96722846441948,42.857142857142854,-0.10830484973683029,-0.06387713137495053,0.6450038478393023,-4.680887764415866,-78.08779666025464,80.61804403638573,13.231622746185852,-0.11641531662987173,-0.10336253397388319
EUR_USD,Corto,1d,35,70,1.5,870,56.673354735152486,37.58620689655172,-0.161900329128792,-0.07284309828671258,0.6910857138578526,-4.2294814391789535,-140.85328634204902,152.23350629297747,10.491954022988505,-0.11469298425018577,-0.18963895148446935
EUR_USD,Corto,1d,35,70,2.0,809,52.69970572498662,39.925834363411624,-0.13409469010727637,-0.06741545475551378,0.6874622330208805,-4.101919270744138,-108.48260429678658,116.16234035870168,11.985166872682324,-0.11089132288669576,-0.14784314194466763
EUR_USD,Corto,1d,35,70,3.0,720,46.90208667736758,42.083333333333336,-0.0987376313638096,-0.054319377626060095,0.6817792011465561,-3.826292222942683,-71.09109458194291,75.48205576134987,14.230555555555556,-0.09479239467077867,-0.10114713833740568
EUR_USD,Corto,1d,40,50,1.5,1134,73.87078651685394,50.264550264550266,-0.13705758317936023,-0.04347843257261872,0.6762515943721555,-5.735915625110211,-155.4232993253945,158.72678985740382,5.701940035273369,-0.12210661187279134,-0.14622382590074173
EUR_USD,Corto,1d,40,50,2.0,1050,68.39887640449439,54.38095238095239,-0.09956467645758181,-0.029861379645639674,0.6988527275039849,-4.834004388656044,-104.5429102804609,106.83753325619152,6.575238095238095,-0.09817087858259242,-0.1004258674404335
EUR_USD,Corto,1d,40,50,3.0,976,63.578384162653826,56.045081967213115,-0.07916104987847115,-0.03279796542318883,0.6651294910780097,-4.90834372822481,-77.26118468138785,79.90611592104004,7.735655737704918,-0.08942049474490975,-0.07264793496326137
EUR_USD,Corto,1d,40,60,1.5,1117,72.76337613697164,39.12264995523724,-0.15435154330476636,-0.06091068975468652,0.7010529901610852,-5.122696541851716,-172.41067387142402,176.66537989276537,8.940913160250672,-0.10195043990105947,-0.18653430189808348
EUR_USD,Corto,1d,40,60,2.0,1016,66.1840556447298,43.60236220472441,-0.09523973582677733,-0.025833389558499814,0.7662718624350697,-3.5390947137017696,-96.76357160000578,101.56920629317803,10.46751968503937,-0.07087681961500623,-0.11060831700049488
EUR_USD,Corto,1d,40,60,3.0,931,60.64700374531835,45.327604726100965,-0.07918412289995176,-0.032821314030099226,0.734590755282699,-3.7838252718775087,-73.7204184198551,76.57084933687871,12.235230934479056,-0.07439852106479379,-0.08227024422474447
EUR_USD,Corto,1d,40,70,1.5,1113,72.50280898876404,37.10691823899371,-0.15516136824015536,-0.06175136074995075,0.7089319500971084,-4.544250195711955,-172.69460285129293,181.24295936512675,10.260557053009883,-0.0983555752197289,-0.1901187793296486
EUR_USD,Corto,1d,40,70,2.0,1012,65.92348849652221,41.30434782608695,-0.09831060614692383,-0.028932368499256997,0.7678376251884935,-3.260537444195146,-99.49033342068691,107.93919641985475,11.983201581027668,-0.0700587319065691,-0.11617308147308363
EUR_USD,Corto,1d,40,70,3.0,923,60.12586944890316,42.903575297941494,-0.08162370489835259,-0.03535803628928208,0.7378061206527985,-3.5003088075939495,-75.33867962117944,79.19565837625812,13.969664138678223,-0.07451871681379107,-0.08620838526664364
EUR_USD,Corto,1h+1d,20,50,1.5,10,0.6514178705189941,30.0,-0.3153707770781587,-0.24026435404141075,0.45588473114563255,-1.0816572394914084,-3.153707770781587,4.722092554430243,10.8,0.03805326230004683,-0.466838222525961
EUR_USD,Corto,1h+1d,20,50,2.0,10,0.6514178705189941,30.0,-0.3211410534081639,-0.2648112361306029,0.3816065923816378,-1.3054211354117478,-3.2114105340816392,4.13769912181813,11.9,-0.05479338660829832,-0.4352900534652492
EUR_USD,Corto,1h+1d,20,50,3.0,10,0.6514178705189941,30.0,-0.27386983358280714,-0.2363166220644331,0.32542030757928436,-1.3947698106168083,-2.7386983358280714,3.7584660812121182,12.6,0.09755174900326297,-0.43305051183397997
EUR_USD,Corto,1h+1d,20,60,1.5,10,0.6514178705189941,30.0,-0.27988814016150837,-0.2047817171247604,0.5171036072394702,-0.8935109690168926,-2.7988814016150836,4.722092554430243,10.9,0.15632871868888132,-0.466838222525961
EUR_USD,Corto,1h+1d,20,60,2.0,10,0.6514178705189941,30.0,-0.2945290757206761,-0.23819925844311518,0.4328509642580459,-1.126194977418041,-2.9452907572067613,4.13769912181813,12.0,0.03391320568332756,-0.4352900534652492
EUR_USD,Corto,1h+1d,20,60,3.0,10,0.6514178705189941,30.0,-0.2561285151244819,-0.21857530360610794,0.3691196555220228,-1.2454606880036472,-2.561285151244819,3.758466081212118,12.7,0.1566894771976802,-0.43305051183397997
EUR_USD,Corto,1h+1d,20,70,1.5,10,0.6514178705189941,30.0,-0.27988814016150837,-0.2047817171247604,0.5171036072394702,-0.8935109690168926,-2.7988814016150836,4.722092554430243,10.9,0.15632871868888132,-0.466838222525961
EUR_USD,Corto,1h+1d,20,70,2.0,10,0.6514178705189941,30.0,-0.2945290757206761,-0.23819925844311518,0.4328509642580459,-1.126194977418041,-2.9452907572067613,4.13769912181813,12.0,0.03391320568332756,-0.4352900534652492
EUR_USD,Corto,1h+1d,20,70,3.0,10,0.6514178705189941,30.0,-0.2561285151244819,-0.21857530360610794,0.3691196555220228,-1.2454606880036472,-2.561285151244819,3.758466081212118,12.7,0.1566894771976802,-0.43305051183397997
EUR_USD,Corto,1h+1d,25,50,1.5,42,2.735955056179775,38.095238095238095,-0.21156460354668724,-0.13143556679450596,0.624904382902393,-1.3379416867377465,-8.885713348960865,12.801553381227768,8.214285714285714,-0.09609802635381479,-0.275712701987172
EUR_USD,Corto,1h+1d,25,50,2.0,42,2.735955056179775,40.476190476190474,-0.19898633562325857,-0.13888955805912265,0.5770626475175586,-1.5314671010452614,-8.35742609617686,11.75170418601802,9.523809523809524,-0.11674756809919419,-0.24467453980329446
EUR_USD,Corto,1h+1d,25,50,3.0,38,2.4753879079721774,52.63157894736842,-0.09955231170129014,-0.05775200907444584,0.6695157029353318,-0.9796065214227241,-3.7829878446490253,6.045839904543131,11.868421052631579,0.022632937291820636,-0.16308864117770774
EUR_USD,Corto,1h+1d,25,60,1.5,42,2.735955056179775,33.33333333333333,-0.31759353084454556,-0.2374644940923643,0.46905504996380004,-2.171644936948295,-13.338928295470915,13.528004476715234,9.380952380952381,-0.1823174499323502,-0.39274690912909854
EUR_USD,Corto,1h+1d,25,60,2.0,42,2.735955056179775,35.714285714285715,-0.2746392152506194,-0.21454243768648343,0.4368228428442064,-2.285580919460946,-11.534847040526016,11.676654176459254,11.023809523809524,-0.15780893049368708,-0.3395449290044707
EUR_USD,Corto,1h+1d,25,60,3.0,38,2.4753879079721774,42.10526315789473,-0.18699160592786904,-0.14519130330102473,0.4443568780434715,-1.9371621941403303,-7.105681025259023,7.200219115881184,13.973684210526315,-0.0866594918396481,-0.2391643052537439
EUR_USD,Corto,1h+1d,25,70,1.5,42,2.735955056179775,33.33333333333333,-0.2730620655146633,-0.19293302876248195,0.5435016439222462,-1.57972517146956,-11.468606751615857,12.074299809754429,9.80952380952381,-0.04175085303343128,-0.40156829467090316
EUR_USD,Corto,1h+1d,25,70,2.0,42,2.735955056179775,35.714285714285715,-0.2412406162532076,-0.18114383868907166,0.5053102510214561,-1.7376467826618711,-10.13210588263472,10.520313030572286,11.452380952380953,-0.05238398281949788,-0.34616096816082415
EUR_USD,Corto,1h+1d,25,70,3.0,38,2.4753879079721774,42.10526315789473,-0.16238211192977614,-0.12058180930293183,0.5174836689869403,-1.4852197078794191,-6.170520253331493,6.478598909418262,14.447368421052632,-0.005563378244117982,-0.2439278534463184
EUR_USD,Corto,1h+1d,30,50,1.5,161,10.487827715355806,44.099378881987576,-0.13169061755547748,-0.04636866693098456,0.7314041834558814,-1.7667642178044818,-21.202189426431875,27.988288750468712,7.9813664596273295,-0.023907850744640153,-0.18310991915330813
EUR_USD,Corto,1h+1d,30,50,2.0,144,9.380417335473515,47.91666666666667,-0.10335267448686954,-0.03926134549268466,0.7389753624494488,-1.5718792945309956,-14.882785126109214,19.309421081053305,9.506944444444445,-0.04869982803499011,-0.12983395060272868
EUR_USD,Corto,1h+1d,30,50,3.0,134,8.728999464954521,51.49253731343284,-0.0822934693224135,-0.040177013144221445,0.7041389905560024,-1.6473433255477838,-11.02732488920341,13.893610615103478,11.559701492537313,-0.07099718890266177,-0.08781609530540323
EUR_USD,Corto,1h+1d,30,60,1.5,161,10.487827715355806,39.75155279503105,-0.18310311155947614,-0.09778116093498324,0.6516621905247658,-2.305888317497394,-29.479600961075658,32.18884866255967,10.236024844720497,-0.11965666137353449,-0.21337114284084277
EUR_USD,Corto,1h+1d,30,60,2.0,144,9.380417335473515,42.36111111111111,-0.13922015967954174,-0.07512883068535682,0.6661925750608412,-2.01028585248987,-20.04770299385401,22.079638769967026,12.13888888888889,-0.11980481855905248,-0.14862759300596434
EUR_USD,Corto,1h+1d,30,60,3.0,134,8.728999464954521,46.26865671641791,-0.10736469933761536,-0.06524824315942329,0.6435588594071341,-2.0146793679812323,-14.386869711240458,15.683685144017739,14.470149253731343,-0.12020185289719376,-0.101088757597377
EUR_USD,Corto,1h+1d,30,70,1.5,161,10.487827715355806,39.130434782608695,-0.2039457299905591,-0.11862377936606618,0.6128596062783354,-2.6083546025502766,-32.835262528480015,35.325696735873315,11.0,-0.07291262449368911,-0.26645693628264383
EUR_USD,Corto,1h+1d,30,70,2.0,144,9.380417335473515,41.66666666666667,-0.15650611067730325,-0.09241478168311835,0.6256135355945989,-2.2920792478651686,-22.53687993753167,24.404705593076656,12.993055555555555,-0.08043063408693388,-0.1933674240767606
EUR_USD,Corto,1h+1d,30,70,3.0,134,8.728999464954521,45.52238805970149,-0.11975294748091957,-0.07763649130272754,0.6033426015326302,-2.275783469391157,-16.046894962443222,17.234303648175153,15.388059701492537,-0.0921757053659349,-0.13323515473713432
EUR_USD,Corto,1h+1d,35,50,1.5,326,21.236222578919207,45.39877300613497,-0.15124774760631254,-0.05770215596449239,0.6802813197667791,-3.139478406798767,-49.30676571965789,52.73599154692346,7.1656441717791415,-0.07734432968946617,-0.1858691686124027
EUR_USD,Corto,1h+1d,35,50,2.0,300,19.542536115569824,49.0,-0.12129298115835647,-0.05098594752488489,0.6795294730030295,-2.905572999573981,-36.38789434750694,39.104384816674745,8.346666666666666,-0.03833120531787764,-0.16033381684799358
EUR_USD,Corto,1h+1d,35,50,3.0,272,17.71856607811664,52.20588235294118,-0.08089302980395245,-0.033639280483897104,0.6870089509683143,-2.486586928673285,-22.002904106675068,24.65388033874835,9.9375,-0.04364786943717394,-0.09931096624906272
EUR_USD,Corto,1h+1d,35,60,1.5,325,21.171080791867308,38.15384615384615,-0.20185718467675368,-0.10846406837774841,0.6221758220642701,-3.675456081282302,-65.60358501994494,69.45959626604174,10.135384615384615,-0.05807427919403641,-0.2695197284333265
EUR_USD,Corto,1h+1d,35,60,2.0,299,19.477394328517924,40.468227424749166,-0.17004365368258703,-0.09986042615249008,0.6141211187701532,-3.5559802573405994,-50.84305245109352,55.975944189937124,11.7123745819398,-0.030207128495505203,-0.23617324194839912
EUR_USD,Corto,1h+1d,35,60,3.0,268,17.457998929909042,43.28358208955223,-0.1208986090283868,-0.07355469439054656,0.6106666742188235,-3.2172280450918342,-32.40082721960766,36.14258194713351,14.003731343283581,-0.0441353662728757,-0.15971148457892614
EUR_USD,Corto,1h+1d,35,70,1.5,325,21.171080791867308,37.53846153846154,-0.2022183387975847,-0.1088252224985794,0.6240947414381915,-3.5228045989724914,-65.72096010921503,72.81406332009374,10.898461538461538,-0.005892247563533877,-0.29460708761360854
EUR_USD,Corto,1h+1d,35,70,2.0,299,19.477394328517924,39.79933110367893,-0.16895379438530483,-0.0987705668552079,0.6177064755535601,-3.403216019372175,-50.51718452120615,58.4014356214683,12.588628762541806,0.011130785738918902,-0.25411694557705594
EUR_USD,Corto,1h+1d,35,70,3.0,268,17.457998929909042,42.53731343283582,-0.11949573094223295,-0.07215181630439269,0.6163623922308189,-3.0744161981835547,-32.02485589251843,37.26153594760208,15.014925373134329,-0.014741598198039434,-0.17246130367806115
EUR_USD,Corto,1h+1d,40,50,1.5,490,31.919475655430713,51.63265306122449,-0.137442507484077,-0.039583570175191846,0.6762597830979713,-3.8062172471712303,-67.34682866719773,71.62540137433629,5.7326530612244895,-0.07694895278527009,-0.1707522496283568
EUR_USD,Corto,1h+1d,40,50,2.0,449,29.248662386302836,56.347438752783965,-0.09347605488311533,-0.020534683517202213,0.7126051949922276,-2.9949962796792353,-41.970748642518785,45.550850683307935,6.694877505567929,-0.04073724947637742,-0.12211087018986651
EUR_USD,Corto,1h+1d,40,50,3.0,417,27.164125200642054,58.033573141486805,-0.06672351023398995,-0.018534685819661532,0.7034332365001541,-2.7604520460403514,-27.82370376757381,31.239631586164492,7.985611510791367,-0.040706825076035846,-0.08164628813591081
EUR_USD,Corto,1h+1d,40,60,1.5,482,31.398341359015518,36.92946058091287,-0.20435845046777562,-0.10681340256508487,0.6221753311261791,-4.589673711568638,-98.50077312546784,105.33082314809938,9.5,-0.0818378202751186,-0.2717250992232237
EUR_USD,Corto,1h+1d,40,60,2.0,433,28.206393793472444,41.801385681293304,-0.1231310176172149,-0.05048847797993298,0.7074685571494155,-2.9667849567449975,-53.31573062825405,62.744876736131076,11.274826789838338,-0.029864987207995058,-0.17461119210832546
EUR_USD,Corto,1h+1d,40,60,3.0,395,25.731005885500267,43.291139240506325,-0.09758347897178986,-0.04919133036303473,0.6820321540776367,-3.007442682278482,-38.545474193857,42.485138615184184,13.334177215189873,-0.04307988831819628,-0.12885247121926988
EUR_USD,Corto,1h+1d,40,70,1.5,481,31.33319957196362,35.13513513513514,-0.22377654670695965,-0.12620236805373242,0.5957050009851048,-4.778991979216841,-107.63651896604759,115.77951063176423,10.812889812889813,-0.07139869699214192,-0.30783013477545584
EUR_USD,Corto,1h+1d,40,70,2.0,432,28.141252006420547,39.81481481481482,-0.13995479918976164,-0.06728912836737257,0.6760522299417544,-3.2294064150246196,-60.460473249977035,71.0999641144298,12.768518518518519,-0.024339882688776557,-0.20400047235937208
EUR_USD,Corto,1h+1d,40,70,3.0,393,25.60072231139647,40.966921119592875,-0.11002297545832979,-0.06182326954241699,0.6520514813181919,-3.2503476915086242,-43.239029355123606,48.14184472436648,15.040712468193384,-0.03832171615605108,-0.1510360957792332
WTICO_USD,Largo,1h,20,50,1.5,64,4.169074371321562,46.875,0.020087945008311674,0.10910902936930157,1.0396574998324313,0.1363411117047676,1.2856284805319471,8.03341108310562,7.953125,-0.04286361703027381,0.0792242608627405
WTICO_USD,Largo,1h,20,50,2.0,64,4.169074371321562,50.0,-0.020243087455457,0.04652272581528543,0.953608492744022,-0.16648453799342078,-1.295557597149248,8.606809498848381,8.90625,-0.1143062580345141,0.06811928490668748
WTICO_USD,Largo,1h,20,50,3.0,62,4.0387907972177635,56.451612903225815,-0.00033015793191707875,0.044369641569181426,0.9989196616103685,-0.0035500329397984533,-0.02046979177885888,4.292658188461242,10.983870967741936,-0.05069560310803426,0.046887446920692785
WTICO_USD,Largo,1h,20,60,1.5,64,4.169074371321562,46.875,0.037542840248300194,0.12656392460929006,1.0741168486990547,0.24744065170374943,2.4027417758912124,9.123209889512069,9.671875,-0.056663503797035865,0.12603970889694915
WTICO_USD,Largo,1h,20,60,2.0,64,4.169074371321562,50.0,0.006874471646178298,0.07364028491692073,1.015754370570025,0.05432150257873315,0.4399661853554111,9.177309093384782,10.84375,-0.12465617310958559,0.13043356217432012
WTICO_USD,Largo,1h,20,60,3.0,62,4.0387907972177635,56.451612903225815,0.04728830247238564,0.09198810197348413,1.1547361538303416,0.470177321301348,2.93187475328791,4.11808491289197,13.161290322580646,-0.020997291973358246,0.11130604726527053
WTICO_USD,Largo,1h,20,70,1.5,64,4.169074371321562,46.875,0.05056136407814919,0.1395824484391391,1.0998179398951489,0.31891402740488445,3.2359273010015484,9.123209889512069,10.109375,-0.05942387617578516,0.15388083219548143
WTICO_USD,Largo,1h,20,70,2.0,64,4.169074371321562,50.0,0.006875632415133809,0.07364144568587623,1.0157570307285377,0.05303344570054456,0.44004047456856377,9.139322320250123,11.46875,-0.12672645239364755,0.1323806211748981
WTICO_USD,Largo,1h,20,70,3.0,62,4.0387907972177635,56.451612903225815,0.06302360797212742,0.1077234074732259,1.206225011012248,0.5907205285369692,3.9074636942718994,3.728263957843487,13.838709677419354,-0.009429452534095974,0.13094835219671186
WTICO_USD,Largo,1h,25,50,1.5,186,12.116372391653291,38.17204301075269,-0.16885453056719615,-0.08341996079381822,0.7118413754920653,-2.1046872081089383,-31.406942685498485,39.75145095070273,6.774193548387097,-0.19477478857537103,-0.13525419611215467
WTICO_USD,Largo,1h,25,50,2.0,177,11.530096308186195,44.06779661016949,-0.120054647426704,-0.055530031502423846,0.7441692340899286,-1.7493969127023103,-21.249672594526608,27.00553828184558,8.124293785310735,-0.11751814601429837,-0.1233488051051528
WTICO_USD,Largo,1h,25,50,3.0,165,10.748394863563403,49.09090909090909,-0.06301222004115606,-0.019745103882869812,0.8024794468182104,-1.1906163350773262,-10.39701630679075,17.639973402133624,10.090909090909092,-0.06984215279933376,-0.05396977385427292
WTICO_USD,Largo,1h,25,60,1.5,186,12.116372391653291,34.40860215053764,-0.1533403353724768,-0.06790576559909886,0.7503669854793789,-1.6847773336795953,-28.521302379280684,37.43901426027964,8.736559139784946,-0.196194716116737,-0.09778836033362102
WTICO_USD,Largo,1h,25,60,2.0,177,11.530096308186195,40.67796610169492,-0.08786785924397167,-0.023343243319691544,0.8178560199516004,-1.13466036642408,-15.552611086182985,22.032184084014194,10.474576271186441,-0.10991287779636691,-0.05923796502008175
WTICO_USD,Largo,1h,25,60,3.0,165,10.748394863563403,44.24242424242424,-0.044580253885026504,-0.001313137726740244,0.8666657132259236,-0.7512438798631383,-7.355741891029373,16.139781826892545,12.757575757575758,-0.07163248879116474,-0.008764618938871654
WTICO_USD,Largo,1h,25,70,1.5,186,12.116372391653291,34.40860215053764,-0.14215789112695387,-0.05672332135357596,0.7685716363296452,-1.4709920672995442,-26.44136774961342,35.17627385034878,9.338709677419354,-0.17809037803947939,-0.09557874142553201
WTICO_USD,Largo,1h,25,70,2.0,177,11.530096308186195,40.11299435028249,-0.09284104011421289,-0.028316424189932736,0.8076004907981276,-1.1532435794391318,-16.43286410021568,22.480591671304843,11.214689265536723,-0.11380960287716191,-0.06560914042207125
WTICO_USD,Largo,1h,25,70,3.0,165,10.748394863563403,43.63636363636363,-0.047116534116000676,-0.003849417957714424,0.8591213931231847,-0.7654369416234404,-7.774228129140111,15.469351896961074,13.618181818181819,-0.07541743915042506,-0.009647730267607804
WTICO_USD,Largo,1h,30,50,1.5,443,28.857811663991438,49.20993227990971,0.012172660989926434,0.10185536545356194,1.0252678095245624,0.2386537314677997,5.3924888185374105,25.7138037938022,6.051918735891648,0.03187304447426322,-0.011331261880000141
WTICO_USD,Largo,1h,30,50,2.0,432,28.141252006420547,54.166666666666664,0.012701949509233992,0.08015889924829882,1.0323604607454668,0.295321835329371,5.487242187989085,18.034258857225367,6.886574074074074,0.04623752167214714,-0.026563318400106513
WTICO_USD,Largo,1h,30,50,3.0,401,26.121856607811665,59.10224438902743,0.002144724783858936,0.04742709660953418,1.0074233592150494,0.06335578142913184,0.8600346383274333,13.91350945172488,8.182044887780549,0.03704666144312964,-0.037398426856697774
WTICO_USD,Largo,1h,30,60,1.5,443,28.857811663991438,42.66365688487584,0.018962456344119916,0.10864516080775544,1.0356563371325782,0.31249181890059524,8.400368160445122,30.623828619773278,9.058690744920993,0.01900313623773098,0.018913922411643393
WTICO_USD,Largo,1h,30,60,2.0,432,28.141252006420547,47.22222222222222,0.02131811696169678,0.0887750667007616,1.0491197798705187,0.41950065837839184,9.209426527453008,23.713351217535823,10.310185185185185,0.03184035327625861,0.0089981116285666
WTICO_USD,Largo,1h,30,60,3.0,401,26.121856607811665,51.12219451371571,-0.0028745848838184003,0.04240778694185684,0.9912864678740292,-0.07256450468473338,-1.1527085384111786,15.83711303723905,12.059850374064839,0.0120551623786423,-0.01978967087798931
WTICO_USD,Largo,1h,30,70,1.5,443,28.857811663991438,41.98645598194131,0.030932972189888393,0.1206156766535239,1.0573662024454127,0.4632068778043279,13.703306680120559,30.57364864652759,10.17155756207675,0.027000262018624738,0.03562496798827722
WTICO_USD,Largo,1h,30,70,2.0,432,28.141252006420547,46.2962962962963,0.026701057052651203,0.09415800679171603,1.0604792644600443,0.48303534934386916,11.53485664674532,25.346051708872324,11.54861111111111,0.034903434225741166,0.01709726870425947
WTICO_USD,Largo,1h,30,70,3.0,401,26.121856607811665,50.12468827930174,0.0017213266808038424,0.04700369850647909,1.00510766268399,0.04027618648447072,0.6902519990023408,17.457465204034975,13.453865336658355,0.01595549184918777,-0.014405679600397108
WTICO_USD,Largo,1h,35,50,1.5,859,55.956795077581596,49.825378346915016,-0.03643149630769839,0.05334443157567982,0.9222256052146871,-1.0695643332203413,-31.294655328312913,46.73797587380244,5.185098952270081,0.02084457502562419,-0.10215578816268604
WTICO_USD,Largo,1h,35,50,2.0,807,52.56942215088282,54.39900867410161,-0.029892544974409192,0.037817204701336274,0.9223623899356556,-1.0132885709711006,-24.123283794348218,41.69440771205908,6.038413878562578,0.02300873101351715,-0.09083481491250033
WTICO_USD,Largo,1h,35,50,3.0,750,48.85634028892456,59.333333333333336,-0.027026796197688496,0.01823036058890106,0.9032861823990684,-1.1589729515787497,-20.270097148266373,28.740909327254972,7.1466666666666665,0.010051800079635747,-0.07126091105484726
WTICO_USD,Largo,1h,35,60,1.5,858,55.891653290529696,40.442890442890445,-0.05599853077571361,0.03375219753741806,0.8990554334496449,-1.336341148546521,-48.04673940556228,56.52053239313173,8.277389277389277,-0.022563542840444616,-0.09446133644560957
WTICO_USD,Largo,1h,35,60,2.0,806,52.50428036383092,45.16129032258064,-0.043972119395838866,0.023717980007337852,0.9042319431198781,-1.2288743074426955,-35.44152823304613,41.19693741333085,9.63771712158809,-0.02607171382947999,-0.06464852368639244
WTICO_USD,Largo,1h,35,60,3.0,746,48.595773140716965,49.19571045576407,-0.040863070689474895,0.00443816533382528,0.8824475946046155,-1.4367626587917728,-30.48385073434827,36.39197124523643,11.31367292225201,-0.03049059451085939,-0.053249027538056944
WTICO_USD,Largo,1h,35,70,1.5,858,55.891653290529696,38.92773892773892,-0.06955330939159272,0.02019741892153896,0.8772349852260244,-1.5454618169463568,-59.67673945798656,70.2041787615754,9.586247086247086,-0.04450529726600487,-0.09836793988193067
WTICO_USD,Largo,1h,35,70,2.0,806,52.50428036383092,43.424317617866,-0.05283550991560452,0.014854589487572203,0.887553461968859,-1.3754204524568927,-42.585420991977244,49.83828816823258,11.153846153846153,-0.0409428940295813,-0.06657243521710729
WTICO_USD,Largo,1h,35,70,3.0,746,48.595773140716965,47.45308310991957,-0.044837558216551054,0.0004636778067491194,0.8744268488954251,-1.4724190800837247,-33.44881842954709,41.70660494218749,13.130026809651474,-0.03190454127301217,-0.0602811019785416
WTICO_USD,Largo,1h,40,50,1.5,1350,87.9414125200642,51.33333333333333,-0.1046259922022429,-0.014377894360991237,0.7592968014841162,-4.4234539024434385,-141.24508947302792,145.5839732655179,4.237777777777778,-0.08190180712243447,-0.13506931120864135
WTICO_USD,Largo,1h,40,50,2.0,1271,82.79521134296415,55.861526357199054,-0.0831592116962396,-0.014953462832010767,0.763780318662949,-4.044032840786379,-105.69535806592054,108.65971217591536,4.9008654602675055,-0.05585109424538434,-0.1196536995395701
WTICO_USD,Largo,1h,40,50,3.0,1164,75.82504012841092,60.30927835051546,-0.061583870657368804,-0.015881203953440608,0.7550083901773836,-3.7271996394832656,-71.68362544517728,74.68957271231233,5.858247422680412,-0.050546576973460045,-0.07681939874865393
WTICO_USD,Largo,1h,40,60,1.5,1320,85.98715890850723,39.621212121212125,-0.10083552611028154,-0.010400627677243042,0.8200693860589944,-3.1388965680733936,-133.10289446557164,134.5320736675507,7.2704545454545455,-0.09571988243131428,-0.10767147474323785
WTICO_USD,Largo,1h,40,60,2.0,1222,79.60326377742108,44.680851063829785,-0.0792217849209113,-0.010755466399364212,0.8300409905122709,-2.834285195781069,-96.8090211733536,97.40525475049985,8.572831423895254,-0.07146801143089077,-0.08955028472250354
WTICO_USD,Largo,1h,40,60,3.0,1096,71.39539860888175,48.81386861313868,-0.05971318784292446,-0.013688906544898714,0.8283575725187151,-2.630572400653873,-65.44565387584521,66.52412043838207,10.364051094890511,-0.06402759565500095,-0.053814656212158994
WTICO_USD,Largo,1h,40,70,1.5,1315,85.66144997324773,36.958174904942965,-0.12402611344915798,-0.033522723931360576,0.7891765866539051,-3.4553739408009396,-163.09433918564275,164.6874030527354,8.934600760456274,-0.12616869622420343,-0.12116426221144189
WTICO_USD,Largo,1h,40,70,2.0,1216,79.21241305510968,41.776315789473685,-0.10437876166172834,-0.03590151640774995,0.788624504612343,-3.375174302162979,-126.92457418066166,127.64372125664323,10.515625,-0.10839840143148351,-0.09903464288737958
WTICO_USD,Largo,1h,40,70,3.0,1086,70.74398073836277,45.85635359116022,-0.07362066299130708,-0.027554831190167117,0.802659074293441,-2.9018066102409255,-79.95204000855949,82.01887722233965,12.741252302025783,-0.07778469726997571,-0.0679325377348251
WTICO_USD,Largo,1d,20,50,1.5,217,14.135767790262172,40.09216589861751,-0.10929240934384399,-0.03137578742116163,0.8026116305850487,-1.4240618681969694,-23.716452827614145,36.909498939490085,7.875576036866359,-0.02993287619801856,-0.19551959439651972
WTICO_USD,Largo,1d,20,50,2.0,209,13.614633493846977,45.933014354066984,-0.05680607796118833,0.0018723003825028672,0.8682535438035738,-0.8787979458108053,-11.87247029388836,24.195824347484923,9.411483253588516,-0.019068154494229935,-0.09794041454017301
WTICO_USD,Largo,1d,20,50,3.0,196,12.767790262172285,48.97959183673469,-0.0465703444043223,-0.007422429951462599,0.8502663957257895,-0.9364531028479386,-9.12778750324717,18.567543294293515,11.173469387755102,0.034735740644022184,-0.1384815709807117
WTICO_USD,Largo,1d,20,60,1.5,217,14.135767790262172,38.70967741935484,-0.12323984203455982,-0.04532322011187745,0.7801146705149518,-1.4848480025181026,-26.74304572149948,39.97899203950315,9.142857142857142,-0.07419744566841188,-0.17652629193239366
WTICO_USD,Largo,1d,20,60,2.0,209,13.614633493846977,44.01913875598086,-0.07711862864124487,-0.01844025029755367,0.8245419546197693,-1.1125196450909944,-16.11779338602018,28.092670920825157,10.822966507177034,-0.06714799031435087,-0.08798662441755933
WTICO_USD,Largo,1d,20,60,3.0,196,12.767790262172285,45.91836734693878,-0.05817686876838601,-0.019028954315526304,0.8171290069962543,-1.0926099404540122,-11.402666278603657,20.306979773067315,12.76530612244898,0.006481271571611301,-0.1312686795875134
WTICO_USD,Largo,1d,20,70,1.5,217,14.135767790262172,38.70967741935484,-0.10513719176475342,-0.027220569842071062,0.8124135371267146,-1.2111525893644133,-22.81477061295149,38.81521061170287,9.571428571428571,-0.05818980013811909,-0.1561473384360004
WTICO_USD,Largo,1d,20,70,2.0,209,13.614633493846977,44.01913875598086,-0.0621599411169056,-0.0034815627732144054,0.8585755223934383,-0.8589404344960119,-12.99142769343327,26.795676820323372,11.291866028708133,-0.05470167876671496,-0.07028944707861337
WTICO_USD,Largo,1d,20,70,3.0,196,12.767790262172285,45.91836734693878,-0.04677819031699456,-0.007630275864134862,0.8529591864381064,-0.843419845518384,-9.168525302130934,19.67743395534229,13.290816326530612,0.016619051897345208,-0.11844463803755255
WTICO_USD,Largo,1d,25,50,1.5,493,32.11490101658641,41.98782961460446,-0.08120996569806198,0.0006358603145171718,0.8500555282370335,-1.5847710958478862,-40.036513089144556,51.12476619394679,7.21501014198783,-0.10942559565089946,-0.04532280502072027
WTICO_USD,Largo,1d,25,50,2.0,466,30.356072766185125,47.63948497854077,-0.046026201526725506,0.01580589234352681,0.8917225884631075,-1.068320885113721,-21.448209911454086,33.26871549708583,8.585836909871245,-0.06322603309602073,-0.02431767624509076
WTICO_USD,Largo,1d,25,50,3.0,428,27.88068485821295,51.86915887850467,-0.018059384962936048,0.023079252345114983,0.9386606640997525,-0.5407942733192527,-7.729416764136628,15.152293355861184,10.399532710280374,-0.007467943916770719,-0.03120164427152862
WTICO_USD,Largo,1d,25,60,1.5,493,32.11490101658641,38.74239350912779,-0.07242915616442105,0.009416669848158105,0.8707617608417821,-1.258183303635576,-35.70757398905958,42.990451957089626,8.720081135902637,-0.08958040057745717,-0.05061467018286363
WTICO_USD,Largo,1d,25,60,2.0,466,30.356072766185125,43.776824034334766,-0.03186656983138252,0.029965524038869762,0.9274809895459646,-0.6597876291440385,-14.849821541424255,25.067223481274667,10.356223175965665,-0.04165665197885578,-0.019510155470493964
WTICO_USD,Largo,1d,25,60,3.0,428,27.88068485821295,46.49532710280374,-0.014765100174842742,0.02637353713320828,0.9524804373760241,-0.39733564955906564,-6.319462874832694,15.481275015674914,12.516355140186915,0.0011803397753740671,-0.03455080314971909
WTICO_USD,Largo,1d,25,70,1.5,493,32.11490101658641,38.13387423935091,-0.0627099852875652,0.019135840725013963,0.8894451698006391,-1.011496502209878,-30.916022746769645,37.20456244936509,9.460446247464503,-0.059440907638488444,-0.06686789050021584
WTICO_USD,Largo,1d,25,70,2.0,466,30.356072766185125,43.13304721030043,-0.02376790913588723,0.03806418473436507,0.9464728536200336,-0.46023864756128063,-11.075845657323448,21.74999604290673,11.21030042918455,-0.024793845078751025,-0.02247303852838927
WTICO_USD,Largo,1d,25,70,3.0,428,27.88068485821295,45.794392523364486,-0.007574860794338323,0.0335637765137127,0.9759013435395657,-0.19067756449625886,-3.242040419976802,16.571522486771446,13.492990654205608,0.017288603044601312,-0.0384263839871587
WTICO_USD,Largo,1d,30,50,1.5,874,56.933921883360085,45.30892448512586,-0.045341604952604364,0.03623116498699915,0.9085321069435045,-1.259674015074576,-39.62856272857621,64.74788243828458,6.450800915331808,-0.07801391928045415,0.006220897010226398
WTICO_USD,Largo,1d,30,50,2.0,834,54.32825040128411,50.11990407673861,-0.0304967953017656,0.03104761507202111,0.9227432030275644,-1.0108462888031344,-25.43432728167251,45.49774946283794,7.494004796163069,-0.056653387640991766,0.010262557177764755
WTICO_USD,Largo,1d,30,50,3.0,751,48.921482075976456,55.39280958721704,-0.015601689111081818,0.02564438519257781,0.9446208196898801,-0.6511602717935712,-11.716868522422445,25.100745332105685,8.978695073235686,-0.031023515142079423,0.007454196981771745
WTICO_USD,Largo,1d,30,60,1.5,874,56.933921883360085,40.61784897025172,-0.0044206855362896175,0.07715208440331392,0.9916263041258079,-0.10234924579077263,-3.863679158717126,58.236089954947474,8.680778032036613,-0.04570178829478722,0.06072795746015936
WTICO_USD,Largo,1d,30,60,2.0,834,54.32825040128411,44.724220623501196,0.007251472325787063,0.06879588269957378,1.0171519406609542,0.20168652613263013,6.047727919706411,36.47739477116202,10.031175059952039,-0.024053110299536364,0.056032846478131525
WTICO_USD,Largo,1d,30,60,3.0,750,48.85634028892456,49.333333333333336,0.011389657859104707,0.05264255076828999,1.0371522079930875,0.4037234952345046,8.54224339432853,20.884422318912144,11.981333333333334,-0.008705415172708536,0.041532267406824565
WTICO_USD,Largo,1d,30,70,1.5,874,56.933921883360085,39.588100686498855,0.004194884015516434,0.08576765395511997,1.0077780434792198,0.08863061705182412,3.666328629561363,43.818351364200154,9.632723112128147,-0.01259635067430264,0.030694325192664518
WTICO_USD,Largo,1d,30,70,2.0,834,54.32825040128411,43.645083932853716,0.014474557680129358,0.07601896805391607,1.033420944749261,0.36875908675650687,12.071781105227885,26.86629471744379,11.106714628297363,-0.0007227944288208248,0.03815632108916829
WTICO_USD,Largo,1d,30,70,3.0,750,48.85634028892456,48.13333333333333,0.015328580352949097,0.05658147326213439,1.048622570598769,0.5011301643325502,11.496435264711822,16.026653316640385,13.270666666666667,0.00888219932356497,0.024998151897025284
WTICO_USD,Largo,1d,35,50,1.5,1283,83.57691278758695,50.66250974279034,-0.006387518748183547,0.07826514554749561,0.9855394332248616,-0.229323291013796,-8.195186553919491,45.523206194092474,5.486360093530787,-0.015515189454871002,0.00605166416700747
WTICO_USD,Largo,1d,35,50,2.0,1196,77.9095773140717,55.10033444816054,-0.0014393662974855244,0.06243416729035224,0.995946121177312,-0.06071270616485618,-1.7214820917926872,36.04168189158358,6.377926421404682,-0.009211378545162864,0.00897908456290385
WTICO_USD,Largo,1d,35,50,3.0,1100,71.65596575708935,59.81818181818181,0.00276719330598618,0.04550030404404507,1.0111455213964287,0.15046740629792926,3.043912636584798,21.630731854486804,7.4354545454545455,-0.006201078088428071,0.014833247143673591
WTICO_USD,Largo,1d,35,60,1.5,1282,83.51177100053505,42.355694227769106,0.017645866545367404,0.10227766930059476,1.0346357907946107,0.507965365360094,22.62200091116101,51.240066817261976,8.19188767550702,-0.009400450375287982,0.054572572304195766
WTICO_USD,Largo,1d,35,60,2.0,1192,77.6490101658641,46.308724832214764,0.02311659952526975,0.08699499814286564,1.05579869672056,0.7837678040256825,27.55498663412154,38.89010476861947,9.552852348993289,0.002714506705816634,0.0504930816386027
WTICO_USD,Largo,1d,35,60,3.0,1092,71.13483146067416,49.908424908424905,0.017915180732567683,0.0606932122839802,1.059350559191635,0.7820127408446512,19.56337735996391,26.351836411484303,11.134615384615385,0.002740085091024132,0.03830060964159403
WTICO_USD,Largo,1d,35,70,1.5,1282,83.51177100053505,41.02964118564743,0.03687237362755164,0.12150417638277901,1.0706552989620888,0.9529825312016783,47.270382990521206,33.754464963599176,9.461778471138846,0.02772425192208819,0.049362429092575544
WTICO_USD,Largo,1d,35,70,2.0,1192,77.6490101658641,44.71476510067114,0.03675210202136091,0.1006305006389568,1.0860005335180625,1.123604216451367,43.8085056094622,29.43681104561178,11.003355704697986,0.0348275062532115,0.03933461461398575
WTICO_USD,Largo,1d,35,70,3.0,1090,71.00454788657036,48.1651376146789,0.02809672088856127,0.07089760658913626,1.0900125982650852,1.1123200630733772,30.625425768531784,19.53447037344674,12.885321100917432,0.02786705471696423,0.0284054119794175
WTICO_USD,Largo,1d,40,50,1.5,1694,110.3501872659176,52.77449822904369,-0.07327126450137411,0.013211365755655784,0.8252624265395817,-3.4549783100387583,-124.12152206532775,126.22208284372873,4.318181818181818,-0.053880809768731004,-0.09995013700168674
WTICO_USD,Largo,1d,40,50,2.0,1588,103.44515783841626,57.61964735516373,-0.05219435676384443,0.01306266144344814,0.8446107548334293,-2.8308935943710463,-82.88463854098495,84.39300158291344,4.973551637279597,-0.04025980898393754,-0.06884512101182914
WTICO_USD,Largo,1d,40,50,3.0,1444,94.06474050294275,61.56509695290858,-0.026031307992394764,0.017681030707317625,0.8859481483166435,-1.7993767869775756,-37.58920874101804,37.79252516955547,6.00415512465374,-0.01967426551139135,-0.034948091372570926
WTICO_USD,Largo,1d,40,60,1.5,1654,107.74451578384162,41.89842805320435,-0.04071184637830383,0.04594930988330049,0.9229603337836989,-1.4042594930429033,-67.33739390971454,67.33739390971466,7.289600967351874,-0.019048597107747145,-0.07045607816011552
WTICO_USD,Largo,1d,40,60,2.0,1531,99.732075976458,46.374918354016984,-0.02401180164542194,0.041430787289593186,0.9449686798978176,-0.953837830399179,-36.762068319140994,36.762068319141015,8.490529065969953,-0.006812803532431596,-0.047827859780076816
WTICO_USD,Largo,1d,40,60,3.0,1358,88.4625468164794,50.36818851251841,-0.0035416970427191827,0.040383047677530856,0.988680467318266,-0.17551473409450508,-4.80962458401265,22.87350264061329,10.31737849779087,0.010799190334576358,-0.023548120174008036
WTICO_USD,Largo,1d,40,70,1.5,1649,107.41880684858214,39.41782898726501,-0.025982756014065272,0.06079749158308597,0.9530609992771127,-0.7721523663527632,-42.845564667193635,71.6113749503941,8.983020012128563,0.01913612674925252,-0.08760854710542616
WTICO_USD,Largo,1d,40,70,2.0,1523,99.21094168004281,43.729481286933684,-0.014522172258330737,0.05103603603501619,0.9684578723704528,-0.5015550509218522,-22.117268349437712,49.907627953008486,10.483913328956008,0.019751142223882186,-0.06168139748970641
WTICO_USD,Largo,1d,40,70,3.0,1344,87.5505617977528,47.69345238095239,0.006093654322450961,0.05012253698953504,1.0182611807189113,0.26192277164792194,8.189871409374092,30.64627929656868,12.723214285714286,0.03787855866427195,-0.0379987263009277
WTICO_USD,Largo,1h+1d,20,50,1.5,31,2.0193953986088817,54.83870967741935,0.1614051495292593,0.25096206195191406,1.377166293137528,0.7463020690222161,5.003559635407038,5.331976965764255,8.258064516129032,-0.1780502454813821,0.44095665130272876
WTICO_USD,Largo,1h+1d,20,50,2.0,31,2.0193953986088817,54.83870967741935,0.0714490244115826,0.13861670872857362,1.1928131026937752,0.4087309416665657,2.214919756759061,4.5367326941194,9.258064516129032,-0.19046017719075636,0.28713895514292054
WTICO_USD,Largo,1h+1d,20,50,3.0,30,1.9542536115569824,60.0,0.06307268471649305,0.10739154469287496,1.2629097314539244,0.5019486033347195,1.8921805414947916,2.207251737122095,10.833333333333334,-0.06222007997593774,0.17270385382237002
WTICO_USD,Largo,1h+1d,20,60,1.5,31,2.0193953986088817,54.83870967741935,0.09492790591068376,0.18448481833333846,1.2218244367795101,0.46769560859586057,2.9427650832311967,6.2878039222011495,10.258064516129032,-0.28540589613385026,0.40814397818265286
WTICO_USD,Largo,1h+1d,20,60,2.0,31,2.0193953986088817,54.83870967741935,0.02159109169765093,0.08875877601464198,1.0582659513555934,0.13078246840464344,0.6693238426271788,5.253602911447071,11.258064516129032,-0.27097691518010747,0.2625294503028637
WTICO_USD,Largo,1h+1d,20,60,3.0,30,1.9542536115569824,60.0,0.0645739655171831,0.10889282549356497,1.269167612086729,0.5104621349223938,1.9372189655154928,2.4780003267234987,13.0,-0.039081069580127366,0.15527212122732975
WTICO_USD,Largo,1h+1d,20,70,1.5,31,2.0193953986088817,54.83870967741935,0.1366665507275064,0.22622346315016112,1.3193579417021093,0.5961032410825678,4.236663072552698,6.2878039222011495,10.580645161290322,-0.28540589613385026,0.4842556246133295
WTICO_USD,Largo,1h+1d,20,70,2.0,31,2.0193953986088817,54.83870967741935,0.05289507531026788,0.12006275962725893,1.1427432168848526,0.28791378107361854,1.6397473346183042,5.253602911447071,11.580645161290322,-0.27097691518010747,0.319613185125871
WTICO_USD,Largo,1h+1d,20,70,3.0,30,1.9542536115569824,60.0,0.09913296384082422,0.14345182381720606,1.4132219996465025,0.6964179786443034,2.9739889152247265,2.4780003267234987,13.366666666666667,-0.011236715648092937,0.19570643339362664
WTICO_USD,Largo,1h+1d,25,50,1.5,91,5.927902621722846,40.65934065934066,-0.0880229782250231,0.002431344638735305,0.8416914577784108,-0.7415549665638238,-8.010091018477102,14.143079125795305,7.1208791208791204,-0.16223610052934154,0.036393138579275466
WTICO_USD,Largo,1h+1d,25,50,2.0,90,5.862760834670947,45.55555555555556,-0.06097957309843709,0.007005592425721995,0.8589688901914162,-0.6318221549047539,-5.488161578859338,10.643519196144974,8.38888888888889,-0.10326834104294431,0.008672515280751296
WTICO_USD,Largo,1h+1d,25,50,3.0,83,5.4067683253076515,49.39759036144578,-0.02915365058950247,0.015955276707218184,0.9005159790738496,-0.3965752419469411,-2.419752998928705,5.96837474911959,10.27710843373494,-0.051996063330387324,0.007251444716282848
WTICO_USD,Largo,1h+1d,25,60,1.5,91,5.927902621722846,35.16483516483517,-0.1341113478333113,-0.04365702496955294,0.777121244687253,-1.035550938830265,-12.204132652831328,19.132715085900948,9.351648351648352,-0.1621208767973719,-0.08715419633473917
WTICO_USD,Largo,1h+1d,25,60,2.0,90,5.862760834670947,40.0,-0.0736502755892315,-0.005665110065072426,0.8392055476552768,-0.6977624010130721,-6.628524803030835,14.76644469810521,10.9,-0.08603844614875385,-0.053246229961782895
WTICO_USD,Largo,1h+1d,25,60,3.0,83,5.4067683253076515,43.373493975903614,-0.03863769410511678,0.006471233191603851,0.8775781871860338,-0.47976789765289335,-3.2069286107246926,9.607598608844063,13.048192771084338,-0.039911436917940565,-0.03660766649717887
WTICO_USD,Largo,1h+1d,25,70,1.5,91,5.927902621722846,35.16483516483517,-0.08377288605961807,0.00668143680414029,0.8607783988784387,-0.5685918381965834,-7.623332631425244,17.89234651364526,9.824175824175825,-0.10255620045229769,-0.05228321193071404
WTICO_USD,Largo,1h+1d,25,70,2.0,90,5.862760834670947,38.88888888888889,-0.05564793242933122,0.012337233094827845,0.878578522525608,-0.4783206324355525,-5.00831391863981,13.792736733794959,11.455555555555556,-0.07298486075431838,-0.02709299165876407
WTICO_USD,Largo,1h+1d,25,70,3.0,83,5.4067683253076515,42.168674698795186,-0.02678062268491746,0.018328304611803205,0.9151992656564838,-0.305245339053311,-2.222791682848149,8.148341250585421,13.650602409638553,-0.032238295878565706,-0.018082456032540523
WTICO_USD,Largo,1h+1d,30,50,1.5,249,16.220304975922954,50.20080321285141,0.05268279245527527,0.1436880313981831,1.113933322623743,0.775765040362843,13.118015321363542,16.92551821817678,6.4417670682730925,0.01482513983577208,0.10634509616835743
WTICO_USD,Largo,1h+1d,30,50,2.0,244,15.894596040663457,54.09836065573771,0.028933089672067862,0.09751888135843531,1.076337144939592,0.5127174509267114,7.059673879984558,13.90219082872059,7.180327868852459,-0.004954837216560936,0.0761103996542766
WTICO_USD,Largo,1h+1d,30,50,3.0,224,14.591760299625468,60.26785714285714,0.015849095582004438,0.06162097484378982,1.0565774822284677,0.35238479784627585,3.550197410368994,8.920328749722497,8.46875,-0.004714860667227708,0.043267703914313976
WTICO_USD,Largo,1h+1d,30,60,1.5,249,16.220304975922954,42.971887550200805,0.0645717784957214,0.1555770174386292,1.1265943361019861,0.793655667573404,16.07837284543463,15.755619326535314,9.811244979919678,-0.003709359130694323,0.16135863377200008
WTICO_USD,Largo,1h+1d,30,60,2.0,244,15.894596040663457,46.72131147540984,0.04790133445453773,0.1164871261409052,1.1153697696196918,0.7184936712865974,11.687925606907207,11.781316873365807,10.901639344262295,-0.012306056716821574,0.13171946726172426
WTICO_USD,Largo,1h+1d,30,60,3.0,224,14.591760299625468,51.78571428571429,0.017569187036510663,0.06334106629829603,1.0557081778327535,0.33650317157549486,3.935497896178388,9.213416176548154,12.669642857142858,-0.020888100740310462,0.06884557073893884
WTICO_USD,Largo,1h+1d,30,70,1.5,249,16.220304975922954,41.76706827309237,0.0781664705953655,0.16917170953827326,1.149387109474789,0.8597888943383784,19.463451178246007,15.912910234439748,11.04417670682731,-0.006562105414975413,0.19826717057118845
WTICO_USD,Largo,1h+1d,30,70,2.0,244,15.894596040663457,45.08196721311475,0.05549582655227623,0.12408161823864368,1.1295250033577697,0.7472494955811855,13.5409816787554,13.50603825044863,12.229508196721312,-0.01757456654702645,0.1572212757689525
WTICO_USD,Largo,1h+1d,30,70,3.0,224,14.591760299625468,50.0,0.020718784659856326,0.06649066392164171,1.0631464854194397,0.35977178675141225,4.641007763807817,10.686992054805867,14.142857142857142,-0.026916678405069394,0.08423273541309063
WTICO_USD,Largo,1h+1d,35,50,1.5,479,31.20291599785982,51.356993736951985,-0.007802759632198791,0.08199418687259712,0.9829878765063325,-0.1694199528173202,-3.737521863823221,19.544861689311304,5.2839248434238,0.041470234702753635,-0.06830541314116365
WTICO_USD,Largo,1h+1d,35,50,2.0,453,29.509229534510432,56.29139072847682,-0.009649538476402954,0.05803838564417034,0.9744732909474668,-0.24395861536960423,-4.371240929810538,17.99017656539875,6.072847682119205,0.029988296506568684,-0.05846460618942219
WTICO_USD,Largo,1h+1d,35,50,3.0,421,27.424692348849653,61.04513064133017,-0.010395511801962062,0.03486420160674962,0.9617295650528119,-0.3338787130876993,-4.376510468626028,11.45936841963341,7.194774346793349,0.01354988857562878,-0.04123822859266331
WTICO_USD,Largo,1h+1d,35,60,1.5,478,31.13777421080792,42.05020920502092,-0.011416828604124239,0.07833492917127818,0.9787604180034034,-0.20058644607387802,-5.4572440727713865,24.57245099669578,8.629707112970712,0.008063345433523132,-0.035448445173932225
WTICO_USD,Largo,1h+1d,35,60,2.0,452,29.444087747458536,47.123893805309734,-0.002984164805749957,0.0646686709403862,0.9932433630546889,-0.06189805221469963,-1.3488424921989806,21.979480895996858,9.920353982300885,0.0012112619841043112,-0.008176524694183456
WTICO_USD,Largo,1h+1d,35,60,3.0,420,27.359550561797754,50.95238095238095,-0.003072285504384521,0.04216257346106827,0.9905577209528806,-0.0815722809089973,-1.2903599118414988,17.069353540134713,11.523809523809524,-0.0037295789907132327,-0.0022210365630735665
WTICO_USD,Largo,1h+1d,35,70,1.5,478,31.13777421080792,40.37656903765691,-0.014069975637506421,0.07568178213789602,0.974495691498564,-0.2254496582532938,-6.725448354728069,32.78724348759822,9.981171548117155,-0.01139886895230469,-0.017365172669717936
WTICO_USD,Largo,1h+1d,35,70,2.0,452,29.444087747458536,45.13274336283185,0.0006720056976410886,0.06832484144377726,1.0014799368091554,0.01267575465125524,0.30374657533377203,19.818461740500755,11.502212389380531,-0.007899827792526834,0.011280710512205359
WTICO_USD,Largo,1h+1d,35,70,3.0,420,27.359550561797754,48.80952380952381,-0.0031319286071262997,0.042102930358326476,0.9906992514342714,-0.07607751734065114,-1.3154100149930459,14.95648727089484,13.433333333333334,-0.008447149269017422,0.0037517178238474546
WTICO_USD,Largo,1h+1d,40,50,1.5,789,51.39686998394863,52.59822560202788,-0.08546431950019563,0.0060068802750251815,0.7984087555075544,-2.7514716586677856,-67.43134808565435,67.98517005705682,4.32319391634981,-0.04324888821815307,-0.1432728380125422
WTICO_USD,Largo,1h+1d,40,50,2.0,740,48.204922418405566,58.37837837837838,-0.049275650892452665,0.019948074078467718,0.8518430727072781,-1.8278281332994217,-36.46398166041497,36.851496084749925,4.972972972972973,-0.002322497256536309,-0.11404382745132123
WTICO_USD,Largo,1h+1d,40,50,3.0,676,44.035848047084,62.57396449704142,-0.03507056360020826,0.011245683115359624,0.8520288215955246,-1.622702415152096,-23.707700993740783,23.966043943297414,5.903846153846154,-0.010376396451062404,-0.07042408347560412
WTICO_USD,Largo,1h+1d,40,60,1.5,769,50.094034242910645,40.96228868660598,-0.05571819300616795,0.03600933933778865,0.8977574844766569,-1.2962776058158025,-42.84729042174315,44.03661935250466,7.474642392717815,-0.01249222110993686,-0.11414595930015614
WTICO_USD,Largo,1h+1d,40,60,2.0,709,46.18552701979668,46.685472496473906,-0.022339200201481658,0.047135225490663464,0.9496684340400299,-0.596645453422569,-15.838492942850495,32.44284461809837,8.823695345557123,0.022205699136612106,-0.08306874629908283
WTICO_USD,Largo,1h+1d,40,60,3.0,632,41.16960941680043,50.79113924050633,-0.010204127841583921,0.03646474705104167,0.9686771769269172,-0.3378308308887584,-6.4490087958810385,24.476582254354184,10.658227848101266,0.015929214241079473,-0.04687029981307743
WTICO_USD,Largo,1h+1d,40,70,1.5,767,49.963750668806846,37.67926988265971,-0.0910973373038459,0.0007329591031873262,0.8422787422877848,-1.8977825546717053,-69.8716577120498,70.07621100653981,9.282920469361148,-0.05283448633332848,-0.14258251903787542
WTICO_USD,Largo,1h+1d,40,70,2.0,706,45.99010165864099,43.05949008498583,-0.058423465865272375,0.011084548439006312,0.8772071481549922,-1.408903443646591,-41.2469669008823,43.751309299926774,10.998583569405099,-0.028323919276263255,-0.09939508948308746
WTICO_USD,Largo,1h+1d,40,70,3.0,626,40.778758694489035,46.80511182108626,-0.03693197035351461,0.009797426644626787,0.8962550515355109,-1.089327458480925,-23.119413441300143,27.800190700384498,13.313099041533546,-0.01340409146935243,-0.06983494273941189
WTICO_USD,Corto,1h,20,50,1.5,43,2.8010968432316745,27.906976744186046,-0.4439123021020379,-0.3587436110688866,0.36327180754881727,-3.0514893477641114,-19.08822899038763,20.20911342088379,6.930232558139535,-0.2276410747004868,-0.5483191015372694
WTICO_USD,Corto,1h,20,50,2.0,42,2.735955056179775,35.714285714285715,-0.2970993067817178,-0.23275786175125443,0.4563315256498846,-2.2653159245539705,-12.478170884832148,14.016723169100832,8.595238095238095,-0.1549875786026276,-0.36815517087126287
WTICO_USD,Corto,1h,20,50,3.0,41,2.670813269127876,39.02439024390244,-0.2287422463184197,-0.18604620219420054,0.42858713189938286,-2.225371128613074,-9.378432099055207,10.010894053539909,10.487804878048781,-0.21896081979174611,-0.23381409711002818
WTICO_USD,Corto,1h,20,60,1.5,43,2.8010968432316745,23.25581395348837,-0.5285232992883967,-0.4433546082552455,0.295527948113189,-3.5723899672489985,-22.72650186940106,24.61989065358776,7.511627906976744,-0.29086986879492965,-0.6432525415955875
WTICO_USD,Corto,1h,20,60,2.0,42,2.735955056179775,28.57142857142857,-0.4299722455498329,-0.3656308005193695,0.2957503862241629,-3.3820966972352586,-18.05883431309298,19.228875901233007,9.904761904761905,-0.2841516266022466,-0.502882555023626
WTICO_USD,Corto,1h,20,60,3.0,41,2.670813269127876,34.146341463414636,-0.28312660547347973,-0.24043056134926055,0.3478713245841829,-2.6886683924430357,-11.608190824412668,12.054885216506031,12.292682926829269,-0.3288797089343491,-0.2594027740493252
WTICO_USD,Corto,1h,20,70,1.5,43,2.8010968432316745,23.25581395348837,-0.549426753327621,-0.4642580622944697,0.26766560187725025,-4.009541303412325,-23.625350393087704,24.619890653587756,7.6976744186046515,-0.35507333477254704,-0.6432525415955875
WTICO_USD,Corto,1h,20,70,2.0,42,2.735955056179775,28.57142857142857,-0.4460231120442373,-0.3816816670137739,0.2694607439357475,-3.7297359982730303,-18.732970705857966,19.228875901233007,10.095238095238095,-0.3323042260854597,-0.502882555023626
WTICO_USD,Corto,1h,20,70,3.0,41,2.670813269127876,31.70731707317073,-0.32037433772515367,-0.27767829360093454,0.2672738804572383,-3.32646639449321,-13.135347846731301,13.135347846731307,12.707317073170731,-0.36098144192315784,-0.2993188022150775
WTICO_USD,Corto,1h,25,50,1.5,129,8.403290529695024,37.98449612403101,-0.15957131555762205,-0.07315826690119981,0.7262887574025388,-1.62768687763704,-20.584699706933243,26.302021813743906,6.426356589147287,-0.08795836446169573,-0.2111326403466889
WTICO_USD,Corto,1h,25,50,2.0,127,8.273006955591224,45.66929133858268,-0.10153320034575593,-0.036765480322899786,0.7783198894504914,-1.2438636775747307,-12.894716443911003,17.790737632873917,7.590551181102362,-0.0955229648792053,-0.10583782845017731
WTICO_USD,Corto,1h,25,50,3.0,118,7.686730872124131,49.152542372881356,-0.11167007214407546,-0.06849080652989605,0.6938947840630666,-1.6840173741092828,-13.177068513000904,16.38609149523358,9.033898305084746,-0.11200830440436227,-0.11141261176684228
WTICO_USD,Corto,1h,25,60,1.5,129,8.403290529695024,31.007751937984494,-0.1937854882110321,-0.10737243955460984,0.7002222523961097,-1.620031984131933,-24.998327979223138,31.326507363407607,7.953488372093023,-0.08457537028311082,-0.27241677311913537
WTICO_USD,Corto,1h,25,60,2.0,127,8.273006955591224,37.00787401574803,-0.1564995508453202,-0.09173183082246407,0.7019006854310837,-1.6079935495485793,-19.875442957355663,24.121577495494016,9.559055118110237,-0.14318430094828016,-0.16603614874455166
WTICO_USD,Corto,1h,25,60,3.0,118,7.686730872124131,40.67796610169492,-0.15183147369564154,-0.10865220808146209,0.6392052750256603,-1.952070205407601,-17.9161138960857,20.08020358817794,11.35593220338983,-0.1727253294798767,-0.13592719541211928
WTICO_USD,Corto,1h,25,70,1.5,129,8.403290529695024,31.007751937984494,-0.1917328416659117,-0.10531979300948947,0.7033976075973877,-1.5216245468847416,-24.733536574902608,28.383543456116684,8.728682170542635,-0.05834085559201836,-0.2877750716391149
WTICO_USD,Corto,1h,25,70,2.0,127,8.273006955591224,37.00787401574803,-0.15470002366144223,-0.08993230363858609,0.7053284129687326,-1.5174649062890695,-19.646903005003164,21.023498054246538,10.354330708661417,-0.12313717179753965,-0.17730584999639956
WTICO_USD,Corto,1h,25,70,3.0,118,7.686730872124131,39.83050847457627,-0.1596736160027628,-0.11649435038858334,0.6215321204678071,-1.990270477037232,-18.84148668832601,19.494650739100614,12.288135593220339,-0.15883646876106297,-0.16031084748525073
WTICO_USD,Corto,1h,30,50,1.5,343,22.3436329588015,41.39941690962099,-0.04059163741849378,0.043522933576565385,0.9244696679692436,-0.6211696431270269,-13.922931634543367,23.862351022041135,6.1020408163265305,-0.07598735207364117,-0.010714609456890883
WTICO_USD,Corto,1h,30,50,2.0,320,20.845371856607812,48.75,0.01312975352871797,0.07628668780607381,1.0324350226833312,0.24113868085251536,4.20152112918975,11.991958573308635,7.440625,0.02009759788134716,0.007500365153429967
WTICO_USD,Corto,1h,30,50,3.0,304,19.80310326377742,53.61842105263158,0.007244538066194995,0.04941380210952529,1.0248765934490762,0.17526217130644628,2.2023395721232784,8.00826026237246,8.720394736842104,-0.006081051645824364,0.017889239907157198
WTICO_USD,Corto,1h,30,60,1.5,343,22.3436329588015,36.44314868804665,0.013899323381908482,0.09801389437696766,1.0237851807180884,0.1770976512143598,4.767467919994609,22.582819089157482,7.865889212827988,0.015032658937049928,0.012942690682138581
WTICO_USD,Corto,1h,30,60,2.0,320,20.845371856607812,41.25,0.02937549603964872,0.09253243031700457,1.063463891328252,0.45060668624918765,9.40015873268759,15.54779700473416,9.775,0.023832778954711,0.033853510407705754
WTICO_USD,Corto,1h,30,60,3.0,304,19.80310326377742,46.381578947368425,0.02348381931817936,0.06565308336150964,1.0700010575283003,0.47662542486949344,7.139081072726525,11.917043806447893,11.641447368421053,0.009722158579545125,0.03447686192004694
WTICO_USD,Corto,1h,30,70,1.5,343,22.3436329588015,34.98542274052478,0.019845956973165824,0.10396052796822501,1.0332316285245577,0.22980451650920997,6.807163241795878,23.985543814832084,9.029154518950437,0.013615509608942271,0.025104990501031932
WTICO_USD,Corto,1h,30,70,2.0,320,20.845371856607812,39.6875,0.03709272396836085,0.10024965824571667,1.078431922823788,0.5181947106398331,11.869671669875473,15.888004656852987,11.096875,0.023194136602507947,0.0483215261904906
WTICO_USD,Corto,1h,30,70,3.0,304,19.80310326377742,44.40789473684211,0.028935259837036886,0.07110452388036718,1.0842871267394358,0.5388974035191805,8.796318990459213,12.63357975938559,13.1875,0.015290054883803087,0.039835275628081625
WTICO_USD,Corto,1h,35,50,1.5,700,45.59925093632959,45.857142857142854,-0.07274961816192915,0.010316219453302328,0.8525014137943399,-1.901338628632328,-50.92473271335041,59.67679499774325,5.037142857142857,-0.09401435518099836,-0.052318792398509714
WTICO_USD,Corto,1h,35,50,2.0,660,42.99357945425361,50.75757575757576,-0.04547249836999872,0.016927513612809513,0.884802012128979,-1.3777262697695418,-30.011848924199153,38.50779608779204,5.871212121212121,-0.04815631422203433,-0.04286879642399402
WTICO_USD,Corto,1h,35,50,3.0,611,39.80163188871054,54.828150572831426,-0.04319372087852272,-0.001530229234307724,0.852281459770262,-1.6433020319065255,-26.39136345677738,31.532953652578353,7.121112929623568,-0.0539339579296067,-0.0326967901684018
WTICO_USD,Corto,1h,35,60,1.5,698,45.46896736222579,37.96561604584527,-0.05868907219072009,0.024375717042120132,0.8968117479456216,-1.2316023008688148,-40.96497238912262,66.89780061938956,7.348137535816619,-0.06591423597281452,-0.05170813929703449
WTICO_USD,Corto,1h,35,60,2.0,655,42.667870518994114,41.6793893129771,-0.04732336616912932,0.015076144589397274,0.9003976128897049,-1.1512245618647483,-30.996804840779706,56.48755608312512,8.621374045801527,-0.04130065308016528,-0.05321871070334186
WTICO_USD,Corto,1h,35,60,3.0,600,39.08507223113965,46.5,-0.030397257601093828,0.011395364927528205,0.9135495432071138,-0.9329265670514301,-18.238354560656298,36.84123655886736,10.53,-0.02232540121495723,-0.03820446295817677
WTICO_USD,Corto,1h,35,70,1.5,698,45.46896736222579,35.53008595988539,-0.04097881373998483,0.04208597549285536,0.930527397968179,-0.7437459645039783,-28.603211990509415,60.05892507334045,8.527220630372494,-0.06409428189980877,-0.01864471351795777
WTICO_USD,Corto,1h,35,70,2.0,655,42.667870518994114,39.23664122137404,-0.025966833979741456,0.03643267677878514,0.9472469722841599,-0.5515388085839619,-17.008276256730653,50.48008316093573,10.033587786259542,-0.029072525045065422,-0.02292682218166001
WTICO_USD,Corto,1h,35,70,3.0,598,38.95478865703585,43.97993311036789,-0.011746407624964617,0.0301312081150126,0.9680023091469588,-0.315866905403598,-7.024351759728841,30.845359386392797,12.259197324414716,-0.006766766985460306,-0.016530127977013028
WTICO_USD,Corto,1h,40,50,1.5,1027,66.9006153023007,49.65920155793573,-0.08886293322916446,-0.004525051478561232,0.8032214729146232,-3.1051888164954593,-91.2622324263519,97.60307198998879,4.162609542356377,-0.1075277170573692,-0.07149626406570331
WTICO_USD,Corto,1h,40,50,2.0,968,63.05724986623863,53.51239669421488,-0.07696718746896172,-0.013499893042802838,0.7940024826311569,-3.0739749933111304,-74.50423746995494,79.48723186585026,4.796487603305785,-0.08005713917879537,-0.0740749926685574
WTICO_USD,Corto,1h,40,50,3.0,890,57.976190476190474,57.41573033707865,-0.05357627315969042,-0.010824714396007202,0.7972435523188611,-2.703345426184159,-47.68288311212447,54.41275340206384,5.857303370786517,-0.055301135006242924,-0.05199267155057109
WTICO_USD,Corto,1h,40,60,1.5,1011,65.85834670947031,38.0811078140455,-0.07995083179376307,0.004294436733372547,0.8601212983512488,-2.097084493975918,-80.83029094349446,125.72689898110802,6.7606330365974285,-0.12290685310625882,-0.03955073497394941
WTICO_USD,Corto,1h,40,60,2.0,941,61.29842161583735,41.65781083953241,-0.08264152124861768,-0.019370270031611216,0.831235431756413,-2.4916847828543056,-77.76567149494923,113.01899682472278,7.8820403825717325,-0.11849256498959577,-0.04835569979154918
WTICO_USD,Corto,1h,40,60,3.0,845,55.044810058855006,46.3905325443787,-0.060540792465522,-0.017820631197349193,0.834539628771936,-2.243533273446856,-51.15696963336609,80.81029523004572,9.73491124260355,-0.08534145883741909,-0.03738593690548993
WTICO_USD,Corto,1h,40,70,1.5,1007,65.59777956126271,34.65739821251241,-0.08942090948287736,-0.005091189695218136,0.8522165700990036,-2.050351083365498,-90.0468558492575,133.37007828971477,8.482621648460775,-0.14974622783813682,-0.03269883750336554
WTICO_USD,Corto,1h,40,70,2.0,937,61.03785446762975,37.99359658484525,-0.08582229992833329,-0.022482605793720543,0.835091321615343,-2.2624407211605186,-80.4154950328483,114.67777392566384,9.880469583778014,-0.1306238659590818,-0.04298489441250274
WTICO_USD,Corto,1h,40,70,3.0,837,54.52367576243981,42.53285543608124,-0.06347150194964805,-0.020667161632184714,0.8394019484329778,-2.05699974371287,-53.125647131855416,83.97235752753542,12.15173237753883,-0.09539915400064497,-0.03368219149098118
WTICO_USD,Corto,1d,20,50,1.5,132,8.598715890850722,38.63636363636363,-0.1596696931593153,-0.08059929547178543,0.7134481822599054,-1.690135012338381,-21.07639949702962,21.86370026507078,7.4772727272727275,-0.23238424461865748,-0.1220587182665522
WTICO_USD,Corto,1d,20,50,2.0,128,8.338148742643124,41.40625,-0.1410847967394977,-0.08191377570411504,0.6925502270835574,-1.7939123283906453,-18.058853982655705,19.257359167541484,8.8515625,-0.22824350844554975,-0.09699274258231848
WTICO_USD,Corto,1d,20,50,3.0,117,7.621589085072231,46.15384615384615,-0.09193353412053039,-0.052345438496667805,0.7073680304155617,-1.5224894898973251,-10.756223492102055,11.86208097248134,11.094017094017094,-0.14757932309524321,-0.06516720524661788
WTICO_USD,Corto,1d,20,60,1.5,132,8.598715890850722,37.878787878787875,-0.17015235179877616,-0.09108195411124627,0.6953845702630848,-1.7658782503699952,-22.460110437438452,22.460110437438455,8.56060606060606,-0.2379440751764035,-0.13508766729310687
WTICO_USD,Corto,1d,20,60,2.0,128,8.338148742643124,39.84375,-0.16057970017937545,-0.1014086791439928,0.6536945457106345,-2.018215113162899,-20.554201622960058,20.55420162296005,10.1796875,-0.232607328941455,-0.12414219386444114
WTICO_USD,Corto,1d,20,60,3.0,117,7.621589085072231,43.58974358974359,-0.11357460779818435,-0.0739865121743218,0.6468318067395954,-1.8669844917076617,-13.288229112387569,13.583518702157292,12.675213675213675,-0.17732899159481894,-0.08290794217448672
WTICO_USD,Corto,1d,20,70,1.5,132,8.598715890850722,36.36363636363637,-0.23530535975572586,-0.15623496206819604,0.5853488409796735,-2.6018815787423817,-31.060307487755814,31.06030748775583,9.098484848484848,-0.28397522788548274,-0.2101312900334378
WTICO_USD,Corto,1d,20,70,2.0,128,8.338148742643124,38.28125,-0.21292460477107883,-0.15375358373569614,0.5493928357448737,-2.8292112345705234,-27.25434941069809,27.25434941069807,10.734375,-0.2687364313584648,-0.18469038661510706
WTICO_USD,Corto,1d,20,70,3.0,117,7.621589085072231,41.88034188034188,-0.1573177791903159,-0.11772968356645334,0.5293342400421972,-2.6993634651075182,-18.40618016526696,18.406180165266967,13.290598290598291,-0.21294881958626605,-0.13055854456947918
WTICO_USD,Corto,1d,25,50,1.5,303,19.737961476725523,40.26402640264026,-0.10006999791202965,-0.017009687193049027,0.8106254242233215,-1.573382154009715,-30.321209367344984,40.23470904398366,7.3003300330033,-0.10416217743261462,-0.09723519198715515
WTICO_USD,Corto,1d,25,50,2.0,281,18.304842161583736,46.97508896797153,-0.048101948951831924,0.013705480450271638,0.881328233889771,-0.8946029557894905,-13.516647655464771,24.004833129790924,8.701067615658364,-0.04003862223463176,-0.05377071197725752
WTICO_USD,Corto,1d,25,50,3.0,259,16.871722846441948,50.57915057915058,-0.02841202368744604,0.013030802464256386,0.9001760515409983,-0.6858476807490161,-7.358714135048524,14.93841780928223,10.243243243243244,-0.006640531063764908,-0.04325622320359224
WTICO_USD,Corto,1d,25,60,1.5,303,19.737961476725523,35.973597359735976,-0.15245418125782634,-0.06939387053884573,0.7288095951154869,-2.2594105298097027,-46.19361692112138,53.037141800539814,8.976897689768977,-0.17829770431799602,-0.13455140550664735
WTICO_USD,Corto,1d,25,60,2.0,281,18.304842161583736,40.569395017793596,-0.11412800276872306,-0.05232057336661946,0.7455233343593031,-1.9954341804140059,-32.06996877801118,39.24123541485699,10.669039145907472,-0.13830613049878568,-0.09713004630395175
WTICO_USD,Corto,1d,25,60,3.0,259,16.871722846441948,44.01544401544402,-0.06984885944539523,-0.028406033293692814,0.7802305810448645,-1.5701109395573223,-18.090854596357367,24.970816337241995,12.548262548262548,-0.07682858407100675,-0.0650899562915692
WTICO_USD,Corto,1d,25,70,1.5,303,19.737961476725523,34.65346534653465,-0.18373102478878875,-0.10067071406980814,0.6778592735726872,-2.644199702881898,-55.67050051100299,58.71956387801037,9.603960396039604,-0.1960934283482212,-0.17516712511633276
WTICO_USD,Corto,1d,25,70,2.0,281,18.304842161583736,39.14590747330961,-0.13110162620855573,-0.06929419680645214,0.7110278144248587,-2.188436281521698,-36.83955696460416,38.87635448985974,11.377224199288257,-0.12958879594985823,-0.13216519172376123
WTICO_USD,Corto,1d,25,70,3.0,259,16.871722846441948,42.471042471042466,-0.08778086340945417,-0.04633803725775174,0.7294030636666696,-1.899889320442265,-22.73524362304863,25.11203149635018,13.38996138996139,-0.07448246411225071,-0.09684795383936559
WTICO_USD,Corto,1d,30,50,1.5,532,34.655430711610485,39.097744360902254,-0.1282389168125364,-0.04369227319993692,0.7553805994484684,-2.849047760582356,-68.22310374426937,69.17419113714618,6.657894736842105,-0.17948347107234622,-0.09428939961541241
WTICO_USD,Corto,1d,30,50,2.0,497,32.37546816479401,45.07042253521127,-0.08579249434808932,-0.022685920559246387,0.7961056600034833,-2.208540025858142,-42.638869691000394,45.419112608917125,7.748490945674044,-0.10322671482672222,-0.07434402290045374
WTICO_USD,Corto,1d,30,50,3.0,462,30.09550561797753,49.134199134199136,-0.05227931690982127,-0.010232901551971822,0.8231479117923912,-1.727027252370234,-24.15304441233743,25.77336453112428,9.183982683982684,-0.07736760602684324,-0.03597192898375698
WTICO_USD,Corto,1d,30,60,1.5,532,34.655430711610485,34.3984962406015,-0.14577619365726938,-0.061229550044669886,0.7447436053847826,-2.83185642673888,-77.55293502566731,78.1088028632805,8.355263157894736,-0.2014128915336762,-0.10891688131414985
WTICO_USD,Corto,1d,30,60,2.0,497,32.37546816479401,38.6317907444668,-0.11691263391278009,-0.05380606012393714,0.7511075238215783,-2.6562513854440066,-58.105579054651706,58.10557905465172,9.89738430583501,-0.15275236651324448,-0.09337787617180848
WTICO_USD,Corto,1d,30,60,3.0,462,30.09550561797753,42.42424242424242,-0.07117084023948772,-0.02912442488163825,0.7874684338605313,-2.0649622494827087,-32.880928190643324,34.9893989735606,11.746753246753247,-0.09776419054131413,-0.05388516254330055
WTICO_USD,Corto,1d,30,70,1.5,532,34.655430711610485,32.5187969924812,-0.1592752491567332,-0.0747286055441337,0.7285838313105882,-2.8252313296340437,-84.73443255138206,85.16636789072486,9.295112781954888,-0.22266331320055718,-0.11728065672769979
WTICO_USD,Corto,1d,30,70,2.0,497,32.37546816479401,36.61971830985916,-0.11732957508155188,-0.05422300129270894,0.7562463852983765,-2.4043224861105696,-58.31279881553129,58.38675032003847,10.985915492957746,-0.14623195049014373,-0.09835034856324322
WTICO_USD,Corto,1d,30,70,3.0,462,30.09550561797753,40.25974025974026,-0.06975017756781332,-0.02770376220996387,0.7972305373490668,-1.8385146638718104,-32.22458203632976,34.32997281176833,13.04978354978355,-0.09387255037600602,-0.05407063524248809
WTICO_USD,Corto,1d,35,50,1.5,807,52.56942215088282,45.60099132589839,-0.08856815848488002,-0.005980415334354127,0.8137748609434489,-2.621545482733175,-71.47450389729818,75.30524491398862,5.573729863692689,-0.07874445861570606,-0.09557614820046911
WTICO_USD,Corto,1d,35,50,2.0,752,48.986623863028356,51.329787234042556,-0.05302311391713104,0.009095142484412786,0.8610167527225613,-1.7502878361735392,-39.873381665682544,45.95719930780601,6.445478723404255,-0.041089304855212117,-0.06157840169211401
WTICO_USD,Corto,1d,35,50,3.0,675,43.9707062600321,55.7037037037037,-0.03922068494041307,0.002286418209480693,0.8574293041856094,-1.621366401107237,-26.473962334778825,32.906395614715464,7.792592592592593,-0.020362148044775815,-0.0521859290561637
WTICO_USD,Corto,1d,35,60,1.5,806,52.50428036383092,37.468982630272954,-0.11440579092223166,-0.031782552484066515,0.7929458032680923,-2.812843482233747,-92.21106748331871,97.90888247080984,7.864764267990075,-0.15005529547519864,-0.08892018766734462
WTICO_USD,Corto,1d,35,60,2.0,749,48.79119850187266,41.655540720961284,-0.0866036138313854,-0.024486814950866808,0.8112393910379936,-2.405372225473435,-64.86610675970766,70.31443042838042,9.17222963951936,-0.10608927656477785,-0.07261505319938578
WTICO_USD,Corto,1d,35,60,3.0,667,43.449571963616904,44.97751124437781,-0.07071043067492036,-0.02913752314619792,0.7952016436950279,-2.436108330818355,-47.16385726017188,51.891021588331846,11.181409295352324,-0.07833292480314755,-0.0655263666582419
WTICO_USD,Corto,1d,35,70,1.5,806,52.50428036383092,34.86352357320099,-0.12685870860130244,-0.044235470163137315,0.77879397759343,-2.766619454139771,-102.24811913264978,106.70503066937196,9.042183622828784,-0.163430074089746,-0.10071407284786195
WTICO_USD,Corto,1d,35,70,2.0,749,48.79119850187266,39.11882510013351,-0.08938060470383374,-0.02726380582331516,0.8114180669815704,-2.2231623901710185,-66.94607292317147,71.78885600772708,10.598130841121495,-0.11109813441491577,-0.07378980929197898
WTICO_USD,Corto,1d,35,70,3.0,663,43.18900481540931,42.38310708898944,-0.07242025456691946,-0.030714525051522043,0.7985400101798573,-2.2426357551617273,-48.0146287778676,52.621027150653646,12.904977375565611,-0.08278655259699111,-0.06547457377095205
WTICO_USD,Corto,1d,40,50,1.5,1046,68.13830925628679,48.565965583174,-0.11340397782195141,-0.030267351188729457,0.7440900542668132,-4.21070238643095,-118.62056080176117,126.20091003956347,4.353728489483748,-0.10127968460055788,-0.12210400432071819
WTICO_USD,Corto,1d,40,50,2.0,979,63.773809523809526,52.706843718079675,-0.0949921415560759,-0.03232767963748887,0.7367972108393063,-4.052629702059011,-92.9973065833983,99.14773552483321,5.052093973442288,-0.07680922348088827,-0.10776761790803378
WTICO_USD,Corto,1d,40,50,3.0,891,58.041332263242374,56.34118967452301,-0.06411540833790354,-0.021926080022033036,0.7446959834832512,-3.4501659623247805,-57.12682882907205,63.33556778990779,6.176206509539843,-0.03845856973995135,-0.08150987518397279
WTICO_USD,Corto,1d,40,60,1.5,1027,66.9006153023007,36.5141187925998,-0.12616991681220527,-0.042796742459690944,0.7761409814819272,-3.527151393731937,-129.57650456613482,139.9097452634342,6.939629990262902,-0.12905653745617476,-0.12409077631487385
WTICO_USD,Corto,1d,40,60,2.0,945,61.55898876404495,39.36507936507937,-0.1194110948711734,-0.05657873583068238,0.7523545539370633,-3.810556835044978,-112.84348465325887,120.48057476445611,8.156613756613757,-0.12170134418491482,-0.11779469147465191
WTICO_USD,Corto,1d,40,60,3.0,834,54.32825040128411,43.76498800959233,-0.08677600179519683,-0.044306094817131846,0.7576011179111362,-3.386028039503065,-72.37118549719416,76.49917452413709,10.100719424460431,-0.07082694861367249,-0.09742996932045508
WTICO_USD,Corto,1d,40,70,1.5,1024,66.705189941145,33.10546875,-0.12437591452157776,-0.04092748870571,0.7903731829063296,-2.9868727499028966,-127.36093647009562,138.88410095176724,8.5498046875,-0.1308774786397972,-0.11970700606084293
WTICO_USD,Corto,1d,40,70,2.0,939,61.16813804173355,35.78274760383386,-0.11996421126932871,-0.05703280624041215,0.7646493843551999,-3.3164030374592226,-112.64639438189967,120.8171163114294,10.042598509052183,-0.12958293127935902,-0.11319095652542355
WTICO_USD,Corto,1d,40,70,3.0,827,53.87225789192081,39.90326481257557,-0.09165237301490863,-0.04910570763449866,0.7628876659486373,-3.1091377062072527,-75.79651248332944,80.55451965857473,12.30229746070133,-0.08503200353871769,-0.09604819178179597
WTICO_USD,Corto,1h+1d,20,50,1.5,20,1.3028357410379883,25.0,-0.5142903692171572,-0.4335722555445069,0.33838180767297144,-2.3377249440842385,-10.285807384343144,10.285807384343142,6.9,-0.2973468953472439,-0.5383951996471477
WTICO_USD,Corto,1h+1d,20,50,2.0,20,1.3028357410379883,35.0,-0.342543799437784,-0.28200521418329627,0.441379601960018,-1.7255444025848519,-6.85087598875568,7.708905597610596,8.95,-0.3480101715104268,-0.3419364247630459
WTICO_USD,Corto,1h+1d,20,50,3.0,19,1.2376939539860887,42.10526315789473,-0.19397469762318917,-0.15417688262495147,0.4983005618134999,-1.2730610822522086,-3.685519254840594,4.257538994077205,11.421052631578947,-0.39867344767361756,-0.16989249173490348
WTICO_USD,Corto,1h+1d,20,60,1.5,20,1.3028357410379883,25.0,-0.542959834600031,-0.46224172092738075,0.3014994528848146,-2.5463225140469468,-10.859196692000621,10.859196692000621,7.9,-0.2973468953472439,-0.5702501611836741
WTICO_USD,Corto,1h+1d,20,60,2.0,20,1.3028357410379883,30.0,-0.4369241202248261,-0.3763855349703382,0.3142788342978872,-2.4013432273181596,-8.738482404496521,8.738482404496521,11.3,-0.3480101715104268,-0.44680344785975934
WTICO_USD,Corto,1h+1d,20,60,3.0,19,1.2376939539860887,36.84210526315789,-0.2532055206759837,-0.21340770567774592,0.37241848297216684,-1.7625906039900618,-4.8109048928436895,4.81090489284369,14.210526315789474,-0.39867344767361756,-0.23609164691155615
WTICO_USD,Corto,1h+1d,20,70,1.5,20,1.3028357410379883,25.0,-0.542959834600031,-0.46224172092738075,0.3014994528848146,-2.5463225140469468,-10.859196692000621,10.859196692000621,7.9,-0.2973468953472439,-0.5702501611836741
WTICO_USD,Corto,1h+1d,20,70,2.0,20,1.3028357410379883,30.0,-0.4369241202248261,-0.3763855349703382,0.3142788342978872,-2.4013432273181596,-8.738482404496521,8.738482404496521,11.3,-0.3480101715104268,-0.44680344785975934
WTICO_USD,Corto,1h+1d,20,70,3.0,19,1.2376939539860887,36.84210526315789,-0.2532055206759837,-0.21340770567774592,0.37241848297216684,-1.7625906039900618,-4.8109048928436895,4.81090489284369,14.210526315789474,-0.39867344767361756,-0.23609164691155615
WTICO_USD,Corto,1h+1d,25,50,1.5,60,3.908507223113965,41.66666666666667,-0.08536769978529228,-0.00969590227090577,0.8397419485364157,-0.5860506850150871,-5.122061987117537,9.069208146230732,7.05,-0.13534450253087585,-0.058457113691516474
WTICO_USD,Corto,1h+1d,25,50,2.0,59,3.8433654360620655,52.54237288135594,0.008677555087093803,0.0652056911898102,1.02242621539233,0.07288433195332954,0.5119757501385344,5.669644711831504,8.11864406779661,-0.06361490648534622,0.04862865227186329
WTICO_USD,Corto,1h+1d,25,50,3.0,54,3.5176565008025684,57.407407407407405,-0.0016999833501303461,0.03583078791425017,0.9939862594518553,-0.01802156560984507,-0.09179910090703869,3.429983199097597,9.444444444444445,-0.018041151157725976,0.007170936316850168
WTICO_USD,Corto,1h+1d,25,60,1.5,60,3.908507223113965,40.0,-0.017968156609388455,0.057703640904998015,0.9673832473378305,-0.10137825519099292,-1.0780893965633074,9.444851635016505,8.6,0.1622176827859344,-0.1149913008991777
WTICO_USD,Corto,1h+1d,25,60,2.0,59,3.8433654360620655,45.76271186440678,0.00858766487837667,0.06511580098109307,1.020218119304875,0.060764815570342086,0.5066722278242235,7.626312443086423,10.525423728813559,0.08096072853350443,-0.03140797556261496
WTICO_USD,Corto,1h+1d,25,60,3.0,54,3.5176565008025684,50.0,-0.009417806297058668,0.028112964967321845,0.970273567066064,-0.0854713761744792,-0.508561540041168,4.852548249376186,12.166666666666666,0.08431978669420187,-0.060303928206600105
WTICO_USD,Corto,1h+1d,25,70,1.5,60,3.908507223113965,40.0,0.005944897029180792,0.08161669454356728,1.0107914929849586,0.030706961431360452,0.3566938217508475,9.493640149359138,9.4,0.2612975837420924,-0.1315527035085408
WTICO_USD,Corto,1h+1d,25,70,2.0,59,3.8433654360620655,45.76271186440678,0.025162567423017375,0.08169070352573375,1.0592407595522861,0.16426424402183118,1.4845914779580252,6.579553193260558,11.338983050847459,0.15527065425062284,-0.04673927003434357
WTICO_USD,Corto,1h+1d,25,70,3.0,54,3.5176565008025684,50.0,0.0026552708650870427,0.04018604212946755,1.0083811164514072,0.02243834905089491,0.14338462671470031,4.606024140841496,13.055555555555555,0.13907446880155233,-0.07140086515756554
WTICO_USD,Corto,1h+1d,30,50,1.5,135,8.79414125200642,42.22222222222222,-0.057843799771881706,0.020345057665062297,0.8885952784790967,-0.6099772825990355,-7.80891296920403,18.53542247464068,6.5777777777777775,-0.31399703120509964,0.09767780502685774
WTICO_USD,Corto,1h+1d,30,50,2.0,130,8.468432316746924,50.0,-0.0009371088128773955,0.058059039041489416,0.9976117536287692,-0.011907255496065191,-0.12182414567406141,10.315317924448284,7.707692307692308,-0.14920381528169874,0.08302114665741904
WTICO_USD,Corto,1h+1d,30,50,3.0,124,8.077581594435527,54.83870967741935,-0.0024456838953333332,0.03669242521324684,0.9912183875493256,-0.0407980046305291,-0.3032648030213333,7.843130095531276,8.983870967741936,-0.12848487119710425,0.06446400812906361
WTICO_USD,Corto,1h+1d,30,60,1.5,135,8.79414125200642,38.51851851851852,0.01709242852325501,0.095281285960199,1.0301158884817463,0.14361511198213978,2.307477850639426,18.62370760399058,8.459259259259259,-0.12332388819385032,0.1023451922443547
WTICO_USD,Corto,1h+1d,30,60,2.0,130,8.468432316746924,42.30769230769231,0.02412687221682543,0.08312302007119221,1.0535190534847032,0.24737291639756323,3.136493388187306,13.190829006065123,10.392307692307693,-0.11044990958465019,0.10033300167067308
WTICO_USD,Corto,1h+1d,30,60,3.0,124,8.077581594435527,47.58064516129033,0.03157623865540842,0.07071434776398855,1.099109594737185,0.4263782478135531,3.915453593270644,11.046820551224275,12.274193548387096,-0.05366909723417154,0.07682993548567925
WTICO_USD,Corto,1h+1d,30,70,1.5,135,8.79414125200642,36.2962962962963,0.001272374390545605,0.07946123182748965,1.0021795876378832,0.009851565370456544,0.17177054272365666,23.233102222557832,9.71111111111111,-0.17923588871173343,0.11086667698835795
WTICO_USD,Corto,1h+1d,30,70,2.0,130,8.468432316746924,40.0,0.021768927428037647,0.08076507528240444,1.047430983356711,0.20602699919369782,2.8299605656448943,15.93322240836666,11.86923076923077,-0.14525761634761655,0.11635022330099846
WTICO_USD,Corto,1h+1d,30,70,3.0,124,8.077581594435527,45.16129032258064,0.0320907633351165,0.07122887244369666,1.098955107814338,0.40390843605442833,3.9792546535544457,12.690850947702739,13.870967741935484,-0.0792170976533676,0.09118012163764508
WTICO_USD,Corto,1h+1d,35,50,1.5,282,18.369983948635635,45.39007092198582,-0.09446288447178361,-0.016912355887959554,0.8075598937652498,-1.636743582634565,-26.63853342104298,37.34164270546193,5.202127659574468,-0.17707404285873365,-0.04241307947653766
WTICO_USD,Corto,1h+1d,35,50,2.0,267,17.392857142857142,52.05992509363296,-0.05037674867350508,0.00774738882799219,0.8674222491624298,-1.0231259384894207,-13.450591895825855,25.705295146462838,5.977528089887641,-0.12835871326433823,-0.0006213847627894498
WTICO_USD,Corto,1h+1d,35,50,3.0,247,16.090021401819154,56.68016194331984,-0.0435399066714413,-0.004796841934445855,0.8447352086206766,-1.1017992443260325,-10.754356947846002,17.382838615338574,7.291497975708502,-0.09933244930114421,-0.008669567527876966
WTICO_USD,Corto,1h+1d,35,60,1.5,281,18.304842161583736,38.43416370106761,-0.05641042932645387,0.02122398533306602,0.9007939203532811,-0.7637638285936651,-15.851330640733536,43.197539962760516,7.597864768683274,-0.1179995127139112,-0.017380138109983748
WTICO_USD,Corto,1h+1d,35,60,2.0,264,17.197431781701443,43.18181818181818,-0.039507163810319434,0.018567450812586782,0.9152522648843762,-0.6268847761288653,-10.429891245924331,35.48409452772495,8.882575757575758,-0.08983565611098122,-0.007309432711138269
WTICO_USD,Corto,1h+1d,35,60,3.0,243,15.829454253611557,47.73662551440329,-0.02290542771911681,0.015823285652528486,0.9331586271933002,-0.45849435931332067,-5.566018935745385,25.25084342407972,10.897119341563785,-0.05929279412033203,-0.00034526055036334215
WTICO_USD,Corto,1h+1d,35,70,1.5,281,18.304842161583736,34.519572953736656,-0.08732523323478755,-0.009690818575267678,0.8538891834137285,-1.0561862146908285,-24.538390538975303,47.73718908590692,8.94306049822064,-0.18727304120531396,-0.023986215393000453
WTICO_USD,Corto,1h+1d,35,70,2.0,264,17.197431781701443,39.39393939393939,-0.05689056968741388,0.001184044935492337,0.883240987453572,-0.8128932674865943,-15.019110397477263,39.27071673306136,10.579545454545455,-0.13169454413069467,-0.00903461088208513
WTICO_USD,Corto,1h+1d,35,70,3.0,241,15.699170679507759,43.983402489626556,-0.03261793678102252,0.0062962459768320655,0.9098549315710777,-0.5877667593799611,-7.8609227642264266,26.938684652751967,12.95435684647303,-0.09155434511188894,0.0031368176063697934
WTICO_USD,Corto,1h+1d,40,50,1.5,425,27.68525949705725,49.88235294117647,-0.1074285305623077,-0.028340375039193746,0.7637676910679625,-2.4780814991230837,-45.65712548898077,53.19441837877473,4.131764705882353,-0.11088396534545207,-0.10542463529773324
WTICO_USD,Corto,1h+1d,40,50,2.0,397,25.861289459604066,53.904282115869016,-0.10150553047322965,-0.042006549432307305,0.7345707816369,-2.6572780869516235,-40.29769559787217,46.38887455945018,4.7430730478589425,-0.100850298255156,-0.10188254901140695
WTICO_USD,Corto,1h+1d,40,50,3.0,359,23.38590155163189,58.495821727019504,-0.060422681536501086,-0.020111750227893105,0.7679219604376571,-1.9874497246325475,-21.69174267160389,29.127513413448973,5.949860724233983,-0.054451492999759765,-0.06373139206768243
WTICO_USD,Corto,1h+1d,40,60,1.5,417,27.164125200642054,39.568345323741006,-0.04806549620713043,0.031247167964838913,0.9144481616714603,-0.8070338134113555,-20.04331191837339,49.1949306881685,6.788968824940048,-0.04865085218311975,-0.04772625581195481
WTICO_USD,Corto,1h+1d,40,60,2.0,385,25.079588014981272,42.857142857142854,-0.06760151848558264,-0.007940450952732948,0.861835278644661,-1.3009286478359903,-26.026584616949318,47.1705107248439,7.815584415584415,-0.072111303335029,-0.06499545428979604
WTICO_USD,Corto,1h+1d,40,60,3.0,340,22.1482075976458,48.529411764705884,-0.04136835498953328,-0.0010034616488399303,0.8847061329389285,-0.9765150960302048,-14.065240696441315,32.28810093488137,9.761764705882353,-0.04854490687867424,-0.037300539863430335
WTICO_USD,Corto,1h+1d,40,70,1.5,415,27.033841626538255,35.18072289156626,-0.0729770982533263,0.006474127448052325,0.8788395099372424,-1.076373120091712,-30.285495775130414,58.33757179834261,8.633734939759035,-0.15256545169367486,-0.026979266607193294
WTICO_USD,Corto,1h+1d,40,70,2.0,383,24.949304440877476,38.38120104438642,-0.08610664413323915,-0.02633205071308819,0.83658938182008,-1.4603779826407528,-32.978844703030596,55.202835523312395,9.921671018276763,-0.15978336436252996,-0.0436591509970222
WTICO_USD,Corto,1h+1d,40,70,3.0,338,22.017924023542,43.49112426035503,-0.06372110296907584,-0.023275190074692857,0.8399136051758446,-1.3248937166965111,-21.53773280354763,37.059134879067194,12.20414201183432,-0.14456771306082614,-0.018057739861698313
