inst,tf,setup,side,exit,trades,per_year,win,avgR,avgR_gross,PF,t,totR,maxDD_R,bars,IS_trades,IS_avgR,IS_PF,IS_t,OOS_trades,OOS_avgR,OOS_PF,OOS_t
NAS100_USD,5m,S1 Cruce EMA 9/21,Largo,nativa,6168,401.6512747370298,28.728923476005185,-0.12227447024108443,0.046189751211064556,0.7916547902752789,-6.7406645764533355,-754.1889324470087,785.8062056077223,18.143644617380026,3240,-0.16139959112550503,0.7429720736609288,-6.245124458470903,2928,-0.07898027909848787,0.8541310531768994,-3.118625667760075
NAS100_USD,5m,S1 Cruce EMA 9/21,Largo,bracket,5837,380.09703155642717,38.101764605105366,-0.18134726690900888,0.04172858881543569,0.7382949449804538,-10.854360776212411,-1058.5239969478848,1075.1564042339558,9.857461024498887,3056,-0.22346922742887124,0.6973597178144516,-9.445864589768837,2781,-0.13506006397887604,0.7899522402383703,-5.745653719556442
NAS100_USD,5m,S1 Cruce EMA 9/21,Corto,nativa,6079,395.85572294526656,25.25086362888633,-0.1265293912351446,0.04758747928892128,0.8002839312067627,-5.904386237667082,-769.1721693184439,807.940590149108,16.192301365356144,3200,-0.16561187827194768,0.7513033893843802,-5.789096877389987,2879,-0.08308932228142112,0.8609532521122374,-2.582100444279845
NAS100_USD,5m,S1 Cruce EMA 9/21,Corto,bracket,5761,375.1480210376181,34.92449227564659,-0.2230352920863024,0.009178418455691634,0.7056420264030866,-12.633866729075507,-1284.9063177091882,1306.2987155921105,8.264016663773651,3045,-0.2839341508137074,0.6439239369260609,-11.687272640075472,2716,-0.15475950975016542,0.7830055363351863,-6.036207909560231
NAS100_USD,5m,S2 Cruce 9/21 + RSI>50 + EMA200,Largo,nativa,3898,253.8321447673382,29.14315033350436,-0.1221824847742094,0.053845718410183895,0.7976768138471373,-5.262872154556259,-476.2673256498682,513.8800279920107,18.830425859415083,2016,-0.15712617509481405,0.7548450657759931,-4.749570323197157,1882,-0.0847507739950707,0.8497946464624025,-2.6086714464597183
NAS100_USD,5m,S2 Cruce 9/21 + RSI>50 + EMA200,Largo,bracket,3720,242.24104118381175,38.575268817204304,-0.1845081392433264,0.04821397350037394,0.7340061092272903,-8.827742198212924,-686.3702779851742,701.7421673631807,9.804301075268818,1916,-0.23366376925740037,0.6823799548690495,-7.900747048929705,1804,-0.13230071845232544,0.796156831573876,-4.489342627193075
NAS100_USD,5m,S2 Cruce 9/21 + RSI>50 + EMA200,Corto,nativa,3315,215.8680246033161,25.339366515837103,-0.12277476545327365,0.04000167859996451,0.8076135269924406,-4.2076691930800125,-406.9983474776021,468.3685766839843,16.83499245852187,1771,-0.16083941946305022,0.7589409971731025,-4.196071768371803,1544,-0.07911381839931361,0.8691994592142621,-1.7732323289432264
NAS100_USD,5m,S2 Cruce 9/21 + RSI>50 + EMA200,Corto,bracket,3184,207.33749331431628,34.92462311557789,-0.21192779407603954,0.004764164154358196,0.7164688644649638,-8.962330411270784,-674.7780963381099,692.4881580570143,8.154522613065327,1701,-0.2845740355544697,0.640038842149326,-8.837586684158644,1483,-0.12860260408628246,0.8157585836464831,-3.7040727222003684
NAS100_USD,5m,S3 RSI 30/70 contra-tendencia,Largo,nativa,3762,244.9760206810483,50.47846889952153,-0.16554703251304304,-0.018950802959726613,0.696316596744761,-10.412641393664204,-622.7879363140679,643.761346269631,8.467038809144073,1960,-0.23055529189527313,0.6017618713689178,-10.483335475459457,1802,-0.09483882585978501,0.8134409045999226,-4.141391896625976
NAS100_USD,5m,S3 RSI 30/70 contra-tendencia,Largo,bracket,4015,261.4510162239258,35.56662515566625,-0.22232609388112026,-0.028217332073496516,0.6929990960011441,-10.99700742322617,-892.6392669326979,927.0315577867881,8.909339975093399,2096,-0.3114646046705929,0.5970932437037102,-11.250558874599516,1919,-0.12496584447271254,0.8137129135437258,-4.246934227769927
NAS100_USD,5m,S3 RSI 30/70 contra-tendencia,Corto,nativa,3531,229.93363344624711,48.99461908807703,-0.184626440976759,-0.014692287674012884,0.6647009278781415,-11.092362018065128,-651.9159630889361,665.7277621084924,9.943075615972813,1769,-0.18939169827598112,0.6512234474302384,-8.122558999158565,1762,-0.17984225246238678,0.6778620947031019,-7.56702606696854
NAS100_USD,5m,S3 RSI 30/70 contra-tendencia,Corto,bracket,3799,247.38540738099482,34.982890234272176,-0.23028895437702748,-0.0048857966596811695,0.6822591558817707,-11.084453218717574,-874.8677376783274,886.4849192160422,9.593050802842853,1883,-0.23468160119447407,0.6772704372558976,-7.9448289668316,1916,-0.22597196379391069,0.6871943489624351,-7.729828914792954
NAS100_USD,5m,S4 RSI 30/70 a favor de tendencia,Largo,nativa,269,17.51689249420574,48.3271375464684,-0.257563401434336,-0.048644200587308756,0.5517550050606056,-4.433977136524881,-69.28455498583638,75.00892882227342,5.037174721189591,142,-0.34164249387664586,0.44886568741485455,-4.285570529956806,127,-0.16355370752246193,0.6878565764779655,-1.9386779838272885
NAS100_USD,5m,S4 RSI 30/70 a favor de tendencia,Largo,bracket,272,17.712248172579784,36.39705882352941,-0.22612670203681007,0.05124999231894664,0.713969276508544,-2.6931456919773087,-61.506462954012335,70.6312130330302,6.165441176470588,143,-0.3752686066905992,0.5720989253647546,-3.2631950620700816,129,-0.060798854242299645,0.9124890585107407,-0.49973225891591827
NAS100_USD,5m,S4 RSI 30/70 a favor de tendencia,Corto,nativa,104,6.772330183633446,39.42307692307692,-0.32737704351722186,-0.15429224354165008,0.44961089919327146,-3.637533040357968,-34.047212525791075,34.299724385619946,6.163461538461538,58,-0.39004874603401646,0.3881634756805886,-3.2398621163625596,46,-0.24835620121343735,0.5409123937104446,-1.825000917979979
NAS100_USD,5m,S4 RSI 30/70 a favor de tendencia,Corto,bracket,108,7.032804421465502,28.703703703703702,-0.38848294853510684,-0.16091420213473043,0.5432608416735256,-3.069614813066498,-41.95615844179154,42.42091325009214,6.0,60,-0.5861939935319166,0.392060039745972,-3.6060682779816697,48,-0.14134414228909484,0.8004929592668881,-0.7228041278566478
NAS100_USD,5m,S5 RSI(2) extremo + EMA200,Largo,nativa,6006,391.1020681048315,49.883449883449885,-0.17388889194426801,0.009149228403340998,0.4905039690554232,-20.337302186309465,-1044.3766850172738,1044.3766850172763,4.023310023310024,2988,-0.21900712956223867,0.39869267530800734,-17.780597080639478,3018,-0.12921914575391144,0.5944173978828995,-10.939242861281901
NAS100_USD,5m,S5 RSI(2) extremo + EMA200,Largo,bracket,5483,357.04506150829025,37.20590917380996,-0.21790835288560206,0.026674185511798575,0.7007296722323455,-12.468124837439376,-1194.7914988717562,1194.7914988717569,9.450118548240015,2762,-0.2758511921259531,0.6417656921900813,-11.121184879972866,2721,-0.15909243153982866,0.7679525251450723,-6.472997760806807
NAS100_USD,5m,S5 RSI(2) extremo + EMA200,Corto,nativa,4609,300.1314405419861,51.24755912345411,-0.13896434491006798,0.014459500686129464,0.5468803947160856,-15.209968935886936,-640.4866656905033,660.1082720945697,4.5536992840095465,2512,-0.1663229317532173,0.4795289237654482,-13.433815036577467,2097,-0.1061914454584747,0.6354018835907469,-7.862194354773147
NAS100_USD,5m,S5 RSI(2) extremo + EMA200,Corto,bracket,4173,271.739748618292,35.53798226695423,-0.2215532177798312,-0.021113886061156387,0.6890636531296542,-11.280585329537628,-924.5415777952355,931.583664352735,9.977234603402827,2241,-0.26466819858170687,0.6469384071546843,-9.756879869837459,1932,-0.1715425179987736,0.7437750814299302,-6.036416694974232
NAS100_USD,5m,S6 Retroceso a EMA21 en tendencia,Largo,nativa,4885,318.1041629523979,24.11463664278403,-0.1492404138241133,0.032931389178363586,0.7313765805142828,-7.725634167644791,-729.0394215307934,768.4858427519245,15.496622313203686,2499,-0.2042034353007153,0.656055669734785,-7.5725476613517335,2386,-0.09167436576458757,0.8222100028962177,-3.316407659266837
NAS100_USD,5m,S6 Retroceso a EMA21 en tendencia,Largo,bracket,5587,363.8173916919237,37.44406658313943,-0.2254081658173572,0.019775454435877877,0.6889773850690242,-13.14243790161319,-1259.3554224215748,1287.9609748645728,9.42903168068731,2859,-0.28847883526809137,0.6248940383465167,-11.944739365866896,2728,-0.15930880952716323,0.7651270734088887,-6.557074607772436
NAS100_USD,5m,S6 Retroceso a EMA21 en tendencia,Corto,nativa,4015,261.4510162239258,21.36986301369863,-0.1415894478061284,0.013514232239266129,0.7415249229594594,-6.261446032533058,-568.4816329416055,578.1481370035335,14.301369863013699,2198,-0.17383331012962747,0.7016233703895597,-5.632092085053932,1817,-0.10258448942029957,0.7971352691989823,-3.090508387960844
NAS100_USD,5m,S6 Retroceso a EMA21 en tendencia,Corto,bracket,4553,296.48480121233735,35.99824291675818,-0.1997596254680531,0.00424966973242208,0.723973035686347,-10.297984678586669,-909.5055747560457,915.5306556014206,9.03030968592137,2518,-0.2375546996127979,0.6862214494684599,-9.012316357046977,2035,-0.15299402512580865,0.775797310912635,-5.34841163903666
NAS100_USD,5m,S7 Impulso RSI 70/30 en tendencia,Largo,nativa,1843,120.01350508111963,34.50895279435703,0.0260708250766621,0.21075661765981946,1.0414511170121366,0.634161676169423,48.04853061628825,110.5391789699184,20.28160607704829,934,-0.10398732751235643,0.8434317253432249,-1.959576230331155,909,0.15970593455756782,1.2694219521563685,2.5444912780065936
NAS100_USD,5m,S7 Impulso RSI 70/30 en tendencia,Largo,bracket,2380,154.9821715100731,40.21008403361345,-0.12425518584284438,0.1198271833546663,0.8179963213141506,-4.595761061764051,-295.7273423059696,331.17771214224706,9.273949579831934,1188,-0.23027533183522525,0.6869386892332104,-6.1040112332767675,1192,-0.01859081215245135,0.9704922501877448,-0.4827624914998725
NAS100_USD,5m,S7 Impulso RSI 70/30 en tendencia,Corto,nativa,1597,103.99433945444821,29.868503443957422,-0.10485692710477425,0.048279448745704355,0.8466186916515095,-2.4300824791853706,-167.45651258632446,234.65710155689695,16.987476518472135,869,-0.18544636342466944,0.7387436381458251,-3.4782225856850704,728,-0.008658822486657615,0.9867272020207148,-0.12380081317853384
NAS100_USD,5m,S7 Impulso RSI 70/30 en tendencia,Corto,bracket,2029,132.1255571403102,35.78117299162149,-0.1688365068808934,0.02625427183958849,0.7691116574223246,-5.633857244572398,-342.56927246133273,387.1679189438984,7.400689995071464,1081,-0.25806331006401034,0.6638933435286247,-6.437929173450774,948,-0.06709159734402696,0.902704406159301,-1.4978589171979504
NAS100_USD,15m,S1 Cruce EMA 9/21,Largo,nativa,2386,155.428303905832,35.4149203688181,-0.1138554298552177,-0.0014970015173293562,0.7919881128612583,-4.557113016154015,-271.6590556345494,303.78610706815726,9.63160100586756,1260,-0.15336763665811304,0.736803831173611,-4.373729194212418,1126,-0.06964105989815901,0.8628520909954049,-1.9611306319898805
NAS100_USD,15m,S1 Cruce EMA 9/21,Largo,bracket,2329,151.71522204387372,37.655646200085876,-0.1535138503302854,-0.0031294910619927524,0.7640528958853491,-6.007699901988906,-357.5337574192347,370.8562463456617,6.575354229282954,1229,-0.20114311294849394,0.7111717674435329,-5.606728509482593,1100,-0.10029897418685055,0.8326890914011261,-2.7639631063597676
NAS100_USD,15m,S1 Cruce EMA 9/21,Corto,nativa,2356,153.474050294275,30.135823429541595,-0.12465909156125984,-0.00877938903882052,0.7956368029040201,-4.119359815207716,-293.6968197183282,315.91360377843046,9.261460101867572,1253,-0.1541551277947949,0.7573686188568578,-3.862991873179174,1103,-0.09115180833313705,0.8431608660591181,-1.978277750451208
NAS100_USD,15m,S1 Cruce EMA 9/21,Corto,bracket,2293,149.37011771000536,36.24073266463149,-0.12551060959279134,0.029738149723155735,0.8169042848635607,-4.543112820970007,-287.79582779627054,292.76397402167134,5.467945922372438,1222,-0.1377135864166531,0.805574728505863,-3.5794623281145403,1071,-0.11158713837079409,0.8307888874698283,-2.8137956562175193
NAS100_USD,15m,S2 Cruce 9/21 + RSI>50 + EMA200,Largo,nativa,1673,108.98220973782772,35.6246264196055,-0.12410352078106307,-0.0028444784839419795,0.7799405195490992,-4.0836008574488645,-207.6251902667185,237.7965652598444,9.796174536760311,859,-0.1372473126704861,0.770137857909181,-3.084316311646538,814,-0.1102331064898906,0.7916166805975984,-2.674959340338146
NAS100_USD,15m,S2 Cruce 9/21 + RSI>50 + EMA200,Largo,bracket,1637,106.63710540395934,37.263286499694566,-0.17672180602476897,-0.014585266302505607,0.7348200508710798,-5.789301061727837,-289.2935964625468,305.17951569728734,6.569334147831399,842,-0.20379142080627694,0.710225394661257,-4.669315983943394,795,-0.14805184923731013,0.7640194351272465,-3.4756498337914956
NAS100_USD,15m,S2 Cruce 9/21 + RSI>50 + EMA200,Corto,nativa,1324,86.24772605671482,32.55287009063444,-0.04528456097463388,0.06248747126488135,0.9251720089484172,-1.0424066376839354,-59.95675873041526,92.36241132625258,9.705438066465257,723,-0.06310907586403373,0.897123581982588,-1.1514410015139724,601,-0.023841758536969834,0.959946059640834,-0.3435029884007206
NAS100_USD,15m,S2 Cruce 9/21 + RSI>50 + EMA200,Corto,bracket,1301,84.74946495452113,39.27747886241353,-0.027822767860659615,0.11675677586582303,0.9572725609650622,-0.7402981614410357,-36.19742098671816,58.677030510006404,5.252882398155265,711,-0.017970441817914462,0.9728852494778385,-0.34757313157278036,590,-0.039695655685052504,0.937703558643637,-0.7258430268454326
NAS100_USD,15m,S3 RSI 30/70 contra-tendencia,Largo,nativa,1885,122.7922685928304,48.59416445623342,-0.12282388319221803,-0.022122128750234022,0.7550877139985784,-5.62575880893098,-231.52301981733098,234.17303783968828,6.378779840848806,979,-0.17657468795595074,0.672933301927358,-5.74717547315739,906,-0.06474216369586668,0.8592676708105409,-2.0949416824337574
NAS100_USD,15m,S3 RSI 30/70 contra-tendencia,Largo,bracket,1993,129.82758159443551,37.431008529854495,-0.1453401608805358,-0.01191237104698935,0.7814339971155655,-5.140539258164317,-289.66294063490784,290.866764478319,6.496236828901154,1040,-0.20679781518321702,0.7102201052262794,-5.221586018597212,953,-0.07827199668873257,0.8720758753982981,-1.9441871876817274
NAS100_USD,15m,S3 RSI 30/70 contra-tendencia,Corto,nativa,1694,110.3501872659176,47.992916174734354,-0.07114280437278721,0.0482720121738218,0.8514106270016673,-2.979177315215328,-120.51591060750152,126.5531266455784,6.824675324675325,852,-0.08489290012882345,0.8215539232251788,-2.5649509958600984,842,-0.05722940581679802,0.8812367368799466,-1.6607466994678204
NAS100_USD,15m,S3 RSI 30/70 contra-tendencia,Corto,bracket,1807,117.71120920278224,38.18483674598782,-0.07823744568909907,0.0800009498045307,0.8771651794455009,-2.5736285643772034,-141.37506436020203,155.14669269728148,6.4775871610403986,900,-0.10094565422652516,0.8449671456775347,-2.337860228446784,907,-0.055704493446890185,0.9105650899562782,-1.301001890095743
NAS100_USD,15m,S4 RSI 30/70 a favor de tendencia,Largo,nativa,278,18.109416800428036,49.280575539568346,-0.1645112668326398,-0.042447063667387264,0.6705113231631877,-2.9940178896158347,-45.73413217947387,48.54100718345319,5.611510791366906,112,-0.26577099335847254,0.5241169440425404,-2.974685272159195,166,-0.096191451345331,0.7905964528038788,-1.3891482193385594
NAS100_USD,15m,S4 RSI 30/70 a favor de tendencia,Largo,bracket,283,18.435125735687535,32.15547703180212,-0.28548882597293596,-0.12325346311569028,0.6233180947935846,-3.7707099790112233,-80.79333775034088,84.32500443121052,6.374558303886926,116,-0.436619669914082,0.48686358753710346,-3.7469411971222213,167,-0.1805117128162117,0.7396413396079535,-1.8228665291501376
NAS100_USD,15m,S4 RSI 30/70 a favor de tendencia,Corto,nativa,128,8.338148742643124,53.125,-0.00915016245219892,0.09696483448012613,0.9798705607697277,-0.10470356192926156,-1.1712207938814618,15.042069719512883,5.0390625,67,-0.06644314108015935,0.8591016673027705,-0.5660397229001713,61,0.05377819112277402,1.1233750085939342,0.41068219199596473
NAS100_USD,15m,S4 RSI 30/70 a favor de tendencia,Corto,bracket,133,8.663857677902621,38.34586466165413,-0.07684419679231715,0.06281732783489394,0.8865838569716363,-0.6510910874824924,-10.22027817337818,19.222847920735177,5.714285714285714,70,-0.20924084543905552,0.7138348323102943,-1.3299320601470876,63,0.07026319059294776,1.113706614158806,0.3969219050755221
NAS100_USD,15m,S5 RSI(2) extremo + EMA200,Largo,nativa,2263,147.41586409844837,56.65046398585948,-0.11981631291730742,0.007804921610258136,0.6841582171889796,-7.416101788746866,-271.1443161318667,280.19837180871986,3.4622182942996025,1147,-0.18346660575380813,0.5644220664468288,-7.835292218677835,1116,-0.054397956390903876,0.8382677884952057,-2.4649134812373243
NAS100_USD,15m,S5 RSI(2) extremo + EMA200,Largo,bracket,2316,150.86837881219904,39.03281519861831,-0.1462748967026847,0.023520787168027173,0.7762861944053248,-5.6527960381075015,-338.7726607634178,344.8342078956431,5.746113989637306,1181,-0.20137775516663128,0.7109390300232841,-5.491183606855343,1135,-0.08893879463579402,0.8540310974417269,-2.441101066844839
NAS100_USD,15m,S5 RSI(2) extremo + EMA200,Corto,nativa,1437,93.60874799357946,58.455114822546975,-0.07006168878548999,0.025949279418158663,0.7832264352980839,-3.734303595753886,-100.6786467847491,113.42921562625955,3.917884481558803,792,-0.1079417407537284,0.6936894537287326,-4.166421952432266,645,-0.023548508694257706,0.9180517753958183,-0.8714050143243214
NAS100_USD,15m,S5 RSI(2) extremo + EMA200,Corto,bracket,1444,94.06474050294275,38.227146814404435,-0.11238098595359026,0.01596104164486997,0.8199725692416328,-3.4501062111698504,-162.27814371698435,189.88424360848282,6.231994459833795,808,-0.13589074302927415,0.7943940327368193,-3.042852150478122,636,-0.08251324425995417,0.8571541643176084,-1.738912238638163
NAS100_USD,15m,S6 Retroceso a EMA21 en tendencia,Largo,nativa,2342,152.56206527554843,30.486763450042698,-0.1087589837063348,0.0206881308792827,0.7836463398702058,-4.460233872482056,-254.7135398402361,267.579664321207,8.323228010247652,1199,-0.1259390910553481,0.7608410414587292,-3.615237299341469,1143,-0.09073715631222548,0.8100218625226617,-2.6624577001363603
NAS100_USD,15m,S6 Retroceso a EMA21 en tendencia,Largo,bracket,2336,152.17121455323704,39.726027397260275,-0.11959765966381135,0.05557928653998101,0.8148228467817554,-4.587134092747383,-279.3801329746633,288.06012021017136,6.560359589041096,1231,-0.13037720176578582,0.805600200301504,-3.546574421849562,1105,-0.10758895710496012,0.8259687850538953,-2.9154339152474944
NAS100_USD,15m,S6 Retroceso a EMA21 en tendencia,Corto,nativa,1539,100.25321027287319,26.705653021442494,-0.10238754156407784,0.0030256830331501705,0.8017345984701119,-3.007270062001945,-157.57442646711579,176.6064063083034,7.677063027940221,886,-0.10617364136986557,0.8065901803167749,-2.198875180148836,653,-0.09725050568669968,0.7940766262127315,-2.0971245477754548
NAS100_USD,15m,S6 Retroceso a EMA21 en tendencia,Corto,bracket,1592,103.70572498662386,36.620603015075375,-0.1394217281898308,0.0009270364193630964,0.7905681851155495,-4.3632765906270095,-221.95939127821066,236.22419328746864,5.62248743718593,923,-0.1709420843986092,0.7554701067728516,-4.011204200056354,669,-0.09593400206023073,0.8451933731382001,-1.9901810338048145
NAS100_USD,15m,S7 Impulso RSI 70/30 en tendencia,Largo,nativa,1047,68.20345104333869,38.68194842406877,0.00419809327003682,0.13552911875444795,1.007384158099392,0.0946351394532584,4.39540365372855,65.38614673346942,11.13658070678128,514,-0.07983590241851148,0.8673157030701542,-1.2565953187146135,533,0.08523650562259559,1.1588637949558427,1.37878694628816
NAS100_USD,15m,S7 Impulso RSI 70/30 en tendencia,Largo,bracket,1182,76.9975922953451,41.032148900169204,-0.03402199680030711,0.13904139496242118,0.945649997259578,-0.890280216687784,-40.214000217963005,105.61792854423854,6.384940778341794,577,-0.14044660765087838,0.7936917806895433,-2.591653420936111,605,0.06747717751503107,1.1176106444873162,1.2589244279168808
NAS100_USD,15m,S7 Impulso RSI 70/30 en tendencia,Corto,nativa,817,53.22084002140182,33.414932680538556,-0.0256340688440395,0.08086919068930691,0.9586262918279129,-0.4444097490487614,-20.94303424558027,55.189970822788986,10.089351285189718,464,-0.08146626749691688,0.8717901099801542,-1.0854136497960556,353,0.04775443023509676,1.0797563699942512,0.5311183230934801
NAS100_USD,15m,S7 Impulso RSI 70/30 en tendencia,Corto,bracket,962,62.66639914392724,36.07068607068607,-0.11594429532357806,0.020584282686521002,0.8299709197042993,-2.721926604438983,-111.53841210128209,115.12212018259619,5.352390852390853,540,-0.12783439938965324,0.8162916080610113,-2.235944571992406,422,-0.1007294702153302,0.8483132831281538,-1.5758826072410554
NAS100_USD,1h,S1 Cruce EMA 9/21,Largo,nativa,1931,126.05857908847184,30.13982392542724,0.017200662165048838,0.09034773441769431,1.0293462673976843,0.4391476651526454,33.2144786407093,66.69463795461321,24.270844122216467,993,-0.035857392620761035,0.9418166209509049,-0.6575127351924909,938,0.0733697969223081,1.1323874680071566,1.3040578527438282
NAS100_USD,1h,S1 Cruce EMA 9/21,Largo,bracket,1837,119.92211796246649,40.01088731627654,-0.0360312707062539,0.06061762592953935,0.9421045174456157,-1.1855083254918974,-66.18944428738841,116.91771999671832,10.047359825802939,943,-0.1003042633300492,0.8477201261131272,-2.366022525882168,894,0.03176451457812977,1.0543889157945054,0.7301266561831364
NAS100_USD,1h,S1 Cruce EMA 9/21,Corto,nativa,1932,126.12386058981232,21.27329192546584,-0.17140741442780683,-0.09453643978967283,0.7391301188607269,-4.100527438651732,-331.1591246745228,345.33451968446815,18.458592132505174,993,-0.17547624111932578,0.7404430236664837,-3.0638741292987532,939,-0.16710459770290986,0.7376565025644064,-2.7351420513375357
NAS100_USD,1h,S1 Cruce EMA 9/21,Corto,bracket,1843,120.31380697050938,32.33857840477483,-0.1772488472188849,-0.0755513405539934,0.7550137403190246,-5.683676817025111,-326.66962542440484,338.35118939529,8.232230059685296,952,-0.19956808919135552,0.7268985500923102,-4.679291950801094,891,-0.15340157633471876,0.7856824359802291,-3.359080013735468
NAS100_USD,1h,S2 Cruce 9/21 + RSI>50 + EMA200,Largo,nativa,1267,82.71166219839142,28.25572217837411,-0.037366829202436724,0.040074634485552256,0.9386273756212649,-0.7872823931058478,-47.34377259948733,91.68759145909286,23.596685082872927,604,-0.10246906725823426,0.8419748491334434,-1.5059798225025272,663,0.021941997020341133,1.038307173677811,0.33154444458505733
NAS100_USD,1h,S2 Cruce 9/21 + RSI>50 + EMA200,Largo,bracket,1211,79.0558981233244,38.31544178364988,-0.08978861892084551,0.012702062325056598,0.8607502255192984,-2.425745247283537,-108.73401751314391,138.3133667274226,9.922378199834847,577,-0.15883036937270748,0.7678113075433,-2.9716274325877747,634,-0.026954092090049942,0.9557460127325293,-0.5262306091077407
NAS100_USD,1h,S2 Cruce 9/21 + RSI>50 + EMA200,Corto,nativa,800,52.22520107238606,22.125,-0.19253204841860772,-0.1259094124170079,0.7058464475132348,-3.42193135773867,-154.02563873488617,169.77561871848195,19.7725,459,-0.15992459919633076,0.757783032724791,-2.083057212373776,341,-0.23642301379404798,0.6344861819138182,-2.8764616357622095
NAS100_USD,1h,S2 Cruce 9/21 + RSI>50 + EMA200,Corto,bracket,773,50.46260053619303,34.54075032341527,-0.09270765828884012,-0.004986290442396743,0.8641062222017473,-1.8907017662646406,-71.66301985727341,88.31070809020132,8.129366106080207,439,-0.11168485626814875,0.8366806966929659,-1.757754394396847,334,-0.06776457471723384,0.9003543395612635,-0.8809272901261439
NAS100_USD,1h,S3 RSI 30/70 contra-tendencia,Largo,nativa,1128,73.63753351206434,54.78723404255319,-0.026166083563701727,0.036463896094429814,0.9446286761950023,-0.8812744706448958,-29.515342259855547,55.01536124985787,9.652482269503546,608,-0.03207299715697027,0.9330070436807556,-0.7775272885091598,520,-0.01925953843926466,0.9586094954805183,-0.45076399901338
NAS100_USD,1h,S3 RSI 30/70 contra-tendencia,Largo,bracket,1198,78.20723860589813,38.313856427378965,-0.05157209159174908,0.03199203182758111,0.9201211056379803,-1.3482075358258836,-61.7833657269154,85.57725062456032,10.034223706176961,649,-0.07892939455432221,0.8802051344315932,-1.527472698843277,549,-0.019231673335446783,0.9694722550069692,-0.3379436131716502
NAS100_USD,1h,S3 RSI 30/70 contra-tendencia,Corto,nativa,1349,88.06474530831099,49.29577464788733,-0.11069917525501025,-0.030389726311238135,0.7859275193315867,-4.02731752558178,-149.33318741900882,157.04172137968888,10.565604151223129,701,-0.11489141840477933,0.7753835308302424,-3.012855581031624,648,-0.10616404802046064,0.7970792657666494,-2.6751003094634993
NAS100_USD,1h,S3 RSI 30/70 contra-tendencia,Corto,bracket,1462,95.44155495978552,34.1313269493844,-0.16396161630148018,-0.05590604394196643,0.7598794045946248,-4.895692099587293,-239.71188303276404,250.36187649720225,9.971956224350205,752,-0.19250996187830718,0.7233694520338299,-4.146765616744223,710,-0.13372449535250291,0.8001059494954206,-2.7650358334518126
NAS100_USD,1h,S4 RSI 30/70 a favor de tendencia,Largo,nativa,193,12.599329758713136,56.476683937823836,-0.02508000035837325,0.049788316398573014,0.9429886419709488,-0.3710603704245322,-4.840440069166037,13.497895452853951,9.093264248704664,86,0.00877746054729753,1.0203602251799435,0.08374251400735054,107,-0.05229253903022079,0.8830114595228555,-0.5909848276504768
NAS100_USD,1h,S4 RSI 30/70 a favor de tendencia,Largo,bracket,199,12.991018766756032,35.175879396984925,-0.1705401131023149,-0.07037407891547262,0.7527466860543275,-1.903621831412721,-33.93748250736066,36.47644113375382,9.793969849246231,90,-0.0957924591269933,0.8592237832342324,-0.6864751096200972,109,-0.23225835950395649,0.6669654809611819,-1.9963042329907847
NAS100_USD,1h,S4 RSI 30/70 a favor de tendencia,Corto,nativa,105,6.85455764075067,53.333333333333336,-0.025742960320908823,0.05057778010074813,0.9448390065006842,-0.2660698738308862,-2.7030108336954264,13.546644891389878,8.847619047619048,72,0.013261059892980332,1.0294531740713324,0.11138129980783275,33,-0.11084264078757604,0.7794479675857461,-0.6641849655161719
NAS100_USD,1h,S4 RSI 30/70 a favor de tendencia,Corto,bracket,107,6.985120643431635,33.64485981308411,-0.12544906781358375,-0.023541509849817396,0.8151882803271838,-0.9804736803201312,-13.423050256053461,21.930814943603586,9.205607476635514,73,-0.09770324077184162,0.8574204219459325,-0.6134825956779192,34,-0.18502099057967722,0.7217409207696633,-0.8579079211034695
NAS100_USD,1h,S5 RSI(2) extremo + EMA200,Largo,nativa,2739,178.80603217158176,59.072654253377145,-0.02515919993928464,0.06395824272478645,0.9133304480842397,-1.8573516192401012,-68.91104863370063,76.64074265477237,3.953997809419496,1327,-0.053524136338424066,0.821244658714594,-2.76547152390607,1412,0.0014982155009830803,1.0053184618131479,0.07909576160631827
NAS100_USD,1h,S5 RSI(2) extremo + EMA200,Largo,bracket,2506,163.59544235924932,38.98643256185156,-0.02507856201232914,0.09167348699955752,0.9621433315609765,-0.91217653392158,-62.846876402896825,112.64009463051457,8.320430965682363,1215,-0.039700078901950174,0.9410261581054394,-1.003570718265667,1291,-0.011317800570896477,0.9826513006777486,-0.29590948896681385
NAS100_USD,1h,S5 RSI(2) extremo + EMA200,Corto,nativa,1726,112.67587131367291,52.83893395133256,-0.08989167226568213,-0.01962388741293948,0.7121901128961213,-5.4098298757526795,-155.15302633056737,166.08763401722103,4.670915411355736,1010,-0.06602317426051034,0.7721579451151535,-3.104481308891418,716,-0.1235609222450446,0.6409626036834877,-4.661136094280961
NAS100_USD,1h,S5 RSI(2) extremo + EMA200,Corto,bracket,1582,103.27533512064343,34.007585335018966,-0.13775478373038785,-0.04647689723900755,0.8020067331359387,-4.12991956187269,-217.92806786147358,233.14399376716014,8.351453855878635,915,-0.11868580884545456,0.8282436958573819,-2.685546652685008,667,-0.16391387221571613,0.766590944493368,-3.2236694521402063
NAS100_USD,1h,S6 Retroceso a EMA21 en tendencia,Largo,nativa,1364,89.04396782841823,25.073313782991203,-0.027730422093038668,0.05420019611908469,0.9472030475509692,-0.6439703620615519,-37.824295734904744,104.41927977958989,21.073313782991203,650,-0.11974614630855228,0.7832484421349852,-2.129006243166283,714,0.056037394069543764,1.1119766610475095,0.8720040533859414
NAS100_USD,1h,S6 Retroceso a EMA21 en tendencia,Largo,bracket,1997,130.3671581769437,39.45918878317477,-0.05636573737854537,0.057379578410281,0.9124819581481106,-1.9019044710599826,-112.5623775449551,156.86202626764702,9.29694541812719,986,-0.09068422014973834,0.8618748233199479,-2.1693437867747773,1011,-0.02289588177775775,0.9637646821974126,-0.5450923058516141
NAS100_USD,1h,S6 Retroceso a EMA21 en tendencia,Corto,nativa,834,54.444772117962465,20.26378896882494,-0.15066162853096032,-0.08560081581155024,0.7268137035765928,-2.9232043883925694,-125.65179819482091,132.41727639760586,16.628297362110313,482,-0.1519159345553511,0.7371246057883534,-2.110615540525776,352,-0.148944084486198,0.7109809039876345,-2.0625059973541084
NAS100_USD,1h,S6 Retroceso a EMA21 en tendencia,Corto,bracket,1130,73.76809651474531,33.45132743362832,-0.1533164713626316,-0.06721831287978344,0.7806161540045053,-3.9113869467025912,-173.2476126397737,177.5030054529281,8.097345132743364,690,-0.15112014106678476,0.784923423109365,-2.9980893318890933,440,-0.15676071659930058,0.7737668465102103,-2.5119594059972257
NAS100_USD,1h,S7 Impulso RSI 70/30 en tendencia,Largo,nativa,624,40.735656836461125,33.65384615384615,0.023773182186559064,0.10467027314312172,1.0403902579364126,0.37036313812665206,14.834465684412855,51.724398669000635,23.935897435897434,312,-0.1354238822620826,0.7914211120800123,-1.6086755278819491,312,0.18297024663520073,1.3465971125550409,1.9016642820640153
NAS100_USD,1h,S7 Impulso RSI 70/30 en tendencia,Largo,bracket,898,58.62278820375335,40.53452115812918,-0.06315818092527545,0.0492729055826914,0.9002134592287955,-1.4672118984757991,-56.71604647089735,116.70838684279597,9.751670378619155,444,-0.23915442082888727,0.6627506754215567,-4.08202325970994,454,0.10896148981746383,1.1951275068995255,1.7577871308398363
NAS100_USD,1h,S7 Impulso RSI 70/30 en tendencia,Corto,nativa,432,28.20160857908847,28.703703703703702,-0.23352047328543396,-0.1725437706218756,0.6409332172748492,-3.212936220758677,-100.88084445930747,105.57300646960137,18.11111111111111,247,-0.20153442109392442,0.6950629890912116,-2.017024452085554,185,-0.27622617540058453,0.5658640842092995,-2.626933994049733
NAS100_USD,1h,S7 Impulso RSI 70/30 en tendencia,Corto,bracket,570,37.210455764075064,33.85964912280702,-0.13136208801509802,-0.05074008475107091,0.8060011071399742,-2.400710232042248,-74.87639016860587,95.03969173075185,8.273684210526316,337,-0.22804627998043034,0.6798667203057822,-3.3139909578504403,233,0.00847727976308657,1.013537922231463,0.09536206776861172
NAS100_USD,1d,S1 Cruce EMA 9/21,Largo,nativa,79,5.486737022247576,36.708860759493675,0.3505155224831418,0.36074363353090255,1.8808313584455332,1.8156680323351224,27.6907262761682,4.911633889398787,31.11392405063291,38,0.16719805839227037,1.3491898742209092,0.6224636517635769,41,0.5204195135917542,2.6113290700407945,1.8794448792021219
NAS100_USD,1d,S1 Cruce EMA 9/21,Largo,bracket,74,5.1394751853964635,45.94594594594595,0.22702690195706582,0.24059235362136114,1.4693759758513008,1.4956251329070505,16.79999074482287,5.446580414564102,13.297297297297296,35,0.02204087529817926,1.0390634360431303,0.10113136562222183,39,0.4109887207535024,1.9990356741254354,1.9601054272272112
NAS100_USD,1d,S1 Cruce EMA 9/21,Corto,nativa,79,5.486737022247576,16.455696202531644,-0.2857014629241015,-0.2747051680604342,0.5496824612407596,-1.752007366090632,-22.570415571004016,33.2018049500514,14.784810126582279,39,-0.11938469868502097,0.7963887147386749,-0.417393382628254,40,-0.44786030805720484,0.3426867075234524,-2.779990367381223
NAS100_USD,1d,S1 Cruce EMA 9/21,Corto,bracket,77,5.347832287507131,25.97402597402597,-0.2743934555599413,-0.2596377480615395,0.6317856487230459,-1.8897651826038917,-21.128296078115483,23.1247428356729,6.376623376623376,38,-0.17797891038578398,0.7498971540095891,-0.8240357847984345,39,-0.3683358329091204,0.526509994256817,-1.8766502507181224
NAS100_USD,1d,S2 Cruce 9/21 + RSI>50 + EMA200,Largo,nativa,68,4.722760981175129,35.294117647058826,0.3017408276968455,0.31216315272390616,1.708484122865993,1.4120832461514932,20.518376283385496,4.352046731664995,29.83823529411765,29,0.06915015820532948,1.1275754742039492,0.21776935291440286,39,0.4746928639854087,2.3980545691134965,1.6449000934476923
NAS100_USD,1d,S2 Cruce 9/21 + RSI>50 + EMA200,Largo,bracket,65,4.514403879064461,44.61538461538462,0.19909158184436332,0.21285947899940807,1.3980172719477273,1.2146285942427189,12.940952819883616,5.6820231108483235,12.615384615384615,28,-0.023946970980640938,0.9592874941631211,-0.09760677716830536,37,0.36787751371193406,1.8483820145883134,1.680724628081484
NAS100_USD,1d,S2 Cruce 9/21 + RSI>50 + EMA200,Corto,nativa,13,0.9028807758128923,7.6923076923076925,0.07169762285751943,0.08129344726853133,1.1159824017553974,0.09621547225386734,0.9320690971477525,8.036297602402215,14.23076923076923,10,0.30336138081265673,1.5111609301392464,0.31380131733362765,3,-0.700514903659605,0.0,-3.952828114476928
NAS100_USD,1d,S2 Cruce 9/21 + RSI>50 + EMA200,Corto,bracket,13,0.9028807758128923,15.384615384615385,-0.5537591844528506,-0.5409647519048347,0.35524991046998267,-1.7731895033574474,-7.198869397887057,9.181328218092327,7.6923076923076925,10,-0.4176462576283667,0.48710738406206094,-1.0436950879184135,3,-1.0074689405344632,0.0,-635.4561710586288
NAS100_USD,1d,S3 RSI 30/70 contra-tendencia,Largo,nativa,32,2.2224757558471193,50.0,-0.1441579507390555,-0.13666941558510443,0.7138448895372691,-0.9021588915708343,-4.613054423649776,7.172736642257125,7.71875,17,-0.33017106857429157,0.4441966183548095,-1.5729240240325038,15,0.06665691614087872,1.166031071814275,0.27781064296783514
NAS100_USD,1d,S3 RSI 30/70 contra-tendencia,Largo,bracket,32,2.2224757558471193,37.5,-0.057825708303290244,-0.04784099476468877,0.9067873794826085,-0.25181950072214754,-1.8504226657052878,9.446988568246317,8.875,17,-0.4010024950931586,0.46785281633236164,-1.4478783031215197,15,0.331107983391894,1.7053668377190474,0.920461459548119
NAS100_USD,1d,S3 RSI 30/70 contra-tendencia,Corto,nativa,67,4.6533086138049065,47.76119402985074,-0.0881353947673294,-0.07433964245026958,0.8287179704600303,-0.7219612834233691,-5.90507144941107,9.953799154040263,8.462686567164178,30,-0.11514151473012062,0.7739407082306674,-0.6490086350680616,37,-0.06623854074344458,0.8723226076122537,-0.3897222601084329
NAS100_USD,1d,S3 RSI 30/70 contra-tendencia,Corto,bracket,72,5.000570450656019,25.0,-0.3056058794773585,-0.28693717218298365,0.5857937845074093,-2.115446915729715,-22.003623322369812,25.966677884428382,8.930555555555555,34,-0.2392222229832864,0.6704086722328135,-1.0803909722638938,38,-0.36500178265626504,0.5123846245206738,-1.9091175813600456
NAS100_USD,1d,S4 RSI 30/70 a favor de tendencia,Largo,nativa,10,0.6945236737022248,60.0,0.0025767833057972036,0.009805990232274842,1.0064012288259565,0.008937686081993744,0.025767833057972034,2.0196661635369577,7.1,4,-0.2870502677144683,0.43148967310167924,-0.6769112580933755,6,0.1956614839859743,1.5852915404104835,0.49101574155624
NAS100_USD,1d,S4 RSI 30/70 a favor de tendencia,Largo,bracket,10,0.6945236737022248,60.0,0.447691948897831,0.4573308914664677,2.1075042285763956,1.022347533671696,4.47691948897831,2.051387018988926,9.7,4,-0.0005628643518392762,0.9988888394727512,-0.0008688592589573695,6,0.7465284910642779,3.221669660805652,1.2394639733143622
NAS100_USD,1d,S4 RSI 30/70 a favor de tendencia,Corto,nativa,1,0.06945236737022248,0.0,-1.021234121702823,-0.9999999999999986,0.0,,-1.021234121702823,1.021234121702823,5.0,1,-1.021234121702823,0.0,,0,,,
NAS100_USD,1d,S4 RSI 30/70 a favor de tendencia,Corto,bracket,1,0.06945236737022248,0.0,-1.0283121622704294,-0.9999999999999969,0.0,,-1.0283121622704294,1.0283121622704294,4.0,1,-1.0283121622704294,0.0,,0,,,
NAS100_USD,1d,S5 RSI(2) extremo + EMA200,Largo,nativa,142,9.862236166571591,72.53521126760563,0.14909984465920204,0.1608625689005506,1.6472258824072101,2.607913351175045,21.172177941606687,4.400391752947648,3.683098591549296,61,0.1011177326118204,1.462287198823565,1.2604435236106515,81,0.18523452163315612,1.7746219084711121,2.310663282887991
NAS100_USD,1d,S5 RSI(2) extremo + EMA200,Largo,bracket,135,9.376069594980034,40.0,0.14044827591324552,0.15574757568839764,1.238283194599289,1.1573332890999763,18.960517248288145,9.325973051705711,8.148148148148149,55,0.02746600527659827,1.0445271654952848,0.15000581501964738,80,0.21812358697594045,1.38229301527231,1.3472748308824436
NAS100_USD,1d,S5 RSI(2) extremo + EMA200,Corto,nativa,24,1.6668568168853395,62.5,0.01588969383208924,0.024858682704158013,1.0844161732560722,0.15982476527970088,0.3813526519701418,3.1417807997658698,4.75,17,0.08415561966791546,1.5738545888707867,0.7305343237665947,7,-0.14989898319777442,0.4816989342465077,-0.7740962484151414
NAS100_USD,1d,S5 RSI(2) extremo + EMA200,Corto,bracket,18,1.2501426126640047,22.22222222222222,-0.4216522579646473,-0.41034421520186665,0.4460401577343237,-1.6094699865470814,-7.589740643363651,8.363243500476914,12.444444444444445,12,-0.35799328921924367,0.4893690455159981,-1.138903899617692,6,-0.5489701954554547,0.37710489489377047,-1.0756447486620315
NAS100_USD,1d,S6 Retroceso a EMA21 en tendencia,Largo,nativa,84,5.833998859098688,28.57142857142857,0.05587909553689215,0.06714131832084048,1.1253151835496968,0.3648960370216872,4.693844025098941,12.828604958612228,20.428571428571427,33,0.0007188272615073808,1.0015818513380368,0.0033475900186499055,51,0.09157103383272933,1.2079269825019034,0.43187012600089825
NAS100_USD,1d,S6 Retroceso a EMA21 en tendencia,Largo,bracket,124,8.612093553907588,35.483870967741936,-0.032815403794538504,-0.017157065026929336,0.9492034563952261,-0.2698331620390967,-4.0691100705227745,18.750164581745835,8.629032258064516,45,-0.036784197275336564,0.9424716816167911,-0.18255751924705185,79,-0.03055469864724848,0.9529768195040056,-0.19905601506735182
NAS100_USD,1d,S6 Retroceso a EMA21 en tendencia,Corto,nativa,13,0.9028807758128923,38.46153846153847,0.11355198491266788,0.12263711954520429,1.3652492042467885,0.32248902944948044,1.4761758038646824,2.886178860269236,21.076923076923077,10,0.25200771929751575,1.962515574564259,0.5680438645016439,3,-0.34796712970349164,0.2665823483058019,-0.9547692740386226
NAS100_USD,1d,S6 Retroceso a EMA21 en tendencia,Corto,bracket,19,1.319594980034227,36.84210526315789,-0.048898811812150174,-0.03590095512542138,0.923025133059007,-0.15697936925046407,-0.9290774244308533,4.997866415356649,10.68421052631579,16,-0.06285518254034539,0.9009210470834006,-0.18624724693365985,3,0.02553516540489083,1.0399078038968725,0.0259041760585628
NAS100_USD,1d,S7 Impulso RSI 70/30 en tendencia,Largo,nativa,35,2.4308328579577867,45.714285714285715,0.25817898966718417,0.27172972389316724,1.6285512850658397,1.0717976424529048,9.036264638351446,2.9563980277687953,24.257142857142856,15,0.2735035825293769,1.6977784821492614,0.745426605973155,20,0.24668554502053958,1.5806492845267133,0.75309287501638
NAS100_USD,1d,S7 Impulso RSI 70/30 en tendencia,Largo,bracket,53,3.6809754706217914,45.28301886792453,0.19406030321644202,0.21206885089633273,1.3576325988919626,1.024951825829387,10.285196070471427,4.645986070561528,11.88679245283019,24,0.38329052735292407,1.7974557557502282,1.3216510202594396,29,0.037455979793146556,1.0630655875324595,0.14974900782415057
NAS100_USD,1d,S7 Impulso RSI 70/30 en tendencia,Corto,nativa,4,0.2778094694808899,25.0,0.4966868995301375,0.5055956785291473,1.657077731129253,0.33012089329306,1.98674759812055,2.006846761048445,14.75,2,1.9967971795844974,4.927747805074964,0.6626037298199957,2,-1.0034233805242225,0.0,-1182.223418113596
NAS100_USD,1d,S7 Impulso RSI 70/30 en tendencia,Corto,bracket,7,0.48616657159155735,28.57142857142857,-0.15385932116762507,-0.1428571428571428,0.7867696289463646,-0.27834536915884245,-1.0770152481733755,3.015734401955496,4.285714285714286,5,0.1864227533115767,1.3064331428894829,0.25361104252886885,2,-1.0045645073656295,0.0,-887.6759117800312
SPX500_USD,5m,S1 Cruce EMA 9/21,Largo,nativa,6173,401.97686753431987,29.175441438522597,-0.1194497079348234,0.06624227312710408,0.7967500848905974,-6.548363639334105,-737.3630470816648,747.0565915966814,18.347480965494896,3292,-0.1312228062152299,0.7726280430231872,-5.492860212442524,2881,-0.10599707359289413,0.8232725131170545,-3.7890732424382496
SPX500_USD,5m,S1 Cruce EMA 9/21,Largo,bracket,5835,379.96679443751117,37.73778920308483,-0.20608130717762396,0.03975960456590935,0.7094615419824781,-12.304983747145595,-1202.4844273814358,1211.2054569070854,9.970179948586118,3085,-0.22193998942543156,0.6914238010718444,-9.648812842219321,2750,-0.18829074909235616,0.730307312071448,-7.706536391045639
SPX500_USD,5m,S1 Cruce EMA 9/21,Corto,nativa,6003,390.9067124264575,25.05413959686823,-0.14049257466322793,0.05096676036099328,0.7827939306664339,-6.520722458360327,-843.3769257033572,858.4588296419086,16.248042645343993,3181,-0.12626488943561268,0.7987574603343272,-4.564955870075814,2822,-0.1565302311866312,0.7659096031461896,-4.659236091477342
SPX500_USD,5m,S1 Cruce EMA 9/21,Corto,bracket,5644,367.5291495810305,34.65627214741318,-0.24624742593584273,0.008077656622824081,0.6835373092430311,-13.735500914283122,-1389.8204719818964,1413.038448420705,8.311481218993622,2966,-0.25363038511280706,0.6721552185395377,-10.364530616230157,2678,-0.23807048160467165,0.6959909568938375,-9.041897778464596
SPX500_USD,5m,S2 Cruce 9/21 + RSI>50 + EMA200,Largo,nativa,3824,249.0133713674452,29.419456066945603,-0.11918285016362971,0.07590587931963658,0.802181021249177,-5.018728152942199,-455.75521902572,479.15067823515363,18.834989539748953,2018,-0.12634140639627378,0.7849179498822582,-4.03582804335471,1806,-0.11118397614509389,0.8204764368633201,-3.0773177972132673
SPX500_USD,5m,S2 Cruce 9/21 + RSI>50 + EMA200,Largo,bracket,3632,236.5106079515065,37.91299559471366,-0.21003407370417315,0.04808294843174741,0.7045470951575002,-9.901937675822468,-762.8437556935569,781.7329696175859,9.90170704845815,1895,-0.20979720915225725,0.7035076010969548,-7.17869937259552,1737,-0.2102924837939145,0.7056702199290944,-6.8187757103424875
SPX500_USD,5m,S2 Cruce 9/21 + RSI>50 + EMA200,Corto,nativa,3263,212.48185951149938,26.754520380018388,-0.08866997414762065,0.08918529390035157,0.8606412173729378,-2.9514255815567623,-289.3301256436862,350.9572959039013,17.05455102666258,1746,-0.08088957820057344,0.8704566922162397,-2.080496296283474,1517,-0.09762486625279172,0.8497871046702151,-2.0934686546890866
SPX500_USD,5m,S2 Cruce 9/21 + RSI>50 + EMA200,Corto,bracket,3093,201.411704403637,35.91981894600711,-0.20363179250319613,0.0328754072604951,0.7294032343350593,-8.394326155735765,-629.8331342123856,652.4942170576865,8.344002586485614,1644,-0.2397868049216639,0.6847539026168561,-7.32995298058878,1449,-0.16261119870336102,0.7812403396726384,-4.505877700118271
SPX500_USD,5m,S3 RSI 30/70 contra-tendencia,Largo,nativa,3564,232.08254590836157,49.74747474747475,-0.1800771949051653,-0.021060252641690085,0.6754764408211755,-10.943759262471529,-641.7951226420091,650.5968419450023,8.582210998877665,1818,-0.22186776856539478,0.6040741683805054,-9.921793283976061,1746,-0.1365632986197717,0.7513374258987799,-5.649980238999047
SPX500_USD,5m,S3 RSI 30/70 contra-tendencia,Largo,bracket,3813,248.29706721340702,34.303697875688435,-0.25939029766059324,-0.04887628984737699,0.6530718449286042,-12.506591994691698,-989.0552049798421,999.600802338578,8.996066089693155,1963,-0.33199000712327675,0.5672573125187101,-11.932625738162312,1850,-0.1823561194577567,0.7491618046246776,-5.916185887703694
SPX500_USD,5m,S3 RSI 30/70 contra-tendencia,Corto,nativa,3375,219.77513817079694,48.592592592592595,-0.20843753874409665,-0.01901884372704283,0.6279669118368462,-12.24330885978653,-703.4766932613262,708.0967337767271,10.170962962962962,1695,-0.22506555094951133,0.5868266260091068,-9.979967350150458,1680,-0.19166106214399076,0.667224359652551,-7.505830680695323
SPX500_USD,5m,S3 RSI 30/70 contra-tendencia,Corto,bracket,3627,236.18501515421644,34.353460159911776,-0.2825064962975028,-0.030373832184062304,0.6237528915183783,-13.405225491167068,-1024.6510620710426,1027.3067203306532,9.812241521918942,1833,-0.28024864425940205,0.6198509404384916,-9.609380654777603,1794,-0.2848134320755622,0.6275958482367767,-9.349892486172475
SPX500_USD,5m,S4 RSI 30/70 a favor de tendencia,Largo,nativa,244,15.888928507755393,45.90163934426229,-0.27189111241260866,-0.06067601084735896,0.5381476432284318,-4.470442777685145,-66.34143142867651,67.48483723120007,5.836065573770492,111,-0.3280911668806978,0.4618010017927299,-3.687593214347199,133,-0.22498730755578236,0.6061448987260041,-2.6986323827483036
SPX500_USD,5m,S4 RSI 30/70 a favor de tendencia,Largo,bracket,252,16.409876983419505,36.507936507936506,-0.26219332961783337,0.019262008881074235,0.6734383777393513,-3.050798101683306,-66.07271906369401,70.97045662613567,7.071428571428571,114,-0.3055380624230797,0.6302931033008801,-2.393600259591024,138,-0.22638681121349957,0.7110359239069173,-1.9421008919207914
SPX500_USD,5m,S4 RSI 30/70 a favor de tendencia,Corto,nativa,90,5.860670351221252,51.11111111111111,-0.21441266250668853,-0.03554535328623419,0.6090488711872988,-2.132456505063049,-19.297139625601968,23.089974402459422,5.666666666666667,45,-0.21022527098943275,0.5962631004466893,-1.5363371733305518,45,-0.21860005402394433,0.6206035115401224,-1.4680131833152885
SPX500_USD,5m,S4 RSI 30/70 a favor de tendencia,Corto,bracket,91,5.925788910679265,36.26373626373626,-0.20257240794998926,0.036368665644219984,0.7337085669900524,-1.411680295199394,-18.434089123449024,24.83838625675105,6.967032967032967,46,-0.17582165297011135,0.7629458140086294,-0.8640413850329948,45,-0.22991762415164235,0.7052952890114116,-1.1238788666166448
SPX500_USD,5m,S5 RSI(2) extremo + EMA200,Largo,nativa,5942,386.9344802995186,45.15314708852238,-0.20897961065089474,0.0012987282425735661,0.4234199829573763,-24.429357977763377,-1241.7568464876165,1243.4405323028077,4.01127566475934,2935,-0.21649465334374635,0.3797368815085586,-18.801814551056584,3007,-0.2016445091199604,0.46304851686085324,-15.969008861143811
SPX500_USD,5m,S5 RSI(2) extremo + EMA200,Largo,bracket,5482,356.9799429488322,36.081721999270336,-0.2631252013501224,0.0156925312507724,0.6565422946938058,-14.834921260659323,-1442.452353801371,1444.1869780051002,9.123859905144108,2691,-0.2559465116874721,0.6609976170092577,-10.200874964708943,2791,-0.2700466824974501,0.6523672484252627,-10.770428982165233
SPX500_USD,5m,S5 RSI(2) extremo + EMA200,Corto,nativa,4675,304.42926546621504,49.19786096256685,-0.1391866212184013,0.026991069912047538,0.5505270888791436,-15.145567938296129,-650.6974541960261,658.5062297306274,4.483636363636363,2475,-0.14933806523148588,0.5084922613805534,-12.185533438834003,2200,-0.12776624670368117,0.595963725257629,-9.238870256192437
SPX500_USD,5m,S5 RSI(2) extremo + EMA200,Corto,bracket,4260,277.40506329113924,35.25821596244131,-0.22584798430790534,-0.006282177457657301,0.6938705777661234,-11.299213548855583,-962.1124131516767,969.4530871947261,9.748356807511737,2221,-0.23584923839709535,0.6798045968471582,-8.593397877765286,2039,-0.21495402387039142,0.7091412212844397,-7.370804945228336
SPX500_USD,5m,S6 Retroceso a EMA21 en tendencia,Largo,nativa,4826,314.2621679443751,23.82925818483216,-0.1399021134191656,0.062053412181432684,0.7476467550468491,-7.18303216673421,-675.1675993608933,688.1730683125315,15.360547036883547,2561,-0.1396194741516965,0.7380338283389387,-5.372641668226565,2265,-0.140221689209006,0.7576585134454328,-4.783923198442041
SPX500_USD,5m,S6 Retroceso a EMA21 en tendencia,Largo,bracket,5471,356.2636387947941,37.68963626393712,-0.2138785371536297,0.058626928957235744,0.7081265326876727,-12.08051701849128,-1170.129476767508,1179.2870110497058,9.369219521111313,2865,-0.22042388644394667,0.6965525280238852,-9.11535319238175,2606,-0.20668267156776712,0.720620475313277,-7.955526494097578
SPX500_USD,5m,S6 Retroceso a EMA21 en tendencia,Corto,nativa,4146,269.98154751292566,21.152918475639172,-0.13234599015251097,0.037707038332444466,0.7597434660011729,-5.8229952817082555,-548.7064751723105,573.5882544087314,13.958031837916064,2333,-0.13965025066894568,0.7422086845637706,-4.798959023485487,1813,-0.1229467404090791,0.7814697418066757,-3.4102513068053417
SPX500_USD,5m,S6 Retroceso a EMA21 en tendencia,Corto,bracket,4702,306.1874665715814,35.197788175244575,-0.21981053873250786,0.000859096986622153,0.7067557033723996,-11.343602646148968,-1033.549153120252,1043.7232203504993,8.734793704806465,2605,-0.24960347616514827,0.671716869404511,-9.687418844199408,2097,-0.18280023734384396,0.7517075698638613,-6.224122215641312
SPX500_USD,5m,S7 Impulso RSI 70/30 en tendencia,Largo,nativa,1759,114.54354608664646,34.110289937464465,-0.05459252022976969,0.14797342934310495,0.9123863610783265,-1.4461147569921877,-96.02824308416488,143.04537616809776,20.436043206367255,890,-0.14311994844424653,0.772929804251626,-2.9391634094790127,869,0.03607423593925723,1.0585860875428192,0.6245076897004335
SPX500_USD,5m,S7 Impulso RSI 70/30 en tendencia,Largo,bracket,2257,146.97258869673738,38.6796632698272,-0.17912539257345406,0.09248829345459585,0.747085136556201,-6.5192977641429035,-404.2860110382858,413.1728886076848,9.711564023039433,1122,-0.2439856485326573,0.6633512831634417,-6.447063251448872,1135,-0.11500802941378349,0.8337861846543946,-2.893596948758947
SPX500_USD,5m,S7 Impulso RSI 70/30 en tendencia,Corto,nativa,1594,103.79898377607417,27.10163111668758,-0.19249266450691985,-0.030584738762820068,0.721832567640496,-4.7901821012729755,-306.83330722403025,322.5210822695668,16.673776662484315,848,-0.14597374357087275,0.7734219526418643,-2.7940269096566306,746,-0.24537208133502708,0.6712067517300158,-3.9579695861112842
SPX500_USD,5m,S7 Impulso RSI 70/30 en tendencia,Corto,bracket,2013,131.08366018898198,34.873323397913566,-0.19819698419205253,0.011264099061775015,0.7365650573181053,-6.579284809770749,-398.97052917860174,413.31562786169485,7.684550422255341,1088,-0.15149897375487498,0.78974093786821,-3.702575557608697,925,-0.2531239413332949,0.6795029776645941,-5.692000396020644
SPX500_USD,15m,S1 Cruce EMA 9/21,Largo,nativa,2327,151.58493846976992,37.21529866781263,-0.06969380685337144,0.05037437493226775,0.8636599054720799,-2.7812663829816557,-162.17748854779535,198.8717573818898,9.870648904168457,1245,-0.08173775956880186,0.841638305607867,-2.4120006121040034,1082,-0.055835469394304074,0.8895348130840645,-1.5004538829618923
SPX500_USD,15m,S1 Cruce EMA 9/21,Largo,bracket,2252,146.69930444087748,39.87566607460036,-0.10145286769878047,0.059032043868644475,0.8365370848182064,-3.877068189524442,-228.4718580576536,264.74153057316613,7.202930728241563,1203,-0.11944033688958017,0.8106994823519963,-3.327774811722768,1049,-0.08082472142944581,0.8672448798365855,-2.1136952553326167
SPX500_USD,15m,S1 Cruce EMA 9/21,Corto,nativa,2247,146.37359550561797,30.08455718736093,-0.1271871236973768,-0.005805749226412281,0.786025996657905,-4.2130224830301,-285.78946694800567,300.2487489815881,9.395193591455273,1199,-0.15053367498414677,0.746569858767378,-3.900134112274594,1048,-0.10047670862787567,0.8310988521382846,-2.1227848818176467
SPX500_USD,15m,S1 Cruce EMA 9/21,Corto,bracket,2177,141.81367041198502,34.49701423977951,-0.18010718432739029,-0.018146626021327526,0.7462940007334714,-6.43630979738412,-392.0933402807286,397.5730136342812,5.917776757005053,1161,-0.19989746183946813,0.7238496005528785,-5.212682460441191,1016,-0.15749250697352965,0.7730476432722736,-3.847507631327331
SPX500_USD,15m,S2 Cruce 9/21 + RSI>50 + EMA200,Largo,nativa,1524,99.27608346709471,37.53280839895013,-0.06543825446492274,0.06588050893521222,0.8749437697040278,-2.0324331163249436,-99.72789980454226,144.89791744112674,10.087270341207349,808,-0.04528361018614807,0.9121631236591649,-1.0247136613915786,716,-0.08818260163985281,0.8342408041072632,-1.8752756046719161
SPX500_USD,15m,S2 Cruce 9/21 + RSI>50 + EMA200,Largo,bracket,1482,96.54012841091493,40.2834008097166,-0.09169773170969636,0.08393015669897473,0.8528122076048239,-2.808127659585871,-135.89603839377,182.2609176478401,7.205128205128205,784,-0.06578870628625084,0.8919733531930623,-1.4590482188136813,698,-0.12079898662657494,0.8108721933876266,-2.5506894749935256
SPX500_USD,15m,S2 Cruce 9/21 + RSI>50 + EMA200,Corto,nativa,1220,79.47298020331728,32.213114754098356,-0.10256711940595023,0.008690916400022196,0.8307080683429093,-2.405435766989697,-125.13188567525928,153.9185320988638,9.551639344262295,649,-0.11725221067189569,0.8032539699120005,-2.1753238211079533,571,-0.08587600866759888,0.8608426482043019,-1.272730782315604
SPX500_USD,15m,S2 Cruce 9/21 + RSI>50 + EMA200,Corto,bracket,1197,77.9747191011236,36.59147869674185,-0.12185501113454204,0.026530817949412932,0.823355837823365,-3.165628906763899,-145.86044832804683,151.53474048351077,5.634920634920635,634,-0.09453006379509968,0.8604002327744196,-1.7778282423335345,563,-0.1526259109803795,0.7832373212713507,-2.734616590866401
SPX500_USD,15m,S3 RSI 30/70 contra-tendencia,Largo,nativa,1738,113.21642589620117,48.61910241657077,-0.11796071963370879,-0.011811234705311207,0.7669321633426127,-5.116454995504616,-205.01573072338587,211.49012820708066,6.485615650172612,898,-0.15776221934533272,0.7004509088863521,-4.930095933944204,840,-0.07541102113247282,0.8442434325836887,-2.271293401122731
SPX500_USD,15m,S3 RSI 30/70 contra-tendencia,Largo,bracket,1835,119.53517924023542,37.9291553133515,-0.13494128987202755,0.0054062942390972315,0.7965534707796319,-4.548581360673295,-247.61726691517055,252.4841948451635,6.7204359673024525,961,-0.189097226262515,0.7280123978473227,-4.630164683399738,874,-0.07539454516807054,0.8799696224691272,-1.7493691851654458
SPX500_USD,15m,S3 RSI 30/70 contra-tendencia,Corto,nativa,1605,104.55256821829856,46.292834890965736,-0.12754090853184072,0.0029506822396204776,0.7496880837706253,-5.264861108909077,-204.70315819360434,212.9863693803971,7.049221183800623,813,-0.1280036681889324,0.7476968470539972,-3.8143597173901336,792,-0.12706587873232608,0.751714415542804,-3.6306444474194275
SPX500_USD,15m,S3 RSI 30/70 contra-tendencia,Corto,bracket,1712,111.5227394328518,34.98831775700935,-0.18770236494733303,-0.0141927275929069,0.7260049303154017,-6.15594458168167,-321.34644878983414,326.48109530955924,6.697429906542056,866,-0.157831294944537,0.7676872188060209,-3.6153782804987995,846,-0.21827960681780742,0.6840453998458892,-5.130164696750519
SPX500_USD,15m,S4 RSI 30/70 a favor de tendencia,Largo,nativa,224,14.591760299625468,54.46428571428571,-0.08326729608905001,0.05411417713673564,0.8172758593799876,-1.3616558784215034,-18.6518743239472,27.63537253659538,6.071428571428571,100,-0.056373435781795905,0.8723817724929668,-0.6075464780403164,124,-0.10495589311102914,0.7752363592146551,-1.2870332659152277
SPX500_USD,15m,S4 RSI 30/70 a favor de tendencia,Largo,bracket,226,14.722043873729268,37.16814159292036,-0.20763207710521506,-0.02528430825247513,0.711132154795275,-2.420653426616454,-46.9248494257786,47.510095263952266,7.353982300884955,100,-0.14134730404815252,0.8027300552242695,-1.0460394045405066,126,-0.26023903984891544,0.6388446601839906,-2.3535216392904785
SPX500_USD,15m,S4 RSI 30/70 a favor de tendencia,Corto,nativa,89,5.7976190476190474,50.56179775280899,-0.14808332687234657,-0.032948029263117504,0.7207288763636225,-1.4738566369930253,-13.179416091638846,14.866875084019323,5.01123595505618,52,0.01134501636678806,1.0257247933038334,0.08607223945685476,37,-0.3721447822354548,0.4324118861700824,-2.4876221477265648
SPX500_USD,15m,S4 RSI 30/70 a favor de tendencia,Corto,bracket,91,5.927902621722846,36.26373626373626,-0.1639201296688302,-0.01095802689677117,0.7726762826008318,-1.1635936405398044,-14.916731799863548,24.203687346141106,5.791208791208791,53,0.1327572380052707,1.2183211733371624,0.673723763812442,38,-0.5777069845827077,0.3425423027725782,-3.2527170856059815
SPX500_USD,15m,S5 RSI(2) extremo + EMA200,Largo,nativa,2260,147.22043873729268,56.10619469026549,-0.12651593809818354,0.01178770261315399,0.655231413297167,-8.140733694646611,-285.9260201018948,288.151282936478,3.529646017699115,1140,-0.1393821101903679,0.6234738834168113,-6.373013466657118,1120,-0.11342001293292449,0.6881335730269933,-5.134275550499531
SPX500_USD,15m,S5 RSI(2) extremo + EMA200,Largo,bracket,2295,149.50040128410916,39.30283224400871,-0.14652688304107966,0.038847088703053374,0.7810489277470969,-5.528562958041621,-336.2791965792778,341.5128018086348,6.223529411764706,1156,-0.1523814416598162,0.7747256449608712,-4.069881631196801,1139,-0.14058494295042162,0.7876073256484123,-3.745224326665444
SPX500_USD,15m,S5 RSI(2) extremo + EMA200,Corto,nativa,1541,100.38349384697699,56.26216742375081,-0.08422532277729608,0.01591234535335184,0.7328316430753619,-4.862257774837327,-129.79122239981325,142.86398018975262,4.029201817001947,839,-0.10034695083380103,0.6838370300220739,-4.380610584662574,702,-0.06495745106873817,0.7922667873649984,-2.461580836913653
SPX500_USD,15m,S5 RSI(2) extremo + EMA200,Corto,bracket,1513,98.55952380952381,35.22802379378718,-0.1817090154859396,-0.04837401250849047,0.7266093512598643,-5.730904259233835,-274.9257404302266,304.557218829794,6.4765366820885655,824,-0.20978082704848863,0.6913730944204988,-4.903802100784618,689,-0.148136921541759,0.7709067944060563,-3.136585936474806
SPX500_USD,15m,S6 Retroceso a EMA21 en tendencia,Largo,nativa,2214,144.2239165329053,31.07497741644083,-0.059934694289749305,0.07623560101256346,0.8786992492188659,-2.2519556294490224,-132.69541315750496,149.44370891402872,8.713188798554652,1174,-0.07837981217052672,0.8424615432744024,-2.1057600696392296,1040,-0.03911299391279477,0.9202150238037191,-1.0288123155002191
SPX500_USD,15m,S6 Retroceso a EMA21 en tendencia,Largo,bracket,2224,144.8753344034243,39.793165467625904,-0.10036969033981405,0.082466698679726,0.8435405292519568,-3.720065356560098,-223.22219131574644,238.01203809042624,6.742356115107913,1167,-0.13132437394150806,0.7988701485659088,-3.557751897208785,1057,-0.0661936110936675,0.8947452465607626,-1.6752667384905027
SPX500_USD,15m,S6 Retroceso a EMA21 en tendencia,Corto,nativa,1656,107.87479935794542,24.396135265700483,-0.11603189272913032,-0.011374349513643602,0.7770405459699007,-3.599127638233634,-192.14881435943983,227.13632812976059,7.548309178743962,954,-0.15263336211266376,0.7133077596011878,-3.7141350878727204,702,-0.06629143433612335,0.8685058915734519,-1.2847971994599403
SPX500_USD,15m,S6 Retroceso a EMA21 en tendencia,Corto,bracket,1698,110.6107544141252,34.92343934040047,-0.1666096916418512,-0.026758473148245053,0.7589533444230315,-5.325817972509766,-282.9032564078633,316.89869508442774,5.69964664310954,980,-0.20558694602574984,0.7125329249089843,-5.009416160001689,718,-0.1134095394187027,0.8277681624640651,-2.348472578496042
SPX500_USD,15m,S7 Impulso RSI 70/30 en tendencia,Largo,nativa,947,61.68927233814874,38.54276663146779,-0.03535028037166886,0.10746283423313692,0.9382831517484798,-0.7731740666456507,-33.47671551197041,57.47255540574558,11.317845828933475,461,-0.059196612972155525,0.8984321268081646,-0.9137666010411165,486,-0.012730610970795739,0.9773980206401398,-0.19721190416632964
SPX500_USD,15m,S7 Impulso RSI 70/30 en tendencia,Largo,bracket,1084,70.61369716425897,40.03690036900369,-0.07281353145841218,0.11603232954007582,0.8858662376532794,-1.8550414677069713,-78.92986810091881,92.80034889928669,7.094095940959409,527,-0.065876474763855,0.896517655578011,-1.1636867194813894,557,-0.07937695852848693,0.8758305473821208,-1.456085796653852
SPX500_USD,15m,S7 Impulso RSI 70/30 en tendencia,Corto,nativa,766,49.89860888175495,33.02872062663185,-0.0810967837274894,0.022655800979121857,0.8688049135909273,-1.4768950691664209,-62.12013633525687,71.12988657203499,10.12532637075718,437,-0.09460547673246036,0.8425833008425653,-1.4147527506717563,329,-0.063153626149458,0.9014641705720444,-0.6859676585587997
SPX500_USD,15m,S7 Impulso RSI 70/30 en tendencia,Corto,bracket,892,58.106474050294274,36.54708520179372,-0.1269600139279933,0.006597033112814307,0.8124622620520445,-2.904352871919107,-113.24833242377002,119.72423090115036,5.894618834080718,499,-0.13708338365155157,0.797720200676358,-2.358636763802714,393,-0.11410616789222845,0.8312250503517573,-1.7185158192014383
SPX500_USD,1h,S1 Cruce EMA 9/21,Largo,nativa,1987,129.71434316353887,30.095621540010065,-0.01534012667524747,0.05973675629752468,0.9726005562110083,-0.44558236365852033,-30.480831703716724,81.38868721214376,24.596879718168093,1038,-0.041845209158758966,0.9270837899171023,-0.9010897201615596,949,0.013650680087539594,1.0250680344660292,0.26684613403871976
SPX500_USD,1h,S1 Cruce EMA 9/21,Largo,bracket,1874,122.33753351206434,41.51547491995731,-0.005858711198537751,0.09384479457647618,0.9903765135669387,-0.19414385696391748,-10.979224786059746,71.72790182787601,10.506403415154749,986,-0.05650134104498383,0.9105893025817755,-1.369337234490528,888,0.05037285752735845,1.086387712265418,1.1401136665922413
SPX500_USD,1h,S1 Cruce EMA 9/21,Corto,nativa,1988,129.77962466487935,22.635814889336018,-0.16120405999062282,-0.0811092272853225,0.7460383183529871,-4.001638913245641,-320.47367126135816,353.87175524361976,18.558350100603622,1038,-0.15369514967848757,0.755875030343286,-3.131335025932175,950,-0.16940853252114535,0.7354723968372133,-2.6035188689181767
SPX500_USD,1h,S1 Cruce EMA 9/21,Corto,bracket,1886,123.12091152815013,33.98727465535525,-0.14867462761635147,-0.04245617383106126,0.7916041207891048,-4.750976432325195,-280.4003476844389,293.100518281528,8.257158006362673,982,-0.12650335370190124,0.817625297027824,-2.961551548120723,904,-0.17275890967828744,0.7649248683347684,-3.760608115709342
SPX500_USD,1h,S2 Cruce 9/21 + RSI>50 + EMA200,Largo,nativa,1295,84.53954423592494,28.957528957528954,-0.07061879970184275,0.013350094906124349,0.8777541983993707,-1.7167832381390136,-91.45134561388636,137.44175347784682,24.1011583011583,637,-0.12079750986632948,0.795643975204207,-2.1976804210789953,658,-0.02204153773409493,0.9609658501118459,-0.3613789837120865
SPX500_USD,1h,S2 Cruce 9/21 + RSI>50 + EMA200,Largo,bracket,1225,79.96983914209115,40.3265306122449,-0.042779241420306785,0.06883183328317452,0.9315022781036697,-1.1518461764445709,-52.404570739875815,71.5079570675486,10.33469387755102,609,-0.0803068794578095,0.8737984984213512,-1.545204137920215,616,-0.005678053815048406,0.9907352453358184,-0.10702165304950893
SPX500_USD,1h,S2 Cruce 9/21 + RSI>50 + EMA200,Corto,nativa,839,54.77117962466488,25.50655542312277,-0.14326712951984702,-0.07870572791721313,0.7694713154699463,-2.6569430690348876,-120.20112166715165,143.71393885525777,19.523241954707984,454,-0.14014176647224166,0.7752906809846294,-1.993321352835653,385,-0.14695262256819208,0.7625561783547793,-1.762562322736168
SPX500_USD,1h,S2 Cruce 9/21 + RSI>50 + EMA200,Corto,bracket,807,52.68217158176944,34.32465923172243,-0.11215635980185222,-0.026512824045603726,0.8374592040932434,-2.3364317503103713,-90.51018236009475,103.19946578158327,7.991325898389095,433,-0.08866506093824063,0.8665231574187598,-1.3935421354797255,374,-0.13935350527763785,0.8064072644841049,-1.9119692863898543
SPX500_USD,1h,S3 RSI 30/70 contra-tendencia,Largo,nativa,1131,73.83337801608579,57.02917771883289,0.012290810886005957,0.07673649841727605,1.0277209281928346,0.4267602865349436,13.900907112072737,27.730541330522115,9.61450044208665,608,0.03555575105435429,1.0836780562365687,0.9095224326534238,523,-0.014755238105114088,0.9682575851268432,-0.346398871008394
SPX500_USD,1h,S3 RSI 30/70 contra-tendencia,Largo,bracket,1198,78.20723860589813,39.482470784641066,-0.022050349422315287,0.06440165264008932,0.9654456435779974,-0.5705706442073236,-26.416318607933714,75.13451713572894,10.17779632721202,649,-0.04108011430692425,0.935824775787587,-0.7903690864256627,549,0.00044567500411681624,1.0007009851620772,0.007710665058967305
SPX500_USD,1h,S3 RSI 30/70 contra-tendencia,Corto,nativa,1281,83.62560321715817,52.30288836846214,-0.10880903023301337,-0.024783308355329572,0.7800434639241216,-4.051414582778948,-139.38436772849013,145.95589914271744,11.280249804839968,662,-0.11185661322823283,0.7719304902007335,-3.038568521757026,619,-0.10554974114927301,0.7885677101715564,-2.6883129657367477
SPX500_USD,1h,S3 RSI 30/70 contra-tendencia,Corto,bracket,1414,92.30804289544236,34.794908062234796,-0.18665561193796895,-0.07403811362801567,0.7259957219933459,-5.589144851720678,-263.9310352802881,271.2747972925266,10.314002828854314,721,-0.17518719772684604,0.737572764521999,-3.772171535332695,693,-0.19858739642024834,0.7144332948882397,-4.130535822503563
SPX500_USD,1h,S4 RSI 30/70 a favor de tendencia,Largo,nativa,187,12.20764075067024,56.14973262032086,-0.0720807724999166,0.013972215763938905,0.8408785229692184,-1.080522030164062,-13.479104457484404,14.548654236312693,8.427807486631016,86,-0.022533242896710905,0.9453194137021448,-0.2318104673676786,101,-0.11426975810264621,0.7657546802980895,-1.2432610359995346
SPX500_USD,1h,S4 RSI 30/70 a favor de tendencia,Largo,bracket,191,12.46876675603217,39.79057591623037,-0.027071916716864156,0.0881575645746768,0.9588010616113968,-0.2750967450499995,-5.170736092921054,16.0295219478422,9.675392670157068,89,0.06365067197978386,1.1018238141882892,0.43367322957047894,102,-0.10623182254040998,0.8449217255752202,-0.800662961396046
SPX500_USD,1h,S4 RSI 30/70 a favor de tendencia,Corto,nativa,84,5.483646112600536,50.0,-0.12163272479535502,-0.06006769669060843,0.7708109819612063,-1.1136879464793659,-10.217148882809822,17.00672532410367,9.547619047619047,50,-0.15772077584918848,0.7071356254412711,-1.1411322019696861,34,-0.06856206148089401,0.8679429974286892,-0.38170596298168075
SPX500_USD,1h,S4 RSI 30/70 a favor de tendencia,Corto,bracket,89,5.810053619302949,38.20224719101123,-0.037790597336408306,0.0437413402182963,0.9410756934633656,-0.26388344201659153,-3.3633631629403395,14.794332200481058,9.651685393258427,51,-0.07620686203126396,0.8814712985938812,-0.41041832556425173,38,0.013768073701424277,1.021539684425439,0.0606177757634639
SPX500_USD,1h,S5 RSI(2) extremo + EMA200,Largo,nativa,2772,180.96032171581768,58.6940836940837,-0.0497062394205431,0.0456391528185325,0.8279605741328281,-3.8299448363854087,-137.78569567374547,155.14982637790828,4.125541125541125,1387,-0.060807665821515575,0.7897957057887796,-3.4003393292075774,1385,-0.0385887820789194,0.8662747543516677,-2.0507804610850315
SPX500_USD,1h,S5 RSI(2) extremo + EMA200,Largo,bracket,2530,165.1621983914209,38.458498023715414,-0.06041565922522398,0.06487657363805069,0.9104386930419924,-2.224640665096783,-152.85161783981667,170.67907231018663,8.817786561264823,1243,-0.044718832722114236,0.9327286011275928,-1.1556088190823839,1287,-0.07557584208720175,0.8895183966706285,-1.9819518490596393
SPX500_USD,1h,S5 RSI(2) extremo + EMA200,Corto,nativa,1669,108.95482573726541,56.80047932893948,-0.05751226739317201,0.007000264535398806,0.7988450208595663,-3.513056839073112,-95.98797427920408,118.11293184182927,4.746554823247454,945,-0.05752541227070153,0.79532688750334,-2.670447014805367,724,-0.057495110059932526,0.8032613682002389,-2.2824441535445876
SPX500_USD,1h,S5 RSI(2) extremo + EMA200,Corto,bracket,1519,99.16260053619303,35.22053982883476,-0.10448136628480284,-0.01913974053169525,0.8469086529084217,-3.0237361303627557,-158.70719538661552,175.4813903324462,8.761685319289006,865,-0.08796540925478671,0.8699568174238158,-1.927178299398119,654,-0.12632586602633789,0.8170443333924204,-2.3876480273275735
SPX500_USD,1h,S6 Retroceso a EMA21 en tendencia,Largo,nativa,1440,94.00536193029491,25.208333333333332,-0.0749935226847067,0.015770921561131933,0.8533359366970786,-2.0282181460072706,-107.99067266597766,173.42192499465312,20.094444444444445,720,-0.14549764104020768,0.7210680487208131,-3.08129833295591,720,-0.004489404329205726,0.991039702447094,-0.07900610302929988
SPX500_USD,1h,S6 Retroceso a EMA21 en tendencia,Largo,bracket,2010,131.21581769436997,38.70646766169154,-0.06774715554902859,0.055711813920411066,0.8963592240847845,-2.287844566410307,-136.17178265354747,179.62463605977553,9.485074626865671,1029,-0.11053026685996753,0.8349931870376904,-2.693670196345955,981,-0.022870680993517734,0.964079410599734,-0.5351520287865472
SPX500_USD,1h,S6 Retroceso a EMA21 en tendencia,Corto,nativa,829,54.118364611260056,21.35102533172497,-0.12142424690887609,-0.058928779785765335,0.7698335509193552,-2.481391583131818,-100.66070068745827,107.32370581858672,17.387213510253318,474,-0.10455984764806545,0.8048186313725474,-1.5442671319334,355,-0.14394178282331058,0.7213990047896848,-2.056814792378761
SPX500_USD,1h,S6 Retroceso a EMA21 en tendencia,Corto,bracket,1159,75.6612600536193,35.54788610871441,-0.08660975590597825,-0.006827638407690896,0.8721985782126884,-2.1792269111861216,-100.38070709502878,106.5608882125362,8.262295081967213,677,-0.06211511283483823,0.9063550529057147,-1.2015975069697784,482,-0.12101405748100263,0.8266014857820166,-1.9466156058239736
SPX500_USD,1h,S7 Impulso RSI 70/30 en tendencia,Largo,nativa,639,41.71487935656836,34.27230046948357,-0.1332507038456807,-0.04722653160832799,0.7769079741442922,-2.4418408755085697,-85.14719975738996,118.9964435727509,22.37715179968701,337,-0.24913109727431829,0.594278064551741,-3.70363402684928,302,-0.003940463496505595,0.9931896000058228,-0.045159800670768906
SPX500_USD,1h,S7 Impulso RSI 70/30 en tendencia,Largo,bracket,892,58.231099195710456,37.219730941704036,-0.16993759119853477,-0.05018598310554156,0.7461367767152003,-4.059072100986869,-151.58433134909302,167.04779917976282,9.84865470852018,444,-0.2385476542900542,0.6572077846989312,-4.146207813727009,448,-0.10194011795604675,0.841499415763378,-1.6794424138033917
SPX500_USD,1h,S7 Impulso RSI 70/30 en tendencia,Corto,nativa,414,27.026541554959785,27.053140096618357,-0.1470051773068013,-0.08727904581208062,0.763783381075304,-1.844007712742176,-60.860143405015734,71.56479428398546,18.367149758454108,241,-0.19212756147810373,0.6796002959536362,-2.2386013996875156,173,-0.0841468271028482,0.871321385464655,-0.5652486775330703
SPX500_USD,1h,S7 Impulso RSI 70/30 en tendencia,Corto,bracket,542,35.38257372654155,35.239852398523986,-0.08159711098012754,-0.003936374933264349,0.8770401537529486,-1.4214006107328774,-44.22563415122912,62.3819115527682,8.324723247232471,309,-0.1109056226262583,0.8343687144433631,-1.4779738072154467,233,-0.04272874145800559,0.9348319128698704,-0.47919889392927784
SPX500_USD,1d,S1 Cruce EMA 9/21,Largo,nativa,82,5.695094124358243,41.46341463414634,0.21563930805043713,0.22658709571443683,1.496819743098327,1.125813151053424,17.682423260135845,7.669588080626341,29.682926829268293,40,0.0761880157942337,1.163382466400542,0.3618411869449741,42,0.34845006258015465,1.8639999129299298,1.0993405770348061
SPX500_USD,1d,S1 Cruce EMA 9/21,Largo,bracket,80,5.556189389617798,43.75,0.08080450721366998,0.09553168809481132,1.1483293903655198,0.5738540422546701,6.464360577093599,6.522953281981586,12.675,38,-0.11005499983001865,0.8198332839777548,-0.5670087451825692,42,0.2534869183484359,1.5226846577754127,1.259922607051098
SPX500_USD,1d,S1 Cruce EMA 9/21,Corto,nativa,82,5.695094124358243,20.73170731707317,-0.282960983162847,-0.27080542928294843,0.5496707707758013,-2.0007228328537985,-23.202800619353454,29.93022887765969,14.682926829268293,40,-0.0761969769634816,0.8489090505439764,-0.33416126981055977,42,-0.4798790843050997,0.35713267483546024,-2.86225496064779
SPX500_USD,1d,S1 Cruce EMA 9/21,Corto,bracket,77,5.347832287507131,28.57142857142857,-0.20870375496526775,-0.192408212592061,0.7126890310005201,-1.3877500342882996,-16.070189132325616,25.01434125635961,6.51948051948052,38,-0.09204500325770268,0.8626267597279053,-0.4159862407483791,39,-0.32237125662904914,0.5874050319621275,-1.5698281359086579
SPX500_USD,1d,S2 Cruce 9/21 + RSI>50 + EMA200,Largo,nativa,68,4.722760981175129,41.17647058823529,0.2345130258039991,0.2462649196711773,1.5197913662101559,1.0487435194324315,15.94688575467194,6.981087878233777,29.985294117647058,30,0.20234319352391156,1.4417700131442128,0.7642575099806846,38,0.25991026181459453,1.5830836782884603,0.7546619505318367
SPX500_USD,1d,S2 Cruce 9/21 + RSI>50 + EMA200,Largo,bracket,68,4.722760981175129,41.17647058823529,0.014777114374618257,0.030446306197522605,1.0255636984087861,0.09704893322722218,1.0048437774740415,9.229834621890827,12.147058823529411,30,-0.11382801420832302,0.8196894938410836,-0.5083532261300459,38,0.11630747904536136,1.2169832199165607,0.5578359027859231
SPX500_USD,1d,S2 Cruce 9/21 + RSI>50 + EMA200,Corto,nativa,20,1.3890473474044496,30.0,0.276447283485636,0.28603954441491475,1.6069414145038512,0.655591581415399,5.52894566971272,4.881290464314981,19.8,17,0.2018099004287275,1.4235192178829972,0.4221373290405974,3,0.6993924541414508,3.0796661791078472,0.7842628237286242
SPX500_USD,1d,S2 Cruce 9/21 + RSI>50 + EMA200,Corto,bracket,19,1.319594980034227,31.57894736842105,-0.266382690238666,-0.25344380892572077,0.6159412625431638,-0.9334925527894475,-5.061271114534654,8.030589755688595,7.105263157894737,16,-0.5019118597305372,0.339943010578505,-1.9307751228198409,3,0.989772880384647,3.934491950231301,0.9889600771958332
SPX500_USD,1d,S3 RSI 30/70 contra-tendencia,Largo,nativa,31,2.153023388476897,54.83870967741935,-0.02275316175909239,-0.01492386378212274,0.9499758280661181,-0.13421408501054619,-0.7053480145318641,5.272899837391523,6.903225806451613,15,0.05458909128244296,1.135059039737272,0.2243911266437262,16,-0.09526152398553175,0.8103621012145593,-0.3926591243283129
SPX500_USD,1d,S3 RSI 30/70 contra-tendencia,Largo,bracket,34,2.3613804905875644,32.35294117647059,-0.17118490083578233,-0.16042572897309762,0.7271148340251105,-0.8395618079790897,-5.820286628416599,7.201502897432085,7.823529411764706,18,-0.2243314310394606,0.6684649279950825,-0.7810256929838122,16,-0.11139505435664437,0.8051916571979286,-0.3739784161379506
SPX500_USD,1d,S3 RSI 30/70 contra-tendencia,Corto,nativa,51,3.5420707358813464,43.13725490196079,-0.18759726611933636,-0.17170670390133913,0.6752186460153718,-1.333706788133188,-9.567460572086155,10.0413351757257,9.509803921568627,22,-0.20372714942331838,0.6618142587793377,-0.8936579717210101,29,-0.1753608029232121,0.686181198814054,-0.9719724922968497
SPX500_USD,1d,S3 RSI 30/70 contra-tendencia,Corto,bracket,59,4.097689674843126,22.033898305084744,-0.36216032829734834,-0.34063205812156666,0.5300872355902185,-2.312937766045375,-21.367459369543553,21.367459369543557,8.40677966101695,26,-0.5789237646848897,0.3130500809088554,-2.8886736630002745,33,-0.19137701477989147,0.7319392926472988,-0.8339815060155151
SPX500_USD,1d,S4 RSI 30/70 a favor de tendencia,Largo,nativa,11,0.7639760410724473,45.45454545454545,-0.2834072592159035,-0.2728923081350245,0.4853269866371278,-1.0980328866820348,-3.1174798513749384,4.35177243084942,6.0,5,-0.3973430855963311,0.34649540754775854,-1.0530110456079493,6,-0.18846073723221388,0.6252161366793286,-0.49428225049884345
SPX500_USD,1d,S4 RSI 30/70 a favor de tendencia,Largo,bracket,11,0.7639760410724473,18.181818181818183,-0.6040033897884804,-0.5899834550139752,0.27254960816904983,-2.0600550517305494,-6.644037287673285,7.1463944052979915,5.090909090909091,5,-1.0190559022759094,0.0,-591.8942803550868,6,-0.2581262960489566,0.616458096163607,-0.5037485894937392
SPX500_USD,1d,S4 RSI 30/70 a favor de tendencia,Corto,nativa,0,0.0,,,,,,0.0,,,0,,,,0,,,
SPX500_USD,1d,S4 RSI 30/70 a favor de tendencia,Corto,bracket,0,0.0,,,,,,0.0,,,0,,,,0,,,
SPX500_USD,1d,S5 RSI(2) extremo + EMA200,Largo,nativa,126,8.750998288648033,74.60317460317461,0.10643770671731059,0.12024691962063441,1.4513646274665655,1.8043216655550856,13.411151046381134,6.6284614962240465,3.3174603174603177,52,0.1725067138850089,1.8779324275810454,1.9015375048998893,74,0.06001083681568478,1.2277933616316954,0.772554038205886
SPX500_USD,1d,S5 RSI(2) extremo + EMA200,Largo,bracket,121,8.40373645179692,42.97520661157025,0.22058276435478003,0.23901246576281907,1.3834847148709721,1.6823804169702616,26.690514486928382,11.381706511755894,8.570247933884298,52,0.3891468591344517,1.7470429525803528,1.8996820575903837,69,0.09354895379618684,1.1518355516646739,0.5500156813586605
SPX500_USD,1d,S5 RSI(2) extremo + EMA200,Corto,nativa,28,1.9446662863662294,67.85714285714286,0.15750010454960933,0.16440439318202277,2.6050827585861622,2.102296858086826,4.410002927389061,1.1387293588965828,4.964285714285714,18,0.1793889053490571,2.8871684186495847,1.8146278402736362,10,0.11810026311060329,2.139420075770098,1.01079772354073
SPX500_USD,1d,S5 RSI(2) extremo + EMA200,Corto,bracket,24,1.6668568168853395,37.5,-0.10435578074641906,-0.09504198749739275,0.8132879224931345,-0.442248426450016,-2.5045387379140576,9.613084783692086,13.458333333333334,15,0.0506520489251446,1.1020259029825208,0.16094693494289347,9,-0.3627021635323584,0.4529350719268011,-1.027299468058212
SPX500_USD,1d,S6 Retroceso a EMA21 en tendencia,Largo,nativa,87,6.042355961209355,29.88505747126437,0.06770981577867496,0.08041014615521647,1.1663377409506877,0.4109311679926138,5.890753972744722,14.125494819122986,20.528735632183906,32,0.0034869286797229865,1.0077876758211461,0.01498290872204901,55,0.10507585918170156,1.2740706934701156,0.4688150636709932
SPX500_USD,1d,S6 Retroceso a EMA21 en tendencia,Largo,bracket,113,7.84811751283514,39.823008849557525,0.04212547023264174,0.06062485588069871,1.0693297144187022,0.32997422204702126,4.760178136288516,17.346848739432993,10.29203539823009,46,0.05561603638641017,1.090468620889387,0.27271298158957535,67,0.032863290485278286,1.054526281326522,0.1993612195163683
SPX500_USD,1d,S6 Retroceso a EMA21 en tendencia,Corto,nativa,16,1.1112378779235597,12.5,0.052759403846507624,0.061283797155198855,1.1006527099259895,0.09889455806661349,0.844150461544122,4.531278066906161,18.3125,13,0.21156034595282855,1.4243854033319827,0.32409393172165746,3,-0.6353780119475497,0.0,-5.344521333503654
SPX500_USD,1d,S6 Retroceso a EMA21 en tendencia,Corto,bracket,22,1.5279520821448946,31.818181818181817,-0.26967198325449804,-0.2596959267167244,0.6085216468377682,-1.0548530428575513,-5.932783631598957,6.860252267170005,10.454545454545455,18,-0.10592273574842109,0.8286755225460695,-0.3530755658580985,4,-1.0065435970318442,0.0,-658.8938206346676
SPX500_USD,1d,S7 Impulso RSI 70/30 en tendencia,Largo,nativa,27,1.8752139189960069,44.44444444444444,0.23633228991875757,0.25172609329735485,1.564381849880536,0.8881765273146854,6.380971827806454,4.5800491227329925,25.37037037037037,12,0.08399065972996406,1.2037332712851425,0.25503996895289444,15,0.3582055940697924,1.8449534079383876,0.8788531519976849
SPX500_USD,1d,S7 Impulso RSI 70/30 en tendencia,Largo,bracket,36,2.5002852253280095,36.11111111111111,0.017416430404755465,0.038422862495903515,1.0267137590933768,0.07412691173336883,0.6269914945711967,7.150607958273268,11.916666666666666,16,0.04571899742659424,1.0714135849368476,0.12718314513825316,20,-0.005225623212715613,0.9920988665092614,-0.016412912369113856
SPX500_USD,1d,S7 Impulso RSI 70/30 en tendencia,Corto,nativa,8,0.5556189389617798,25.0,-0.46118604710973343,-0.45417250258691805,0.02308476439123052,-2.871528690998003,-3.6894883768778675,3.6894883768778675,14.375,5,-0.3871890181434234,0.043093444090893704,-1.6904740334193489,3,-0.5845144287202501,0.0,-2.5220568920360162
SPX500_USD,1d,S7 Impulso RSI 70/30 en tendencia,Corto,bracket,8,0.5556189389617798,50.0,0.49064860730291293,0.5,1.972015128672732,0.865305346222993,3.9251888584233035,2.026017096354622,7.625,5,0.18853720891206738,1.3104802841966325,0.2564357455305964,3,0.9941676046209889,3.9766133137291253,0.9960862955471815
US2000_USD,5m,S1 Cruce EMA 9/21,Largo,nativa,6064,394.9493580599144,31.464379947229553,-0.06373334891537158,0.06049089337806193,0.8837644922359332,-3.5679910699524235,-386.4790278228133,395.49721086993156,18.45514511873351,3174,-0.04822857856781299,0.9136231188597608,-1.8730618139815902,2890,-0.08076177143549304,0.8496860938293505,-3.2830886335174174
US2000_USD,5m,S1 Cruce EMA 9/21,Largo,bracket,5736,373.5866619115549,39.47001394700139,-0.115302220540528,0.04967389564394222,0.8229216924863436,-6.867324732084144,-661.3735370204686,662.0650993794583,9.876569037656903,2996,-0.09782403456881271,0.8508543919968257,-4.131661969523578,2740,-0.13441340490960063,0.7919081189516152,-5.654030123151818
US2000_USD,5m,S1 Cruce EMA 9/21,Corto,nativa,5983,389.6738141940085,27.043289319739262,-0.07858330545533848,0.049667615125171136,0.8687314354670348,-3.6338705659474932,-470.16391653929014,510.1026815402686,16.670900885843224,3104,-0.07884373739750349,0.8707326794178304,-2.6913280420898165,2879,-0.07830252020056941,0.866487529635967,-2.448892823488852
US2000_USD,5m,S1 Cruce EMA 9/21,Corto,bracket,5674,369.5485912981455,36.51744800845964,-0.1518183458875337,0.018901958883128303,0.7838409473041088,-8.654151743263013,-861.4172945658662,869.578355960156,8.425449418399719,2951,-0.16603323068477874,0.770072242421521,-6.740815070487836,2723,-0.13641323202904296,0.7996650298987421,-5.461932514836016
US2000_USD,5m,S2 Cruce 9/21 + RSI>50 + EMA200,Largo,nativa,3682,239.80929029957204,32.37370994024986,-0.04936288082569626,0.08135690792460211,0.9118437079432123,-2.063545519515303,-181.75412720021362,192.26810476745575,19.233568712656165,1890,-0.0362071288361323,0.9365622754522326,-1.0447607056173014,1792,-0.06323808800218948,0.8847183856375628,-1.9240270565237019
US2000_USD,5m,S2 Cruce 9/21 + RSI>50 + EMA200,Largo,bracket,3505,228.28125,40.542082738944366,-0.10593635110305913,0.06777924187912564,0.8363162530909416,-4.92848487212287,-371.30691061622224,373.19296597113157,9.733238231098431,1802,-0.09332776982246249,0.8568973331803865,-3.0661070055017077,1703,-0.11927790334477087,0.8141915803715978,-3.9322939281131744
US2000_USD,5m,S2 Cruce 9/21 + RSI>50 + EMA200,Corto,nativa,3408,221.96362339514977,27.78755868544601,-0.053791994778753086,0.06731021481279718,0.9110152634155713,-1.8300613062067421,-183.3231182059905,262.5432680862867,17.226525821596244,1727,-0.05906147287325964,0.9031303620389213,-1.4793992309784867,1681,-0.04837831918731179,0.9192582547500736,-1.1187679613097925
US2000_USD,5m,S2 Cruce 9/21 + RSI>50 + EMA200,Corto,bracket,3258,212.19409771754636,36.83241252302026,-0.13610719866921436,0.025064096388122552,0.8045798946092553,-5.8584778999200875,-443.43725326430035,471.73087242273766,8.165745856353592,1653,-0.1783945180498599,0.7530574180337545,-5.473037571857631,1605,-0.0925552117930729,0.8618129129667325,-2.796420735358682
US2000_USD,5m,S3 RSI 30/70 contra-tendencia,Largo,nativa,3946,257.00365549215405,52.3568170299037,-0.09720116805893,0.012254612651402222,0.8094458218859686,-6.242976141605142,-383.5558091605378,398.0747584714803,8.605169792194628,2100,-0.11508891301595402,0.7766043155939012,-5.432437870334909,1846,-0.07685216241984527,0.8476109725193006,-3.3487023486714445
US2000_USD,5m,S3 RSI 30/70 contra-tendencia,Largo,bracket,4222,274.9795827389444,37.186167693036474,-0.1331854375402689,0.012111639591595958,0.8047030232486652,-6.642639870864875,-562.3089172950154,574.7512221708206,8.78919943154903,2240,-0.1352272486457058,0.8021363176617713,-4.911554766677334,1982,-0.1308778407308952,0.8076172183736734,-4.472401921235532
US2000_USD,5m,S3 RSI 30/70 contra-tendencia,Corto,nativa,3543,230.75619650499286,49.95766299745978,-0.1538231276330247,-0.02730442489931211,0.7095089043788977,-9.466798266056133,-544.9953412038064,554.0692213699683,9.70956816257409,1788,-0.16473681289271386,0.6895313077067918,-7.288691725499017,1755,-0.1427042277787089,0.7299460472215732,-6.107357442055247
US2000_USD,5m,S3 RSI 30/70 contra-tendencia,Corto,bracket,3831,249.51368580599143,35.2649438788828,-0.21021186056680208,-0.041762541616836395,0.6990314024262074,-10.354461275222201,-805.3216378314188,812.4031410040064,9.30018271991647,1934,-0.2255314568211735,0.6799944131690842,-7.932489465845615,1897,-0.1945934635420502,0.7187977960896152,-6.710399738279767
US2000_USD,5m,S4 RSI 30/70 a favor de tendencia,Largo,nativa,302,19.66931169757489,53.973509933774835,-0.09584335804557842,0.05053111195909269,0.805126962680222,-1.7202683082343304,-28.944694129764684,47.8558558409436,5.1092715231788075,168,-0.1786249689995099,0.6653126054625821,-2.4237383901816587,134,0.00794254225487303,1.018079357741772,0.09401883586730501
US2000_USD,5m,S4 RSI 30/70 a favor de tendencia,Largo,bracket,311,20.255483238231097,34.08360128617363,-0.2207985936850811,-0.02661069966824835,0.7098520199325717,-2.9050933001092587,-68.66836263606022,74.96621484095141,6.118971061093248,174,-0.31710041111199627,0.6127671999819494,-3.154387647189203,137,-0.09848825622315971,0.8567331396526212,-0.8518494160702667
US2000_USD,5m,S4 RSI 30/70 a favor de tendencia,Corto,nativa,152,9.899786019971469,52.63157894736842,-0.11415150520846373,0.016851804111855488,0.7640482376247213,-1.50841182021867,-17.35102879168649,27.141508997883808,5.506578947368421,86,-0.16733514390970314,0.6781702387791436,-1.664210853807264,66,-0.04485161235533359,0.8972888903109253,-0.3891770171497416
US2000_USD,5m,S4 RSI 30/70 a favor de tendencia,Corto,bracket,153,9.964916191155492,35.294117647058826,-0.19110183110574624,-0.017129256111222686,0.7405312491120909,-1.7639049411911405,-29.238580159179175,49.13172333647137,6.248366013071895,87,-0.3705563087059417,0.5359391447098125,-2.7778653847446124,66,0.04545179845814768,1.0694143312906084,0.2578135319429267
US2000_USD,5m,S5 RSI(2) extremo + EMA200,Largo,nativa,5628,366.5526034236804,56.343283582089555,-0.12517470003169834,0.012477333204434265,0.6063079870333762,-14.16247449951464,-704.4832117783982,708.9725402788064,4.107853589196873,2968,-0.14064033041700366,0.5729522194373987,-11.306455578260067,2660,-0.10791831244388399,0.6464618844684319,-8.615027601805348
US2000_USD,5m,S5 RSI(2) extremo + EMA200,Largo,bracket,5215,339.653842724679,38.17833173537872,-0.16171354181781744,0.021374069332527026,0.7641250315735226,-9.124076648663063,-843.336120579918,857.5504694775889,9.416490891658677,2779,-0.19079640688179822,0.7320309574792062,-7.7853113381713115,2436,-0.12853567563850607,0.8038973919438843,-5.012863051067831
US2000_USD,5m,S5 RSI(2) extremo + EMA200,Corto,nativa,4918,320.31018188302426,56.26270841805612,-0.11305352658895146,9.444296610300132e-05,0.6286781687528585,-12.445104982142507,-555.9972437644633,567.5366725066143,4.486986579910533,2622,-0.12586344275248268,0.60131756217308,-9.932703982247295,2296,-0.0984247808656157,0.6625022105842603,-7.568494746421136
US2000_USD,5m,S5 RSI(2) extremo + EMA200,Corto,bracket,4496,292.8252496433666,37.07740213523132,-0.15240975770860715,-0.0026749520736099645,0.7732913574980498,-8.040592588075327,-685.2342706578978,712.7705937869426,9.991992882562277,2386,-0.18614698826931372,0.7341514414620324,-7.107445503900197,2110,-0.11425950552005464,0.8216619363381765,-4.163155438471088
US2000_USD,5m,S6 Retroceso a EMA21 en tendencia,Largo,nativa,4561,297.0587107703281,25.58649418987064,-0.08988186170374333,0.04397476667447045,0.8258196683875978,-4.450739482996475,-409.95117123077335,420.3217166491541,15.550317912738434,2325,-0.06991299915997014,0.8652698778533785,-2.3627548571895156,2236,-0.11064554927721053,0.7843288730804623,-4.0395003960842875
US2000_USD,5m,S6 Retroceso a EMA21 en tendencia,Largo,bracket,5214,339.588712553495,38.281549673954736,-0.15467059932817817,0.026684991744064,0.772560188744273,-8.739564746731395,-806.452504897121,812.8783921998745,9.473724587648638,2680,-0.17175358956702882,0.7549721278443929,-6.87502190846891,2534,-0.13660334840468968,0.7923777007236592,-5.451220417858793
US2000_USD,5m,S6 Retroceso a EMA21 en tendencia,Corto,nativa,4046,263.5166726105563,24.666337123084528,-0.06866080054737958,0.04391957178401208,0.8634594657597247,-3.1108285541111544,-277.8015990146978,298.0009076157307,15.012605042016807,2121,-0.06894321484734739,0.8676063554100127,-2.2063634370626506,1925,-0.06834963133686958,0.8585348765042476,-2.1977025446337333
US2000_USD,5m,S6 Retroceso a EMA21 en tendencia,Corto,bracket,4687,305.265112339515,36.931939406870065,-0.13970785254945517,0.010025271267003389,0.7940459128266472,-7.386090344709061,-654.8107048992964,669.5570767592418,9.198847877106891,2497,-0.1764071929567139,0.7506400435303089,-6.773247704619204,2190,-0.09786390140930673,0.848313164512059,-3.5598225944016977
US2000_USD,5m,S7 Impulso RSI 70/30 en tendencia,Largo,nativa,1803,117.42969864479315,34.830837493067115,-0.024209462862021094,0.11505227676903616,0.9600606690039886,-0.6388562424102711,-43.64966154022403,79.20100232724486,19.52911813643927,913,-0.07761150971120821,0.8752809177383332,-1.5823860625792239,890,0.03057263688326863,1.051852801004109,0.5275392474929538
US2000_USD,5m,S7 Impulso RSI 70/30 en tendencia,Largo,bracket,2314,150.7112161198288,38.63439930855661,-0.12091073931861243,0.0635661657327559,0.8213177479142381,-4.451458332025828,-279.78745078326915,285.95175120402916,8.911408815903197,1174,-0.1684481769056663,0.7607564353647587,-4.4324199563318745,1140,-0.071955518505278,0.8890356932320881,-1.854650025367584
US2000_USD,5m,S7 Impulso RSI 70/30 en tendencia,Corto,nativa,1746,113.71727888730385,31.67239404352806,-0.06243281492276674,0.052592868300125516,0.9023561479455249,-1.5044617316744313,-109.00769485515073,109.54967127821013,17.45303550973654,913,-0.06716181601376006,0.8947441946818095,-1.195211606741286,833,-0.05724964806072964,0.91066335576552,-0.9315341710213549
US2000_USD,5m,S7 Impulso RSI 70/30 en tendencia,Corto,bracket,2223,144.78437054208274,37.20197930724247,-0.1041084878433153,0.04448731937260076,0.8484083851949356,-3.6659802964554364,-231.4331684756899,237.40804664670716,7.8326585695006745,1159,-0.09779305203909704,0.8568696080579524,-2.485590534577374,1064,-0.11098780184433879,0.8392899822263533,-2.7036800410346475
US2000_USD,15m,S1 Cruce EMA 9/21,Largo,nativa,2305,150.17860328219763,38.78524945770065,-0.023912151095161215,0.06219684422859606,0.9525066057734681,-0.9072273793021653,-55.117508274346605,87.30649707128444,9.936659436008677,1229,-0.03231389015427643,0.9376454926372549,-0.8915423354988532,1076,-0.014315740961655122,0.9705826155819625,-0.3726999092771869
US2000_USD,15m,S1 Cruce EMA 9/21,Largo,bracket,2257,147.05123974313236,39.964554718653076,-0.06744647730888201,0.04718872070870419,0.8881260427491974,-2.581259597747238,-152.2266992861467,164.2112175547846,6.7288435976960566,1204,-0.07153647717773502,0.8839322208271243,-1.967712598618355,1053,-0.06276997223566358,0.8931566403037697,-1.6716233748912523
US2000_USD,15m,S1 Cruce EMA 9/21,Corto,nativa,2318,151.0255975740278,32.312338222605696,-0.06775029329782857,0.021912165501913033,0.8838271665909616,-2.1618266561879147,-157.04517986436662,183.565436358526,9.371009490940466,1244,-0.09589818169659368,0.8411983575277715,-2.2817958824956253,1074,-0.03514696632570214,0.9371485984275498,-0.7484025721914678
US2000_USD,15m,S1 Cruce EMA 9/21,Corto,bracket,2272,148.02854084909026,36.09154929577465,-0.10821095385861443,0.011426678161134818,0.8373863810475,-3.944374403349967,-245.85528716677197,254.16317857382592,5.305457746478873,1217,-0.10285229273162141,0.8479216747257687,-2.699698941278363,1055,-0.11439246152833056,0.8247979002347312,-2.8956505434570357
US2000_USD,15m,S2 Cruce 9/21 + RSI>50 + EMA200,Largo,nativa,1522,99.16348555119514,38.5676741130092,-0.027354627469905246,0.06627024624883517,0.9462940984855996,-0.8365019275789785,-41.63374300919578,66.4753911289634,10.209592641261498,811,-0.007994184618517938,0.9844550711611092,-0.1748724989972779,711,-0.049438058064103695,0.9018554374232935,-1.058077775668466
US2000_USD,15m,S2 Cruce 9/21 + RSI>50 + EMA200,Largo,bracket,1487,96.88311630396004,40.34969737726967,-0.04712768583082756,0.07753955562798026,0.9210586179751925,-1.4524975767794883,-70.07886883044058,88.75042114502975,6.905178211163416,793,-0.038882810656083705,0.9355477868669405,-0.8621311703193288,694,-0.056548703141449864,0.9041245275202967,-1.2110620864545514
US2000_USD,15m,S2 Cruce 9/21 + RSI>50 + EMA200,Corto,nativa,1352,88.08740635033892,35.50295857988166,0.016528131443001307,0.09840231681073039,1.0284008342332838,0.3724484807970985,22.346033710937768,47.11324804863633,9.826923076923077,699,-0.02022387698917223,0.9660345900687627,-0.3404193020753399,653,0.055869102184332546,1.098440049078201,0.8423090776119121
US2000_USD,15m,S2 Cruce 9/21 + RSI>50 + EMA200,Corto,bracket,1337,87.11010524438102,39.26701570680628,-0.021531673447283614,0.08771674138828767,0.9662912644712103,-0.5862367166760533,-28.78784739901819,61.1060276401613,5.24831712789828,690,-0.0030302453775733814,0.9952522588655024,-0.05865102774582933,647,-0.04126271729287877,0.9354560788456273,-0.7900526440467589
US2000_USD,15m,S3 RSI 30/70 contra-tendencia,Largo,nativa,2025,131.9356493043168,50.419753086419746,-0.048719137431151194,0.029699427134527143,0.8960667244958986,-2.2709146471457275,-98.65625329808117,106.2139015021937,6.4790123456790125,1074,-0.038668089965367074,0.9180062277827494,-1.2945665506620727,951,-0.060070162644875864,0.8709673271211681,-1.9492417486284404
US2000_USD,15m,S3 RSI 30/70 contra-tendencia,Largo,bracket,2130,138.7767570460221,39.859154929577464,-0.05058622820129103,0.053565486323480724,0.9183772707025518,-1.819090532085497,-107.7486660687499,116.76852099509753,6.726760563380282,1141,-0.05210926202992392,0.918662006147493,-1.336997564699537,989,-0.04882911839495117,0.9180239570499377,-1.233612749652983
US2000_USD,15m,S3 RSI 30/70 contra-tendencia,Corto,nativa,1802,117.40643952907598,47.55826859045505,-0.07372290869744601,0.01562605408853718,0.8467715321355608,-3.1932342168477845,-132.8486814727977,145.69370047125497,6.72253052164262,897,-0.07306706298037796,0.8513492709872019,-2.1837103626953596,905,-0.07437295688331343,0.8420346084867557,-2.3349211849306295
US2000_USD,15m,S3 RSI 30/70 contra-tendencia,Corto,bracket,1916,124.83392793435604,37.265135699373694,-0.0977970590975063,0.021141925520840057,0.8461825877257206,-3.3653296734019675,-187.37916523082208,198.43021699130838,6.441022964509394,947,-0.09661219581846964,0.8515128362973949,-2.2901269445886827,969,-0.09895502145586314,0.840727266841811,-2.4710639288062
US2000_USD,15m,S4 RSI 30/70 a favor de tendencia,Largo,nativa,303,19.741482340349624,51.81518151815182,-0.11091709566885011,-0.010712121143700468,0.776013781300352,-2.0511653285891907,-33.60787998766158,34.94848730993683,5.544554455445544,167,-0.03618421210773326,0.9208539556111883,-0.48766319159871535,136,-0.20268468062992745,0.6259561415537026,-2.5850122149316177
US2000_USD,15m,S4 RSI 30/70 a favor de tendencia,Largo,bracket,310,20.197556189796646,37.74193548387097,-0.12376583177485045,0.009270201305446129,0.8177788352117972,-1.6677232463381828,-38.36740785020364,49.03189795627583,6.574193548387097,171,-0.13507957990587652,0.8039597695172529,-1.345666502499935,139,-0.10984747975754505,0.8353381433158438,-0.9932976595238794
US2000_USD,15m,S4 RSI 30/70 a favor de tendencia,Corto,nativa,176,11.466999643239387,48.86363636363637,-0.0804555359946993,-0.000494011636877123,0.8427443795957817,-1.0378229257383187,-14.160174335067078,25.36793789483343,4.829545454545454,88,0.014957853007526258,1.0305687226424445,0.1298113102296366,88,-0.17586892499692486,0.6706120500149875,-1.700907795503483
US2000_USD,15m,S4 RSI 30/70 a favor de tendencia,Corto,bracket,179,11.662459864430966,36.312849162011176,-0.0637172857141252,0.04283089794523591,0.9077087002208912,-0.6142148451711319,-11.405394142828412,28.176256777548407,5.29608938547486,89,0.09480679522191898,1.149383197232889,0.6227783475009988,90,-0.2204799879731022,0.704256984359325,-1.5751772200150214
US2000_USD,15m,S5 RSI(2) extremo + EMA200,Largo,nativa,2175,141.70866036389583,57.793103448275865,-0.08883279465417952,0.009164686869523236,0.7617343392858692,-5.278600605283357,-193.21132837284046,197.36730919714367,3.444597701149425,1168,-0.10244561096358905,0.7401619770196275,-4.278660479334735,1007,-0.07304354991794287,0.7900850084895665,-3.1143506496777027
US2000_USD,15m,S5 RSI(2) extremo + EMA200,Largo,bracket,2219,144.57541027470566,39.02658855340243,-0.1192316308465966,0.011858878755240566,0.8144756418509714,-4.485044524305171,-264.57498884859785,274.34462491079245,5.661559260928346,1189,-0.12582548373175964,0.8118633189784229,-3.368000753506115,1030,-0.11161989193352974,0.8177683171180031,-2.960404171549615
US2000_USD,15m,S5 RSI(2) extremo + EMA200,Corto,nativa,1618,105.41821262932572,58.03461063040791,-0.059196252738288956,0.013925531976114815,0.8198584734323461,-3.2496444333889656,-95.77953693055153,103.31460044502056,3.9295426452410385,861,-0.04662522229010145,0.8561074243411256,-1.8617076880659094,757,-0.07349434681476114,0.7798389631003915,-2.7680116678492688
US2000_USD,15m,S5 RSI(2) extremo + EMA200,Corto,bracket,1638,106.72128077060292,37.54578754578755,-0.11106690778538537,-0.013455357784172218,0.8182663329510187,-3.6878942664994843,-181.92759495246125,204.3431685459127,6.214896214896215,874,-0.1298761471355437,0.795433899422793,-3.1011130478636253,764,-0.08954953187957598,0.8466620223442535,-2.0679475406563497
US2000_USD,15m,S6 Retroceso a EMA21 en tendencia,Largo,nativa,2079,135.45393328576523,31.457431457431458,-0.05756354829774154,0.03878942975281133,0.8805710827075246,-2.0930262064535143,-119.67461691100466,124.54382633115615,8.32130832130832,1106,-0.07759598301045495,0.8487903045081853,-1.9715770383421563,973,-0.034792867113506154,0.922085221723852,-0.912921790587464
US2000_USD,15m,S6 Retroceso a EMA21 en tendencia,Largo,bracket,2133,138.9722172672137,40.225035161744024,-0.08396311866752758,0.04560880134983625,0.8659707136720906,-3.0768833724684606,-179.09333211783633,185.3382164210284,6.2883263009845285,1142,-0.11712940628131455,0.8232207856135578,-3.0798053564395964,991,-0.045743239298259485,0.9217835253742355,-1.1702635002626733
US2000_USD,15m,S6 Retroceso a EMA21 en tendencia,Corto,nativa,1612,105.02729218694256,28.66004962779156,-0.06769777079499036,0.006878826288079549,0.8615951609709502,-2.1297431310762227,-109.12880652152445,146.5195584022958,7.862282878411911,871,-0.12060362165078128,0.7712078756963563,-2.85962990687124,741,-0.005510191718885225,0.9876024515446238,-0.11445973920526023
US2000_USD,15m,S6 Retroceso a EMA21 en tendencia,Corto,bracket,1689,110.04410453085978,37.71462403789224,-0.09320500666438762,0.006562942937350958,0.8532711003095319,-3.010220196770558,-157.4232562561507,186.05369944294057,5.70396684428656,934,-0.13085860231122823,0.8041622583601854,-3.1103997110265746,755,-0.04662426714895832,0.9215634425862966,-1.0206585284608725
US2000_USD,15m,S7 Impulso RSI 70/30 en tendencia,Largo,nativa,991,64.5670264002854,40.766902119071645,0.04805785708800938,0.15041996656111098,1.087483274855504,1.0054683057326705,47.6253363742173,25.75582240166392,11.048435923309787,489,0.07628429861508199,1.1369613969732837,1.0687281338077994,502,0.02056237918613985,1.0379452154285247,0.322136255352482
US2000_USD,15m,S7 Impulso RSI 70/30 en tendencia,Largo,bracket,1147,74.73095790224758,42.545771578029644,-0.002568027615446655,0.1319158032671776,0.9957605132768267,-0.06671977770360561,-2.9455276749173134,38.52307061710083,6.121185701830863,569,-0.021298874948612972,0.9652486166666466,-0.3919405346993355,578,0.01587116292533472,1.0265094219240094,0.2909314805254405
US2000_USD,15m,S7 Impulso RSI 70/30 en tendencia,Corto,nativa,892,58.11683910096325,33.52017937219731,-0.10306457751013581,-0.022790954244585427,0.8369875496722664,-1.9708541472315548,-91.93360313904114,95.62726060396662,9.595291479820627,480,-0.024041195546332238,0.9611886339352579,-0.30944883179036176,412,-0.19513065358447004,0.6984896036125259,-2.87649561666681
US2000_USD,15m,S7 Impulso RSI 70/30 en tendencia,Corto,bracket,1021,66.52162861220121,37.02252693437806,-0.11298778013778323,-0.007754245009051392,0.8301920822075975,-2.7748334441578497,-115.36052352067668,119.92633683543762,5.278158667972576,555,-0.09667829512367841,0.8552789788723915,-1.7243870792844609,466,-0.1324121667962128,0.8000523177296487,-2.2359966194908614
US2000_USD,1h,S1 Cruce EMA 9/21,Largo,nativa,1873,122.29410976045764,28.190069407367858,-0.024091041188780738,0.031497535458901445,0.9587715205715825,-0.6449768482204533,-45.122520146586325,77.28261727905094,23.77469300587293,964,-0.005217444821884913,0.9912095686101874,-0.10012037013039458,909,-0.04410660433255146,0.9232349593394045,-0.8230927877406155
US2000_USD,1h,S1 Cruce EMA 9/21,Largo,bracket,1772,115.69949946371112,39.44695259593679,-0.02442501223735963,0.04900050453742384,0.9609028436249382,-0.7805431929090133,-43.28112168460127,72.35368557939384,10.119074492099323,914,-0.03240441834503608,0.9488821758164305,-0.7425083398379142,858,-0.015924805731046963,0.9741033143025288,-0.3545410511842262
US2000_USD,1h,S1 Cruce EMA 9/21,Corto,nativa,1874,122.35940293171255,23.05229455709712,-0.08122129746652805,-0.022531837924812313,0.8711240947861142,-1.8580014698189893,-152.20871145227358,187.06517670534146,19.286019210245463,964,-0.1023717548914108,0.8409936869022206,-1.720551946080495,910,-0.05881575795269626,0.904493340510981,-0.9147005839503815
US2000_USD,1h,S1 Cruce EMA 9/21,Corto,bracket,1780,116.22184483375045,34.831460674157306,-0.08466799982704247,-0.006854912384886768,0.8758484825983716,-2.6346231376850273,-150.7090396921356,168.92071093959427,8.162921348314606,914,-0.07633322150990976,0.8872554680804123,-1.7040636107307503,866,-0.09346475200009016,0.8639866743934851,-2.025007220679035
US2000_USD,1h,S2 Cruce 9/21 + RSI>50 + EMA200,Largo,nativa,1163,75.93595816946728,26.99914015477214,-0.0733238905869604,-0.012390822459107562,0.8789092399078008,-1.5756792900183028,-85.27568475263494,108.15478269394585,23.147033533963885,592,-0.09159295247139188,0.852211119108251,-1.469482164887559,571,-0.054382936759318656,0.9079469373672033,-0.7838156447293149
US2000_USD,1h,S2 Cruce 9/21 + RSI>50 + EMA200,Largo,bracket,1097,71.62660886664284,38.65086599817685,-0.05533395823378399,0.025142400841540066,0.9131226777003192,-1.401631470937606,-60.70135218246104,81.22584821698668,9.89334548769371,559,-0.056755415965028116,0.9112690844332487,-1.0268878258964167,538,-0.05385701609295598,0.9150654347949513,-0.9538674804157694
US2000_USD,1h,S2 Cruce 9/21 + RSI>50 + EMA200,Corto,nativa,823,53.73627994279585,25.51640340218712,-0.01683562774217726,0.03170896803092983,0.9729030599341303,-0.24700610979093,-13.855721631811885,64.86138885147132,20.800729040097206,415,-0.035584734131144304,0.9443658718772107,-0.37158773589132676,408,0.0022351544916985365,1.003708646887416,0.02301011901379792
US2000_USD,1h,S2 Cruce 9/21 + RSI>50 + EMA200,Corto,bracket,798,52.10395066142296,36.716791979949875,-0.023481593931261053,0.04135292099846937,0.963903018801954,-0.4866606951113879,-18.73831195714632,52.343845007019894,8.233082706766917,401,-0.021861041446519104,0.9658769791876457,-0.32504995235096845,397,-0.025118474400735957,0.961969002486837,-0.36242067801285077
US2000_USD,1h,S3 RSI 30/70 contra-tendencia,Largo,nativa,1202,78.48239184840901,53.07820299500832,-0.04122206336082712,0.007872801145455278,0.9146081592556018,-1.435895571627018,-49.5489201597142,51.437195149382894,9.371048252911814,643,-0.03542440796063427,0.9268885023962754,-0.8934184243920775,559,-0.04789092279253375,0.9003696302382266,-1.1502402800762421
US2000_USD,1h,S3 RSI 30/70 contra-tendencia,Largo,bracket,1309,85.46876117268502,36.058059587471355,-0.08631222739781091,-0.02124537822631299,0.8690032374696928,-2.3700604101573206,-112.98270566373449,116.13103162202856,9.650878533231474,702,-0.05447478572344107,0.9168123918528339,-1.0783467862785574,607,-0.12313246472138198,0.8144385697183836,-2.3459057914673114
US2000_USD,1h,S3 RSI 30/70 contra-tendencia,Corto,nativa,1210,79.00473721844834,52.892561983471076,-0.039671999531180314,0.022215793845282193,0.9171972186768732,-1.3632674028306186,-48.00311943272818,72.24929699403256,10.711570247933885,651,-0.08692658146573744,0.8297109969629264,-2.1547988075934104,559,0.01535972290065634,1.0347030857030806,0.36676238475636297
US2000_USD,1h,S3 RSI 30/70 contra-tendencia,Corto,bracket,1311,85.59934751519485,35.163996948893974,-0.109692779202619,-0.02685650662837988,0.8344169553579757,-3.048902525166602,-143.8072335346335,155.91028116356944,9.815408085430969,702,-0.15709737371114846,0.7706569028558271,-3.226041931668607,609,-0.05504905942431408,0.9135128003073116,-1.0324384833773508
US2000_USD,1h,S4 RSI 30/70 a favor de tendencia,Largo,nativa,199,12.99334107972828,55.778894472361806,-0.04927627793864234,0.009134327139045181,0.8898588080764165,-0.7529952889346668,-9.805979309789825,12.762801312115165,8.804020100502512,101,-0.04951613977566774,0.8903946762406246,-0.5270106849735557,98,-0.04902907339232026,0.8892954556766656,-0.53587445058617
US2000_USD,1h,S4 RSI 30/70 a favor de tendencia,Largo,bracket,208,13.580979621022525,34.13461538461539,-0.16357889561910266,-0.08610478522123946,0.759435833109177,-1.8579195180507078,-34.02441028877335,38.602434595233476,10.384615384615385,108,-0.07982863492542733,0.8770409795759634,-0.6386972253931547,100,-0.25402917716827195,0.6438132966837096,-2.0524140186195723
US2000_USD,1h,S4 RSI 30/70 a favor de tendencia,Corto,nativa,105,6.855782981766178,45.714285714285715,-0.17095257238711706,-0.12247923984012667,0.6870516930131046,-1.7669291317553155,-17.95002010064729,26.75399424100176,9.961904761904762,58,-0.28205663501153516,0.5498305631785785,-2.095605965212778,47,-0.033845431276133014,0.9243137611995007,-0.24658668442329176
US2000_USD,1h,S4 RSI 30/70 a favor de tendencia,Corto,bracket,108,7.051662495530926,34.25925925925926,-0.12049393552814366,-0.05577706798442429,0.8269308969602057,-0.9262305709600366,-13.013345037039516,25.922685274635832,9.074074074074074,60,-0.31961322008469756,0.5791365464233083,-2.0101134650026444,48,0.1284051701675487,1.2080400572460128,0.6077109671362526
US2000_USD,1h,S5 RSI(2) extremo + EMA200,Largo,nativa,2497,163.0370486235252,59.511413696435724,-0.03332963074820529,0.03623384803925157,0.8926249521511048,-2.2378842360965225,-83.22408797826861,98.45290718709501,3.969563476171406,1251,-0.02642237178960945,0.91563462288732,-1.2258954690988553,1246,-0.04026460743937976,0.8691036549550363,-1.95818841705314
US2000_USD,1h,S5 RSI(2) extremo + EMA200,Largo,bracket,2341,152.8513139077583,37.07817172148655,-0.056134392529247,0.035862329371244034,0.9167956933174821,-1.9882440594303892,-131.41061291096722,147.70869462217246,7.865869286629645,1187,-0.04360994828817602,0.9355925540220237,-1.0873026006246926,1154,-0.06901698812209903,0.8973190781583753,-1.7366473549204269
US2000_USD,1h,S5 RSI(2) extremo + EMA200,Corto,nativa,1751,114.32834286735789,54.54026270702455,-0.06691892129961491,-0.015607986317006118,0.7911803184378828,-3.8183171373385565,-117.1750311956257,132.4842114599549,4.69103369503141,914,-0.07940353694889064,0.7593094517020818,-3.2451329808267264,837,-0.05328578067424091,0.8281982167722112,-2.1218691979102395
US2000_USD,1h,S5 RSI(2) extremo + EMA200,Corto,bracket,1632,106.55845548802289,35.294117647058826,-0.0636556471737134,0.003984321360004475,0.9047387616707355,-1.9000714829141827,-103.88601618750027,122.26591839696047,8.33578431372549,876,-0.05491421568570326,0.9188862018698277,-1.183252012218124,756,-0.07378460746934418,0.887873516635693,-1.5248483773441943
US2000_USD,1h,S6 Retroceso a EMA21 en tendencia,Largo,nativa,1252,81.74705041115482,23.162939297124602,-0.1114173766934636,-0.04776829993766674,0.7973592241509551,-2.716277873696135,-139.49455562021643,167.531856879993,19.891373801916934,654,-0.20255655417081186,0.6504206462795938,-4.020566598509653,598,-0.011743426743320155,0.9773053067170222,-0.17880713056386055
US2000_USD,1h,S6 Retroceso a EMA21 en tendencia,Largo,bracket,1747,114.06717018233822,36.6914710933028,-0.09504007286955808,-0.007121646334337262,0.8566323636901607,-3.014791261562565,-166.03500730311796,191.46806342942867,9.227819118488839,917,-0.15021098856443213,0.7803775938799783,-3.514873387197816,830,-0.03408618167413701,0.9467125981664852,-0.732147630034446
US2000_USD,1h,S6 Retroceso a EMA21 en tendencia,Corto,nativa,787,51.38572577761888,21.98221092757306,-0.07453340596549077,-0.027542033669196848,0.8591745074264892,-1.233622956770594,-58.65779049484124,88.51744960400352,17.364675984752225,396,-0.05623274907141493,0.8975446299406895,-0.6229335469535903,391,-0.09306808660501514,0.817305721851957,-1.1590767009715872
US2000_USD,1h,S6 Retroceso a EMA21 en tendencia,Corto,bracket,1107,72.27954057919199,35.230352303523034,-0.06266217944644223,-0.0008846007486007055,0.9058673133701146,-1.53934726873662,-69.36703264721154,91.53331466658224,8.024390243902438,583,-0.02961573620509746,0.9544697389346611,-0.5276862657407086,524,-0.09942950083900712,0.854339054193307,-1.681097298876123
US2000_USD,1h,S7 Impulso RSI 70/30 en tendencia,Largo,nativa,572,37.34769395781194,31.818181818181817,-0.12862673437712296,-0.06580171526178864,0.7854193359045428,-2.185518352415638,-73.57449206371433,79.65706222538878,21.615384615384617,294,-0.18193162850629427,0.6999092305545769,-2.5426226509897654,278,-0.072253932672172,0.8779943756963169,-0.7640978275851598
US2000_USD,1h,S7 Impulso RSI 70/30 en tendencia,Largo,bracket,786,51.320432606363966,37.02290076335878,-0.12887712663083517,-0.04177335774951127,0.8049857396397004,-2.8291457981921604,-101.29742153183643,104.57056898609397,9.853689567430026,412,-0.16928764378052502,0.754561813884546,-2.68818476829913,374,-0.08436072805951907,0.8658917905347053,-1.2784668632086376
US2000_USD,1h,S7 Impulso RSI 70/30 en tendencia,Corto,nativa,438,28.5984090096532,28.767123287671232,-0.18021877030727115,-0.1333624278988069,0.7062448489432988,-2.759687501644729,-78.93582139458476,99.45143338824856,19.04337899543379,236,-0.20700590566468963,0.6614231152568214,-2.4009299020719994,202,-0.14892290919662382,0.7582237251440075,-1.4936278368221332
US2000_USD,1h,S7 Impulso RSI 70/30 en tendencia,Corto,bracket,595,38.84943689667501,35.294117647058826,-0.08550617690239747,-0.02514123895663104,0.8704170265845008,-1.5764043378095178,-50.876175256926494,71.39916883019993,8.546218487394958,321,-0.11391563690941926,0.8310608201622127,-1.5525267573369044,274,-0.052223561346725934,0.9187733112148212,-0.647731625938401
US2000_USD,1d,S1 Cruce EMA 9/21,Largo,nativa,92,6.389617798060468,34.78260869565217,0.01499327235631887,0.023665689068765133,1.0361057245117677,0.1281900255353299,1.379381056781336,9.540425957990024,26.08695652173913,49,0.026582049069151157,1.0613514820238408,0.14754449945442633,43,0.0017874570323936788,1.0045282790002907,0.012294878011074416
US2000_USD,1d,S1 Cruce EMA 9/21,Largo,bracket,89,6.181260695949801,48.31460674157304,0.06244766462239923,0.07394977811221866,1.1258644034627965,0.5030632654849593,5.557842151393531,8.98176538632078,12.370786516853933,46,-0.08229935928081986,0.8524388948739007,-0.49104158499444195,43,0.21729331810026148,1.5050119250358078,1.1867676592474659
US2000_USD,1d,S1 Cruce EMA 9/21,Corto,nativa,92,6.389617798060468,17.391304347826086,-0.2267566721308705,-0.2175684099615532,0.6144196135113744,-1.5179319024008349,-20.861613836040085,30.10891577359718,14.695652173913043,49,-0.2912904100739753,0.456086239128758,-2.016223311302927,43,-0.1532182265677975,0.7635413614933768,-0.5556910140857684
US2000_USD,1d,S1 Cruce EMA 9/21,Corto,bracket,83,5.764546491728466,25.301204819277107,-0.3017157044567038,-0.28942148687189323,0.5902950739776576,-2.2448255090052247,-25.042403469906414,27.035321717190712,7.831325301204819,44,-0.33199745420478866,0.540931087122625,-1.871877591430338,39,-0.2675516790998901,0.6439015833156793,-1.2941111475444598
US2000_USD,1d,S2 Cruce 9/21 + RSI>50 + EMA200,Largo,nativa,75,5.208927552766686,32.0,-0.01990438906043461,-0.010713883773142282,0.9557807698049341,-0.14777484738999178,-1.4928291795325956,7.348225483650281,25.493333333333332,38,0.032755202617228314,1.0717083233120424,0.14968098056056128,37,-0.07398721294560189,0.8330973964706918,-0.46901817712178423
US2000_USD,1d,S2 Cruce 9/21 + RSI>50 + EMA200,Largo,bracket,73,5.070022818026241,45.20547945205479,0.006432345938576405,0.018606042695165734,1.0121103516677241,0.04672307524401868,0.4695612535160776,8.95435743851057,11.863013698630137,36,-0.10439896053076393,0.8234007687584813,-0.5360751494409166,37,0.11426821169252918,1.2417107008835735,0.5842198130300066
US2000_USD,1d,S2 Cruce 9/21 + RSI>50 + EMA200,Corto,nativa,31,2.153023388476897,19.35483870967742,-0.03338064075490567,-0.025597491427184822,0.9414838810341974,-0.10877622259104185,-1.0347998634020756,8.077389206602962,15.64516129032258,20,-0.19666931571897034,0.6297828373149559,-0.7287516474432021,11,0.26350785917975733,1.4105951316571552,0.36164151419651713
US2000_USD,1d,S2 Cruce 9/21 + RSI>50 + EMA200,Corto,bracket,28,1.9446662863662294,28.57142857142857,-0.27149771517587024,-0.2612904199231919,0.6237752330240028,-1.1452059726611534,-7.601936024924367,12.1460723711496,7.607142857142857,18,-0.19538907353879026,0.7102648837968054,-0.6482112279013128,10,-0.4084932701226143,0.4936337979239065,-1.0214014397731035
US2000_USD,1d,S3 RSI 30/70 contra-tendencia,Largo,nativa,27,1.8752139189960069,55.55555555555556,0.04142903462645188,0.04849018952694165,1.0925444376487676,0.22102818174836383,1.1185839349142008,3.411854737675884,7.62962962962963,14,0.08798811414081043,1.2035752825928112,0.32552693932931,13,-0.008711512542857309,0.9812376141084246,-0.032363000881833956
US2000_USD,1d,S3 RSI 30/70 contra-tendencia,Largo,bracket,28,1.9446662863662294,39.285714285714285,-0.03200842179071819,-0.022708811373258444,0.9455631438656898,-0.13232879792748434,-0.8962358101401093,4.341565494056643,9.285714285714286,15,-0.028515821095223912,0.9529903910356589,-0.08337880834758402,13,-0.036038345670134704,0.9363871026290407,-0.10149243076840639
US2000_USD,1d,S3 RSI 30/70 contra-tendencia,Corto,nativa,37,2.5697375926982318,54.054054054054056,-0.025346574848877576,-0.01376793293219617,0.9460557922888934,-0.1582818695509324,-0.9378232694084703,4.97842233921641,9.405405405405405,20,-0.004138250185753511,0.991107251304746,-0.018683397716454518,17,-0.05029754504078824,0.8941502560880792,-0.21073491358317267
US2000_USD,1d,S3 RSI 30/70 contra-tendencia,Corto,bracket,41,2.8475470621791215,29.268292682926827,-0.1535489381804991,-0.13782060586710027,0.772366546092263,-0.7542969783027438,-6.2955064654004635,10.239905341481082,8.878048780487806,23,-0.20615694764369816,0.7045119154964407,-0.7657440141142373,18,-0.08632759275530016,0.8661544881197109,-0.2706182207227588
US2000_USD,1d,S4 RSI 30/70 a favor de tendencia,Largo,nativa,5,0.3472618368511124,60.0,-0.027356451180548812,-0.018161834558756928,0.9321709185492905,-0.06770671423652541,-0.13678225590274407,1.0117930018250605,7.8,3,0.11384481586606643,1.337553676475468,0.2000493809606448,2,-0.23915835175047168,0.5239585047185971,-0.3123716910975245
US2000_USD,1d,S4 RSI 30/70 a favor de tendencia,Largo,bracket,5,0.3472618368511124,20.0,-0.5078838923269429,-0.49562440349788695,0.3726327491966433,-1.007599290395377,-2.539419461634714,2.539419461634714,8.0,3,-0.17360095125121347,0.7433360248457295,-0.20643163899700132,2,-1.0093083039405368,0.0,-343.80180257838686
US2000_USD,1d,S4 RSI 30/70 a favor de tendencia,Corto,nativa,1,0.06945236737022248,0.0,-1.0069812189524747,-0.9999999999999979,0.0,,-1.0069812189524747,1.0069812189524747,14.0,0,,,,1,-1.0069812189524747,0.0,
US2000_USD,1d,S4 RSI 30/70 a favor de tendencia,Corto,bracket,1,0.06945236737022248,0.0,-1.0093082919366372,-1.0000000000000013,0.0,,-1.0093082919366372,1.0093082919366372,8.0,0,,,,1,-1.0093082919366372,0.0,
US2000_USD,1d,S5 RSI(2) extremo + EMA200,Largo,nativa,115,7.987022247575585,70.43478260869566,0.05648004444299114,0.06646191997643841,1.23423064550763,0.9394706365081192,6.495205110943981,3.839528654668098,3.9391304347826086,53,0.0786252591874801,1.3271309630373949,0.8551394165191922,62,0.03754945764528282,1.1552922939159813,0.4710074352256843
US2000_USD,1d,S5 RSI(2) extremo + EMA200,Largo,bracket,106,7.361950941243583,42.45283018867924,0.16521243574784897,0.17850999436959744,1.2825357788721221,1.2095342307584704,17.51251818927199,9.926476315335698,9.867924528301886,49,0.2678686334733015,1.4839681891143037,1.2988151734575193,57,0.07696412542246,1.125835389087348,0.4210501339367678
US2000_USD,1d,S5 RSI(2) extremo + EMA200,Corto,nativa,43,2.9864517969195665,60.46511627906976,0.036874979375448196,0.043185211014083076,1.1983610244178857,0.48211624725231855,1.5856241131442723,4.665842593016599,4.883720930232558,25,0.15133312776725213,2.3416834255284247,1.7848095087164284,18,-0.12209467116872391,0.575223615964356,-0.9132586348856992
US2000_USD,1d,S5 RSI(2) extremo + EMA200,Corto,bracket,39,2.708642327438677,28.205128205128204,-0.16958514628314447,-0.16084458435034352,0.7182491020068723,-0.9057345687648847,-6.6138207050426345,11.96463954781662,12.615384615384615,22,-0.0769856186893919,0.8571607706907639,-0.30691038630966627,17,-0.2894198290515301,0.5764610348559777,-1.0073599931873845
US2000_USD,1d,S6 Retroceso a EMA21 en tendencia,Largo,nativa,75,5.208927552766686,32.0,0.019166675229958977,0.028676172108803594,1.0520680174573518,0.16699901926707625,1.4375006422469232,9.354847071033305,20.893333333333334,32,0.16631272838834643,1.4703222033463772,0.7925675233163169,43,-0.09033736432977123,0.7615765418335084,-0.7227120512025886
US2000_USD,1d,S6 Retroceso a EMA21 en tendencia,Largo,bracket,108,7.5008556759840275,38.88888888888889,-0.00594077743306089,0.007501028421451393,0.9902620838124643,-0.047141098484161856,-0.6416039627705761,16.598966139208333,10.453703703703704,46,0.06759976330153872,1.1148221802991325,0.33911077130499107,62,-0.06050311410711866,0.9033332501352841,-0.3705407601662255
US2000_USD,1d,S6 Retroceso a EMA21 en tendencia,Corto,nativa,31,2.153023388476897,22.58064516129032,-0.22391765024437751,-0.21713061429216088,0.5136895249569362,-1.4868020484188462,-6.941447157575703,8.6048618566457,13.225806451612904,16,-0.2611267920987236,0.43262772976521024,-1.3938246723736487,15,-0.18422789893307503,0.6000767497589268,-0.7513817644133898
US2000_USD,1d,S6 Retroceso a EMA21 en tendencia,Corto,bracket,39,2.708642327438677,28.205128205128204,-0.25005710457830715,-0.24167587538452368,0.615724607738817,-1.3451257391663833,-9.752227078553979,10.083860461098073,8.23076923076923,23,-0.24898353962530156,0.6135396098005387,-1.026238104637111,16,-0.25160035419825255,0.6187906408450351,-0.8419777570353896
US2000_USD,1d,S7 Impulso RSI 70/30 en tendencia,Largo,nativa,24,1.6668568168853395,29.166666666666668,-0.3057591640663953,-0.29460639429767815,0.46546866924611463,-1.636070939555594,-7.338219937593488,7.338219937593488,17.833333333333332,13,-0.30961126217334295,0.4283385616960021,-1.2433245963842072,11,-0.3012066844854571,0.5045600611421198,-1.0193043762357419
US2000_USD,1d,S7 Impulso RSI 70/30 en tendencia,Largo,bracket,27,1.8752139189960069,37.03703703703704,-0.0657132823273974,-0.050553050803380746,0.8911398188348024,-0.27441936339613204,-1.7742586228397297,5.085975735435786,10.148148148148149,14,-0.12751701016077335,0.7819295771381172,-0.4180427164152224,13,0.0008445784162383063,1.0013534931191546,0.0021896409160710563
US2000_USD,1d,S7 Impulso RSI 70/30 en tendencia,Corto,nativa,7,0.48616657159155735,28.57142857142857,-0.25926921694125143,-0.252528886406204,0.5760271060865076,-0.6493317536171774,-1.8148845185887599,2.774250720259573,17.857142857142858,4,-0.4420183525705159,0.41557884912198206,-0.7803597458253652,3,-0.015603702768898664,0.9627098332564531,-0.02400934588889112
US2000_USD,1d,S7 Impulso RSI 70/30 en tendencia,Corto,bracket,8,0.5556189389617798,37.5,0.11625275114849543,0.12500000000000072,1.1841958573233544,0.21157364757120736,0.9300220091879634,2.0478479137174794,7.5,4,-0.25990287510353427,0.6573223343313711,-0.34590982546355664,4,0.4924083774005251,1.9773378467631637,0.5685609430208795
XAU_USD,5m,S1 Cruce EMA 9/21,Largo,nativa,5445,384.82706075851394,27.199265381083563,-0.13261260935169913,0.011440777632850032,0.7386634095457869,-7.1112493526049025,-722.0756579200018,751.1437904731551,18.064279155188245,2652,-0.08779753605908473,0.8239908140559035,-3.200112161995593,2793,-0.17516526755864992,0.6602830308904335,-6.91339171111389
XAU_USD,5m,S1 Cruce EMA 9/21,Largo,bracket,4964,350.83223684210526,36.34165995165189,-0.22264620713238953,-0.03325332078058874,0.6548987886531701,-13.489100124460437,-1105.2157722051816,1116.5202710566175,11.51027397260274,2437,-0.1813312768017038,0.7111376552246934,-7.602429325258747,2527,-0.26248969158663604,0.6034664435848055,-11.498712440345408
XAU_USD,5m,S1 Cruce EMA 9/21,Corto,nativa,5377,380.0211397058824,26.408778129068256,-0.1579587233754353,-0.0113907582422796,0.6991764305177935,-9.168480848090978,-849.3440555897155,861.7145093501517,17.32248465687186,2642,-0.17607279376469667,0.6768134994491718,-6.976684905151796,2735,-0.14046059761001348,0.7224335394253071,-5.973574084380484
XAU_USD,5m,S1 Cruce EMA 9/21,Corto,bracket,4899,346.23834171826627,35.3949785670545,-0.21757525348992415,-0.024487719276990977,0.6724138153134054,-12.67480476546831,-1065.9011668471385,1079.6110676042108,10.910798122065728,2432,-0.23239863202042704,0.6621463229117678,-9.37244195775091,2467,-0.20296217826244822,0.6832787184625448,-8.541978349041077
XAU_USD,5m,S2 Cruce 9/21 + RSI>50 + EMA200,Largo,nativa,2977,210.40039667182663,27.54450789385287,-0.12608283552712005,0.019133607718653446,0.7577029549049511,-5.035174703561331,-375.34860136423634,402.77133457853586,18.615384615384617,1518,-0.08342486760019477,0.8373231856737667,-2.2210616087933994,1459,-0.17046583437089838,0.6772754899173425,-5.1834256464557775
XAU_USD,5m,S2 Cruce 9/21 + RSI>50 + EMA200,Largo,bracket,2739,193.5796729876161,35.7429718875502,-0.24233147500222404,-0.05119750873994232,0.6330001623074052,-10.893792662968815,-663.7459100310916,667.0900335460149,11.289521723256662,1397,-0.2127917015377692,0.6718392862683913,-6.746746598502709,1342,-0.2730818949201401,0.5940250133158447,-8.711323730783183
XAU_USD,5m,S2 Cruce 9/21 + RSI>50 + EMA200,Corto,nativa,2898,204.8170472136223,26.39751552795031,-0.13572103514023065,0.007184122528703502,0.749555424665138,-5.355827618265369,-393.3195598363884,412.54265544692373,17.605244996549345,1395,-0.1222639740301826,0.7825423452223521,-3.0876625575392453,1503,-0.14821112179925724,0.7166452221280984,-4.601892475526972
XAU_USD,5m,S2 Cruce 9/21 + RSI>50 + EMA200,Corto,bracket,2663,188.20834945820434,34.960570784829144,-0.22744372308342076,-0.03954473972498143,0.662045376405113,-9.728493451120357,-605.6826345711495,610.1889828877012,10.687945925647766,1307,-0.24293833515232638,0.653136504368814,-7.13623666751935,1356,-0.21250901956272772,0.6713465323252882,-6.615677493336982
XAU_USD,5m,S3 RSI 30/70 contra-tendencia,Largo,nativa,2322,164.10806888544892,53.875968992248055,-0.1006327606838392,0.007796893209710705,0.7813326030299196,-5.417710231251654,-233.6692703078746,242.80859855398114,12.055555555555555,1130,-0.08310680481157863,0.8203176894908751,-3.069485248993345,1192,-0.1172471316030124,0.7440119316103235,-4.596903395550024
XAU_USD,5m,S3 RSI 30/70 contra-tendencia,Largo,bracket,2491,176.05219620743034,41.22842232035327,-0.12074782876895714,0.02484584650293967,0.794445744674843,-5.178058686321877,-300.7828414634722,313.26990091767306,11.775190686471296,1204,-0.10331592994811868,0.8254037718180391,-3.0157876191923054,1287,-0.13705552587873918,0.765069482656627,-4.3117830775012616
XAU_USD,5m,S3 RSI 30/70 contra-tendencia,Corto,nativa,2196,155.202979876161,52.18579234972678,-0.1262890253866246,-0.006577765242697585,0.7307527662344078,-6.614942904184225,-277.3306997490276,277.6432396169971,12.598816029143897,1102,-0.13082797438397278,0.7223998327286661,-4.886339124155021,1094,-0.12171688480611478,0.7392477286551055,-4.468764954869172
XAU_USD,5m,S3 RSI 30/70 contra-tendencia,Corto,bracket,2379,168.13656153250776,38.12526271542665,-0.17792883680621782,-0.018176391070686776,0.7121846731509474,-7.442760761555053,-423.2927027619922,423.29270276199236,11.57166876839008,1195,-0.18628690754938537,0.7058747572759564,-5.4204658061783455,1184,-0.16949311506797018,0.7188748477020617,-5.098786048613043
XAU_USD,5m,S4 RSI 30/70 a favor de tendencia,Largo,nativa,102,7.208881578947369,55.88235294117647,-0.13498312851028554,-0.007396714091506467,0.711139190647949,-1.5532714272570338,-13.768279108049125,16.666634524842873,10.186274509803921,48,-0.07762844846777328,0.8157385024441984,-0.6257936376571077,54,-0.185965066325852,0.6340591044676104,-1.5209203972315029
XAU_USD,5m,S4 RSI 30/70 a favor de tendencia,Largo,bracket,103,7.279556888544892,35.92233009708738,-0.18961002763366241,-0.01876778978198356,0.6966831632612689,-1.6484500468587107,-19.52983284626723,24.5258572132567,12.194174757281553,48,-0.12443712897581793,0.7915350092906777,-0.7203897583136338,55,-0.246488193735054,0.6206320221882481,-1.5908249373995125
XAU_USD,5m,S4 RSI 30/70 a favor de tendencia,Corto,nativa,93,6.57280379256966,64.51612903225806,0.09689359531236812,0.22134321477583346,1.3100153585769791,1.1218890203265872,9.011104364050235,6.2880478118030085,11.516129032258064,35,0.010125702387928433,1.0280912154780657,0.0693832062571619,58,0.14925353069780586,1.5262239472095214,1.3911682193275778
XAU_USD,5m,S4 RSI 30/70 a favor de tendencia,Corto,bracket,96,6.78482972136223,44.79166666666667,-0.007625159553034576,0.15663535319108124,0.9854854602182593,-0.06328107146436078,-0.7320153170913193,11.312107715362794,12.197916666666666,38,-0.14274129057527962,0.7765521292104286,-0.6982333287967377,58,0.08089920215119487,1.1793748595949989,0.5462606865349401
XAU_USD,5m,S5 RSI(2) extremo + EMA200,Largo,nativa,5180,366.0981037151703,54.478764478764475,-0.10914222856796506,0.04031946812272452,0.5864951714536286,-13.63357847964589,-565.356743982059,568.1887759875352,4.43996138996139,2599,-0.08898918314110425,0.6642699535812053,-7.533726039731921,2581,-0.1294358221613053,0.5075096853452211,-11.997694393649716
XAU_USD,5m,S5 RSI(2) extremo + EMA200,Largo,bracket,4512,318.8869969040248,40.890957446808514,-0.1465492756403593,0.04955395023315373,0.7587185588277433,-8.299086195764318,-661.2303316893011,671.3416313304068,11.67508865248227,2286,-0.11512818638100525,0.809269412297975,-4.521463887580435,2226,-0.1788172945293455,0.7074528128005539,-7.320168755801437
XAU_USD,5m,S5 RSI(2) extremo + EMA200,Corto,nativa,4969,351.1856133900929,54.29663916280943,-0.11149750002189446,0.026792538191613546,0.5679521440334562,-14.391634509838916,-554.0310776087936,554.894375227079,4.708593278325619,2251,-0.09540718614306697,0.6285794137877282,-8.10192967914724,2718,-0.12482321618864971,0.5181656481180963,-12.158800525459943
XAU_USD,5m,S5 RSI(2) extremo + EMA200,Corto,bracket,4306,304.327883126935,39.43334881560613,-0.16129954862102094,0.018472730845706744,0.7316730529547406,-9.184440097198841,-694.5558563621162,697.4111246462363,12.00487691593126,1958,-0.15739520192135745,0.7423010301398859,-5.934957568164209,2348,-0.1645553879898204,0.7225461667132979,-7.026406803995283
XAU_USD,5m,S6 Retroceso a EMA21 en tendencia,Largo,nativa,3879,274.14952592879257,24.43928847641145,-0.11667820827497644,0.0238040673402457,0.7479455304736883,-5.693186497506012,-452.5947698986336,498.1567166421002,16.938901778808972,1985,-0.11990853429912876,0.7442706064275044,-4.087044668823114,1894,-0.11329267651259926,0.751900314096009,-3.9642174180321006
XAU_USD,5m,S6 Retroceso a EMA21 en tendencia,Largo,bracket,4317,305.10531153250776,37.31758165392633,-0.2049922520727083,-0.016780706533811966,0.6747808713598284,-11.646924737083276,-884.9515521978817,895.6677712622871,11.732221450081076,2185,-0.20680975236509594,0.6738247058031096,-8.35021487262219,2132,-0.20312957001883067,0.6757726022701295,-8.11789695736032
XAU_USD,5m,S6 Retroceso a EMA21 en tendencia,Corto,nativa,3840,271.39318885448915,22.317708333333332,-0.1294879963151815,0.004386704149448393,0.7245789621543167,-6.6504941507315705,-497.233905850297,504.4576155314446,16.383072916666666,1797,-0.10541453374577,0.7766810090161355,-3.508432308722972,2043,-0.1506627453299796,0.6784030633785045,-5.952058668858413
XAU_USD,5m,S6 Retroceso a EMA21 en tendencia,Corto,bracket,4268,301.6422213622291,36.73851921274602,-0.2048648716686419,-0.025565636788294058,0.6806375935568497,-11.360284764761534,-874.3632722817636,882.8640743532363,11.459700093720713,1968,-0.1813346017851631,0.7183009824584526,-6.678247203242561,2300,-0.2249985982472011,0.6482016949956246,-9.343298427593048
XAU_USD,5m,S7 Impulso RSI 70/30 en tendencia,Largo,nativa,1128,79.7217492260062,34.39716312056738,-0.005360012525655624,0.12508624144711,0.9906383494702931,-0.11099194440506088,-6.046094128939544,58.95524301203933,21.156028368794328,581,-0.05601493909201929,0.9031850470490557,-0.8637486148951921,547,0.04844348351649666,1.0855668345593381,0.673664511545827
XAU_USD,5m,S7 Impulso RSI 70/30 en tendencia,Largo,bracket,1390,98.23868034055728,39.92805755395683,-0.07100392388254634,0.09997092187697511,0.8873517882261818,-2.0560930408734173,-98.6954541967394,141.6365508442803,9.579136690647482,703,-0.11249137958102613,0.8258877361390321,-2.3416325731289933,687,-0.028550239230390136,0.9535147586712415,-0.5751920943105902
XAU_USD,5m,S7 Impulso RSI 70/30 en tendencia,Corto,nativa,1131,79.93377515479877,35.0132625994695,-0.053726521554306066,0.06083144939163689,0.9063802949746885,-1.213433967044686,-60.76469587792016,78.68378717999853,20.376657824933687,550,-0.06356374281764196,0.8937705664235482,-0.9159206723208362,581,-0.04441417784546827,0.919350245340063,-0.7952456277547012
XAU_USD,5m,S7 Impulso RSI 70/30 en tendencia,Corto,bracket,1424,100.64164086687308,39.11516853932584,-0.07763577461902539,0.07062370012300631,0.878735466292556,-2.248559475795879,-110.55334305749216,123.85197203249739,9.004213483146067,698,-0.09164810952076358,0.8579154385434705,-1.8617060304434254,726,-0.06416386034710633,0.8990494433966215,-1.3239001455731438
XAU_USD,15m,S1 Cruce EMA 9/21,Largo,nativa,1780,125.8507549361208,36.29213483146068,-0.05798421712806746,0.022107062924205303,0.8538744891749132,-2.307828421977681,-103.21190648796008,119.90524537052853,10.382584269662921,895,-0.0413230388985968,0.8954167969744165,-1.174785959175955,885,-0.07483365725843609,0.8122210786334354,-2.084285572454213
XAU_USD,15m,S1 Cruce EMA 9/21,Largo,bracket,1699,120.12383855981417,38.84638022366097,-0.11059832463040345,-0.004320086050593478,0.7827104894270276,-4.328283634430506,-187.90655354705547,198.99140675920694,8.785756327251324,864,-0.10183885278274356,0.7967556953806666,-2.85775572494402,835,-0.11966201765600604,0.7686305707408889,-3.2629024333211514
XAU_USD,15m,S1 Cruce EMA 9/21,Corto,nativa,1728,122.17421602787456,33.969907407407405,-0.11139041540877022,-0.0292499283278736,0.7235506871735087,-4.964637344041653,-192.48263782635493,202.44945615378768,10.40798611111111,835,-0.1313132143093698,0.69606791355062,-3.8876148425123165,893,-0.09276159448827678,0.7531020027575103,-3.113314542071002
XAU_USD,15m,S1 Cruce EMA 9/21,Corto,bracket,1648,116.51800232288038,37.74271844660194,-0.12454453027147222,-0.015586122509638518,0.7608753335150238,-4.745535745265337,-205.2493858873862,218.83832336046987,8.62135922330097,800,-0.13174021185026003,0.7567278393109172,-3.3960095981602745,848,-0.11775615142355918,0.7651020344467335,-3.312790799058498
XAU_USD,15m,S2 Cruce 9/21 + RSI>50 + EMA200,Largo,nativa,1094,77.34872241579559,36.471663619744064,-0.06127141039162778,0.020460150422549717,0.852814174484273,-1.9294529776405929,-67.03092296844079,80.72023597553431,10.438756855575868,578,-0.04732303259726547,0.8882933540725492,-1.0352449409167883,516,-0.07689575606050648,0.8115541516725221,-1.757517334593135
XAU_USD,15m,S2 Cruce 9/21 + RSI>50 + EMA200,Largo,bracket,1049,74.16710220673636,38.70352716873213,-0.10345270625279007,0.005304993270981401,0.8015030322961982,-3.095163244044215,-108.52188885917678,118.22991865350252,8.528122020972354,560,-0.12230619345015437,0.7677358694937817,-2.6960985429497435,489,-0.0818618006688964,0.8410431529905743,-1.6554538313808136
XAU_USD,15m,S2 Cruce 9/21 + RSI>50 + EMA200,Corto,nativa,922,65.18786295005808,35.35791757049891,-0.08624542487802758,-0.006854694857491713,0.7906821690488558,-2.6602973556154677,-79.51828173754143,100.33605101916855,10.685466377440347,420,-0.09677424326883628,0.7857103214271569,-1.8642747336710341,502,-0.07743645331599638,0.7956397842260893,-1.8989948851416016
XAU_USD,15m,S2 Cruce 9/21 + RSI>50 + EMA200,Corto,bracket,890,62.9253774680604,38.31460674157303,-0.09242584536314723,0.012841749073835977,0.8237247642413924,-2.499850794930212,-82.25900237320103,96.29491195809875,8.491011235955057,405,-0.08584010274308217,0.8418910764538181,-1.5098190574772612,485,-0.0979252799221706,0.8075378357213339,-2.0182225637834668
XAU_USD,15m,S3 RSI 30/70 contra-tendencia,Largo,nativa,1141,80.67174796747967,51.79666958808063,-0.0193172757561804,0.050200708282242434,0.9473691587907662,-0.7684171396923797,-22.041011637801837,45.55951562726637,9.294478527607362,551,-0.05565121639151282,0.8615754226392851,-1.4989653083012942,590,0.014614929820206308,1.0437117942163157,0.4292170647349024
XAU_USD,15m,S3 RSI 30/70 contra-tendencia,Largo,bracket,1223,86.46936701509873,44.48078495502862,-0.02597904513462904,0.06662013690488189,0.9462350948603117,-0.8323565509867078,-31.772372199651315,69.95613723518564,9.480784955028618,586,-0.08589329119811479,0.8360624195268275,-1.8971743206721805,637,0.029138298967729907,1.0653739795892605,0.6776026671023693
XAU_USD,15m,S3 RSI 30/70 contra-tendencia,Corto,nativa,1127,79.6819105691057,46.495119787045255,-0.10335907668096335,-0.026408415452638275,0.7423695019549686,-4.2811758881971675,-116.48567941944569,116.7376405769911,9.354037267080745,583,-0.1359411611029071,0.6884947733334924,-3.914146027248497,544,-0.0684411442949464,0.8116940641761841,-2.050463412418755
XAU_USD,15m,S3 RSI 30/70 contra-tendencia,Corto,bracket,1205,85.19671893147503,39.50207468879668,-0.14575872615340865,-0.0422116670035455,0.7196908549537899,-4.90957028889336,-175.63926501485741,177.07488688201187,9.263070539419088,617,-0.19118917497516744,0.6601896349695486,-4.491685196391801,588,-0.0980876599577876,0.7936072088511836,-2.377367495673008
XAU_USD,15m,S4 RSI 30/70 a favor de tendencia,Largo,nativa,76,5.373403019744483,56.57894736842105,-0.0034694138646197896,0.07609324689946373,0.989927010024042,-0.03844552444452671,-0.263675453711104,9.329915712074126,8.18421052631579,29,0.20082833913096004,1.883364226257032,1.4736780333966282,47,-0.12952547422359464,0.6891412153093984,-1.1110768862514535
XAU_USD,15m,S4 RSI 30/70 a favor de tendencia,Largo,bracket,79,5.585511033681765,45.56962025316456,-0.04305637245607683,0.06167673330375736,0.9147520493850676,-0.3460324759464013,-3.40145342403007,10.039816440150197,9.772151898734178,30,0.09538620157990238,1.2105243203713982,0.4511365724535153,49,-0.12781713206994164,0.7619344266611926,-0.831451900202521
XAU_USD,15m,S4 RSI 30/70 a favor de tendencia,Corto,nativa,64,4.524970963995354,59.375,0.04828350573741465,0.12755271790284914,1.1373324806830865,0.4359752556917494,3.0901443671945374,4.725799169226079,7.15625,22,0.12742056286198547,1.3472717632653433,0.5810567178056943,42,0.006830761529306112,1.0198830456510841,0.05452455924625833
XAU_USD,15m,S4 RSI 30/70 a favor de tendencia,Corto,bracket,65,4.595673635307782,52.307692307692314,0.07376009733518189,0.18013467073175016,1.1644681630929412,0.5304369448908384,4.794406326786823,6.194877139600251,8.092307692307692,22,-0.035104660757851375,0.9352751191457512,-0.13870652406832107,43,0.12945834566185008,1.3232908498823301,0.7745426437394983
XAU_USD,15m,S5 RSI(2) extremo + EMA200,Largo,nativa,1764,124.71951219512195,61.84807256235828,-0.033933722276583596,0.05120292889582199,0.8532532218584475,-2.5059925531405356,-59.85908609589346,81.1625807271139,4.099206349206349,884,-0.011414609984209246,0.9488998243739691,-0.6036138107219031,880,-0.056555194170286906,0.763504521168913,-2.919841386277377
XAU_USD,15m,S5 RSI(2) extremo + EMA200,Largo,bracket,1630,115.24535423925668,44.23312883435583,-0.07690204165490691,0.03563568033173915,0.8350908163302836,-3.084523604338015,-125.35032789749826,173.35251666531315,8.83680981595092,825,-0.0341686455353878,0.924804501461677,-0.9600012253501936,805,-0.12069713705689852,0.7477900880173377,-3.4629358326903015
XAU_USD,15m,S5 RSI(2) extremo + EMA200,Corto,nativa,1560,110.29616724738676,57.56410256410256,-0.07577776711448836,0.0017717182538369673,0.6939965372094101,-5.420835778715381,-118.21331669860184,120.93677298239537,4.344230769230769,697,-0.05436853269369201,0.7780258435870174,-2.566407555175712,863,-0.09306888691900174,0.6274588520362421,-5.007629402103337
XAU_USD,15m,S5 RSI(2) extremo + EMA200,Corto,bracket,1467,103.72081881533101,42.12678936605317,-0.09068255842834771,0.010585426906151536,0.8028643384478479,-3.522530702725827,-133.0313132143861,138.46034482370496,8.89161554192229,671,-0.09354817830279535,0.7990147108525413,-2.4282334779129813,796,-0.08826694167488744,0.8061809725799757,-2.5503248545107438
XAU_USD,15m,S6 Retroceso a EMA21 en tendencia,Largo,nativa,1642,116.09378629500581,31.851400730816078,-0.10741220733174911,-0.022701165919776348,0.7253782367770842,-4.639166169214079,-176.37084443873204,193.37091532020148,9.323995127892813,854,-0.0779566491019538,0.8028408736862371,-2.244392062369994,788,-0.13933485546403995,0.6394941367475075,-4.619993992341335
XAU_USD,15m,S6 Retroceso a EMA21 en tendencia,Largo,bracket,1572,111.14459930313589,38.48600508905852,-0.17919981825064368,-0.06695916750062089,0.6704223724821409,-6.884659975383322,-281.7021142900119,289.6357253964802,8.826335877862595,828,-0.15258441496440706,0.7187837392412699,-4.144229587633646,744,-0.2088201864240361,0.6168383559975287,-5.693295388630512
XAU_USD,15m,S6 Retroceso a EMA21 en tendencia,Corto,nativa,1423,100.60990127758421,30.3583977512298,-0.08759863460306684,-0.008942921455081803,0.7727706233308672,-3.4964514210888806,-124.65285704016411,134.64250738604295,9.434996486296557,627,-0.09881628886500977,0.759724420510137,-2.4908258863744064,796,-0.07876261799221482,0.7843424527610238,-2.4533556733639483
XAU_USD,15m,S6 Retroceso a EMA21 en tendencia,Corto,bracket,1358,96.01422764227642,37.92341678939617,-0.12627158991409348,-0.022000792106154427,0.7578049337460757,-4.380065570173926,-171.47681910333895,181.25066991763168,8.834315169366716,596,-0.14971876501623854,0.7304291481108411,-3.3292397297583025,762,-0.10793232959798008,0.7818419659466972,-2.881154143957638
XAU_USD,15m,S7 Impulso RSI 70/30 en tendencia,Largo,nativa,590,41.71457607433217,41.69491525423729,-0.014537438387345706,0.06654361894953353,0.9667355924039779,-0.3102448080420747,-8.577088648533966,48.95772177117177,12.63050847457627,311,0.11929674240170113,1.3024285709046457,1.6668598403318584,279,-0.16372177611277064,0.6620621469239605,-2.8420023611976717
XAU_USD,15m,S7 Impulso RSI 70/30 en tendencia,Largo,bracket,650,45.956736353077815,41.23076923076923,-0.03043007224899226,0.07760580058509059,0.9410719767442721,-0.6744338669971717,-19.779546961844968,40.06765562337931,8.62,347,0.04337110713558433,1.0897330515916526,0.6905592475591917,303,-0.11494825458050408,0.7926071393418948,-1.7810863656986582
XAU_USD,15m,S7 Impulso RSI 70/30 en tendencia,Corto,nativa,521,36.83609175377468,42.226487523992326,-0.042518053442526405,0.027795812121343896,0.9071588666810333,-0.877464214512671,-22.151905843556257,43.330378846320535,12.566218809980807,252,-0.03762095363126332,0.9202347085573929,-0.5176265756739974,269,-0.04710567110958326,0.8941802876611072,-0.7278322807993032
XAU_USD,15m,S7 Impulso RSI 70/30 en tendencia,Corto,bracket,575,40.65403600464576,41.73913043478261,0.004672521193427022,0.09703614900921008,1.0090782130272353,0.09493436393830171,2.6866996862205372,37.658619041258525,8.2,279,0.051494283850008114,1.1005437851064892,0.702587623071697,296,-0.039460153743012594,0.9236878427584216,-0.5968368326264569
XAU_USD,1h,S1 Cruce EMA 9/21,Largo,nativa,1819,128.9075960419092,29.521715228147333,0.13736732834790094,0.19135866018115133,1.2690377489882756,3.089496537664033,249.8711702648318,35.49753485403701,24.19076415612974,868,0.24274196829496433,1.4871019285522933,3.5805148538455778,951,0.041189423538173266,1.078942184143488,0.7077149018481895
XAU_USD,1h,S1 Cruce EMA 9/21,Largo,bracket,1700,120.4743888242142,41.23529411764706,0.028341627643421782,0.09958890289851424,1.0485020644853313,0.8953905957034365,48.18076699381703,64.14819644785406,10.30764705882353,813,0.10524263082328955,1.1932702910444728,2.297887234494146,887,-0.042143733782995914,0.9321160776677835,-0.964699523734055
XAU_USD,1h,S1 Cruce EMA 9/21,Corto,nativa,1819,128.9075960419092,25.398570643210554,0.0180286340542739,0.07277064620498168,1.0323113813927263,0.42052916352258013,32.79408534472422,75.07132932173934,21.22100054975261,868,-0.007399164544898989,0.98688221134894,-0.12775720791011586,951,0.04123718209221507,1.0746500482828159,0.657603584604891
XAU_USD,1h,S1 Cruce EMA 9/21,Corto,bracket,1693,119.97831781140862,37.27111636148848,-0.04460535003319318,0.027562526190523764,0.9299192062114131,-1.3876852992754944,-75.51685760619606,87.5171711219308,9.499704666272889,801,-0.055644282589556435,0.9128867011062284,-1.1952140217960834,892,-0.034692586605337854,0.9453180908246619,-0.7804089120619948
XAU_USD,1h,S2 Cruce 9/21 + RSI>50 + EMA200,Largo,nativa,1016,72.0011641443539,31.299212598425196,0.19036455578835162,0.24506194413448384,1.3679914124289791,3.0771161061343824,193.41038868096524,41.53289618422616,25.246062992125985,518,0.26156267276689543,1.5205162046726426,2.9971822030237028,498,0.11630707668215541,1.2183341287272724,1.326822939567691
XAU_USD,1h,S2 Cruce 9/21 + RSI>50 + EMA200,Largo,bracket,960,68.0325960419092,43.125,0.0521151942705667,0.12390436570889608,1.0910858988805292,1.2387467473497835,50.03058649974403,42.24038221744778,9.99375,487,0.11764022522291816,1.2170564066619203,1.983712398607663,473,-0.015349266773397718,0.9745545250085751,-0.2575646596043895
XAU_USD,1h,S2 Cruce 9/21 + RSI>50 + EMA200,Corto,nativa,887,62.85928405122235,27.50845546786922,0.11141315488897191,0.16509314595825847,1.1988429574288586,1.6053420033293153,98.82346838651809,42.47784465683888,21.710259301014656,370,0.1154109781705389,1.2130992099031996,1.237132318840532,517,0.10855204344955263,1.1892115135616002,1.1001920582379023
XAU_USD,1h,S2 Cruce 9/21 + RSI>50 + EMA200,Corto,bracket,836,59.24505238649593,38.995215311004785,0.007778779424851689,0.07860744029305589,1.0125728015635194,0.16761208829316596,6.503059599176012,29.485922686398194,9.187799043062201,350,0.059012381619246636,1.0995957827938512,0.8185911832938415,486,-0.029117847669877156,0.9543287383167175,-0.4800766588515694
XAU_USD,1h,S3 RSI 30/70 contra-tendencia,Largo,nativa,1077,76.32406868451687,52.27483751160631,-0.08848387114922164,-0.042383778645307596,0.817607264066394,-3.0582446848682423,-95.29712922771171,109.5812345547668,10.81058495821727,516,-0.05965178734865109,0.877725595811334,-1.3721221113665922,561,-0.11500322095509401,0.7617121979794685,-2.982763029245002
XAU_USD,1h,S3 RSI 30/70 contra-tendencia,Largo,bracket,1166,82.63125727590221,36.36363636363637,-0.13907138270149688,-0.07731049199088452,0.7807362543172963,-3.8925633834197764,-162.15723222994535,169.48077915170467,10.821612349914236,547,-0.13010402469094345,0.7950352110442931,-2.4803228994211195,619,-0.1469956877609035,0.768081821092293,-3.01043160813902
XAU_USD,1h,S3 RSI 30/70 contra-tendencia,Corto,nativa,1216,86.17462165308498,51.398026315789465,-0.10882330178250788,-0.05735782463376898,0.7801067819285211,-3.9669814064064295,-132.32913496752957,133.99925471276944,10.990131578947368,646,-0.1563562343747287,0.7003686037315223,-4.1833239248207885,570,-0.05495264484465763,0.8816601423163946,-1.3637364617865921
XAU_USD,1h,S3 RSI 30/70 contra-tendencia,Corto,bracket,1328,94.11175785797438,36.44578313253012,-0.1382072257011132,-0.06865628518648227,0.7825836611018046,-4.094108513237704,-183.53919573107834,185.22096357639168,10.288403614457831,704,-0.20332868167687576,0.6956287146692846,-4.436281444552672,624,-0.06473686511307346,0.8919583550520008,-1.3012210673425275
XAU_USD,1h,S4 RSI 30/70 a favor de tendencia,Largo,nativa,136,9.637951105937136,54.41176470588235,-0.0001686248521424183,0.05076725485972471,0.9996253319450538,-0.0018965684635860584,-0.022932979891368888,12.232722808635415,8.889705882352942,77,0.11669701316416839,1.258984765690202,0.878434406096974,59,-0.15268818633105652,0.6602200024597263,-1.4223299844650972
XAU_USD,1h,S4 RSI 30/70 a favor de tendencia,Largo,bracket,148,10.488358556461002,39.86486486486486,-0.04680562743451858,0.02049667037298692,0.92581504336593,-0.43580758834307787,-6.9272328603087505,18.054929715759428,9.655405405405405,83,-0.007061217136833651,0.9887736423870336,-0.047791826181943456,65,-0.0975561821223317,0.845984105331191,-0.6227864856572017
XAU_USD,1h,S4 RSI 30/70 a favor de tendencia,Corto,nativa,111,7.866268917345751,54.054054054054056,-0.12040879207474234,-0.06799932322461698,0.7467617892626304,-1.4266464024116325,-13.3653759202964,26.644555986777068,10.612612612612613,59,-0.38828672666954306,0.3979214492690078,-3.3943115363506378,52,0.1835296337155124,1.64797892176688,1.6413212814272558
XAU_USD,1h,S4 RSI 30/70 a favor de tendencia,Corto,bracket,119,8.433207217694994,35.294117647058826,-0.12219071763206894,-0.051255685130644706,0.8077003172243511,-1.063439845379945,-14.540695398216204,30.706490526843485,10.092436974789916,63,-0.3953783448794032,0.4924075451994106,-2.635324414314512,56,0.18514536302118204,1.3906277032209693,1.0986143192737612
XAU_USD,1h,S5 RSI(2) extremo + EMA200,Largo,nativa,2214,156.9001746216531,64.63414634146342,0.007690463862775586,0.06403962503992526,1.0304192422173952,0.5005800819162738,17.026686992185148,39.872015184934604,4.2411924119241196,1165,0.041123656801169924,1.1635284341552699,1.740143542110939,1049,-0.029439821907700506,0.884233038544817,-1.550506075804078
XAU_USD,1h,S5 RSI(2) extremo + EMA200,Largo,bracket,1937,137.26993597206052,40.3200826019618,0.011291691672941046,0.08640190438688579,1.0184463061346147,0.37139270132921226,21.872006770486806,67.71758782388038,9.621063500258131,1024,0.06138640427060018,1.102756757504019,1.4417585626953244,913,-0.04489339671698551,0.9285903224300587,-1.036524528127838
XAU_USD,1h,S5 RSI(2) extremo + EMA200,Corto,nativa,1797,127.34851571594878,59.933222036727884,-0.04933689540024632,0.0028147263432205393,0.8059723087810748,-3.4835080701557986,-88.65840103424264,94.41961539900291,4.815247634947134,822,-0.05916878716295539,0.7766973354700469,-2.7550408604360666,975,-0.04104785434491623,0.8326367301283257,-2.1823502423921783
XAU_USD,1h,S5 RSI(2) extremo + EMA200,Corto,bracket,1560,110.55296856810244,38.3974358974359,-0.051052287800756796,0.01780361421771765,0.9166798050884482,-1.5725313433619597,-79.6415689691806,96.69988970164415,10.706410256410257,723,-0.12139167450067018,0.8125609106222488,-2.571567715680381,837,0.009706824008128974,1.016662072194028,0.2175196037139304
XAU_USD,1h,S6 Retroceso a EMA21 en tendencia,Largo,nativa,1150,81.49738067520373,22.869565217391305,0.04569883098395939,0.10121998477318478,1.0930000948193068,0.8540818541873565,52.5536556315533,46.46868976098075,19.837391304347825,611,0.08427124631624175,1.1709672753890694,1.1686864062257492,539,0.001973885217680049,1.0040311559924937,0.02475908826007309
XAU_USD,1h,S6 Retroceso a EMA21 en tendencia,Largo,bracket,1590,112.6789871944121,36.91823899371069,-0.0929386972145401,-0.01902971312885337,0.8549807293459802,-2.888493585096536,-147.77252857111876,163.56169758365374,9.61006289308176,873,-0.07493035445373951,0.8824237666611958,-1.7108439159378137,717,-0.11486517312831823,0.8219779109420559,-2.421946771487232
XAU_USD,1h,S6 Retroceso a EMA21 en tendencia,Corto,nativa,914,64.77270081490104,22.428884026258206,0.052357491688861404,0.10632810388062572,1.1083345778975902,0.7953063666859473,47.85474740361932,50.90976673388135,19.14551422319475,410,-0.04537051722722516,0.9071059005167549,-0.5732913547719337,504,0.13185845132297946,1.2752028322528965,1.31234967898676
XAU_USD,1h,S6 Retroceso a EMA21 en tendencia,Corto,bracket,1234,87.45023282887078,38.573743922204216,-0.030112524540373508,0.03931755521505722,0.9511008117416112,-0.8084049648156333,-37.15885528282091,70.28998258385373,9.644246353322528,539,-0.11270243701178864,0.828857506240075,-2.0148847676091224,695,0.033939220527385856,1.0582471559564537,0.6811884154167805
XAU_USD,1h,S7 Impulso RSI 70/30 en tendencia,Largo,nativa,537,38.055733410942956,37.243947858473,0.1768373926058703,0.23205706152121724,1.3453012485921323,2.044325911399625,94.96167982935236,17.448698548245638,23.89199255121043,298,0.1573656056691475,1.3066550854811603,1.637860852014486,239,0.201116022342872,1.393708765392924,1.312084766615578
XAU_USD,1h,S7 Impulso RSI 70/30 en tendencia,Largo,bracket,793,56.197759022118746,40.98360655737705,0.03587666161524447,0.11033175260186101,1.0611695435065847,0.764783392694513,28.450192660888867,32.531310785878745,9.384615384615385,458,-0.011329342648189298,0.9811240814546432,-0.18638552744553347,335,0.10041501968286443,1.1768503056308726,1.3640348533574154
XAU_USD,1h,S7 Impulso RSI 70/30 en tendencia,Corto,nativa,433,30.685535506402793,34.18013856812933,0.049495893877753924,0.09831112234728662,1.0880758798410577,0.5400058124769375,21.43172204906745,32.90410053067269,21.71824480369515,193,-0.04053202175376675,0.9264925167610831,-0.3945383114704859,240,0.12189334269810177,1.2136725811329199,0.850724137871957
XAU_USD,1h,S7 Impulso RSI 70/30 en tendencia,Corto,bracket,608,43.08731082654249,40.78947368421053,0.04000930236206573,0.10390222972073693,1.067559392986694,0.7423674619858227,24.32565583613596,17.871350028088763,8.851973684210526,279,0.07129686140772422,1.1213242550544669,0.8805336294046435,329,0.013476691499638014,1.0226092011081263,0.18658918315264703
XAU_USD,1d,S1 Cruce EMA 9/21,Largo,nativa,74,5.609900373599004,33.78378378378378,0.4743789383941198,0.48338475572542844,2.0405399540801903,1.8317880597243674,35.10404144116487,10.868229762297712,25.43243243243243,29,1.0365311148009189,3.8934078606012394,2.160808996544934,45,0.11210309137640492,1.2160681554792996,0.39390162672027496
XAU_USD,1d,S1 Cruce EMA 9/21,Largo,bracket,71,5.38247198007472,43.66197183098591,0.15225871074862327,0.1642681618922809,1.2746783478173735,0.9390203374832153,10.810368463152251,11.00517287254724,10.267605633802816,28,0.5492952739608208,2.271045161087978,2.046796935951457,43,-0.1062767257616449,0.8323340407867483,-0.5439839406672768
XAU_USD,1d,S1 Cruce EMA 9/21,Corto,nativa,73,5.534090909090909,28.767123287671232,-0.058000905344487645,-0.04946551513299734,0.8744159082804032,-0.3648366117246217,-4.234066090147598,10.216431462787678,20.876712328767123,29,-0.17997414862990768,0.5050889655143309,-1.5618444029746479,44,0.022390550457266487,1.0425213755574256,0.0884137717638721
XAU_USD,1d,S1 Cruce EMA 9/21,Corto,bracket,67,5.079234122042341,43.28358208955223,0.08750069810168175,0.09884645802310786,1.1587725478412887,0.5470394825802243,5.862546772812677,5.8165193319178154,10.522388059701493,27,0.1404607924840285,1.288478221218251,0.5755067884973291,40,0.051752634393597695,1.087060373324725,0.24225566236026694
XAU_USD,1d,S2 Cruce 9/21 + RSI>50 + EMA200,Largo,nativa,47,3.563044831880448,38.297872340425535,0.7828510959046243,0.7921802595726433,2.912611227669983,2.1045337455009063,36.79400150751734,5.79307121983015,28.829787234042552,25,1.196062906987139,4.797510955811709,2.2285854480520837,22,0.3132922196744942,1.6065366227440903,0.621977980118039
XAU_USD,1d,S2 Cruce 9/21 + RSI>50 + EMA200,Largo,bracket,45,3.411425902864259,51.11111111111111,0.37531852463763676,0.38776276617035305,1.763668024505235,1.76938925005234,16.889333608693654,4.100801377398859,10.333333333333334,24,0.7024775181193141,2.8568157286684888,2.443157956094789,21,0.0014225320871484076,1.002291538267171,0.004732518533748382
XAU_USD,1d,S2 Cruce 9/21 + RSI>50 + EMA200,Corto,nativa,29,2.1984744707347446,31.03448275862069,0.1213733351956153,0.1299621278201959,1.2244270581085737,0.3499054372301602,3.5198267206728437,5.158827436826117,21.344827586206897,4,-0.6307403813521102,0.0,-3.5319751676209603,25,0.24171152984325134,1.4591557710664151,0.6084313585262251
XAU_USD,1d,S2 Cruce 9/21 + RSI>50 + EMA200,Corto,bracket,28,2.12266500622665,39.285714285714285,0.04124083054214222,0.052596298367790284,1.0663905688015143,0.1574321965396005,1.154743255179982,4.794041832747809,8.428571428571429,4,-0.4844599049334825,0.3589455040034265,-0.9260061956009689,24,0.12885761978807966,1.215206736909457,0.4401777878364964
XAU_USD,1d,S3 RSI 30/70 contra-tendencia,Largo,nativa,30,2.2742839352428392,53.333333333333336,0.06272431164214055,0.07099353211477968,1.133285263306364,0.3228274703422021,1.8817293492642166,4.052673719743283,9.1,7,0.23850946207868934,1.5533643767912946,0.5080181481420816,23,0.009224483248408319,1.0191121740110674,0.04298377064118543
XAU_USD,1d,S3 RSI 30/70 contra-tendencia,Largo,bracket,31,2.350093399750934,38.70967741935484,0.07095695976899921,0.08207547727878921,1.1196534143693022,0.283762657363218,2.1996657528389756,6.2300048925576785,9.548387096774194,7,-0.1508925793285214,0.7904835940378152,-0.2726465097218328,24,0.13566307533910943,1.2440297588350628,0.47597772373502656
XAU_USD,1d,S3 RSI 30/70 contra-tendencia,Corto,nativa,62,4.700186799501868,43.54838709677419,-0.21212516031069825,-0.20298429506959115,0.6277525754503209,-1.7772262800139238,-13.151759939263291,14.890038548389839,7.903225806451613,32,-0.1913519890100119,0.6627740101545574,-1.1063029858408213,30,-0.23428320969809696,0.5907228086357023,-1.405517193542059
XAU_USD,1d,S3 RSI 30/70 contra-tendencia,Corto,bracket,64,4.851805728518057,34.375,-0.0730180998405473,-0.06086373503672521,0.8875630256327741,-0.44093874278261347,-4.673158389795027,8.425195155120148,8.40625,34,-0.12421845337237952,0.8185301651637122,-0.5376041718720215,30,-0.014991032504470765,0.9754097956272738,-0.062237660151394016
XAU_USD,1d,S4 RSI 30/70 a favor de tendencia,Largo,nativa,1,0.07580946450809464,100.0,1.2528471949287259,1.2557830968071715,inf,,1.2528471949287259,0.0,3.0,0,,,,1,1.2528471949287259,inf,
XAU_USD,1d,S4 RSI 30/70 a favor de tendencia,Largo,bracket,1,0.07580946450809464,100.0,1.9960854641620707,1.9999999999999982,inf,,1.9960854641620707,0.0,11.0,0,,,,1,1.9960854641620707,inf,
XAU_USD,1d,S4 RSI 30/70 a favor de tendencia,Corto,nativa,5,0.3790473225404732,60.0,-0.04993596232386917,-0.04104076078196226,0.8763042978235165,-0.12490227492935345,-0.24967981161934583,1.1327230964024868,7.4,0,,,,5,-0.04993596232386917,0.8763042978235165,-0.12490227492935345
XAU_USD,1d,S4 RSI 30/70 a favor de tendencia,Corto,bracket,5,0.3790473225404732,20.0,-0.214747439781707,-0.20288717105916437,0.6497519762136524,-0.36790836525922876,-1.073737198908535,3.065648129291139,11.4,0,,,,5,-0.214747439781707,0.6497519762136524,-0.36790836525922876
XAU_USD,1d,S5 RSI(2) extremo + EMA200,Largo,nativa,89,6.747042341220423,70.78651685393258,0.09002028461967045,0.09855715168945628,1.4505628268379018,1.395531104709421,8.01180533115067,4.028908298216609,4.98876404494382,53,0.12327574042551057,1.7927365920310834,1.72110909388856,36,0.0410608635721836,1.1549478887823246,0.34066222811889224
XAU_USD,1d,S5 RSI(2) extremo + EMA200,Largo,bracket,76,5.761519302615193,47.368421052631575,0.18531102089990753,0.19650649740594908,1.3700259428327939,1.2264810292220105,14.083637588392973,9.354435509398126,11.592105263157896,44,0.1814377529534087,1.3500333650437937,0.89388562785722,32,0.19063676432634336,1.3999178659322642,0.8312686957114807
XAU_USD,1d,S5 RSI(2) extremo + EMA200,Corto,nativa,53,4.017901618929016,56.60377358490566,-0.16011422712016588,-0.15152078773583882,0.521263533508204,-1.9009934089659655,-8.486054037368792,9.924177812245475,5.320754716981132,9,-0.13277855413015174,0.6040409236578865,-0.5887033422811561,44,-0.16570561477721427,0.5042779606487432,-1.8086880589813201
XAU_USD,1d,S5 RSI(2) extremo + EMA200,Corto,bracket,49,3.7146637608966375,38.775510204081634,-0.038856154205576546,-0.02709569541358555,0.9372917563950928,-0.2082190913018915,-1.9039515560732507,11.16067769432319,10.346938775510203,5,-0.08071730398572816,0.8663928723977948,-0.13299810277965532,44,-0.03409920536692295,0.9451247220441656,-0.17180685729189074
XAU_USD,1d,S6 Retroceso a EMA21 en tendencia,Largo,nativa,50,3.790473225404732,26.0,0.3852554935757847,0.3945445142825581,1.9616352871530787,1.2034416124845082,19.262774678789235,8.184113064146064,20.6,28,0.8319626160364786,3.111367528967724,1.5171963769034955,22,-0.18328084410146167,0.5518884005041761,-1.1846668182799376
XAU_USD,1d,S6 Retroceso a EMA21 en tendencia,Largo,bracket,71,5.38247198007472,40.845070422535215,0.04118659318395666,0.05280448246127494,1.0710747773321003,0.2636127060995167,2.924248116060923,9.084959601055424,9.887323943661972,45,0.0644097433479586,1.1061664611872166,0.31129110701558976,26,0.0009926794385687204,1.0018645402468516,0.004189889594289884
XAU_USD,1d,S6 Retroceso a EMA21 en tendencia,Corto,nativa,36,2.7291407222914073,16.666666666666664,-0.07858373093996635,-0.0704226478317632,0.8133504402961178,-0.35512825484599786,-2.8290143138387887,7.1593178418582255,14.305555555555555,6,-0.4930687087294315,0.0,-6.529259593623995,30,0.004313264617926671,1.0106077703621443,0.01638498722993724
XAU_USD,1d,S6 Retroceso a EMA21 en tendencia,Corto,bracket,41,3.10818804483188,31.70731707317073,-0.11200650444423511,-0.10144552167600177,0.8189810638689018,-0.5648031223449085,-4.59226668221364,7.0507374867570904,9.463414634146341,6,-1.006704500762581,0.0,-1890.2308865057714,35,0.04137029492462415,1.0749122276710974,0.1860005505128158
XAU_USD,1d,S7 Impulso RSI 70/30 en tendencia,Largo,nativa,23,1.7436176836861768,52.17391304347826,0.8509695055013075,0.8610621953768911,2.9069722076679874,1.6856665798048682,19.57229862653007,4.627502588480827,26.08695652173913,15,0.6183147923736959,2.2520468710661956,1.1148470834632749,8,1.2871970926155787,4.605721158853906,1.2230973334272728
XAU_USD,1d,S7 Impulso RSI 70/30 en tendencia,Largo,bracket,38,2.8807596513075966,50.0,0.3949944363708624,0.4083574802526441,1.7798523139995919,1.6667665142050112,15.00978858209277,6.072434920412267,9.078947368421053,22,0.6227816881896938,2.5043699760678844,2.0165782324500015,16,0.08178696511996925,1.1290604947778995,0.22333167149402577
XAU_USD,1d,S7 Impulso RSI 70/30 en tendencia,Corto,nativa,11,0.833904109589041,63.63636363636363,0.4471303550230549,0.45649576901718986,2.5784139651529587,0.9842916905906466,4.918433905253604,1.9771818962353298,25.545454545454547,1,-1.0067660579630058,0.0,,10,0.5925199963216611,3.8090905483718696,1.2453301788604947
XAU_USD,1d,S7 Impulso RSI 70/30 en tendencia,Corto,bracket,17,1.288760896637609,52.94117647058824,0.4961326638920934,0.5086016630630105,2.0418558957459316,1.3639313340200299,8.434255286165588,3.0359649447115675,10.058823529411764,1,-1.009021410617339,0.0,,16,0.590204793548933,2.3325928476967657,1.5777942828226441
EUR_USD,5m,S1 Cruce EMA 9/21,Largo,nativa,6118,398.3953467641291,29.40503432494279,-0.10786650136601439,0.034855101815768084,0.7881254008714255,-6.37161739011716,-659.9272553572761,668.6037510398738,17.97826086956522,3272,-0.06524057757967257,0.8654628455632122,-2.8637042979383023,2846,-0.1568728339833406,0.7078195498934438,-6.215372488325255
EUR_USD,5m,S1 Cruce EMA 9/21,Largo,bracket,5634,366.87796398645037,37.82392616258431,-0.17659251983739058,0.011867209910059686,0.724217539244061,-10.96710266758457,-994.9222567638585,1006.8300720524974,11.05733049343273,3028,-0.14484669599655403,0.7679018593001706,-6.537566628751504,2606,-0.21347907186734186,0.6761655055357555,-9.116574200625847
EUR_USD,5m,S1 Cruce EMA 9/21,Corto,nativa,6005,391.0369495453735,27.077435470441298,-0.1959324084974891,-0.05208441179216269,0.6361807540095583,-12.793226566927647,-1176.574113027422,1188.7542233430065,17.035303913405496,3210,-0.17755483491803276,0.6655852954193285,-8.385408709002085,2795,-0.2170386736817663,0.6034179803603852,-9.79259434613455
EUR_USD,5m,S1 Cruce EMA 9/21,Corto,bracket,5528,359.9753966839009,35.27496382054993,-0.23917809962830394,-0.04863718178402237,0.6473576179529965,-14.797097743314742,-1322.1765347452642,1333.589448615052,10.794862518089724,2949,-0.21227376343231094,0.682073525821847,-9.478423888875662,2579,-0.269942305693439,0.6089631830942784,-11.57233362396917
EUR_USD,5m,S2 Cruce 9/21 + RSI>50 + EMA200,Largo,nativa,3016,196.39757532536996,29.807692307692307,-0.09251193740940386,0.049309173313363514,0.8220622260828988,-3.7141865082496817,-279.01600322676205,291.25495509690523,18.25,1645,-0.043889276416767084,0.9118698601954783,-1.310813200320812,1371,-0.15085203757927074,0.7238134990429961,-4.0537577941492815
EUR_USD,5m,S2 Cruce 9/21 + RSI>50 + EMA200,Largo,bracket,2799,182.26684792298093,38.013576277241874,-0.16170602850324967,0.026177328344629314,0.749662856285543,-6.942522436914911,-452.6151737805958,460.4991664687467,10.779206859592712,1530,-0.11608339963800092,0.8136225648558393,-3.64810421569461,1269,-0.21671203493652832,0.6783825311433578,-6.351699387568262
EUR_USD,5m,S2 Cruce 9/21 + RSI>50 + EMA200,Corto,nativa,3235,210.65853984667498,27.635239567233384,-0.19021831353224167,-0.04871880593571149,0.6506926776042953,-9.005938837106692,-615.3562442768018,621.0363088264854,17.25564142194745,1694,-0.15712075468752867,0.7086134595246957,-5.1453880228930675,1541,-0.22660200248937587,0.5883181567420421,-7.827015947418794
EUR_USD,5m,S2 Cruce 9/21 + RSI>50 + EMA200,Corto,bracket,3008,195.87662684970584,34.807180851063826,-0.23285452090471812,-0.045104293057698704,0.6587509820894994,-10.500407936875513,-700.4263988813921,704.596309551787,10.532912234042554,1575,-0.20178416531180876,0.7003462718590945,-6.4793645627759755,1433,-0.2670037254119283,0.6142772179304643,-8.467251138501945
EUR_USD,5m,S3 RSI 30/70 contra-tendencia,Largo,nativa,2488,162.0149759315386,52.572347266881025,-0.10846360782514355,0.004764103105252644,0.7608148519364585,-6.101417063912653,-269.85745626895715,272.4359573765474,12.269694533762058,1329,-0.0736260704160594,0.8313772764859892,-3.047353931442167,1159,-0.14841105149785527,0.686089004639192,-5.663333693044111
EUR_USD,5m,S3 RSI 30/70 contra-tendencia,Largo,bracket,2721,177.18760028525585,39.54428518926865,-0.1734024461725111,-0.023146010034986956,0.7151209544192995,-7.921791512711191,-471.8280560354027,482.84320668222335,11.546857772877619,1461,-0.11238348488936109,0.8061564018916126,-3.7343616692333876,1260,-0.2441553846127351,0.6198296797112619,-7.681659343060019
EUR_USD,5m,S3 RSI 30/70 contra-tendencia,Corto,nativa,2631,171.32692993403458,52.37552261497529,-0.12728359704236727,-0.016144973517978833,0.7259709260448263,-7.423655051771655,-334.8831438184683,337.1175046207802,12.200684150513112,1436,-0.10685671073866779,0.7638419856354614,-4.629652901748978,1195,-0.15183004786421872,0.6829748191362991,-5.93091554504564
EUR_USD,5m,S3 RSI 30/70 contra-tendencia,Corto,bracket,2840,184.9367088607595,39.08450704225352,-0.19011604301880405,-0.04158839613681553,0.6885059826204947,-8.976308745599626,-539.9295621734035,544.5970411705855,11.405985915492957,1532,-0.1617207755578265,0.7250994358356458,-5.6334935705479054,1308,-0.2233741085770744,0.6488710210633868,-7.1229767619009206
EUR_USD,5m,S4 RSI 30/70 a favor de tendencia,Largo,nativa,139,9.051479764663933,50.35971223021583,-0.18443908593959799,-0.04409928543027178,0.6265673234003711,-2.4619190202457655,-25.63703294560412,33.9868057744812,9.446043165467627,81,-0.12974954934718017,0.7294497654417199,-1.2935079012375197,58,-0.2608158525600436,0.49248516611760884,-2.317334036504956
EUR_USD,5m,S4 RSI 30/70 a favor de tendencia,Largo,bracket,142,9.246835443037975,38.028169014084504,-0.24336561245829216,-0.05487816628674429,0.6434456767122703,-2.4244905771408676,-34.55791696907749,46.973239730300925,10.274647887323944,83,-0.1456860557314222,0.7804109213734767,-1.048915744267037,59,-0.38077922615880416,0.4632511577337217,-2.6906266297184147
EUR_USD,5m,S4 RSI 30/70 a favor de tendencia,Corto,nativa,151,9.8329024781601,49.00662251655629,-0.2186868544961431,-0.08445705317727002,0.5590484609137192,-3.2028121952491015,-33.02171502891761,35.167800040769706,9.496688741721854,68,-0.2143680587063592,0.540899551698509,-2.2184928096714276,83,-0.22222514502271315,0.5724073618050415,-2.3087558570072813
EUR_USD,5m,S4 RSI 30/70 a favor de tendencia,Corto,bracket,155,10.093376715992155,32.903225806451616,-0.3022914128666355,-0.12437363714726603,0.5584166151047417,-3.307847771328635,-46.85516899432851,52.73601211127396,9.522580645161291,71,-0.3034584792382393,0.5382261917703806,-2.3538906386770795,84,-0.30130496390968475,0.5742629780864189,-2.3284153068030014
EUR_USD,5m,S5 RSI(2) extremo + EMA200,Largo,nativa,5896,383.93902656445,56.0719131614654,-0.0933238142665768,0.04715107395700657,0.6429527470789429,-11.852068357521611,-550.2372089157368,551.6298570496592,4.620590230664858,3229,-0.0754246789711006,0.7091403682967434,-6.824721552246773,2667,-0.1149947208541631,0.5642010107448657,-10.339089113535676
EUR_USD,5m,S5 RSI(2) extremo + EMA200,Largo,bracket,5147,335.1652255303976,40.567320769380224,-0.13101216893360304,0.054449468585002464,0.7838012110109821,-7.874630463969281,-674.3196335012549,681.5161474297885,11.537400427433456,2799,-0.10476089033568534,0.8225456052560438,-4.633646684310112,2348,-0.16230575019236446,0.7401477504956167,-6.608583768653775
EUR_USD,5m,S5 RSI(2) extremo + EMA200,Corto,nativa,6345,413.17725976109824,56.02836879432624,-0.09266782486740681,0.04757840852112433,0.64462158771143,-12.489094077907477,-587.9773487836962,590.6514927336764,4.686209613869188,3370,-0.07248888472631557,0.717950848023622,-6.831604952123931,2975,-0.11552598563227325,0.5640632140037527,-11.238604080950342
EUR_USD,5m,S5 RSI(2) extremo + EMA200,Corto,bracket,5508,358.6730254947406,38.798111837327525,-0.16981418486221087,0.014732049635347235,0.7269707127037006,-10.660470655176878,-935.3365302210575,952.8290088415993,11.602578068264343,2914,-0.15276443419351748,0.7491448054482366,-6.984809278482236,2594,-0.18896722011609393,0.7031404313152075,-8.129218859760035
EUR_USD,5m,S6 Retroceso a EMA21 en tendencia,Largo,nativa,4055,264.0557586022464,25.943279901356348,-0.11895431215125711,0.01595110543025678,0.7466306097680583,-6.501423252606237,-482.3597357733476,482.57273664896775,17.01849568434032,2172,-0.08986813950715922,0.8036973535511404,-3.4964437301068383,1883,-0.15250458670408804,0.6842351358943177,-5.8796632841257965
EUR_USD,5m,S6 Retroceso a EMA21 en tendencia,Largo,bracket,4589,298.8290693528258,38.59228590106777,-0.16363420835994266,0.017818191921735088,0.7391486913114177,-9.25643085376433,-750.9173821637769,751.6070969545559,11.254085857485292,2453,-0.1402704238707013,0.7722923329864797,-5.773602489551137,2136,-0.19046537097797128,0.702529105012305,-7.393369448153258
EUR_USD,5m,S6 Retroceso a EMA21 en tendencia,Corto,nativa,4377,285.02393474772686,22.7553118574366,-0.19281435567646193,-0.059143602522341146,0.6079573128078407,-11.688912866176189,-843.9484347958739,849.7820007394645,16.278958190541466,2314,-0.17360984364893445,0.6412053385442101,-7.475196821097294,2063,-0.21435543218237502,0.571920325569198,-9.172884510147655
EUR_USD,5m,S6 Retroceso a EMA21 en tendencia,Corto,bracket,4958,322.857817792833,35.13513513513514,-0.23738460376000534,-0.05743383791286618,0.6429654314687409,-14.169406881453153,-1176.9528654421065,1184.1373908132612,11.062928600242033,2599,-0.22263617937085353,0.66169198980989,-9.580202256655474,2359,-0.25363350371227555,0.6227716589889679,-10.492575073518461
EUR_USD,5m,S7 Impulso RSI 70/30 en tendencia,Largo,nativa,1278,83.22151898734177,32.863849765258216,-0.07443803754067606,0.043264022261010136,0.8723338012721569,-1.695192979172704,-95.131811976984,139.7390129628842,20.352895148669795,696,0.0011381482831257135,1.0019836789789065,0.0181642227212426,582,-0.16481780615470704,0.7226237446580381,-2.722863040718416
EUR_USD,5m,S7 Impulso RSI 70/30 en tendencia,Largo,bracket,1585,103.21291674095204,36.21451104100946,-0.14722920738780787,0.006734471057446879,0.7770568380338021,-4.632969309601479,-233.35829370967548,242.9519481928166,9.461829652996846,867,-0.071836145979943,0.8852595761739815,-1.64913806390791,718,-0.23826790410176168,0.6605016529511949,-5.154764807399208
EUR_USD,5m,S7 Impulso RSI 70/30 en tendencia,Corto,nativa,1250,81.39819932251739,32.32,-0.11580804193092631,0.003483229138585881,0.7983761351078765,-2.981182620170872,-144.7600524136579,150.43390160928553,20.928,675,-0.049359675601959946,0.9125061139489287,-0.8551851686699162,575,-0.1938126458823216,0.6694770838399244,-3.855815139263063
EUR_USD,5m,S7 Impulso RSI 70/30 en tendencia,Corto,bracket,1543,100.47793724371546,36.03370058327933,-0.1869628762472647,-0.03045828986335605,0.720830185081766,-5.911726961408931,-288.48371804952944,295.2767687034175,9.784186649384317,844,-0.14991099041743683,0.7723191159218963,-3.4474441846780044,699,-0.2317007755897178,0.6609266891228973,-5.038377177402175
EUR_USD,15m,S1 Cruce EMA 9/21,Largo,nativa,1911,124.48595505617978,39.03715332286761,-0.04801364174370523,0.024779340181575883,0.8670318499439549,-2.1993972380391855,-91.7540693722207,98.85351010273075,10.733647305075877,1024,-0.02573313751829928,0.9254285171503325,-0.9230052979948576,887,-0.07373544143571842,0.805742323497584,-2.1502466930499864
EUR_USD,15m,S1 Cruce EMA 9/21,Largo,bracket,1835,119.53517924023542,40.92643051771117,-0.08565270978283963,0.01102469398489563,0.8203551867482565,-3.577250266669346,-157.17272245151074,172.68880644352438,9.166212534059946,982,-0.06360957759387148,0.8623772293643199,-1.9442044049933132,853,-0.11102944578467638,0.7750536925534417,-3.1600729545809814
EUR_USD,15m,S1 Cruce EMA 9/21,Corto,nativa,1735,113.02100053504547,37.98270893371758,-0.09550298419643956,-0.020383892472781762,0.7485283448198332,-4.506909865293148,-165.69767758082264,173.33286891333387,10.507204610951009,922,-0.0850359600491526,0.7787645657576462,-2.829619030180977,813,-0.10737333630443292,0.7133411427356421,-3.610708824492374
EUR_USD,15m,S1 Cruce EMA 9/21,Corto,bracket,1665,108.46107544141252,40.78078078078078,-0.09908214178761404,0.0010408353092026647,0.7958965736331606,-3.9130655531671334,-164.97176607637738,173.8776831777272,8.942342342342343,889,-0.0867216201650349,0.8227492103464765,-2.4540547528207894,776,-0.11324258472894501,0.7646111289022904,-3.124060845082169
EUR_USD,15m,S2 Cruce 9/21 + RSI>50 + EMA200,Largo,nativa,1016,66.1840556447298,40.6496062992126,-0.03254788296240559,0.038921690942596496,0.912385420574292,-1.0117591092113964,-33.06864908980408,46.26802776063639,11.095472440944881,555,-0.016470458723294664,0.9530847268973837,-0.42836955139536215,461,-0.05190356724159554,0.8689550412670192,-0.9658867244533687
EUR_USD,15m,S2 Cruce 9/21 + RSI>50 + EMA200,Largo,bracket,982,63.969234884965225,41.54786150712831,-0.07034153034128605,0.024583508556505256,0.8551395386040263,-2.0872982063933136,-69.0753827951429,77.51581500718432,9.180244399185336,538,-0.05718481091158276,0.8781936333605521,-1.2707747982152036,444,-0.08628368136196261,0.8291749835343648,-1.6964700001559359
EUR_USD,15m,S2 Cruce 9/21 + RSI>50 + EMA200,Corto,nativa,961,62.60125735687534,36.21227887617066,-0.11551045392673566,-0.04175815774980385,0.7104769385329506,-4.0057029593579445,-111.00554622359297,117.69518716264778,10.637877211238294,489,-0.09740058502206946,0.7530879910984184,-2.365490574928894,472,-0.1342725850589004,0.6673317377358602,-3.326380238061375
EUR_USD,15m,S2 Cruce 9/21 + RSI>50 + EMA200,Corto,bracket,921,59.99558587479936,38.979370249728554,-0.11919596283148635,-0.020844571950055256,0.7623673897517891,-3.4757568074530054,-109.77948176779893,117.32158550387108,8.877307274701412,472,-0.07585270251400496,0.8448825508710849,-1.5467235468378255,449,-0.16475947924540887,0.6799785231375777,-3.4453297303711397
EUR_USD,15m,S3 RSI 30/70 contra-tendencia,Largo,nativa,1176,76.6067415730337,47.44897959183674,-0.06094998895414251,0.004592694378375206,0.825664468124393,-2.7528793107707896,-71.67718701007159,87.03323026006107,10.470238095238095,622,-0.04314678145204111,0.8685811084564895,-1.4548946951010358,554,-0.08093842770198921,0.7833122042594454,-2.4395699877415447
EUR_USD,15m,S3 RSI 30/70 contra-tendencia,Largo,bracket,1265,82.40436062065275,41.6600790513834,-0.1014399919667845,-0.013592874266941809,0.7839227315858743,-3.654641947622606,-128.3215898379824,149.3624525196461,10.136758893280632,665,-0.06029027320265365,0.8605824194056394,-1.6120388337327138,600,-0.1470475969303629,0.7119479865966281,-3.563853206192585
EUR_USD,15m,S3 RSI 30/70 contra-tendencia,Corto,nativa,1162,75.69475655430712,46.64371772805508,-0.09666224739914094,-0.03228536617091187,0.737845906343037,-4.353342973559037,-112.32153147780177,116.5620093226987,9.90275387263339,620,-0.11230009679721746,0.6975538821527059,-3.741161544644498,542,-0.07877393258953314,0.7846342539732357,-2.388277689758463
EUR_USD,15m,S3 RSI 30/70 contra-tendencia,Corto,bracket,1236,80.51524879614767,41.58576051779935,-0.11757956560378521,-0.031568901009691494,0.7468324461492639,-4.307937032964181,-145.32834308627852,148.42089420035737,9.861650485436893,655,-0.13069005068416994,0.7129332033112977,-3.6129577661220176,581,-0.10279924249250812,0.7834784008516882,-2.4856191005031185
EUR_USD,15m,S4 RSI 30/70 a favor de tendencia,Largo,nativa,48,3.1268057784911716,54.166666666666664,0.0030167889108937787,0.07038051065190655,1.0086853891498544,0.02578421527137069,0.14480586772290138,5.686517042900981,7.291666666666667,23,-0.07288193882830328,0.8028114775097843,-0.45634515905867545,25,0.07284361843095506,1.222860721312989,0.42384411956129975
EUR_USD,15m,S4 RSI 30/70 a favor de tendencia,Largo,bracket,49,3.1919475655430714,42.857142857142854,-0.00978946048233761,0.07960464189314681,0.9818468793103922,-0.057004464477427734,-0.4796835636345429,9.491782215527014,7.8979591836734695,23,-0.2244259985216689,0.6078553246730485,-1.0475654809714698,26,0.18008132316783995,1.3530657737161804,0.6910205746574751
EUR_USD,15m,S4 RSI 30/70 a favor de tendencia,Corto,nativa,73,4.755350454788657,45.20547945205479,-0.22828007302234954,-0.16200875357329286,0.5174739674722205,-2.414840264018672,-16.664445330631516,18.20564882546332,9.04109589041096,42,-0.3163991357031431,0.40924560487547756,-2.5126104869988963,31,-0.10889295584191949,0.7196576045836032,-0.7639416319437359
EUR_USD,15m,S4 RSI 30/70 a favor de tendencia,Corto,bracket,78,5.081059390048154,37.17948717948718,-0.2646263166088833,-0.17619107570867318,0.5587163665079435,-2.268276980711178,-20.640852695492896,23.864849901429075,8.512820512820513,45,-0.33783009056276647,0.47749345797449577,-2.1760264541952243,33,-0.1648029884899517,0.6923842761221715,-0.9259603814291028
EUR_USD,15m,S5 RSI(2) extremo + EMA200,Largo,nativa,1853,120.7077314071696,58.33783054506206,-0.056881497558816364,0.02087077830046174,0.7554748855488637,-4.4247778457267515,-105.40141497648672,113.48445348249535,4.376686454398273,1050,-0.04923103038938669,0.7897441164091944,-2.7837884755382456,803,-0.06688522175296475,0.7099794931804237,-3.59845415128281
EUR_USD,15m,S5 RSI(2) extremo + EMA200,Largo,bracket,1723,112.23929909042269,41.90365641323273,-0.10819799356411924,-0.00586956230140281,0.7667667144245214,-4.6316381685040335,-186.42514291097746,188.7670602436019,8.763784097504352,979,-0.09583470928467726,0.7910324645692589,-3.0794125811216984,744,-0.12446634747483658,0.7356677689198922,-3.519188675105285
EUR_USD,15m,S5 RSI(2) extremo + EMA200,Corto,nativa,2053,133.7360888175495,56.600097418412076,-0.05266778487017046,0.023303231352216396,0.7754646837179147,-4.16033377797453,-108.12696233845995,109.21883584419481,4.412079883097905,1077,-0.03785643332008807,0.835790243630787,-2.1617272486323422,976,-0.06901186849664455,0.7112553535823506,-3.767707015082559
EUR_USD,15m,S5 RSI(2) extremo + EMA200,Corto,bracket,1926,125.46308186195827,41.1214953271028,-0.13050763785782932,-0.03130799565638423,0.7253697679929575,-5.954243485789468,-251.35771051417925,258.4950092296244,8.82191069574247,1027,-0.13828065541973836,0.7049129441128292,-4.697222290962638,899,-0.12162789476986424,0.7480544995751663,-3.709606532490639
EUR_USD,15m,S6 Retroceso a EMA21 en tendencia,Largo,nativa,1585,103.24973247726057,36.27760252365931,-0.05087001136513375,0.02245428212938639,0.8593512425837152,-2.1065274862649033,-80.628968013737,87.48230253210507,9.950788643533123,886,-0.05153885734660158,0.8546272261924581,-1.6697772180385815,699,-0.05002223233855222,0.8650771217486535,-1.3047918565703487
EUR_USD,15m,S6 Retroceso a EMA21 en tendencia,Largo,bracket,1545,100.64406099518459,42.97734627831715,-0.05923494014610281,0.037421317863974776,0.8784711133326899,-2.1785050675458835,-91.51798252572884,101.75197484943845,8.98252427184466,862,-0.04726070314246373,0.8997445787770019,-1.3159469953892076,683,-0.07434737396328712,0.8535380046407788,-1.7871910684496917
EUR_USD,15m,S6 Retroceso a EMA21 en tendencia,Corto,nativa,1708,111.2621722846442,31.90866510538642,-0.10254755784221938,-0.02899362910974485,0.7233862428039748,-4.924726314565939,-175.1512287945107,183.07064904077777,9.620023419203747,876,-0.05796278608849498,0.8313410976552109,-1.9670408598461133,832,-0.14949017810215043,0.6255364740589765,-5.095644544698727
EUR_USD,15m,S6 Retroceso a EMA21 en tendencia,Corto,bracket,1644,107.09309791332264,38.32116788321168,-0.13462287912553908,-0.037549503210521876,0.7349013338776212,-5.314766145792175,-221.32001328238627,225.46168888051554,8.87530413625304,858,-0.09968502881376326,0.796229411620268,-2.8288674529401376,786,-0.1727611432063325,0.6728919006461821,-4.745403354018628
EUR_USD,15m,S7 Impulso RSI 70/30 en tendencia,Largo,nativa,620,40.387907972177636,42.90322580645161,0.003142405935020363,0.0702258417209971,1.0076532402829559,0.06821422622022111,1.948291679712625,33.415768220360036,12.943548387096774,337,0.051719055857502826,1.135062095485558,0.8566928937070475,283,-0.0547032867288545,0.8766688546583616,-0.772675354215169
EUR_USD,15m,S7 Impulso RSI 70/30 en tendencia,Largo,bracket,675,43.9707062600321,41.03703703703704,-0.03403819028787379,0.05486092624192259,0.9318094944337701,-0.7906337283991827,-22.97577844431481,54.8997433934116,9.017777777777777,364,0.03612778206892454,1.077760209271646,0.6100699815626442,311,-0.11616170777300112,0.7847305399057803,-1.860156133167391
EUR_USD,15m,S7 Impulso RSI 70/30 en tendencia,Corto,nativa,627,40.84390048154093,42.10526315789473,-0.05716585118043788,0.012804944224480948,0.8561516804263906,-1.5281292854315285,-35.84298869013455,42.94745787676946,13.712918660287082,333,-0.038240916824441536,0.9074034841778204,-0.6953521790405698,294,-0.07860123601222964,0.7930218059454675,-1.574583273400362
EUR_USD,15m,S7 Impulso RSI 70/30 en tendencia,Corto,bracket,668,43.514713750668804,39.82035928143712,-0.08267534383645696,0.010764708390705797,0.8326074128005312,-2.01286127471457,-55.22712968275325,66.12348519846667,9.721556886227544,356,-0.07767826039284718,0.8493796583416111,-1.3314547002372994,312,-0.08837714417596046,0.8115634427158878,-1.5353595387333323
EUR_USD,1h,S1 Cruce EMA 9/21,Largo,nativa,2095,136.740305575411,26.873508353221958,-0.008854116333892688,0.03686682885677289,0.9840173782832234,-0.23305971841576753,-18.549373719505184,113.6430759520282,22.006682577565634,1104,0.0322082407298387,1.0591834465393433,0.612719739519382,991,-0.05459865942002739,0.9033433272039365,-0.9935151994432873
EUR_USD,1h,S1 Cruce EMA 9/21,Largo,bracket,1982,129.3648141529664,38.24419778002019,-0.0541859067174727,0.006428917380404778,0.9130052578396282,-1.8689011210134612,-107.39646711403088,131.85469358247067,9.86175580221998,1044,-0.009664352844002824,0.9839754170253288,-0.24023888233958562,938,-0.10373868096470355,0.8391316320385681,-2.4830982387706655
EUR_USD,1h,S1 Cruce EMA 9/21,Corto,nativa,2095,136.740305575411,27.112171837708832,-0.012357735273587996,0.03343546766550065,0.9777631350129745,-0.34317361190289103,-25.889455398166852,78.25679427881344,21.966587112171837,1104,0.008655013988617892,1.0156754818630027,0.16801108504824114,991,-0.03576648924480422,0.9361012236007653,-0.7148325602198942
EUR_USD,1h,S1 Cruce EMA 9/21,Corto,bracket,1979,129.16900464617584,37.59474482061647,-0.050403570393218224,0.010029464404558607,0.9199342771927527,-1.717703227808936,-99.74866580817887,122.68091177449416,9.463870641738252,1055,-0.02878687548504859,0.9534975427478356,-0.7131171834023724,924,-0.07508496988252446,0.8829544072913277,-1.7570350426536967
EUR_USD,1h,S2 Cruce 9/21 + RSI>50 + EMA200,Largo,nativa,1058,69.05548606147248,28.733459357277884,0.04450688173124602,0.08950986485055669,1.0801284154804822,0.8007331788210842,47.08828087165829,51.26956525398364,22.564272211720226,583,0.10599943600550603,1.1976261949591254,1.418926637440791,475,-0.03096713751484574,0.946503605385344,-0.37244985473643916
EUR_USD,1h,S2 Cruce 9/21 + RSI>50 + EMA200,Largo,bracket,1009,65.85726411722659,39.24677898909812,-0.007493202804197127,0.05192675276928336,0.9876959512871062,-0.18140726202762705,-7.560641629434901,47.238897020142716,9.557978196233895,560,0.04382227334548838,1.0750548423243524,0.7860318837512505,449,-0.07149468753431716,0.8883504833434817,-1.1638944413479697
EUR_USD,1h,S2 Cruce 9/21 + RSI>50 + EMA200,Corto,nativa,1129,73.68964438884917,27.457927369353406,0.00018661785367687393,0.04573385541064973,1.0003391373903536,0.003746930299191047,0.21069155680119067,50.242663052006336,22.11691762621789,565,0.015194177763792139,1.027755535640247,0.210877336879907,564,-0.014847551205215227,0.9731567542786014,-0.2157027678217166
EUR_USD,1h,S2 Cruce 9/21 + RSI>50 + EMA200,Corto,bracket,1068,69.70818441744103,37.734082397003746,-0.043260903348560364,0.016812582152820766,0.9304710962189132,-1.0870817839028792,-46.20264477626247,54.198692120251884,9.436329588014981,542,-0.03937439596447548,0.9356653947475684,-0.7106051815146411,526,-0.047265631489575584,0.925293570973581,-0.8259134563827222
EUR_USD,1h,S3 RSI 30/70 contra-tendencia,Largo,nativa,1249,81.52202466047177,51.40112089671738,-0.09869437491255827,-0.05665870810557522,0.7986714723040366,-3.700516637801017,-123.26927426578527,123.80368463819053,11.074459567654124,674,-0.10322577244401518,0.7890205165772437,-2.8864949439802006,575,-0.09338278893655484,0.809936742680535,-2.3333775650615687
EUR_USD,1h,S3 RSI 30/70 contra-tendencia,Largo,bracket,1365,89.09332558970694,36.92307692307693,-0.10338088208343317,-0.04705125099541983,0.8357645424298304,-3.0301594744078386,-141.11490404388627,141.65000690761562,10.674725274725274,740,-0.07899069933827123,0.8725942686081355,-1.698913803074793,625,-0.13225885845370494,0.793566464901007,-2.6329971633391054
EUR_USD,1h,S3 RSI 30/70 contra-tendencia,Corto,nativa,1188,77.54056468906361,55.05050505050505,-0.020675134615208222,0.021517089805043608,0.9548312865629902,-0.7312421310005092,-24.56205992286737,50.36014234198679,11.02946127946128,651,-0.01732405918750883,0.9618898992630854,-0.45609706103099373,537,-0.024737611530352168,0.9464034826271231,-0.5838037321439539
EUR_USD,1h,S3 RSI 30/70 contra-tendencia,Corto,bracket,1297,84.65497676912081,40.47802621434079,0.0077506559283741635,0.06431065090394518,1.013195040633817,0.215657746313752,10.05260073910129,46.74421057945938,10.838087895142637,716,0.023956848755963156,1.0415847656959294,0.49644153317191425,581,-0.012221175508034995,0.9796757781770697,-0.22678878743543127
EUR_USD,1h,S4 RSI 30/70 a favor de tendencia,Largo,nativa,124,8.093459614010007,62.903225806451616,0.07912449345471533,0.12150729334253373,1.2172745405160352,1.0031553671656595,9.8114371883847,7.292601064656693,10.82258064516129,77,0.11640307608878547,1.341607002798098,1.177635251332102,47,0.018051070841451525,1.0448438133521227,0.13718917600574307
EUR_USD,1h,S4 RSI 30/70 a favor de tendencia,Largo,bracket,132,8.615618298784847,38.63636363636363,-0.02702522311415074,0.030157305390431405,0.9547755806223605,-0.23966004734321814,-3.5673294510678977,13.445472820457313,11.636363636363637,82,0.055063263349323405,1.0938549701247087,0.36846233025869735,50,-0.16165034091424832,0.737345824177249,-0.9557078275349034
EUR_USD,1h,S4 RSI 30/70 a favor de tendencia,Corto,nativa,117,7.636570764832023,64.95726495726495,0.18997966063102392,0.23319370748527282,1.5552712809353726,1.948859167045025,22.227620293829798,10.653834005071921,10.05982905982906,62,0.2373233763893707,1.7816889552458681,1.956282017579294,55,0.13661038104888745,1.3543002017066275,0.8712622807900058
EUR_USD,1h,S4 RSI 30/70 a favor de tendencia,Corto,bracket,117,7.636570764832023,46.15384615384615,0.1801348536543221,0.23775358279332068,1.3446471888302467,1.4507048673005876,21.075777877555687,14.060289835765047,10.692307692307692,62,0.3141993472841931,1.6323126752840638,1.7758888762811704,55,0.029007606289740254,1.0525783513604436,0.16804126815399262
EUR_USD,1h,S5 RSI(2) extremo + EMA200,Largo,nativa,2210,144.24633666904933,64.2081447963801,-0.009746903570909255,0.03690518806493984,0.962760289469745,-0.7028007917167365,-21.540656891709453,30.356050674257524,4.316742081447964,1229,-0.020585293565548907,0.9254301654953251,-1.0923986889510868,981,0.003831466768960385,1.0157159819516424,0.18719913679396868
EUR_USD,1h,S5 RSI(2) extremo + EMA200,Largo,bracket,2021,131.91033774124375,37.506185056902524,-0.0404563260139891,0.02109661323876596,0.9364937875712912,-1.3728879276979102,-81.76223487427198,117.50269803922971,9.177140029688273,1126,-0.031465006600052595,0.9503317122375334,-0.795108606271323,895,-0.051768309991746086,0.919301360975339,-1.1720231371721965
EUR_USD,1h,S5 RSI(2) extremo + EMA200,Corto,nativa,2283,149.01103466761973,63.16250547525186,-0.011410873836038664,0.03560494821915975,0.9553534985380697,-0.8540597117389492,-26.05102496767627,47.86878535739069,4.54796320630749,1162,0.00033653510065731056,1.0012837397799736,0.017494042685917408,1121,-0.023587938228938503,0.9051828963452859,-1.2739556032766342
EUR_USD,1h,S5 RSI(2) extremo + EMA200,Corto,bracket,2078,135.63071837026447,36.236766121270456,-0.09308128270366635,-0.03126854273218586,0.8557256818275993,-3.2835486579080495,-193.42290545821868,216.14089483546365,9.623676612127046,1060,-0.08025955669509266,0.875413080988259,-2.007516360638603,1018,-0.10643199937271167,0.8352884227802647,-2.6470497474171664
EUR_USD,1h,S6 Retroceso a EMA21 en tendencia,Largo,nativa,1166,76.1046283059328,21.440823327615778,-0.03167529019023845,0.014709149734428942,0.9363485770467135,-0.6729319195788928,-36.93338836181803,69.85382498940146,18.69039451114923,632,0.01780167492347578,1.0373253025357076,0.27833431333398734,534,-0.09023229759073924,0.8271875280129344,-1.298200318259891
EUR_USD,1h,S6 Retroceso a EMA21 en tendencia,Largo,bracket,1589,103.71376876340243,36.18628067967275,-0.08743882435874542,-0.026108791730392288,0.8642446768524847,-2.685600735798075,-138.94029190604647,150.54889501095445,9.052863436123348,882,-0.053451783549800874,0.9149188200263848,-1.2186270371621564,707,-0.12983849903129013,0.8044190322725971,-2.6730948694237493
EUR_USD,1h,S6 Retroceso a EMA21 en tendencia,Corto,nativa,1234,80.54297712651895,20.6645056726094,-0.10377117110352853,-0.05814663247292304,0.7889680753322872,-2.4783705403730014,-128.0536251417542,156.67348955946548,17.382495948136143,632,-0.10563430845768791,0.7791239311031054,-1.967525583328818,602,-0.10181518637291599,0.7987382766142571,-1.5718819369893824
EUR_USD,1h,S6 Retroceso a EMA21 en tendencia,Corto,bracket,1624,105.99821300929236,32.758620689655174,-0.1775098499078162,-0.11467228989476697,0.7397537659303673,-5.658041559503482,-288.27599625029353,312.86174572822785,8.977216748768473,817,-0.20250820391659433,0.7067829892771341,-4.618229523137525,807,-0.15220172695221315,0.7739867993812376,-3.3896903186907115
EUR_USD,1h,S7 Impulso RSI 70/30 en tendencia,Largo,nativa,510,33.287616154396,32.549019607843135,0.04415314207194706,0.08685184230105643,1.0819056579938504,0.5785434675709963,22.518102456693,32.971624821488405,23.025490196078433,282,0.10259413611378734,1.2013653422747776,0.9768861308535718,228,-0.02812914003243441,0.9511358222625251,-0.2537913097860655
EUR_USD,1h,S7 Impulso RSI 70/30 en tendencia,Largo,bracket,713,46.537392780557546,39.97194950911641,-0.011196543356349143,0.04591728071386234,0.9807742818257844,-0.23531192317699678,-7.983135413076939,30.696493607680956,10.152875175315568,398,0.018658325324803094,1.0330152689765946,0.2925138320557406,315,-0.04891793299158276,0.9190293938501869,-0.6841581759522625
EUR_USD,1h,S7 Impulso RSI 70/30 en tendencia,Corto,nativa,508,33.15707648320229,35.826771653543304,0.11086028748805472,0.15613080833776052,1.2119385732696208,1.515314856126118,56.3170260439318,27.3688209080542,23.950787401574804,255,0.19651524388240046,1.3921085886214968,1.840588847274494,253,0.02452821681391182,1.0449933156693811,0.24549694894408086
EUR_USD,1h,S7 Impulso RSI 70/30 en tendencia,Corto,bracket,719,46.929011794138674,41.1682892906815,0.047506675467863316,0.10654574410097613,1.082473368719589,0.9671911278017138,34.15729966139372,40.24217700122773,10.343532684283728,374,0.050823466589634554,1.0882756927391206,0.7395506228879949,345,0.04391108161411705,1.0761898806738068,0.624561365081104
EUR_USD,1d,S1 Cruce EMA 9/21,Largo,nativa,89,6.180085551330799,30.337078651685395,0.07011508809470302,0.07815477774525158,1.1479924497217762,0.4030083187225146,6.240242840428569,14.339949735341389,21.134831460674157,39,0.3969707264347997,1.8954437202261418,1.5006317126130109,50,-0.18483230981057233,0.6284980825027567,-0.815229529863923
EUR_USD,1d,S1 Cruce EMA 9/21,Largo,bracket,81,5.624572243346008,43.20987654320987,0.17535698521251805,0.18615125561025392,1.3242373422711644,1.1547086659801584,14.203915802213963,11.150811335116066,9.728395061728396,36,0.356737028702274,1.7341804301927422,1.505560850291377,45,0.030252950420713364,1.0517344573704988,0.15384005637229903
EUR_USD,1d,S1 Cruce EMA 9/21,Corto,nativa,90,6.2495247148288975,23.333333333333332,-0.004193999494637733,0.0037160042122921537,0.9912257312003117,-0.02404920419274408,-0.377459954517396,10.037818933739125,19.844444444444445,39,0.036124403153055325,1.0699830279629932,0.1534313077966499,51,-0.03502571916640307,0.9219529639510443,-0.1392464879388372
EUR_USD,1d,S1 Cruce EMA 9/21,Corto,bracket,78,5.416254752851711,39.743589743589745,-0.027634017250782066,-0.017460747610451393,0.9527680529241901,-0.19349390375240622,-2.155453345561001,11.02647178795043,11.551282051282051,38,-0.19095334544684084,0.709021030002301,-0.9556351098945737,40,0.12751934453547376,1.246435553514806,0.627684127974693
EUR_USD,1d,S2 Cruce 9/21 + RSI>50 + EMA200,Largo,nativa,43,2.985884030418251,27.906976744186046,-0.03461273188587938,-0.026412868891220135,0.9344153891284349,-0.1671366587409783,-1.4883474710928133,11.937138567918339,20.86046511627907,20,0.28868611820194473,1.556570146361343,0.7428316432487461,23,-0.3157421667448568,0.41053634135637357,-1.7671409920198748
EUR_USD,1d,S2 Cruce 9/21 + RSI>50 + EMA200,Largo,bracket,40,2.777566539923954,42.5,0.11281331546255087,0.12375391439865073,1.211222498328489,0.5418129365845323,4.512532618502035,8.162186816090749,10.45,18,0.20236416323059286,1.3985792051402952,0.6189907801816399,22,0.03954444001597106,1.0711636205067023,0.14436836626511196
EUR_USD,1d,S2 Cruce 9/21 + RSI>50 + EMA200,Corto,nativa,51,3.541397338403042,23.52941176470588,0.1250554259311067,0.13338627494551067,1.285321664456872,0.45843200626079444,6.377826722486441,8.816862550008263,21.313725490196077,16,0.3129069137936349,1.6930167918998638,0.7347834083708563,35,0.03918046005109374,1.0906422534606777,0.11208464976980602
EUR_USD,1d,S2 Cruce 9/21 + RSI>50 + EMA200,Corto,bracket,42,2.916444866920152,45.23809523809524,0.09802892203751933,0.10854009076321167,1.1923192936287677,0.5032070912805674,4.117214725575812,6.586054370679484,12.619047619047619,16,-0.09042850957805162,0.8357097302111551,-0.3045320155966434,26,0.21400272610863988,1.441539704317578,0.8294310237369135
EUR_USD,1d,S3 RSI 30/70 contra-tendencia,Largo,nativa,38,2.6386882129277565,42.10526315789473,-0.229424580233294,-0.22140799209831624,0.6070316603259939,-1.4547559811320152,-8.718134048865172,11.29783489075481,8.921052631578947,19,-0.22964974092637372,0.605329050896832,-1.0400743608140746,19,-0.22919941954021422,0.6087229449541135,-0.9909550440736606
EUR_USD,1d,S3 RSI 30/70 contra-tendencia,Largo,bracket,40,2.777566539923954,27.500000000000004,-0.2929352532494886,-0.2823024572947975,0.5977598145817763,-1.5136504215134927,-11.717410129979545,13.695503841177382,8.525,20,-0.18071416738441304,0.7238617149346156,-0.6518097199355366,20,-0.405156339114564,0.49487138383816176,-1.473897822983994
EUR_USD,1d,S3 RSI 30/70 contra-tendencia,Corto,nativa,46,3.1942015209125474,47.82608695652174,-0.15736177178460145,-0.14995626037390722,0.7007529231394295,-1.1572964214186081,-7.238641502091666,9.651087939034845,9.282608695652174,28,-0.20018131852927773,0.6288294076363239,-1.17920198774731,18,-0.09075358795954941,0.8202589633986495,-0.39256689830293917
EUR_USD,1d,S3 RSI 30/70 contra-tendencia,Corto,bracket,47,3.2636406844106465,34.04255319148936,-0.16673426986747555,-0.1568195939754805,0.7425326025768684,-0.9346203902077811,-7.836510683771351,9.826025003238987,10.659574468085106,28,-0.2758724000595936,0.5997055638712745,-1.2569494608680307,19,-0.005899130636985749,0.9899386832560347,-0.01941756687007874
EUR_USD,1d,S4 RSI 30/70 a favor de tendencia,Largo,nativa,2,0.13887832699619773,0.0,-1.0112215848198338,-1.0000000000000029,0.0,-538.6158705259913,-2.0224431696396676,2.0224431696396676,6.0,0,,,,2,-1.0112215848198338,0.0,-538.6158705259913
EUR_USD,1d,S4 RSI 30/70 a favor de tendencia,Largo,bracket,2,0.13887832699619773,0.0,-1.014962113093107,-0.9999999999999992,0.0,-405.4561658137042,-2.029924226186214,2.029924226186214,5.5,0,,,,2,-1.014962113093107,0.0,-405.4561658137042
EUR_USD,1d,S4 RSI 30/70 a favor de tendencia,Corto,nativa,7,0.486074144486692,71.42857142857143,0.20723806273034548,0.21206187047725805,1.7208466223092573,0.6413242924360075,1.4506664391124184,1.0074554091537642,8.571428571428571,5,0.050180636495771716,1.1246756020130915,0.11296357380649401,2,0.5998816283167799,inf,9.898755944799387
EUR_USD,1d,S4 RSI 30/70 a favor de tendencia,Corto,bracket,7,0.486074144486692,71.42857142857143,0.5097212164429897,0.5161529601055398,2.7693409302867225,1.1167474274717188,3.568048515100928,1.0099405455383539,14.142857142857142,5,0.5763448260583329,2.4290031180743976,0.8803568857410422,2,0.3431621924046315,inf,1.531961527446473
EUR_USD,1d,S5 RSI(2) extremo + EMA200,Largo,nativa,71,4.930180608365019,64.7887323943662,0.01529589046446836,0.02307114335963796,1.0679506903537563,0.21820427689385596,1.0860082229772536,3.8647512018741734,4.661971830985915,41,0.06712878053270516,1.3145454946118096,0.709288531647422,30,-0.05554239262878861,0.7696061869492714,-0.5323248606464631
EUR_USD,1d,S5 RSI(2) extremo + EMA200,Largo,bracket,70,4.86074144486692,44.285714285714285,0.15967308763905283,0.16974866058530622,1.2945477791753432,0.9891669811442505,11.177116134733698,7.0693261388852235,9.6,42,0.21855821450946591,1.4069127636219223,1.0178250737597063,28,0.07134539733343326,1.1298205220799336,0.2889472177275607
EUR_USD,1d,S5 RSI(2) extremo + EMA200,Corto,nativa,90,6.2495247148288975,61.111111111111114,-0.01813317702988226,-0.01016252953564998,0.9289123652515321,-0.2879131246576618,-1.6319859326894033,5.787078674571666,4.366666666666666,34,-0.061124882069660234,0.7866814157003164,-0.5740498996002326,56,0.007968929601411521,1.0337693859039438,0.10159275591648584
EUR_USD,1d,S5 RSI(2) extremo + EMA200,Corto,bracket,81,5.624572243346008,37.03703703703704,-0.04215462558144818,-0.03182692827199861,0.9322456858616147,-0.29318422450391907,-3.414524672097303,12.441483100027662,10.160493827160494,34,-0.1986749058464561,0.7205291504007472,-0.8900440315669781,47,0.07107281120600432,1.1273745578229424,0.37753363013540797
EUR_USD,1d,S6 Retroceso a EMA21 en tendencia,Largo,nativa,54,3.7497148288973383,24.074074074074073,0.08397833525549858,0.0918257334153057,1.2200466750094752,0.4887872864662373,4.534830103796923,4.965355403726452,18.814814814814813,29,0.2348718719236774,1.6711307976838319,0.9070285544543993,25,-0.09105816727958878,0.7823558709624949,-0.41701036644401307
EUR_USD,1d,S6 Retroceso a EMA21 en tendencia,Largo,bracket,73,5.069058935361217,38.35616438356164,0.018428133926561924,0.028769863587225046,1.030469040235725,0.11810591557363005,1.3452537766390205,9.840804595293209,10.013698630136986,42,-0.012209278671118165,0.9801648407356817,-0.0597579618441194,31,0.05993688647825753,1.1015383383724904,0.24428651121889505
EUR_USD,1d,S6 Retroceso a EMA21 en tendencia,Corto,nativa,48,3.333079847908745,27.083333333333332,0.1342395294685044,0.1423858181550015,1.3735611814264117,0.5747127992582526,6.443497414488212,7.807352403665332,18.625,14,0.3967348606971227,2.0817053443142632,0.9897183369421062,34,0.026153216609661536,1.0734029049536642,0.09109744200485047
EUR_USD,1d,S6 Retroceso a EMA21 en tendencia,Corto,bracket,62,4.305228136882129,40.32258064516129,-0.06542156482840153,-0.05459496867282039,0.8838260723502775,-0.4288719680431434,-4.056137019360895,9.338526685940355,10.951612903225806,22,-0.09130671900570773,0.8576381614186205,-0.32702363732799544,40,-0.051184730030883065,0.9015876617919987,-0.28043979876293795
EUR_USD,1d,S7 Impulso RSI 70/30 en tendencia,Largo,nativa,16,1.1110266159695819,50.0,0.3111331086768446,0.3197892085074671,1.8022924472394914,0.8142151883128738,4.978129738829514,3.683989837214864,26.75,9,0.6070839448531147,3.169736543685845,1.0950598952243495,7,-0.06937510926407416,0.8682768828333157,-0.1348598505576633
EUR_USD,1d,S7 Impulso RSI 70/30 en tendencia,Largo,bracket,25,1.7359790874524714,32.0,-0.10316790726636939,-0.09211190539893871,0.8338203087669889,-0.4003574939110344,-2.5791976816592346,7.140802087823332,9.72,15,0.039516376004672026,1.0707886257713146,0.11450424307271627,10,-0.31719433217293147,0.5561900683354893,-0.8022911959682397
EUR_USD,1d,S7 Impulso RSI 70/30 en tendencia,Corto,nativa,15,1.041587452471483,40.0,0.5306594899377693,0.5391620250351219,2.0375665837340744,0.8646612301594956,7.95989234906654,5.134213880690544,21.666666666666668,7,0.16793799401360962,1.4632810280525341,0.4133408677669296,8,0.8480407988714092,2.3213953583988194,0.7561547492222861
EUR_USD,1d,S7 Impulso RSI 70/30 en tendencia,Corto,bracket,20,1.388783269961977,50.0,0.3942113819691211,0.4055066557065139,1.8013759202930573,1.2150373753319457,7.884227639382422,4.379591219040776,9.8,8,0.4185047756840667,1.8917330048738967,0.7991406147364711,12,0.3780157861591575,1.7456136507075197,0.8750413107127687
WTICO_USD,5m,S1 Cruce EMA 9/21,Largo,nativa,5872,382.444365192582,31.641689373297005,-0.041801276529022935,0.061493925211486014,0.9157222770768559,-2.371830572051387,-245.45709577842268,265.1176163257152,17.876702997275203,3123,-0.020786997432623935,0.9573176225226974,-0.8528825860177707,2749,-0.06567453721220011,0.870258255056996,-2.57516065430541
WTICO_USD,5m,S1 Cruce EMA 9/21,Largo,bracket,5512,358.99750356633376,38.57039187227866,-0.11386428927598781,0.02307141896133469,0.8146391338448796,-6.912709344483401,-627.6199624892448,634.5431971642228,10.372097242380262,2937,-0.09229510138976466,0.8476632973217892,-4.07002816822454,2575,-0.1384657280417499,0.7780607554086744,-5.779428261090836
WTICO_USD,5m,S1 Cruce EMA 9/21,Corto,nativa,5643,367.52955599144076,28.92078681552366,-0.09633074513554891,0.00797785789084527,0.8154657505646439,-5.2955660655283125,-543.5943947999025,550.0046506572991,16.82562466772993,2983,-0.0836935915902476,0.836349686668926,-3.397338095807564,2660,-0.11050241018277966,0.7930326429352991,-4.100756775574185
WTICO_USD,5m,S1 Cruce EMA 9/21,Corto,bracket,5267,343.0406116262482,36.47237516612873,-0.14964517477724276,-0.011202433870978743,0.7685495481360117,-8.734468386260064,-788.1811355517376,802.2077130530213,9.776343269413328,2785,-0.12151701078753871,0.8084088450050724,-5.13353760074484,2482,-0.18120719601468263,0.7255924080152242,-7.302013576568787
WTICO_USD,5m,S2 Cruce 9/21 + RSI>50 + EMA200,Largo,nativa,3232,210.50071326676175,32.301980198019805,-0.013105089458650862,0.09162026664308685,0.9739880174681218,-0.519518672752771,-42.35564913035959,106.40845801972418,18.745977722772277,1782,0.015373264928600822,1.031346052678288,0.4471050159746993,1450,-0.04810400498836293,0.9075357352522154,-1.2971546257569342
WTICO_USD,5m,S2 Cruce 9/21 + RSI>50 + EMA200,Largo,bracket,3066,199.68910485021397,38.975864318330075,-0.11357642196926561,0.025496812161958402,0.8142502826266994,-5.160045947596443,-348.22530975776834,351.8286721028994,10.403131115459882,1687,-0.07747827135266062,0.8701444968676456,-2.5903186669437925,1379,-0.15773710368805646,0.7494457975788964,-4.858230024216276
WTICO_USD,5m,S2 Cruce 9/21 + RSI>50 + EMA200,Corto,nativa,3267,212.78026925820257,30.088766452402815,-0.07052314113175166,0.029887254041913672,0.8654734392269271,-2.87135187557536,-230.39910207743267,248.98517942252332,17.541475359657177,1750,-0.06903760432755111,0.8648664536186594,-2.1593526299604435,1517,-0.07223684542136997,0.866136353362306,-1.9046741064035422
WTICO_USD,5m,S2 Cruce 9/21 + RSI>50 + EMA200,Corto,bracket,3063,199.4937143366619,37.087822396343455,-0.13048669143252223,0.0025080116807026137,0.7966252893952297,-5.7519840381309475,-399.6807358578156,409.66343977197494,9.734573947110675,1645,-0.10213749867182874,0.8378022519480411,-3.283341078871612,1418,-0.16337415412035072,0.7507296210631399,-4.92972977596243
WTICO_USD,5m,S3 RSI 30/70 contra-tendencia,Largo,nativa,3360,218.83737517831668,52.470238095238095,-0.0875243089905493,0.003411078423827526,0.8121768947418055,-5.484045448154585,-294.08167820824565,313.0713794309498,10.522023809523809,1758,-0.07129153898326102,0.8442983218310892,-3.2483973807040116,1602,-0.10533779817457721,0.7781917294295254,-4.531265923186825
WTICO_USD,5m,S3 RSI 30/70 contra-tendencia,Largo,bracket,3609,235.05478780313837,39.15211970074813,-0.1253102334190647,-0.003835068296349679,0.7957878113402581,-6.239431439262364,-452.2446324094045,458.8454668093158,10.471875865890828,1886,-0.09549502992365973,0.840192450962001,-3.4270718586182314,1723,-0.1579460278429381,0.7497735122868182,-5.4540673756274
WTICO_USD,5m,S3 RSI 30/70 contra-tendencia,Corto,nativa,3129,203.7923056348074,50.271652285075106,-0.12290808863356506,-0.02433815828911652,0.7443536386331168,-7.467142040665954,-384.57940933442507,387.8075598697504,10.820389900926815,1644,-0.1345131421088349,0.7216874083144905,-6.018553715911787,1485,-0.11006047387710473,0.7697280606835076,-4.527982126758361
WTICO_USD,5m,S3 RSI 30/70 contra-tendencia,Corto,bracket,3321,216.2972985021398,37.39837398373984,-0.1708967097501889,-0.03960261192374792,0.7276560365454036,-8.313687739757567,-567.5479730803773,569.4061065294183,10.573321288768444,1748,-0.17538600716619707,0.7194228416381985,-6.234890137991917,1573,-0.16590796729425616,0.7367312288173711,-5.509268759037393
WTICO_USD,5m,S4 RSI 30/70 a favor de tendencia,Largo,nativa,132,8.597182596291013,56.060606060606055,-0.02650738645282986,0.08568832010877772,0.93743844388584,-0.3177380717590955,-3.498975011773542,12.63952085590861,8.242424242424242,62,0.0006057468902046324,1.001418235314381,0.004693769673180169,70,-0.05052187598523185,0.8799038672297228,-0.4639527242471548
WTICO_USD,5m,S4 RSI 30/70 a favor de tendencia,Largo,bracket,137,8.922833452211126,36.496350364963504,-0.169875910673349,-0.01990727491853105,0.7450632407776456,-1.599784702135338,-23.272999762248816,26.499641411762905,8.547445255474452,64,-0.2596007372021679,0.6494140288908473,-1.6369667390470022,73,-0.09121304905904207,0.8483203895529494,-0.6371511928922075
WTICO_USD,5m,S4 RSI 30/70 a favor de tendencia,Corto,nativa,139,9.053093794579173,55.39568345323741,-0.036932816297945426,0.06670965036842304,0.9103237268492446,-0.49102195099864177,-5.133661465414415,9.761394781874774,8.70503597122302,72,0.03873918371311405,1.1071741218380429,0.3774737178625685,67,-0.11825198048893472,0.7462359940760622,-1.071831773357666
WTICO_USD,5m,S4 RSI 30/70 a favor de tendencia,Corto,bracket,141,9.183354136947218,46.808510638297875,0.055016466927990816,0.1931343289768227,1.1028676132285573,0.5208371988407626,7.757321836846705,11.87190496122865,9.340425531914894,72,0.041741997708067455,1.079734296305051,0.28902467565267975,69,0.06886808698356305,1.1259857470751344,0.44258972260748947
WTICO_USD,5m,S5 RSI(2) extremo + EMA200,Largo,nativa,5052,329.03762482168327,60.25336500395883,-0.0803883952837899,0.028630479572944952,0.7069524247121217,-9.30082526949508,-406.12217297370654,407.8384239026501,4.276326207442597,2567,-0.05940597659027738,0.7821247099520592,-4.791309074682987,2485,-0.10206319157604204,0.6302479197784776,-8.49330091214609
WTICO_USD,5m,S5 RSI(2) extremo + EMA200,Largo,bracket,4578,298.1659236804565,39.75535168195719,-0.11337939368660684,0.031053120198803227,0.8166214942902156,-6.252817864390061,-519.0508642972861,523.7546749708717,10.307339449541285,2331,-0.07247213116061214,0.8807461838841623,-2.802545577778945,2247,-0.15581589967151727,0.7523756978618601,-6.140665314543906
WTICO_USD,5m,S5 RSI(2) extremo + EMA200,Corto,nativa,5349,348.3812856633381,59.03907272387362,-0.07855428340666182,0.02135722900743642,0.7051018618474959,-9.68586843616667,-420.1868619422341,425.0631180221262,4.534118526827444,2663,-0.06786545717128388,0.7402832623724933,-5.936269129985603,2686,-0.08915158209050822,0.6715198080032951,-7.7494396058277655
WTICO_USD,5m,S5 RSI(2) extremo + EMA200,Corto,bracket,4856,316.2721112696148,38.96210873146623,-0.1091936791461862,0.022958701242785574,0.8218440675441898,-6.220795267597418,-530.2445059338802,557.4444871168981,10.553542009884678,2427,-0.10891739515608746,0.8218186371721469,-4.39326526969752,2429,-0.10946973564843804,0.82186934157725,-4.403357966054173
WTICO_USD,5m,S6 Retroceso a EMA21 en tendencia,Largo,nativa,4336,282.404422253923,25.830258302583026,-0.08984496910101537,0.01749796040396727,0.808672425435327,-4.764428611546419,-389.5677860220027,400.36750858753993,15.520064575645756,2399,-0.06767619300117318,0.8538206190222708,-2.560724069009343,1937,-0.11730129014568313,0.7544901980032093,-4.401567476730536
WTICO_USD,5m,S6 Retroceso a EMA21 en tendencia,Largo,bracket,4886,318.2260164051355,38.108882521489974,-0.15452480639175356,-0.010537962136251605,0.7586592070794471,-8.836158361166671,-755.0082040301079,765.250816590567,10.11031518624642,2645,-0.141281166615313,0.7786779346634107,-5.909004204106184,2241,-0.17015596534252792,0.7351859300410234,-6.635898416510578
WTICO_USD,5m,S6 Retroceso a EMA21 en tendencia,Corto,nativa,4535,295.3653263195435,24.10143329658214,-0.09545243518454129,0.0034806863961741237,0.7951369528703556,-5.0543034219945895,-432.8767935618947,445.35564062128446,15.110915104740904,2420,-0.10193239928557112,0.7748043214250048,-4.176226523765579,2115,-0.08803800817532516,0.8170234384891046,-3.001812741894223
WTICO_USD,5m,S6 Retroceso a EMA21 en tendencia,Corto,bracket,4993,325.19494472182595,36.61125575806128,-0.15350836283906935,-0.022086224448054057,0.7612450446627992,-8.831969263495246,-766.4672556554733,773.4967605732993,10.180452633687162,2625,-0.1742370998184601,0.7327286886834351,-7.314050894712471,2368,-0.13052992763176335,0.7937994423541703,-5.137298839351174
WTICO_USD,5m,S7 Impulso RSI 70/30 en tendencia,Largo,nativa,1488,96.91369472182596,36.96236559139785,0.011961856700737126,0.1166710723378382,1.0220944519944817,0.3135400201537851,17.799242770696843,55.99466963651733,20.35282258064516,793,0.08082314650096475,1.1544530760219287,1.4592035203328277,695,-0.06660937036628518,0.8814907221737069,-1.2901644583427254
WTICO_USD,5m,S7 Impulso RSI 70/30 en tendencia,Largo,bracket,1875,122.11907097004278,40.8,-0.02860169649357697,0.10768194049019342,0.952998594628397,-0.9595640931188207,-53.62818092545682,71.24645483789044,9.6304,1007,-0.0029808659269647698,0.9949357713803578,-0.07369914736544307,868,-0.058325402001155865,0.9076595589685101,-1.3227721131600578
WTICO_USD,5m,S7 Impulso RSI 70/30 en tendencia,Corto,nativa,1543,100.49585413694722,34.73752430330525,-5.373393229993456e-05,0.09452716711166807,0.9999047347511905,-0.0013443406758042566,-0.08291145753879903,65.75522787170613,19.814646791963707,821,-0.047347497374301904,0.9161449957919603,-0.8860098024259128,722,0.05372490843041977,1.0953626500106202,0.8952265319960906
WTICO_USD,5m,S7 Impulso RSI 70/30 en tendencia,Corto,bracket,1976,128.6972182596291,38.76518218623482,-0.07521291192473237,0.048849622078247015,0.8801053662143411,-2.612531153543885,-148.62071396327116,157.31598069697833,9.095141700404858,1033,-0.09913477096971045,0.8431152690574478,-2.5193780489998696,943,-0.049007948623075545,0.9212493944239458,-1.1610388051523257
WTICO_USD,15m,S1 Cruce EMA 9/21,Largo,nativa,2088,136.01605136436598,39.84674329501915,-0.014585945710203706,0.05184306690202565,0.9643246125533088,-0.6116586051114145,-30.455454642905337,50.36984989435654,9.37691570881226,1126,-0.03816064873416284,0.9108575870325593,-1.1864284513784207,962,0.01300772955484617,1.0336692850194273,0.36624653911578475
WTICO_USD,15m,S1 Cruce EMA 9/21,Largo,bracket,2027,132.0424023542001,41.193882585101136,-0.04586574011649883,0.04268533998499327,0.9096104006733057,-1.83383911537413,-92.96985521614312,97.0856770419813,6.826344351258017,1094,-0.05292007371880969,0.8985470987871257,-1.5357733287667,933,-0.03759409921518256,0.9233982201463374,-1.0342121564578388
WTICO_USD,15m,S1 Cruce EMA 9/21,Corto,nativa,1974,128.58988764044943,35.05572441742654,-0.08391175778442153,-0.016446842964900336,0.8212616453011415,-3.251559124587743,-165.6418098664481,166.95174336893422,9.591691995947315,1058,-0.09860581368937764,0.7989125982772877,-2.7661368298684397,916,-0.06693980238328229,0.8496855186161437,-1.7899320557629894
WTICO_USD,15m,S1 Cruce EMA 9/21,Corto,bracket,1921,125.13737292669877,37.948984903695994,-0.07390119127015832,0.0160827197072613,0.8684228907144557,-2.729350767090147,-141.96418842997412,153.07228875660667,6.53878188443519,1029,-0.0666481339724971,0.8842706039302324,-1.7604805740949827,892,-0.08226822709896252,0.8491129336523565,-2.1280123312111976
WTICO_USD,15m,S2 Cruce 9/21 + RSI>50 + EMA200,Largo,nativa,1318,85.85687533440343,38.770864946889226,-0.026861970571419,0.041458423767445234,0.9379563400776092,-0.869015740182646,-35.40407721313024,49.2905331918591,9.545523520485585,750,-0.058879009798175994,0.8703332845585947,-1.4982142315179237,568,0.015414049534334073,1.0380540926686366,0.3113893301889755
WTICO_USD,15m,S2 Cruce 9/21 + RSI>50 + EMA200,Largo,bracket,1286,83.77233814874265,39.813374805598755,-0.06666245267480123,0.024230156568340995,0.8737792237539111,-2.0978048123213933,-85.72791413979438,86.88884007547418,6.903576982892691,733,-0.06772394278566642,0.8752507815551755,-1.5846265441638283,553,-0.06525545041211733,0.8716972281081414,-1.3738854370833544
WTICO_USD,15m,S2 Cruce 9/21 + RSI>50 + EMA200,Corto,nativa,1133,73.80564472980204,37.06972639011474,-0.04591949015996496,0.017644799820460244,0.9010579337974637,-1.3168531444308893,-52.0267823512403,57.74032407816443,10.203000882612534,598,-0.0672889906617269,0.8598261860602463,-1.4215759217136368,535,-0.022033581187902076,0.95062984542278,-0.42745301716131384
WTICO_USD,15m,S2 Cruce 9/21 + RSI>50 + EMA200,Corto,bracket,1114,72.56795077581594,39.048473967684025,-0.04416210242363419,0.040741869959264855,0.9203187298346442,-1.2277988313798067,-49.19658209992849,59.93709142521192,6.783662477558348,588,-0.010920194565788854,0.9801981105797503,-0.21626714952073706,526,-0.08132225797575027,0.8540839034883753,-1.5896810080518802
WTICO_USD,15m,S3 RSI 30/70 contra-tendencia,Largo,nativa,1726,112.43472445157839,49.47856315179606,-0.05648652705528952,0.005434828786632655,0.8630577958286477,-2.6850871959975207,-97.49574569742971,109.1236509829992,7.259559675550405,919,-0.049906753183522376,0.8769262761494301,-1.7504192245124424,807,-0.0639794789613044,0.8478254748418277,-2.0528713187944407
WTICO_USD,15m,S3 RSI 30/70 contra-tendencia,Largo,bracket,1826,118.94890315676832,41.12814895947426,-0.05609881018015892,0.02613760882134356,0.895816499290817,-2.0751630242553616,-102.43642738897019,117.64401472615482,7.403066812705367,972,-0.0427318684095873,0.9202574434198846,-1.1416018616970622,854,-0.07131270643425217,0.8682828716767167,-1.824726057264602
WTICO_USD,15m,S3 RSI 30/70 contra-tendencia,Corto,nativa,1518,98.88523274478331,44.26877470355731,-0.09415476724640534,-0.02710876126004922,0.7782488279369336,-4.1678582680924885,-142.9269366800433,144.89566284092206,7.6396574440052705,796,-0.09812772468400079,0.7732404547006905,-3.1122166472129784,722,-0.08977460918501201,0.7839979697011227,-2.7718008292183516
WTICO_USD,15m,S3 RSI 30/70 contra-tendencia,Corto,bracket,1621,105.59483681112894,36.890808143121525,-0.13359848915208808,-0.04446425718748761,0.7582001099915494,-4.859859410788784,-216.56315091553478,221.69421230226177,7.2874768661320175,859,-0.14910123958105168,0.7387642843014774,-3.88923712127692,762,-0.1161222914900412,0.7817079248368193,-2.9461643723777797
WTICO_USD,15m,S4 RSI 30/70 a favor de tendencia,Largo,nativa,152,9.90155163188871,51.973684210526315,-0.02509568054398158,0.04564252228114868,0.9462952430808144,-0.31503311270049245,-3.8145434426852,12.88256797640586,6.072368421052632,89,0.04176919724720005,1.0971852612113564,0.4080600690553216,63,-0.11955558726485721,0.770203099961388,-0.944177130807536
WTICO_USD,15m,S4 RSI 30/70 a favor de tendencia,Largo,bracket,154,10.03183520599251,39.61038961038961,-0.02782295170315209,0.06644659409654725,0.9545114271455795,-0.26859782988671627,-4.284734562285422,11.465316224001304,7.5519480519480515,91,-0.003926668609145154,0.9935878713819942,-0.028462302159050358,63,-0.06233980506116217,0.897901724603522,-0.39597116944019733
WTICO_USD,15m,S4 RSI 30/70 a favor de tendencia,Corto,nativa,105,6.839887640449438,47.61904761904761,-0.0944289471193816,-0.027310007263837612,0.7948565935915065,-1.0228505173263998,-9.915039447535069,16.86925256526669,6.761904761904762,41,-0.15610036606709055,0.6886299515357183,-1.0623802659796318,64,-0.05492069435600557,0.873461659743853,-0.46027239982924495
WTICO_USD,15m,S4 RSI 30/70 a favor de tendencia,Corto,bracket,109,7.100454788657036,33.94495412844037,-0.13711821551106002,-0.048226985515116644,0.7912124424585473,-1.1216517825676124,-14.94588549070554,25.32360695672569,6.743119266055046,44,-0.12018663821126453,0.8223760344457584,-0.598749111679202,65,-0.14857959091399853,0.7690227375467237,-0.9598972914073917
WTICO_USD,15m,S5 RSI(2) extremo + EMA200,Largo,nativa,1715,111.71816479400749,60.87463556851313,-0.03943634995895018,0.03289141548912576,0.8711439072975676,-2.281592260835143,-67.63334017959956,73.25966765596787,3.7142857142857144,904,-0.025443044573278947,0.920544565618005,-1.0245297769100048,811,-0.055034313052226135,0.8103942692239607,-2.305294930219346
WTICO_USD,15m,S5 RSI(2) extremo + EMA200,Largo,bracket,1702,110.8713215623328,42.126909518213864,-0.06820451890538877,0.027976541964406364,0.8723078423250427,-2.466879881368698,-116.0840911769717,123.33121418134782,6.637485311398355,914,-0.04204434401636957,0.9247100141582943,-1.0587820815065352,788,-0.0985476659213324,0.8052214549830649,-2.592895596527705
WTICO_USD,15m,S5 RSI(2) extremo + EMA200,Corto,nativa,1730,112.69529159978599,55.664739884393065,-0.08097882090697554,-0.0167569688513888,0.7384986165680286,-5.005098235506512,-140.0933601690677,145.6968797205108,4.078612716763006,825,-0.07062216936616404,0.7686239824158237,-3.0582182875326067,905,-0.09041996733920703,0.7117795787849054,-3.9892190657180677
WTICO_USD,15m,S5 RSI(2) extremo + EMA200,Corto,bracket,1726,112.43472445157839,35.11008111239861,-0.16589687773980788,-0.08003424711972827,0.7043199290829502,-6.33988887306199,-286.3380109789084,313.3028613693667,6.758980301274623,817,-0.1541712104306701,0.7238087610715073,-4.025966700536317,909,-0.1764357888416402,0.6869725821494256,-4.92147042616426
WTICO_USD,15m,S6 Retroceso a EMA21 en tendencia,Largo,nativa,1828,119.07918673087212,31.838074398249454,-0.04980254825046845,0.022812473184303992,0.8848337979907331,-1.8628612454935378,-91.03905820185632,96.75529089642673,8.400984682713348,1047,-0.04158256530338377,0.9075750645629669,-1.1101368838635723,781,-0.0608221668747932,0.851300124077066,-1.6279738417975866
WTICO_USD,15m,S6 Retroceso a EMA21 en tendencia,Largo,bracket,1823,118.75347779561262,37.68513439385628,-0.1156317625503049,-0.018420414408281488,0.8010645644122223,-4.207251150630509,-210.79670312920584,215.19364941155476,6.722984092155787,1049,-0.12356018219334161,0.7940253705670338,-3.3548378064191113,774,-0.10488639794365698,0.8113575759550796,-2.5433278315703003
WTICO_USD,15m,S6 Retroceso a EMA21 en tendencia,Corto,nativa,1699,110.6758962011771,29.958799293702178,-0.07715812613053462,-0.013189574049945751,0.821455910507536,-2.9420242541096626,-131.0916562957783,145.1625919819457,8.428487345497352,896,-0.07383361159022196,0.8281010120810217,-2.115670436668397,803,-0.08086767162009889,0.8141361851042719,-2.044452238831788
WTICO_USD,15m,S6 Retroceso a EMA21 en tendencia,Corto,bracket,1706,111.1318887105404,36.98710433763189,-0.10400316927290591,-0.019174981093503154,0.820033004828145,-3.644510435622615,-177.42940677957748,194.07567774008524,6.7479484173505275,920,-0.07179061734167864,0.8738476675750076,-1.8206533389426853,786,-0.14170742853083093,0.7590943851742167,-3.4317058729543453
WTICO_USD,15m,S7 Impulso RSI 70/30 en tendencia,Largo,nativa,795,51.78772070626003,43.89937106918239,0.02469655500726137,0.09503635835556856,1.0557713125974852,0.5864988547806068,19.63376123077279,17.653417887922977,11.09182389937107,446,0.03910362921222956,1.0899703308272712,0.6830001891324374,349,0.0062852223556401415,1.0138659452109768,0.10119967553016954
WTICO_USD,15m,S7 Impulso RSI 70/30 en tendencia,Largo,bracket,895,58.30189941144997,42.12290502793296,-0.037207855433697555,0.05601104111559562,0.9292212683396573,-0.9618170646252886,-33.30103061315931,47.31224570611482,7.040223463687151,508,-0.07074319236062879,0.8669016295429458,-1.4049399667452118,387,0.00681269019648606,1.0131505011304802,0.11298935780636687
WTICO_USD,15m,S7 Impulso RSI 70/30 en tendencia,Corto,nativa,833,54.26310861423221,40.45618247298919,-0.02113840407964259,0.042929581606187615,0.9573604363462517,-0.4856299746493095,-17.60829059834228,50.261708106791026,11.232893157262906,446,-0.08923638754983124,0.8283258528152042,-1.5498119738521854,387,0.057341442503572246,1.1225180902434906,0.8688365522330862
WTICO_USD,15m,S7 Impulso RSI 70/30 en tendencia,Corto,bracket,950,61.88469769930444,40.21052631578947,-0.04180538063335899,0.04289019461328729,0.9254838871765152,-1.0595965644803265,-39.71511160169104,68.37237047003647,6.7094736842105265,503,-0.09278256728560552,0.8400076928706286,-1.7417337395326267,447,0.015558209715813303,1.028824126997046,0.2656045991720925
WTICO_USD,1h,S1 Cruce EMA 9/21,Largo,nativa,1946,127.0605112620665,27.183967112024664,0.03257822789682632,0.07938111357692261,1.058019744703853,0.8305693659404175,63.39723148722402,54.87595471793719,22.17060637204522,1015,0.0538526341024716,1.097093701258524,1.0022382038893247,931,0.009384326394431078,1.0164933177205646,0.16354484245242507
WTICO_USD,1h,S1 Cruce EMA 9/21,Largo,bracket,1835,119.81296925277083,37.275204359673026,-0.05056886730871417,0.011272667772185978,0.9196911259104634,-1.6589507540748758,-92.7938715114905,105.32103146157786,9.717711171662126,950,-0.029454793548247676,0.9523874742469889,-0.6936522854058406,885,-0.07323369224932794,0.8858461752643739,-1.6721786320142116
WTICO_USD,1h,S1 Cruce EMA 9/21,Corto,nativa,1945,126.99521809081159,26.47814910025707,0.03137066143980673,0.0786567889231264,1.056515293054128,0.7539578809291612,61.01593650042409,67.12873954080027,21.65038560411311,1014,0.0029197815154520627,1.005232944789874,0.052281400584427075,931,0.062357978564721486,1.1129781399298069,1.0039330673603593
WTICO_USD,1h,S1 Cruce EMA 9/21,Corto,bracket,1830,119.48650339649625,39.07103825136612,0.005731477272637791,0.06836991954207662,1.0093755965259466,0.18427044264227319,10.488603408927158,48.23246994265914,9.291803278688525,950,0.002978402959965909,1.0049701097906776,0.06985369071246557,880,0.008703546132908564,1.013940544070941,0.19142535683149361
WTICO_USD,1h,S2 Cruce 9/21 + RSI>50 + EMA200,Largo,nativa,1072,69.99427958526994,29.757462686567166,0.090483793209327,0.13912295581738207,1.1661194350450579,1.7122421350262815,96.99862632039854,23.290626609406125,23.636194029850746,572,0.08055384705984167,1.1486906739870881,1.1344783840112393,500,0.1018436516043382,1.1858288774197947,1.2882115544373507
WTICO_USD,1h,S2 Cruce 9/21 + RSI>50 + EMA200,Largo,bracket,1010,65.94610296746514,40.396039603960396,0.036434338899200606,0.10045609571141106,1.0613458840602765,0.8730394234924858,36.798682288192616,27.66189609811579,9.721782178217822,537,0.06148119637244491,1.1063160524955404,1.0756446544336682,473,0.00799847745494654,1.0130766525210746,0.13088074118018106
WTICO_USD,1h,S2 Cruce 9/21 + RSI>50 + EMA200,Corto,nativa,933,60.91852878083661,29.474812433011788,0.0991293870927231,0.1433152025561682,1.1830925794264102,1.6099925508830466,92.48771815751066,30.859900536706412,23.212218649517684,473,-0.016267752530823732,0.9706075994989738,-0.21851817475887494,460,0.21778775022737012,1.411677679226628,2.212187892371833
WTICO_USD,1h,S2 Cruce 9/21 + RSI>50 + EMA200,Corto,bracket,895,58.43738827314981,42.12290502793296,0.07443567948914956,0.1332302645217462,1.128710434152998,1.669251763100671,66.61993314278885,19.434158434859288,9.360893854748603,450,0.06880674167922078,1.1198971379391152,1.0975461031340752,445,0.0801278637913247,1.1374862769075889,1.2616881365646082
WTICO_USD,1h,S3 RSI 30/70 contra-tendencia,Largo,nativa,1249,81.55117089739007,53.64291433146518,-0.052662301230211865,-0.011110062445806474,0.8886844208459383,-1.930463338421775,-65.77521423653462,71.0191665821783,10.22177742193755,636,-0.032755758831659376,0.9283839258841609,-0.8590406392321353,613,-0.07331574489331033,0.8501894452033175,-1.8771422582107797
WTICO_USD,1h,S3 RSI 30/70 contra-tendencia,Largo,bracket,1359,88.73341973543083,37.74834437086093,-0.05734573443959652,-0.0018854159485930863,0.908860262704382,-1.6279717219630696,-77.93285310341167,83.99126485825835,10.194260485651213,697,-0.028542143932996696,0.9538641230719459,-0.5772242457066277,662,-0.0876721733868776,0.8630801256836297,-1.7465091310311205
WTICO_USD,1h,S3 RSI 30/70 contra-tendencia,Corto,nativa,1266,82.66115480872364,53.47551342812006,-0.04092802940596795,0.007373460372546571,0.9148071461463879,-1.4701913872206542,-51.81488522795543,58.49132419484852,10.317535545023697,672,-0.04569487378766675,0.9057468216709827,-1.19023160824144,594,-0.03553523576202589,0.9252590935764086,-0.8783793595603463
WTICO_USD,1h,S3 RSI 30/70 contra-tendencia,Corto,bracket,1389,90.6922148730783,36.14110871130309,-0.09519844816217735,-0.030065185489624908,0.8533084137860095,-2.736718661650608,-132.23064449726434,136.1284294773369,9.917206623470122,739,-0.10408444191066796,0.8394498233336819,-2.1885200491815935,650,-0.08509575680812423,0.8690297651412842,-1.6670823803200032
WTICO_USD,1h,S4 RSI 30/70 a favor de tendencia,Largo,nativa,155,10.120441544511978,57.41935483870968,-0.0222821218895553,0.022538521072455773,0.9503424758500966,-0.28091802463332805,-3.4537288928810717,18.228578921291973,8.748387096774193,79,0.06369831635648734,1.1673944983517344,0.6034216907871615,76,-0.1116565248032049,0.7851086862622092,-0.9405993691617803
WTICO_USD,1h,S4 RSI 30/70 a favor de tendencia,Largo,bracket,164,10.708080085806222,37.19512195121951,-0.056525854531917614,0.0030204897620204146,0.912807428129646,-0.5330851574553255,-9.270240143234489,19.83642471108263,9.810975609756097,84,0.07021037845418415,1.1180310959531043,0.4726886473098354,80,-0.1895988991673245,0.7308365467345628,-1.256171819754573
WTICO_USD,1h,S4 RSI 30/70 a favor de tendencia,Corto,nativa,135,8.814578119413659,62.22222222222222,0.08548400538773065,0.13066146495070877,1.2078204619914223,0.9984487739727715,11.540340727343638,8.817077309883375,8.829629629629629,66,0.04348414743640892,1.0944979525298908,0.33099576465881414,69,0.12565778255856017,1.3446127107684762,1.1269488230507638
WTICO_USD,1h,S4 RSI 30/70 a favor de tendencia,Corto,bracket,138,9.010457633178406,44.927536231884055,0.132532717082075,0.19274049236518245,1.2278375518638283,1.0992039682280716,18.28951495732635,11.924188091559904,10.478260869565217,67,-0.04210812398983389,0.9359116796466952,-0.24219859283703682,71,0.29733463753021444,1.5823148040954194,1.7894812369174058
WTICO_USD,1h,S5 RSI(2) extremo + EMA200,Largo,nativa,2372,154.87540221666072,62.35244519392917,-0.019577666995852453,0.032714991503109435,0.9293983210506309,-1.4156719798447583,-46.43822611416202,55.145561919151746,4.222175379426644,1297,-0.012874439561778927,0.9535489797318255,-0.6837290615697947,1075,-0.027665188839567218,0.9002917522141657,-1.3575620358916716
WTICO_USD,1h,S5 RSI(2) extremo + EMA200,Largo,bracket,2160,141.03324991061854,36.99074074074074,-0.0569970032696642,0.011790242250279423,0.9127023103190411,-1.9857190478614664,-123.11352706247467,146.9034533805468,8.697685185185184,1182,-0.03333490887408883,0.9479418584638819,-0.8575978073355991,978,-0.08559474925695469,0.8718811323636093,-2.0106746146405063
WTICO_USD,1h,S5 RSI(2) extremo + EMA200,Corto,nativa,2088,136.33214158026456,62.02107279693486,-0.006563167824632344,0.04022999060576495,0.974766967260124,-0.4515392848799278,-13.703894417832334,33.805286505792054,4.591475095785441,1031,0.0003258748502834917,1.0012558550350692,0.015475647353700371,1057,-0.01328275438833928,0.9490505943491463,-0.6617735933062336
WTICO_USD,1h,S5 RSI(2) extremo + EMA200,Corto,bracket,1905,124.38349124061494,38.47769028871391,0.008260716948197126,0.06974948483934978,1.0131016194050553,0.2656279094591856,15.736665786315527,74.56002194833361,9.077165354330708,944,-0.04841949551891966,0.9257139917067236,-1.1085510180414633,961,0.06393826176501112,1.1048855103918331,1.4460589212738513
WTICO_USD,1h,S6 Retroceso a EMA21 en tendencia,Largo,nativa,1158,75.6094923131927,24.870466321243523,0.04243691670915383,0.09223231390566373,1.0856090776310119,0.870019644666458,49.141949549200135,53.30378086593091,20.26683937823834,629,0.053355035049286466,1.110603051458164,0.7878114982032853,529,0.029454881858599142,1.0575824241624894,0.41970640659621794
WTICO_USD,1h,S6 Retroceso a EMA21 en tendencia,Largo,bracket,1680,109.69252770825885,37.32142857142857,-0.05405754455986549,0.012643477057039394,0.9147690055852596,-1.6925199842356164,-90.81667486057403,105.62996806833277,8.975595238095238,937,-0.058795410470628764,0.90649334881334,-1.3935698143303286,743,-0.048082604642792584,0.9250043458012306,-0.9840516993496627
WTICO_USD,1h,S6 Retroceso a EMA21 en tendencia,Corto,nativa,1073,70.05957275652484,23.57875116495806,-0.01818097250014033,0.026409079458017345,0.9629714951868846,-0.36950848648180107,-19.508183492650573,93.00483700752063,18.499534016775396,545,-0.14504947324621775,0.7103785995348293,-2.5425868389344544,528,0.1127723095199585,1.234523116411724,1.4013537035209827
WTICO_USD,1h,S6 Retroceso a EMA21 en tendencia,Corto,bracket,1452,94.805684662138,36.294765840220386,-0.07008742011348901,-0.010744316486924501,0.8915826289984564,-2.008851372175594,-101.76693400478604,116.2994753114958,8.71900826446281,736,-0.09179626312218488,0.857475946353735,-1.928324519747137,716,-0.0477721848419804,0.9263808370076728,-0.9344543681081227
WTICO_USD,1h,S7 Impulso RSI 70/30 en tendencia,Largo,nativa,585,38.19650518412585,33.675213675213676,-0.02040213913632549,0.029247613417880146,0.9629149674347043,-0.3489190086583552,-11.935251394750411,29.490146712439397,21.87008547008547,318,-0.046871811661749106,0.9135126908814742,-0.6229788122161743,267,0.01112353825350486,1.0198668393470396,0.12133105364501806
WTICO_USD,1h,S7 Impulso RSI 70/30 en tendencia,Largo,bracket,822,53.67098677154094,39.90267639902677,-0.016685140425863686,0.04976933351168793,0.9722411998589424,-0.36950777407819013,-13.715185430059949,32.9847033759139,9.54257907542579,440,-0.03294670034570277,0.9439662936476778,-0.5489141672899388,382,0.002045452151961444,1.003319678391285,0.029926803579965612
WTICO_USD,1h,S7 Impulso RSI 70/30 en tendencia,Corto,nativa,505,32.97305148373257,31.287128712871286,0.021557576961401696,0.0648522529814806,1.0377840408338135,0.27388161890998197,10.886576365507857,50.57464994365064,20.904950495049505,257,-0.13888071991658837,0.7688367348529968,-1.5336642045021196,248,0.18781823138738338,1.3483236080110839,1.4527291108788616
WTICO_USD,1h,S7 Impulso RSI 70/30 en tendencia,Corto,bracket,718,46.88049696102968,36.908077994428965,-0.024223087932969442,0.03218428587207598,0.9612600604088517,-0.4887008169591825,-17.39217713587206,67.58488333253275,8.700557103064067,359,-0.16685170800863192,0.7513403580728216,-2.5004052751861465,359,0.11840553214269305,1.2043080311994918,1.6303561494254417
WTICO_USD,1d,S1 Cruce EMA 9/21,Largo,nativa,72,5.01009716136407,38.88888888888889,0.3313345062498882,0.3393566231354549,1.8616844072556202,1.551661275407734,23.85608444999195,4.551415736582484,28.13888888888889,36,0.5046556499021357,2.5471400631066246,1.5317488415947844,36,0.15801336259764065,1.3568077289834075,0.5780168779238544
WTICO_USD,1d,S1 Cruce EMA 9/21,Largo,bracket,68,4.731758430177177,48.529411764705884,0.20825687275890337,0.21892096259789454,1.4059666231390682,1.2692629403576992,14.161467347605429,3.816719946609103,11.029411764705882,34,0.412683175332496,1.9931367794927195,1.781556891953757,34,0.003830570185310852,1.0062750436505374,0.016619195777053744
WTICO_USD,1d,S1 Cruce EMA 9/21,Corto,nativa,73,5.079681844160793,24.65753424657534,0.2873155784885625,0.29549919018552423,1.5694504482519787,0.9887693241827907,20.97403722966506,10.867318840841543,21.80821917808219,36,-0.05418751380889549,0.8977780386626762,-0.19174742893484392,37,0.6195888574806837,2.2916399538728194,1.235681652421495
WTICO_USD,1d,S1 Cruce EMA 9/21,Corto,bracket,72,5.01009716136407,33.33333333333333,-0.06459890050777446,-0.05365548377455706,0.8981723702663548,-0.41694327509733525,-4.651120836559762,15.309993364857625,9.819444444444445,36,-0.24885159149305938,0.6360014009211657,-1.2374587342842516,36,0.11965379047751047,1.2044915138059196,0.510160082417269
WTICO_USD,1d,S2 Cruce 9/21 + RSI>50 + EMA200,Largo,nativa,47,3.27048009144599,34.04255319148936,0.2907817245012312,0.29915217289892077,1.6660398677001937,0.9651552540918402,13.666741051557866,8.218537821770635,25.914893617021278,25,0.47232670258370485,2.2049368845973425,1.0339224017368114,22,0.08448061304387458,1.173381162515265,0.218179676429354
WTICO_USD,1d,S2 Cruce 9/21 + RSI>50 + EMA200,Largo,bracket,45,3.1313107258525434,40.0,0.03696072004809134,0.0481151003446532,1.060714437822465,0.1824052570030218,1.6632324021641103,6.632482810169165,9.933333333333334,25,0.23576771056037266,1.449179545137361,0.8411514259899057,20,-0.21154801809226037,0.7035526791404244,-0.7297371339014558
WTICO_USD,1d,S2 Cruce 9/21 + RSI>50 + EMA200,Corto,nativa,30,2.0875404839016958,20.0,-0.13522292675860145,-0.12681082228544135,0.7481118065338836,-0.5670781127362604,-4.056687802758043,6.593714515194025,17.666666666666668,12,-0.19286048783412668,0.6155149418640158,-0.6277311039707385,18,-0.09679788604158464,0.8272464809657577,-0.27858748338452965
WTICO_USD,1d,S2 Cruce 9/21 + RSI>50 + EMA200,Corto,bracket,29,2.0179558011049723,31.03448275862069,-0.09024783295830906,-0.0789419026635807,0.859902972117725,-0.3652049532874695,-2.6171871557909627,8.01417941919572,9.586206896551724,12,-0.1343892180130827,0.7917458130245667,-0.35157510730918473,17,-0.05908920821376304,0.908158370099071,-0.17716070917884064
WTICO_USD,1d,S3 RSI 30/70 contra-tendencia,Largo,nativa,43,2.992141360259097,39.53488372093023,-0.25352753637223047,-0.2464807651631897,0.5835500829933146,-1.7292136396469353,-10.901684064005911,13.273628403606988,8.44186046511628,15,-0.20891151740547997,0.6536500525735475,-0.7877210368874775,28,-0.27742897510441816,0.546524646675118,-1.5569083978373566
WTICO_USD,1d,S3 RSI 30/70 contra-tendencia,Largo,bracket,49,3.409649457039436,24.489795918367346,-0.29223972036637014,-0.28264163570397893,0.6165277000099221,-1.6049982850615017,-14.319746297952138,20.314096754174688,7.775510204081633,16,-0.2571661883314965,0.6594818278353174,-0.7669297658276468,33,-0.30924506923176337,0.5959789339024518,-1.4076981091145326
WTICO_USD,1d,S3 RSI 30/70 contra-tendencia,Corto,nativa,46,3.2008954086492665,52.17391304347826,-0.05055138850721226,-0.0416318656940143,0.8952746136051529,-0.35695344008088353,-2.325363871331764,6.157803998024378,9.195652173913043,24,-0.07264534960175889,0.842653569020599,-0.39396031418016864,22,-0.02644888549497955,0.947691054955397,-0.11926301191247742
WTICO_USD,1d,S3 RSI 30/70 contra-tendencia,Corto,bracket,53,3.687988188226329,28.30188679245283,-0.18910931938951225,-0.1773209245808571,0.7235018922041475,-1.0835157532222013,-10.02279392764415,16.811502258830977,8.773584905660377,27,-0.22830137538137457,0.6667225778711418,-0.9681897818447808,26,-0.14840987662873217,0.7826541945940014,-0.5650810081644347
WTICO_USD,1d,S4 RSI 30/70 a favor de tendencia,Largo,nativa,1,0.06958468279672318,0.0,-1.0122833887178975,-1.0000000000000013,0.0,,-1.0122833887178975,1.0122833887178975,5.0,0,,,,1,-1.0122833887178975,0.0,
WTICO_USD,1d,S4 RSI 30/70 a favor de tendencia,Largo,bracket,1,0.06958468279672318,0.0,-1.0163778516238602,-0.9999999999999986,0.0,,-1.0163778516238602,1.0163778516238602,5.0,0,,,,1,-1.0163778516238602,0.0,
WTICO_USD,1d,S4 RSI 30/70 a favor de tendencia,Corto,nativa,2,0.13916936559344636,50.0,-0.3221028451503918,-0.3152790427518183,0.3597052135362368,-0.4709070613905528,-0.6442056903007836,1.0061079738890575,15.5,1,-1.0061079738890575,0.0,,1,0.361902283588274,inf,
WTICO_USD,1d,S4 RSI 30/70 a favor de tendencia,Corto,bracket,4,0.27833873118689273,0.0,-0.8457125267277416,-0.8361079884952617,0.0,-5.168037838961525,-3.382850106910966,3.382850106910966,8.5,1,-1.00814396518541,0.0,,3,-0.7915687139085187,0.0,-3.6245390497798153
WTICO_USD,1d,S5 RSI(2) extremo + EMA200,Largo,nativa,88,6.123452086111641,60.22727272727273,-0.05239523740481271,-0.044158901088967015,0.8310229008990377,-0.7397289394367503,-4.610780891623518,8.351654350431758,4.568181818181818,49,-0.02454067716992361,0.915857399580072,-0.26250306889993874,39,-0.08739199257172466,0.7377290128609391,-0.7981414732155911
WTICO_USD,1d,S5 RSI(2) extremo + EMA200,Largo,bracket,89,6.193036768908364,41.57303370786517,0.08765313345736664,0.09882470165597307,1.15137337812309,0.6082097902513138,7.80112887770563,8.944719873666186,9.134831460674157,46,0.027826721662874376,1.0475697818076624,0.14277592110044535,43,0.15165348095845138,1.2647923524030462,0.704458275613829
WTICO_USD,1d,S5 RSI(2) extremo + EMA200,Corto,nativa,59,4.1054962850066685,64.40677966101694,0.04322713490043215,0.05078799540967987,1.1976567406090306,0.5673682294614599,2.550400959125497,3.115206192135728,4.677966101694915,19,0.009726067200373388,1.0428109099586296,0.07277713298925174,40,0.05914014205796005,1.275498541101219,0.6305231420465619
WTICO_USD,1d,S5 RSI(2) extremo + EMA200,Corto,bracket,61,4.244665650600115,32.78688524590164,-0.12686678340456892,-0.11691083169805819,0.7891473867988742,-0.8216117880822483,-7.7388737876787035,11.297365483876545,10.147540983606557,20,-0.3529282874641101,0.42261558624147005,-1.6826899654505796,41,-0.016592878985280474,0.9722070196210386,-0.08087785532589997
WTICO_USD,1d,S6 Retroceso a EMA21 en tendencia,Largo,nativa,58,4.035911602209945,31.03448275862069,0.05493955463706297,0.06331029437403787,1.1547654615944296,0.34874385981149886,3.1864941689496527,7.678445047825934,18.79310344827586,27,0.28020677472040834,1.9702837526891142,1.0848808351092383,31,-0.14126092737101195,0.6576668541958706,-0.7538869133078034
WTICO_USD,1d,S6 Retroceso a EMA21 en tendencia,Largo,bracket,72,5.01009716136407,38.88888888888889,-0.0248667879670197,-0.014482066060611976,0.9566111276466628,-0.1681601607715276,-1.7904087336254184,10.43907592606722,11.166666666666666,42,0.0852307154074519,1.1591419457137322,0.4216600468571339,30,-0.17900329269127999,0.7139082065961112,-0.832660112280843
WTICO_USD,1d,S6 Retroceso a EMA21 en tendencia,Corto,nativa,34,2.3658792150885883,14.705882352941178,0.22916832238311935,0.23684883104662044,1.4811367247848926,0.3917373029104196,7.791722961026058,8.197007474465579,15.735294117647058,11,-0.41509647925265886,0.09492024768913312,-3.3165760266442534,23,0.5372949666437087,2.1083733490035867,0.623701756409549
WTICO_USD,1d,S6 Retroceso a EMA21 en tendencia,Corto,bracket,41,2.852971994665651,29.268292682926827,-0.3047311604720238,-0.2950856877063072,0.5762237174611688,-1.6516788234617725,-12.493977579352977,14.472936360827147,8.951219512195122,15,-0.441480093304821,0.4029200411384561,-1.6742129329582465,26,-0.22583754537617928,0.6807343304271981,-0.9016306634599668
WTICO_USD,1d,S7 Impulso RSI 70/30 en tendencia,Largo,nativa,25,1.7396170699180797,24.0,-0.2998354011656701,-0.2908397091275195,0.46068856907356065,-1.3665000439301787,-7.4958850291417525,10.163392085183261,17.08,14,-0.07956350783505985,0.8357026875099579,-0.21914307963451324,11,-0.5801814472228105,0.103561055495178,-3.3235279356358394
WTICO_USD,1d,S7 Impulso RSI 70/30 en tendencia,Largo,bracket,31,2.157125166698419,29.03225806451613,-0.25538826471836557,-0.2433644033734387,0.6324983455982264,-1.1641951280576583,-7.917036206269332,12.833654165587056,8.96774193548387,18,-0.15406197720523554,0.7565313289796306,-0.5176992269673585,13,-0.3956862012750071,0.493350963271061,-1.1911591299340976
WTICO_USD,1d,S7 Impulso RSI 70/30 en tendencia,Corto,nativa,13,0.9046008763574015,38.46153846153847,1.2621701152864941,1.2700458344599128,3.815792556548222,1.4187404577629041,16.408211498724423,3.7312084656023714,29.846153846153847,4,0.32284257645002357,1.787071046467586,0.36489497139242777,9,1.6796490214360362,4.610871556627885,1.3652688968247357
WTICO_USD,1d,S7 Impulso RSI 70/30 en tendencia,Corto,bracket,23,1.6004477043246332,47.82608695652174,0.5175898866176901,0.5270909273333307,1.9827196091736385,1.320220826629046,11.904567392206872,4.045350719306529,9.478260869565217,7,0.17208326828879597,1.298642170198556,0.3050048645894774,16,0.6687490321365812,2.324195216391127,1.3031731113196934
