inst,thr,trend,exit,stop,trades,per_year,win,avgR,avgR_gross,PF,t,totR,maxDD_R,bars,IS_avgR,OOS_avgR
NAS100_USD,5,EMA 200,cierre > EMA 5,2 ATR,73,5.070022818026241,68.4931506849315,0.046841746010914176,0.05778774948498867,1.1573368398675863,0.5465261622081,3.4194474587967347,5.232034939366856,3.589041095890411,0.07293232074448819,0.02647837060910031
NAS100_USD,5,EMA 200,cierre > EMA 5,3 ATR,65,4.514403879064461,72.3076923076923,0.0033620270392818,0.01083469577582461,1.0157555224220105,0.049597436020221486,0.218531757553317,3.287140988288484,4.1692307692307695,-0.023755782753165887,0.02520692937208688
NAS100_USD,5,EMA 200,cierre > EMA 5,sin stop,63,4.375499144324016,71.42857142857143,0.001972222523195837,0.0024304424292914363,1.187245455805184,0.5312331472356611,0.12425001896133774,0.17569778385692386,5.301587301587301,0.00031529800789359907,0.0033854816686006875
NAS100_USD,5,EMA 200,RSI(2) > 70,2 ATR,72,5.000570450656019,68.05555555555556,0.09079247000902299,0.10177655356158402,1.3066860764298134,1.0019464456982252,6.537057840649656,5.647132986810409,4.402777777777778,0.1260715836635989,0.0625691790853623
NAS100_USD,5,EMA 200,RSI(2) > 70,3 ATR,64,4.444951511694239,71.875,0.03129203101846395,0.0387959993933585,1.1404349364245192,0.4243240670545921,2.002689985181693,2.9796998528518497,4.890625,0.008735142509308267,0.04998202435462151
NAS100_USD,5,EMA 200,RSI(2) > 70,sin stop,62,4.306046776953794,70.96774193548387,0.004802671180090983,0.005262988673173255,1.4845628209319268,1.240963089563368,0.29776561316564093,0.14255409518948056,6.354838709677419,0.003416689044541909,0.006020655481028047
NAS100_USD,5,EMA 100,cierre > EMA 5,2 ATR,51,3.5420707358813464,68.62745098039215,0.03167205613307362,0.04331817776140543,1.1101920617929757,0.32144816461556525,1.6152748627867546,6.6239859734606235,3.6862745098039214,0.17687398182749225,-0.07848112887648535
NAS100_USD,5,EMA 100,cierre > EMA 5,3 ATR,47,3.2642612664004567,76.59574468085107,0.05202360767687305,0.0599907271014536,1.3150621375267697,0.7280082418540561,2.4451095608130333,3.182488058254418,4.297872340425532,0.1137154048592296,0.0021956176449696974
NAS100_USD,5,EMA 100,cierre > EMA 5,sin stop,46,3.194808899030234,76.08695652173914,0.006392441787344636,0.006876915557417278,1.9570607026888964,1.9069465352590018,0.29405232221785327,0.10916587808852951,4.8478260869565215,0.009141918025350313,0.004082881747419865
NAS100_USD,5,EMA 100,RSI(2) > 70,2 ATR,51,3.5420707358813464,72.54901960784314,0.09532828374678382,0.10697440537511561,1.3445590963449148,0.9230284587821964,4.861742471085974,6.623985973460624,4.254901960784314,0.22872108166492433,-0.005866252604908993
NAS100_USD,5,EMA 100,RSI(2) > 70,3 ATR,47,3.2642612664004567,80.85106382978722,0.0834499575934797,0.0914170770180603,1.4840376128470205,1.0743597145755055,3.9221480068935457,3.790116160204788,4.872340425531915,0.1461334496265505,0.03282098325907638
NAS100_USD,5,EMA 100,RSI(2) > 70,sin stop,46,3.194808899030234,80.43478260869566,0.00931734553261086,0.009801819302683501,2.5538349601724715,2.7041068177485688,0.4285978945000995,0.1323252497710694,5.782608695652174,0.011699538572194843,0.0073163033793603085
NAS100_USD,5,sin filtro,cierre > EMA 5,2 ATR,115,7.987022247575585,68.69565217391305,0.09669482653614818,0.10702403347609635,1.3377137327690352,1.383506511859244,11.11990505165704,4.201093980784998,3.739130434782609,0.11782227007555143,0.07109811609417888
NAS100_USD,5,sin filtro,cierre > EMA 5,3 ATR,102,7.084141471762693,73.52941176470588,0.06754706456888558,0.07453790294876268,1.3450392226027663,1.226565665090942,6.88980058602633,3.570120418405378,4.362745098039215,0.07907067688798532,0.05295048896469263
NAS100_USD,5,sin filtro,cierre > EMA 5,sin stop,88,6.111808328579579,71.5909090909091,0.004627507816874856,0.005065673858001458,1.5123965726181035,1.5654918366060326,0.4072206878849874,0.17876413688251236,5.193181818181818,0.00584330933861877,0.0030277689724749696
NAS100_USD,5,sin filtro,RSI(2) > 70,2 ATR,114,7.917569880205363,68.42105263157895,0.14550333516307645,0.15585118218299746,1.5102417238499564,1.9546428599484436,16.587380208590716,3.7399322776300483,4.421052631578948,0.179995287946866,0.1028956287831012
NAS100_USD,5,sin filtro,RSI(2) > 70,3 ATR,101,7.01468910439247,73.26732673267327,0.09758101127684342,0.10458691249333284,1.4741795164974096,1.6217382455874656,9.855682138961186,3.2626792829687457,5.02970297029703,0.11545778997468747,0.07442245705463636
NAS100_USD,5,sin filtro,RSI(2) > 70,sin stop,87,6.042355961209355,71.26436781609196,0.007562749723850294,0.008002180092887296,1.8886062314934826,2.409961401976454,0.6579592259749756,0.14255409518948056,6.126436781609195,0.009118297956031392,0.005460657518200156
NAS100_USD,10,EMA 200,cierre > EMA 5,2 ATR,142,9.862236166571591,72.53521126760563,0.14909984465920204,0.1608625689005506,1.6472258824072101,2.607913351175045,21.172177941606687,4.400391752947648,3.683098591549296,0.1011177326118204,0.18523452163315612
NAS100_USD,10,EMA 200,cierre > EMA 5,3 ATR,130,9.028807758128922,73.84615384615385,0.09727881284158828,0.10520860707327535,1.6613470275365874,2.3304775830959827,12.646245669406476,2.5147778978349127,4.184615384615385,0.06178809718789002,0.12330533765430034
NAS100_USD,10,EMA 200,cierre > EMA 5,sin stop,125,8.68154592127781,72.8,0.006800139619859997,0.007285724579051048,1.9662910509635738,2.9767613841767577,0.8500174524824996,0.13905115742531227,4.864,0.003708779137259641,0.009229065713331704
NAS100_USD,10,EMA 200,RSI(2) > 70,2 ATR,140,9.723331431831147,70.71428571428572,0.16272945244298168,0.17455185441564847,1.6315473614165321,2.5694238336608564,22.782123342017435,5.336702095255454,4.371428571428571,0.1397375123503099,0.1804827226411206
NAS100_USD,10,EMA 200,RSI(2) > 70,3 ATR,126,8.750998288648033,73.01587301587301,0.11161184619150187,0.11961112421789805,1.6868025394075763,2.383002072595578,14.063092620129236,3.1621709346709146,5.023809523809524,0.09753164867148974,0.12217199433151096
NAS100_USD,10,EMA 200,RSI(2) > 70,sin stop,121,8.40373645179692,71.900826446281,0.008781674826776446,0.009271924965382042,2.242348658302739,3.572425934417641,1.06258265403995,0.12787670920306982,5.892561983471074,0.00651421754850005,0.010609177707775334
NAS100_USD,10,EMA 100,cierre > EMA 5,2 ATR,107,7.431403308613805,71.02803738317756,0.12093449263112972,0.1332809354904743,1.5052228315416392,1.8357776795870695,12.93999071153088,6.307389989346438,3.7009345794392523,0.10847582729974051,0.129635782703846
NAS100_USD,10,EMA 100,cierre > EMA 5,3 ATR,101,7.01468910439247,74.25742574257426,0.10509479226524714,0.11339581559638383,1.7725378821209576,2.313654664080077,10.61457401878996,3.186329058787125,4.227722772277228,0.10715305198375895,0.10362959043173023
NAS100_USD,10,EMA 100,cierre > EMA 5,sin stop,99,6.875784369652026,73.73737373737373,0.00865981086858541,0.009162341431638141,2.547929425182842,3.796081563077025,0.8573212759899557,0.10692504807805864,4.636363636363637,0.006701612023083236,0.010102694228429115
NAS100_USD,10,EMA 100,RSI(2) > 70,2 ATR,106,7.361950941243583,68.86792452830188,0.12067752843781865,0.1330762162711894,1.441496820339817,1.6497686696699088,12.791818014408777,6.477343125343195,4.30188679245283,0.11691550014422733,0.12334735496875443
NAS100_USD,10,EMA 100,RSI(2) > 70,3 ATR,99,6.875784369652026,73.73737373737373,0.11430956023648069,0.1226272439086993,1.747827907381923,2.234577875037587,11.316646463411589,3.5337425549484927,5.0606060606060606,0.12217408657614486,0.10875015368602846
NAS100_USD,10,EMA 100,RSI(2) > 70,sin stop,97,6.73687963491158,73.19587628865979,0.010299410696912566,0.010803053638855975,2.8786180403490276,4.297600470760952,0.9990428376005189,0.112296923098258,5.721649484536083,0.008479837586387132,0.011631598152832974
NAS100_USD,10,sin filtro,cierre > EMA 5,2 ATR,203,14.098830576155164,70.93596059113301,0.14765462586743178,0.1584773756718843,1.636043203585671,3.049466453457488,29.97388905108865,3.4986998499600888,3.812807881773399,0.10940161662781071,0.18705522538424152
NAS100_USD,10,sin filtro,cierre > EMA 5,3 ATR,183,12.709783228750714,73.224043715847,0.10088634988536076,0.10818602887318858,1.6556610246303,2.7477975171103766,18.462202029021018,3.274997520497477,4.284153005464481,0.08028116353080876,0.12264913097893249
NAS100_USD,10,sin filtro,cierre > EMA 5,sin stop,164,11.390188248716486,71.95121951219512,0.007161898296286413,0.0076145269476898215,2.0929661514023468,3.7511002377087355,1.1745513205909717,0.1343739916733159,4.890243902439025,0.005658517561083521,0.008779459846821172
NAS100_USD,10,sin filtro,RSI(2) > 70,2 ATR,199,13.821021106674273,69.84924623115577,0.16598695832362004,0.17686650535677295,1.6546905164477774,3.1273927889773745,33.03140470640039,4.609532115510419,4.5125628140703515,0.1401960184314849,0.19256741678388173
NAS100_USD,10,sin filtro,RSI(2) > 70,3 ATR,177,12.293069024529379,72.31638418079096,0.11427357377348564,0.12162761433604813,1.6774548957346178,2.798530474025715,20.226422557906957,2.9097357379051907,5.135593220338983,0.1043830489785583,0.1247391290797459
NAS100_USD,10,sin filtro,RSI(2) > 70,sin stop,158,10.973474044495152,70.88607594936708,0.008922797796515341,0.009379636621314223,2.349608311598128,4.3200222725231665,1.4098020518494239,0.12718180168123921,5.936708860759493,0.007747618286893706,0.01019075463584395
NAS100_USD,15,EMA 200,cierre > EMA 5,2 ATR,206,14.30718767826583,73.7864077669903,0.13453221631849518,0.14670048134283512,1.646823551168668,3.073475445147629,27.71363656161001,3.7368250167443797,3.650485436893204,0.08937613739087107,0.17097396422499886
NAS100_USD,15,EMA 200,cierre > EMA 5,3 ATR,194,13.47375926982316,75.25773195876289,0.09201748867743367,0.10014564660684264,1.6700925544727148,2.8413981636401333,17.851392803422133,3.078928812200912,4.0,0.06185492321158985,0.11553875532511004
NAS100_USD,15,EMA 200,cierre > EMA 5,sin stop,183,12.709783228750714,74.31693989071039,0.006204617598850507,0.006702712932744837,1.9299643790377885,3.377833311962566,1.135445020589643,0.15687005351184902,4.633879781420765,0.003001292927270731,0.008805336639142998
NAS100_USD,15,EMA 200,RSI(2) > 70,2 ATR,196,13.612664004563607,70.91836734693877,0.15148589614431512,0.16372032291434577,1.6568501456756324,3.0696910929723757,29.691235644285765,3.825965926535119,4.464285714285714,0.1168087138939348,0.17974137797795842
NAS100_USD,15,EMA 200,RSI(2) > 70,3 ATR,181,12.57087849401027,72.92817679558011,0.10270666942363312,0.11091085107897795,1.6688492715525858,2.772319304975949,18.589907165677594,2.8195461140957807,4.933701657458563,0.08683260554492803,0.11528018536716195
NAS100_USD,15,EMA 200,RSI(2) > 70,sin stop,170,11.806902452937821,71.76470588235294,0.007696950385198418,0.008200698035677164,2.1080046135651362,3.764156905786621,1.308481565483731,0.16433833548661295,5.770588235294118,0.00495385934851696,0.009968111781160487
NAS100_USD,15,EMA 100,cierre > EMA 5,2 ATR,167,11.598545350827154,72.45508982035929,0.11878547975441665,0.13157853753958648,1.560228724203212,2.451040618761957,19.83717511898758,5.76657809441728,3.622754491017964,0.08392536118037183,0.14520578014737695
NAS100_USD,15,EMA 100,cierre > EMA 5,3 ATR,157,10.904021677124929,73.88535031847134,0.07434801313989209,0.0829067595774829,1.51398212049064,2.0457322356537158,11.672638062963058,3.985382363335198,3.961783439490446,0.04902942010885019,0.09319629906300106
NAS100_USD,15,EMA 100,cierre > EMA 5,sin stop,153,10.62621220764404,73.8562091503268,0.006351437289051092,0.006869525117084757,1.9582692725276345,3.115812659549138,0.971769905224817,0.1832768939406516,4.542483660130719,0.0024773060243309013,0.009290433420907787
NAS100_USD,15,EMA 100,RSI(2) > 70,2 ATR,159,11.042926411865375,70.44025157232704,0.1299921903913297,0.14285674675080545,1.5492011128779932,2.379935219990981,20.66875827222142,5.141502197609807,4.339622641509434,0.09522738041068987,0.15664521137648685
NAS100_USD,15,EMA 100,RSI(2) > 70,3 ATR,147,10.209498003422704,72.10884353741497,0.08260501098238332,0.09121780071255943,1.5090372060213304,1.9879329225896567,12.142936614410349,3.801577642930411,4.836734693877551,0.0657507618098299,0.09524569786179841
NAS100_USD,15,EMA 100,RSI(2) > 70,sin stop,143,9.931688533941815,72.02797202797203,0.007714709257351771,0.008236449478800712,2.133212766084099,3.455289827561601,1.1032034238013033,0.18722507414589656,5.678321678321678,0.003871619422598535,0.010656333575311037
NAS100_USD,15,sin filtro,cierre > EMA 5,2 ATR,284,19.724472333143183,71.47887323943662,0.12513937170274408,0.13658398810428668,1.5635316115954436,3.223578720952158,35.53958156357932,5.0492514417249446,3.7464788732394365,0.08650930965061507,0.16717796864182569
NAS100_USD,15,sin filtro,cierre > EMA 5,3 ATR,264,18.335424985738733,74.62121212121212,0.09439535939190313,0.10211235300724772,1.6612002234122303,3.2635747944390183,24.92037487946243,3.3828209959584186,4.125,0.07705966826820031,0.1133820687178634
NAS100_USD,15,sin filtro,cierre > EMA 5,sin stop,234,16.251853964632062,73.93162393162393,0.006592465912588995,0.007069694678482416,2.035789611026129,4.171507140267374,1.5426370235458249,0.1678779991097148,4.688034188034188,0.005176911479723671,0.008161053257115435
NAS100_USD,15,sin filtro,RSI(2) > 70,2 ATR,269,18.682686822589847,69.88847583643123,0.13963347650910274,0.1511141462567585,1.5642043455829742,3.189249415867605,37.56140518094864,5.370156852133991,4.4981412639405205,0.10575472900423187,0.17585767576431088
NAS100_USD,15,sin filtro,RSI(2) > 70,3 ATR,244,16.946377638334287,73.36065573770492,0.10564397917233319,0.11344802074443834,1.6563394869603425,3.1900422955304375,25.7771309180493,3.0214709564566213,5.057377049180328,0.0962275353281218,0.11586524727673361
NAS100_USD,15,sin filtro,RSI(2) > 70,sin stop,214,14.86280661722761,71.96261682242991,0.007865860261427441,0.008350372041649972,2.1445030692102964,4.381320941222889,1.6832940959454725,0.16433833548661295,5.836448598130841,0.006646831219247406,0.009204401954801596
NAS100_USD,20,EMA 200,cierre > EMA 5,2 ATR,253,17.571448944666287,71.14624505928853,0.09999426174719352,0.11227920067985087,1.485366085069525,2.6249456006606073,25.29854822203996,4.698077833943181,3.5533596837944663,0.043411167395371354,0.14714684037371198
NAS100_USD,20,EMA 200,cierre > EMA 5,3 ATR,234,16.251853964632062,72.64957264957265,0.07279700240764164,0.08098484319729618,1.5683063227883651,2.6346938076818693,17.034498563388144,2.5473987490623426,3.927350427350427,0.028703289595397988,0.1080719726574366
NAS100_USD,20,EMA 200,cierre > EMA 5,sin stop,221,15.348973188819167,71.94570135746606,0.004675268667936937,0.005175115657477074,1.6996099019330324,2.8124487539297363,1.0332343756140632,0.20895731124595485,4.493212669683258,0.001291071968813361,0.0073716205095150705
NAS100_USD,20,EMA 200,RSI(2) > 70,2 ATR,239,16.599115801483173,69.0376569037657,0.1237206365453752,0.1360425131548528,1.5202591566634696,2.789912748967738,29.569232134344674,4.635568472153687,4.384937238493724,0.08807862100457797,0.15411305289799296
NAS100_USD,20,EMA 200,RSI(2) > 70,3 ATR,215,14.932258984597834,70.69767441860465,0.09247932409356281,0.10072904144280768,1.64405475757124,2.8624714244765874,19.883054680116004,2.4981757262652646,4.967441860465116,0.0698543438459409,0.11143016224969059
NAS100_USD,20,EMA 200,RSI(2) > 70,sin stop,202,14.02937820878494,70.29702970297029,0.0065933403164377055,0.007097945533303446,1.9513831316480135,3.5100675924364277,1.3318547439204165,0.20545563698222177,5.707920792079208,0.0042566975973284465,0.008547623317874542
NAS100_USD,20,EMA 100,cierre > EMA 5,2 ATR,213,14.793354249857389,69.95305164319248,0.08122237630788719,0.09396655653619458,1.386710129112101,1.9760744455703332,17.300366153579972,5.34660326312008,3.5586854460093895,0.03744793824308149,0.11514756580811164
NAS100_USD,20,EMA 100,cierre > EMA 5,3 ATR,200,13.890473474044496,71.5,0.05395299326257786,0.062444012274543714,1.3898470958933198,1.7617532401916285,10.790598652515571,4.000781116391517,3.9,0.027886884857411576,0.07321924730117903
NAS100_USD,20,EMA 100,cierre > EMA 5,sin stop,196,13.612664004563607,71.42857142857143,0.004350061283430713,0.004863001458893141,1.6185272057551265,2.3825183153184546,0.8526120115524197,0.22723881532287915,4.479591836734694,0.001775985908204274,0.006280617814850543
NAS100_USD,20,EMA 100,RSI(2) > 70,2 ATR,202,14.02937820878494,67.82178217821783,0.09205356818415264,0.10483249473144374,1.3746027647910923,1.926860315478055,18.594820773198833,5.17821901490132,4.292079207920792,0.04863760504979856,0.12624844180324565
NAS100_USD,20,EMA 100,RSI(2) > 70,3 ATR,185,12.848687963491159,69.1891891891892,0.06524503592943542,0.07377677097136247,1.4182192601373402,1.8392331041219152,12.070331646945554,3.425535568019604,4.832432432432433,0.04670125544704167,0.07937363058268782
NAS100_USD,20,EMA 100,RSI(2) > 70,sin stop,181,12.57087849401027,69.61325966850829,0.005864118401819302,0.006379843844981928,1.8092121770200438,2.8974051457490755,1.0614054307292937,0.19701381628132822,5.657458563535911,0.0036137746967082746,0.007607031663620981
NAS100_USD,20,sin filtro,cierre > EMA 5,2 ATR,342,23.75270964061609,70.76023391812866,0.10117061400711148,0.11265803106582861,1.469092368879582,2.987223451578534,34.60034999043213,6.346722956954278,3.675438596491228,0.05729722526991099,0.14823479465247197
NAS100_USD,20,sin filtro,cierre > EMA 5,3 ATR,314,21.808043354249858,72.61146496815286,0.06954772257549668,0.07725909745856802,1.4978876444799412,2.7563951212424573,21.83798488870596,4.887191339777539,4.047770700636943,0.04515469628304866,0.09521620122310541
NAS100_USD,20,sin filtro,cierre > EMA 5,sin stop,280,19.446662863662294,72.85714285714285,0.005072863645816418,0.005549262167914496,1.7698439221856805,3.4992500667601565,1.4204018208285971,0.22223057968322069,4.567857142857143,0.0033032639732902703,0.006946557416726458
NAS100_USD,20,sin filtro,RSI(2) > 70,2 ATR,321,22.294209925841415,69.47040498442367,0.11724669570487271,0.12875813528949737,1.4743083177152625,3.0065202242453264,37.63618932126414,6.526277448527939,4.473520249221184,0.08013760858309414,0.15649669169906152
NAS100_USD,20,sin filtro,RSI(2) > 70,3 ATR,286,19.86337706788363,71.32867132867133,0.08374957976501003,0.09153457545775348,1.5309414963591585,2.860260149198244,23.95237981279287,4.049312248225906,5.06993006993007,0.06816362333766363,0.10023256965580085
NAS100_USD,20,sin filtro,RSI(2) > 70,sin stop,252,17.501996577296065,71.42857142857143,0.006481034084288962,0.006963969836185293,1.911628551446012,3.898237719512116,1.6332205892408185,0.24700964161736996,5.813492063492063,0.005020278589797936,0.008037576824320386
NAS100_USD,25,EMA 200,cierre > EMA 5,2 ATR,316,21.946948088990304,72.15189873417721,0.09622746841133058,0.10844270825642952,1.4773532211820708,2.8896379927359606,30.40788001798046,5.243399782342792,3.4240506329113924,0.08897193024079139,0.10270097252756012
NAS100_USD,25,EMA 200,cierre > EMA 5,3 ATR,296,20.557900741585854,73.64864864864865,0.06598573099334473,0.07414551385791486,1.4923662892192149,2.640973073427046,19.53177637403004,3.1661515654858725,3.777027027027027,0.05508700704149826,0.07563491971504321
NAS100_USD,25,EMA 200,cierre > EMA 5,sin stop,277,19.238305761551626,72.92418772563177,0.004361449560988916,0.00485797936371725,1.6357267852189559,2.916579251640824,1.2081215283939297,0.20886002881922405,4.350180505415162,0.002983075464832658,0.005580419850106694
NAS100_USD,25,EMA 200,RSI(2) > 70,2 ATR,289,20.071734169994297,68.5121107266436,0.10644562728679001,0.11866720895180242,1.4312600551632944,2.6464142855259354,30.762786285882314,5.4272829294332965,4.280276816608996,0.11711782136046324,0.09682661025986085
NAS100_USD,25,EMA 200,RSI(2) > 70,3 ATR,260,18.057615516257844,69.61538461538461,0.0767081709364963,0.0848862615907245,1.4862020510288063,2.5405532971901983,19.944124443489038,3.0402797403432764,4.888461538461539,0.08168416836964058,0.0721712321003942
NAS100_USD,25,EMA 200,RSI(2) > 70,sin stop,241,16.73802053622362,69.29460580912863,0.0056563085841211365,0.006155060558755753,1.7469890300931625,3.2388949711417037,1.363170368773194,0.1687537485989712,5.668049792531121,0.004930922183472527,0.006318367600586138
NAS100_USD,25,EMA 100,cierre > EMA 5,2 ATR,272,18.891043924700515,71.32352941176471,0.08367468680232612,0.09639161006965817,1.4050077378687829,2.331573333048991,22.759514810232705,5.307638599914082,3.386029411764706,0.06957080674701611,0.09566778208745368
NAS100_USD,25,EMA 100,cierre > EMA 5,3 ATR,254,17.640901312036508,72.44094488188976,0.05013560592586441,0.05865873734468982,1.357398679090163,1.8523267719115988,12.734443905169561,4.170629548922367,3.7440944881889764,0.04366157768637598,0.05557754270688368
NAS100_USD,25,EMA 100,cierre > EMA 5,sin stop,247,17.15473474044495,72.46963562753037,0.004107919224593138,0.004623023374226308,1.579242452664313,2.5318459691562563,1.014656048474505,0.23714723392394887,4.303643724696356,0.0028175509447151406,0.005213949178774277
NAS100_USD,25,EMA 100,RSI(2) > 70,2 ATR,250,17.36309184255562,67.60000000000001,0.07945239988172241,0.09214135452295506,1.3100018414831733,1.8415744207558657,19.863099970430603,4.36778343159332,4.176,0.0690520273880292,0.08845570741357624
NAS100_USD,25,EMA 100,RSI(2) > 70,3 ATR,224,15.557330290929835,67.85714285714286,0.05086863530797,0.05937665400937074,1.305435531610431,1.5635775795911573,11.39457430898528,3.716282924342851,4.808035714285714,0.050885014180917856,0.05085444028474854
NAS100_USD,25,EMA 100,RSI(2) > 70,sin stop,217,15.071163719338278,68.66359447004609,0.004954052765646325,0.005468734671099412,1.636594063970052,2.6641792295216873,1.0750294501452524,0.191480755033399,5.622119815668203,0.0038514894641584626,0.0059319784765312095
NAS100_USD,25,sin filtro,cierre > EMA 5,2 ATR,414,28.753280091272106,71.49758454106279,0.09311814901278756,0.10463960153932317,1.4422050070507144,3.1053974330555705,38.55091369129405,5.003801175919781,3.5483091787439616,0.07079097655931564,0.11747506441657511
NAS100_USD,25,sin filtro,cierre > EMA 5,3 ATR,383,26.60025670279521,73.36814621409921,0.06705527120972708,0.07477797098123834,1.4857701428231658,2.976042718863374,25.682168873325473,4.096071273598007,3.8746736292428197,0.05702801900194093,0.07778714114022253
NAS100_USD,25,sin filtro,cierre > EMA 5,sin stop,340,23.613804905875643,73.23529411764706,0.004651920932756581,0.005128216823090587,1.6980992682094835,3.534983391510582,1.5816531171372374,0.1824546289286737,4.367647058823529,0.003814144535728033,0.005561653584744637
NAS100_USD,25,sin filtro,RSI(2) > 70,2 ATR,380,26.391899600684543,68.6842105263158,0.09981775321013622,0.111331110512596,1.3915098789435536,2.7987350287474793,37.93074621985176,6.031137778250386,4.371052631578947,0.08350428157121516,0.11756537620192946
NAS100_USD,25,sin filtro,RSI(2) > 70,3 ATR,338,23.474900171135197,70.11834319526628,0.07591360102580154,0.08364823411976029,1.4646282601474638,2.8074389453310324,25.658797146720918,3.864422286161531,4.964497041420119,0.0748454885655701,0.07706034753218499
NAS100_USD,25,sin filtro,RSI(2) > 70,sin stop,294,20.418996006845408,69.72789115646259,0.00568836994364396,0.0061684101432185464,1.7508959564922995,3.656073681901258,1.6723807634313244,0.17414201429392517,5.724489795918367,0.005115055550310736,0.006319015776310507
SPX500_USD,5,EMA 200,cierre > EMA 5,2 ATR,62,4.306046776953794,72.58064516129032,0.141889077469431,0.15568122646014365,1.567638821388865,1.5664178564646136,8.797122803104722,4.87155275588931,3.4838709677419355,0.3737680881641352,-0.04907010780856075
SPX500_USD,5,EMA 200,cierre > EMA 5,3 ATR,62,4.306046776953794,75.80645161290323,0.091998592983853,0.10117425317834694,1.488623262796825,1.2958178568455079,5.703912764998886,3.2299252283446727,3.7903225806451615,0.2134644397284711,-0.008032104335244294
SPX500_USD,5,EMA 200,cierre > EMA 5,sin stop,57,3.9587849401026816,75.43859649122807,0.007319909162085018,0.00789028563839978,1.8260836420172841,1.7154390969391338,0.417234822238846,0.16472481798648625,4.578947368421052,0.012283196758264598,0.0025277694140495607
SPX500_USD,5,EMA 200,RSI(2) > 70,2 ATR,61,4.236594409583572,75.40983606557377,0.25144174560081917,0.26516065201649924,2.0116492530338723,2.523328273652175,15.33794648164997,4.111807763032319,4.180327868852459,0.5293307660058637,0.03076517057328377
SPX500_USD,5,EMA 200,RSI(2) > 70,3 ATR,61,4.236594409583572,78.68852459016394,0.1664425284336652,0.17556904703497933,1.8867896219008642,2.1732713031242525,10.152994234453576,2.6348962160154876,4.508196721311475,0.3158501403002055,0.04779530724553028
SPX500_USD,5,EMA 200,RSI(2) > 70,sin stop,56,3.889332572732459,78.57142857142857,0.01305006397566864,0.013617582927583523,2.66211395005157,3.078833599826326,0.7308035826374438,0.13372530787227643,5.517857142857143,0.019835162911433963,0.006732902897542301
SPX500_USD,5,EMA 100,cierre > EMA 5,2 ATR,46,3.194808899030234,71.73913043478261,0.11291422763185831,0.12762887772352044,1.4530155542031764,1.1229338645208555,5.194054471065482,4.0549255300697284,3.4782608695652173,0.302279691424214,-0.046152761953720464
SPX500_USD,5,EMA 100,cierre > EMA 5,3 ATR,45,3.1253565316600116,71.11111111111111,0.021060521301676183,0.030924483730652423,1.0980892303053897,0.2549300290604342,0.9477234585754282,3.1434160469981385,3.7111111111111112,0.1697737625367776,-0.10906356477903752
SPX500_USD,5,EMA 100,cierre > EMA 5,sin stop,45,3.1253565316600116,71.11111111111111,0.005802152460171196,0.006393990205909771,1.6953727345339458,1.4314195781252075,0.2610968607077038,0.15371773364113694,4.533333333333333,0.012777636433748593,-0.0003013960167090272
SPX500_USD,5,EMA 100,RSI(2) > 70,2 ATR,45,3.1253565316600116,75.55555555555556,0.2150946757812854,0.2297305415179246,1.8697260057687812,1.9247308433167156,9.679260410157843,4.0549255300697284,4.2444444444444445,0.4562214839376919,0.022193229256160095
SPX500_USD,5,EMA 100,RSI(2) > 70,3 ATR,44,3.0559041642897893,75.0,0.08949683525690154,0.09930831280066216,1.4172536193007548,0.9877166064423153,3.937860751303668,2.9408306221959553,4.5,0.27081432262512795,-0.061601070883287125
SPX500_USD,5,EMA 100,RSI(2) > 70,sin stop,44,3.0559041642897893,75.0,0.010532084164472407,0.011120772817098043,2.366535763528444,2.436705466342616,0.4634117032367859,0.13372530787227627,5.5,0.01944631620029705,0.003103557467951868
SPX500_USD,5,sin filtro,cierre > EMA 5,2 ATR,107,7.431403308613805,70.09345794392523,0.12095328656997549,0.13276682289159042,1.4369312632630806,1.6515333596133628,12.942001662987378,4.135392614082698,3.7850467289719627,0.20786963817924833,0.018072707114101527
SPX500_USD,5,sin filtro,cierre > EMA 5,3 ATR,100,6.945236737022248,74.0,0.07408530006081596,0.08205639080000035,1.3666465583784422,1.2851685807328603,7.4085300060815955,2.404054803346117,4.12,0.14630311816555822,-0.010692138583881424
SPX500_USD,5,sin filtro,cierre > EMA 5,sin stop,85,5.903451226468911,71.76470588235294,0.005333465696059557,0.005842538857531791,1.572604980403797,1.6038961834777976,0.45334458416506235,0.17772541997290758,5.047058823529412,0.009538488547566065,-0.00039003762960208047
SPX500_USD,5,sin filtro,RSI(2) > 70,2 ATR,106,7.361950941243583,70.75471698113208,0.19115645938453216,0.20290918051986329,1.6871279193421118,2.442937965885128,20.26258469476041,4.135392614082698,4.349056603773585,0.283611319900482,0.08360692776393747
SPX500_USD,5,sin filtro,RSI(2) > 70,3 ATR,99,6.875784369652026,75.75757575757575,0.12576986017735348,0.13369850438482797,1.6257513500292906,2.062579166929589,12.451216157557994,2.1085090068072443,4.777777777777778,0.20222291076070348,0.03768264972262416
SPX500_USD,5,sin filtro,RSI(2) > 70,sin stop,83,5.764546491728466,73.49397590361446,0.00844062984809728,0.008949575451469353,1.8741470122244042,2.341811797686005,0.7005722773920742,0.15001005999126127,5.9397590361445785,0.012293420837137517,0.0034105971679614117
SPX500_USD,10,EMA 200,cierre > EMA 5,2 ATR,126,8.750998288648033,74.60317460317461,0.10643770671731059,0.12024691962063441,1.4513646274665655,1.8043216655550856,13.411151046381134,6.6284614962240465,3.3174603174603177,0.1725067138850089,0.06001083681568478
SPX500_USD,10,EMA 200,cierre > EMA 5,3 ATR,118,8.195379349686252,79.66101694915254,0.10050865202804438,0.10982850858238762,1.722508418847836,2.3392995708851902,11.860020939309237,2.765826514295263,3.7542372881355934,0.12023665854499493,0.08649890826963026
SPX500_USD,10,EMA 200,cierre > EMA 5,sin stop,111,7.709212778094695,79.27927927927928,0.0060151242970980495,0.0065831783850828635,1.7419052113252516,2.130689324516984,0.6676787969778835,0.17237505720911261,4.306306306306307,0.0052753391629400265,0.006578770113599402
SPX500_USD,10,EMA 200,RSI(2) > 70,2 ATR,125,8.68154592127781,72.8,0.1435364352508068,0.15731004228881562,1.5369429328173514,2.1729896336795815,17.942054406350852,6.740868609634969,4.136,0.285099935647381,0.045972401193708406
SPX500_USD,10,EMA 200,RSI(2) > 70,3 ATR,117,8.125926982316031,79.48717948717949,0.13590887631759577,0.14520234767683457,1.894229059298018,2.8793735266765985,15.901338529158703,2.9902065354715432,4.700854700854701,0.2016496565329177,0.09017615964606746
SPX500_USD,10,EMA 200,RSI(2) > 70,sin stop,108,7.5008556759840275,78.70370370370371,0.009176515341858815,0.009746534488295808,2.1822891000458817,3.248855797336603,0.991063656920752,0.1484765903251546,5.518518518518518,0.011290981320244647,0.007547336637200879
SPX500_USD,10,EMA 100,cierre > EMA 5,2 ATR,97,6.73687963491158,73.19587628865979,0.08709436483073425,0.10179117127351983,1.3860720827669069,1.365740261324195,8.448153388581222,5.924220541009143,3.288659793814433,0.17310828344209228,0.021411008800242708
SPX500_USD,10,EMA 100,cierre > EMA 5,3 ATR,92,6.389617798060468,76.08695652173914,0.05491394477735215,0.0648381700425672,1.3553572807369865,1.1324584202854602,5.052082919516398,3.358770047379376,3.652173913043478,0.09040436696921206,0.026382428897621647
SPX500_USD,10,EMA 100,cierre > EMA 5,sin stop,91,6.3201654306902455,75.82417582417582,0.004342093957997293,0.004937604374527689,1.5217282206123497,1.4888539731770176,0.3951305501777536,0.18960296831486956,4.263736263736264,0.004827220921977479,0.003944289847533538
SPX500_USD,10,EMA 100,RSI(2) > 70,2 ATR,96,6.667427267541358,70.83333333333334,0.10603362672629661,0.12069331713132271,1.3981474434176067,1.460919579048855,10.179228165724474,6.453280780794907,4.25,0.2789932673966646,-0.022899923591614097
SPX500_USD,10,EMA 100,RSI(2) > 70,3 ATR,91,6.3201654306902455,75.82417582417582,0.08063824450412034,0.09053775469116784,1.4712466414743592,1.4998690852217493,7.338080249874951,3.7114768739032122,4.769230769230769,0.16985321831225095,0.010665716027155174
SPX500_USD,10,EMA 100,RSI(2) > 70,sin stop,90,6.250713063320023,75.55555555555556,0.00718809942206293,0.007782111089413579,1.8935554268762411,2.4342710631519013,0.6469289479856637,0.18024480164682544,5.588888888888889,0.010448498585754654,0.004579780091109553
SPX500_USD,10,sin filtro,cierre > EMA 5,2 ATR,204,14.168282943525385,70.09803921568627,0.09114905809480792,0.10284427108528066,1.3418165249395302,1.8215133352637802,18.594407851340815,6.414301891522776,3.5245098039215685,0.09908005348844533,0.08321806270117053
SPX500_USD,10,sin filtro,cierre > EMA 5,3 ATR,184,12.779235596120936,76.08695652173914,0.08010124611447675,0.08810773330431815,1.4974687310474302,2.167489626288786,14.738629285063721,3.910548838803125,4.016304347826087,0.09893882036310205,0.060426446343690314
SPX500_USD,10,sin filtro,cierre > EMA 5,sin stop,159,11.042926411865375,74.84276729559748,0.004604188575659701,0.00510512253580343,1.5094685652804498,1.9486024623727682,0.7320659835298924,0.25119073515829693,4.710691823899371,0.005262564155067656,0.0038851731402536455
SPX500_USD,10,sin filtro,RSI(2) > 70,2 ATR,201,13.959925841414718,68.65671641791045,0.11893716102424574,0.13065385727068568,1.4112494162091191,2.1822034554268024,23.906369365873395,5.841642356760406,4.203980099502488,0.15971129332192946,0.07856673300673714
SPX500_USD,10,sin filtro,RSI(2) > 70,3 ATR,181,12.57087849401027,76.24309392265194,0.09858063998343936,0.1066045063275316,1.5626926934415502,2.456918362747807,17.843095837002522,3.917470778118105,4.8397790055248615,0.13254153955509906,0.06347499098801583
SPX500_USD,10,sin filtro,RSI(2) > 70,sin stop,153,10.62621220764404,74.50980392156863,0.0063369243243571955,0.006842481273985105,1.671296940844045,2.5090717264179805,0.9695494216266509,0.25191499138412454,5.790849673202614,0.007950202822500757,0.004568947888035487
SPX500_USD,15,EMA 200,cierre > EMA 5,2 ATR,189,13.126497432972048,73.54497354497354,0.0820887557661314,0.09610533843910415,1.3724079021640025,1.819925470757902,15.514774839798832,7.6463911183367,3.3544973544973544,0.0857066110925866,0.07954647905024394
SPX500_USD,15,EMA 200,cierre > EMA 5,3 ATR,175,12.154164289788934,76.57142857142857,0.08518828144566822,0.09466286042215273,1.7024024454704532,2.6794125828492668,14.907949252991937,2.8073419130244073,3.7942857142857145,0.0794737909316713,0.08908952016195458
SPX500_USD,15,EMA 200,cierre > EMA 5,sin stop,165,11.459640616086709,78.18181818181819,0.004574649532472839,0.005149835754231457,1.579120787412355,2.0141315403638815,0.7548171728580185,0.1919926270577479,4.248484848484848,0.0035173090287480974,0.005315877926836577
SPX500_USD,15,EMA 200,RSI(2) > 70,2 ATR,183,12.709783228750714,72.6775956284153,0.12600877537148508,0.13992909042723867,1.490626238345916,2.409455185522512,23.05960589298177,6.179895045302388,4.284153005464481,0.17187924668576454,0.09415428140323545
SPX500_USD,15,EMA 200,RSI(2) > 70,3 ATR,168,11.667997718197377,77.38095238095238,0.12333954570732156,0.13274772047764513,1.8995414601067855,3.3755495359455527,20.72104367883002,2.265268003500349,4.904761904761905,0.15324475448228989,0.1030040037403431
SPX500_USD,15,EMA 200,RSI(2) > 70,sin stop,155,10.765116942384484,78.70967741935485,0.007655333377839649,0.008228498976162818,1.9524747275644192,3.181277663218628,1.1865766735651455,0.14702239781313775,5.593548387096774,0.00889675437953332,0.006758751543283111
SPX500_USD,15,EMA 100,cierre > EMA 5,2 ATR,158,10.973474044495152,73.41772151898735,0.08499589387351968,0.0996090762316875,1.411645108299301,1.7861983260599288,13.42935123201611,7.665174787602657,3.310126582278481,0.12882610670994132,0.04922640983460089
SPX500_USD,15,EMA 100,cierre > EMA 5,3 ATR,147,10.209498003422704,75.51020408163265,0.07866990001450062,0.08851448077237217,1.6616540561148219,2.3179830178441025,11.56447530213159,3.516779382828398,3.673469387755102,0.10339519628224865,0.059070579802261304
SPX500_USD,15,EMA 100,cierre > EMA 5,sin stop,144,10.001140901312038,76.38888888888889,0.004434960661902582,0.005026607570796052,1.587697314840096,1.9280225601531589,0.6386343353139718,0.25429193472952194,4.159722222222222,0.005334509289556506,0.003694825715098721
SPX500_USD,15,EMA 100,RSI(2) > 70,2 ATR,152,10.556759840273816,71.05263157894737,0.10808066168787524,0.12257968099014017,1.4302966975434273,1.9347436891145737,16.428260576557037,6.645221550566202,4.328947368421052,0.18825524423048293,0.044884226036643306
SPX500_USD,15,EMA 100,RSI(2) > 70,3 ATR,141,9.79278379920137,75.88652482269504,0.10705413155613205,0.11682219961314813,1.7728737343709418,2.7109930957219905,15.09463254941462,3.1701438914707545,4.872340425531915,0.16101022723137726,0.0659126086037576
SPX500_USD,15,EMA 100,RSI(2) > 70,sin stop,137,9.514974329720479,76.64233576642336,0.0071629921440331465,0.007749393221149638,1.9271274127367335,2.9141250168753583,0.981329923732541,0.19985675086263466,5.576642335766423,0.009573391863271712,0.005228329211486402
SPX500_USD,15,sin filtro,cierre > EMA 5,2 ATR,284,19.724472333143183,70.07042253521126,0.06978841422876227,0.081860006140632,1.2842146335777445,1.7699620745222564,19.819909640968483,6.367361149357208,3.5774647887323945,0.056455487797177614,0.0831213406603469
SPX500_USD,15,sin filtro,cierre > EMA 5,3 ATR,257,17.849258414147176,74.70817120622569,0.07642786726042584,0.08463680601815095,1.5504505774409725,2.676464590160919,19.64196188592944,3.254615778910498,4.046692607003891,0.08037400738956604,0.07238851122272325
SPX500_USD,15,sin filtro,cierre > EMA 5,sin stop,228,15.835139760410726,75.43859649122807,0.00392539018557644,0.0044356152454118405,1.474087294545274,2.051604175773257,0.8949889623114282,0.32754974178414853,4.609649122807017,0.004425070782054499,0.0033893691820817942
SPX500_USD,15,sin filtro,RSI(2) > 70,2 ATR,276,19.168853394181404,68.84057971014492,0.10357938140467819,0.11555681282018733,1.3756189902192293,2.3376912464935597,28.58790926769118,4.9243973588124454,4.326086956521739,0.10498308390866833,0.10219587605901888
SPX500_USD,15,sin filtro,RSI(2) > 70,3 ATR,246,17.08528237307473,75.20325203252033,0.10114720735174816,0.10932056738351485,1.6634064028403555,3.187232237032752,24.882213008530048,2.6362722058437953,4.983739837398374,0.11635650882799121,0.08593790587550514
SPX500_USD,15,sin filtro,RSI(2) > 70,sin stop,214,14.86280661722761,75.70093457943925,0.0059717263521744885,0.006480827824386853,1.6727650499809605,2.8378206370461845,1.2779494393653406,0.2746268290946643,5.785046728971962,0.007180633131515324,0.0046689239006518415
SPX500_USD,20,EMA 200,cierre > EMA 5,2 ATR,249,17.293639475185397,74.29718875502009,0.07653292547379167,0.09065288782614786,1.3463969543414644,1.9535228218938234,19.056698442974128,7.951831704979295,3.2409638554216866,0.10248056675576434,0.05822739772007125
SPX500_USD,20,EMA 200,cierre > EMA 5,3 ATR,228,15.835139760410726,77.19298245614034,0.08392410589404709,0.09344972301215221,1.712484015592697,3.0689760840292246,19.134696143842735,2.4955456877680007,3.6798245614035086,0.09078711444137985,0.07910975661457485
SPX500_USD,20,EMA 200,cierre > EMA 5,sin stop,216,15.001711351968055,78.24074074074075,0.00477357251945666,0.005350757672090906,1.659854016823591,2.4936408802462218,1.0310916642026386,0.2150325201709966,4.078703703703703,0.004675965332648424,0.0048432919386054004
SPX500_USD,20,EMA 200,RSI(2) > 70,2 ATR,235,16.321306332002283,71.91489361702128,0.11783404769853689,0.13186068744403287,1.448686013948898,2.548457799621563,27.69100120915617,5.758050706533179,4.153191489361702,0.1712705265796092,0.07893543439540335
SPX500_USD,20,EMA 200,RSI(2) > 70,3 ATR,210,14.584997147746721,76.19047619047619,0.10899873122003564,0.1184680289402861,1.7518159292632522,3.2961635825393336,22.889733556207485,3.3043302814623416,4.833333333333333,0.13793801850890078,0.08812449120839519
SPX500_USD,20,EMA 200,RSI(2) > 70,sin stop,196,13.612664004563607,77.04081632653062,0.0073876205890062935,0.007963613472586471,1.946686687575027,3.511317614262765,1.4479736354452335,0.1671653453199926,5.464285714285714,0.009115977592671675,0.006091352836257255
SPX500_USD,20,EMA 100,cierre > EMA 5,2 ATR,217,15.071163719338278,74.19354838709677,0.07437288707576493,0.08895664379239837,1.349983786602703,1.8189837926107435,16.13891649544099,7.974574938072156,3.2211981566820276,0.12892435128478172,0.027747703991135193
SPX500_USD,20,EMA 100,cierre > EMA 5,3 ATR,203,14.098830576155164,76.84729064039408,0.0829961912690793,0.09278321930849173,1.7423620719517112,2.979921677516853,16.848226827623098,2.6971681999780124,3.645320197044335,0.10644195978616089,0.06317385970463758
SPX500_USD,20,EMA 100,cierre > EMA 5,sin stop,199,13.821021106674273,77.38693467336684,0.004804790390165839,0.005392346430874358,1.695437262138541,2.5363145570882177,0.9561532876430019,0.26245634035604304,4.040201005025126,0.006207959155153423,0.003573708360506921
SPX500_USD,20,EMA 100,RSI(2) > 70,2 ATR,203,14.098830576155164,70.93596059113301,0.09625079581662038,0.11076858987291605,1.3698952841683134,1.9817066919722532,19.53891155077394,6.573837667428716,4.231527093596059,0.1734814545034618,0.028316420119861657
SPX500_USD,20,EMA 100,RSI(2) > 70,3 ATR,186,12.918140330861382,75.26881720430107,0.09636646102630603,0.10612152655052914,1.675706468787825,2.822244186978874,17.92416175089292,3.1907063861424305,4.870967741935484,0.13524226805533768,0.0629332669813388
SPX500_USD,20,EMA 100,RSI(2) > 70,sin stop,182,12.640330861380491,75.82417582417582,0.0069127840040059075,0.007498309405395651,1.917537534385576,3.3027897937548336,1.2581266887290752,0.19834490497203672,5.478021978021978,0.009402579725963258,0.004682342003085781
SPX500_USD,20,sin filtro,cierre > EMA 5,2 ATR,362,25.14175698802054,72.09944751381215,0.07732349917568018,0.08958592614699627,1.3304596929904497,2.2779969754205993,27.991106701596227,6.490096950368049,3.447513812154696,0.07960589700850462,0.07509098982007595
SPX500_USD,20,sin filtro,cierre > EMA 5,3 ATR,326,22.64147176269253,76.07361963190185,0.07955038351527416,0.08784291926716797,1.6166114050860152,3.2913540583063856,25.933425025979375,2.8831813284088312,3.9049079754601226,0.08790605327264227,0.071194713757906
SPX500_USD,20,sin filtro,cierre > EMA 5,sin stop,294,20.418996006845408,76.87074829931973,0.004436159641783704,0.004948194798616902,1.5948734734306818,2.759667463580419,1.304230934684409,0.3139453060918673,4.36734693877551,0.0051748814495809195,0.0036666577586616034
SPX500_USD,20,sin filtro,RSI(2) > 70,2 ATR,345,23.961066742726757,69.85507246376812,0.1104329168053553,0.12257757670618044,1.4097831636310043,2.8341087784862404,38.09935629784758,5.420100476863148,4.223188405797101,0.12422877568939096,0.09671680277036031
SPX500_USD,20,sin filtro,RSI(2) > 70,3 ATR,301,20.905162578436965,75.08305647840533,0.09629414875401399,0.10453921892745129,1.6349989120337394,3.419489165891659,28.98453877495821,3.6264226510514925,4.910299003322259,0.11292983034320711,0.07954756262089291
SPX500_USD,20,sin filtro,RSI(2) > 70,sin stop,266,18.47432972047918,75.56390977443608,0.006138604689752578,0.006650109493396217,1.7329518450254562,3.362329998258823,1.6328688474741857,0.24272396618394354,5.62406015037594,0.007499074946903229,0.004693764184096456
SPX500_USD,25,EMA 200,cierre > EMA 5,2 ATR,296,20.557900741585854,72.97297297297297,0.05199071969606763,0.06612482657148126,1.2375165785006546,1.4929370497357262,15.389253030036018,9.25310413382599,3.2364864864864864,0.08442963218440144,0.029561528775562514
SPX500_USD,25,EMA 200,cierre > EMA 5,3 ATR,272,18.891043924700515,75.73529411764706,0.06379052589712202,0.0733343471177033,1.5275449482337362,2.5743058887477055,17.35102304401719,3.344388915077136,3.661764705882353,0.0831864713762123,0.050213364061758824
SPX500_USD,25,EMA 200,cierre > EMA 5,sin stop,258,17.9187107815174,76.35658914728683,0.003869272468455569,0.0044467063027283414,1.5496434225194957,2.3317340749694617,0.9982722968615368,0.32009315506181957,4.069767441860465,0.004762312652032151,0.003226283536280432
SPX500_USD,25,EMA 200,RSI(2) > 70,2 ATR,272,18.891043924700515,71.32352941176471,0.09343581469466228,0.1075288506759926,1.3571428790433648,2.222092938303218,25.41454159694814,8.6643468379199,4.106617647058823,0.14427304910096506,0.056198350002147464
SPX500_USD,25,EMA 200,RSI(2) > 70,3 ATR,245,17.015830005704508,75.91836734693878,0.09255992663722265,0.10207882107478586,1.6277751022015619,3.047723163621107,22.67718202611955,3.9165394472836694,4.738775510204082,0.12408521727503094,0.06930722999656974
SPX500_USD,25,EMA 200,RSI(2) > 70,sin stop,228,15.835139760410726,76.31578947368422,0.006179588341745306,0.006757640943614841,1.7816621601790879,3.2213675312636596,1.4089461419179299,0.2728700128570154,5.412280701754386,0.007976920248542244,0.004775422789560198
SPX500_USD,25,EMA 100,cierre > EMA 5,2 ATR,261,18.12706788362807,73.9463601532567,0.06554055227455406,0.0801021464407765,1.3306689144557586,1.8475567544879006,17.10608414365861,7.966319468243427,3.218390804597701,0.129047942858927,0.017051801355404437
SPX500_USD,25,EMA 100,cierre > EMA 5,3 ATR,246,17.08528237307473,76.42276422764228,0.07734928301224478,0.08711212461142487,1.748512867446471,3.2067025149859916,19.027923621012217,3.092640547435238,3.605691056910569,0.11633133528465261,0.04783430057742174
SPX500_USD,25,EMA 100,cierre > EMA 5,sin stop,241,16.73802053622362,76.76348547717843,0.004605342128088291,0.005191387032691267,1.738649111189911,2.8645547704954963,1.1098874528692781,0.2905768602952654,3.966804979253112,0.006823220360687558,0.0028638969973066464
SPX500_USD,25,EMA 100,RSI(2) > 70,2 ATR,237,16.460211066742726,72.15189873417721,0.09694184108204898,0.11152288161333566,1.4015423060944199,2.251531490724293,22.97521633644561,7.220440915113915,4.172995780590718,0.17110439542564151,0.03590035404539974
SPX500_USD,25,EMA 100,RSI(2) > 70,3 ATR,218,15.140616086708501,76.60550458715596,0.09558547419350952,0.10537132690589018,1.7215778503728467,3.159053461365237,20.837633374185074,3.3876867725624127,4.756880733944954,0.14443354569634734,0.05569288246619197
SPX500_USD,25,EMA 100,RSI(2) > 70,sin stop,213,14.793354249857389,76.99530516431925,0.006928010993769461,0.007515417917267155,2.0130458688424167,3.7965534505666523,1.4756663416728952,0.24335371809046147,5.338028169014085,0.009796336754712451,0.004483698606183259
SPX500_USD,25,sin filtro,cierre > EMA 5,2 ATR,428,29.72561323445522,71.72897196261682,0.06546302972985729,0.0777796164997671,1.2921941074284922,2.176366863190373,28.018176724378918,9.45729127502883,3.427570093457944,0.08496417466331825,0.046501086960455136
SPX500_USD,25,sin filtro,cierre > EMA 5,3 ATR,385,26.739161437535653,75.06493506493507,0.07002677702220458,0.07834550578893751,1.5605686266848726,3.234678469667314,26.960309153548764,4.730113816142012,3.851948051948052,0.08647583847003097,0.05366294387203532
SPX500_USD,25,sin filtro,cierre > EMA 5,sin stop,348,24.16942384483742,75.28735632183908,0.0038349999846855557,0.004348038947698458,1.53579026925285,2.680736592467489,1.3345799946705734,0.40128520072862117,4.2844827586206895,0.005268977061167685,0.002350707923063703
SPX500_USD,25,sin filtro,RSI(2) > 70,2 ATR,400,27.780946948088992,70.25,0.10336181363124951,0.1155701761714025,1.3982248568503808,2.937287741008485,41.3447254524998,9.404226955687278,4.175,0.1327612839149809,0.07336841465491749
SPX500_USD,25,sin filtro,RSI(2) > 70,3 ATR,350,24.308328579577868,74.85714285714286,0.094268341568823,0.1025473773728368,1.6407060238556503,3.6736071314536387,32.99391954908805,4.401720426166776,4.811428571428571,0.11595053092967497,0.07182979676515062
SPX500_USD,25,sin filtro,RSI(2) > 70,sin stop,309,21.460781517398747,75.08090614886731,0.005813869016702838,0.006326718572743838,1.7234732972279294,3.522839652927005,1.796485526161177,0.3697808037535044,5.491909385113269,0.007750070697063595,0.003680095736305271
US2000_USD,5,EMA 200,cierre > EMA 5,2 ATR,51,3.5420707358813464,68.62745098039215,0.05421117135345857,0.06456228211374185,1.1990638669050055,0.5488655698970001,2.764769739026387,4.092905596435474,4.196078431372549,0.03542757875312294,0.07897136159935554
US2000_USD,5,EMA 200,cierre > EMA 5,3 ATR,49,3.4031660011409017,75.51020408163265,0.06391654352984424,0.07081580335659875,1.4073721514660529,0.9180325954468361,3.1319106329623683,1.4553880827278753,4.857142857142857,0.07750449336973168,0.045799277076660976
US2000_USD,5,EMA 200,cierre > EMA 5,sin stop,47,3.2642612664004567,76.59574468085107,0.0030836983577754618,0.003494254734238331,1.311074731473271,0.6331794622898782,0.1449338228154467,0.15250391625915155,5.553191489361702,0.0015520097407185501,0.005151477990802288
US2000_USD,5,EMA 200,RSI(2) > 70,2 ATR,51,3.5420707358813464,68.62745098039215,0.10092890336513013,0.11128001412541337,1.37061176293994,0.9653746879775368,5.147374071621637,3.192538687626948,4.627450980392157,0.11105190819898057,0.08758494244778177
US2000_USD,5,EMA 200,RSI(2) > 70,3 ATR,49,3.4031660011409017,75.51020408163265,0.09887909122300764,0.10577835104976215,1.6551069292460663,1.3664291399417339,4.845075469927375,1.3382264633675116,5.36734693877551,0.1339056358214083,0.05217703175847347
US2000_USD,5,EMA 200,RSI(2) > 70,sin stop,47,3.2642612664004567,76.59574468085107,0.006137893560914471,0.006548449937377345,1.7077165323708057,1.3187652154197884,0.28848099736298016,0.12795335071323233,6.191489361702128,0.006570943209179654,0.005553276535756475
US2000_USD,5,EMA 100,cierre > EMA 5,2 ATR,40,2.778094694808899,77.5,0.15941748596062438,0.1699963541513443,1.8226331750772884,1.5613463704486508,6.376699438424975,2.068209357553732,4.0,0.2403904815596243,0.06992101714067708
US2000_USD,5,EMA 100,cierre > EMA 5,3 ATR,39,2.708642327438677,79.48717948717949,0.10873803635723178,0.11575451588658847,1.81899022694988,1.449370439796196,4.24078341793204,1.370345788261528,4.384615384615385,0.16869635959711834,0.04562401189419332
US2000_USD,5,EMA 100,cierre > EMA 5,sin stop,38,2.639189960068454,81.57894736842105,0.007997337363338375,0.008416503834780775,2.339388149643744,1.9446813214349148,0.3038988198068583,0.10132907709689273,4.921052631578948,0.009166365085767047,0.0066984176717509655
US2000_USD,5,EMA 100,RSI(2) > 70,2 ATR,40,2.778094694808899,77.5,0.2084673625984183,0.21904623078913824,2.075742521975809,1.915861510950278,8.338694503936733,2.0260479612345357,4.575,0.33675692080925473,0.06667364036538859
US2000_USD,5,EMA 100,RSI(2) > 70,3 ATR,39,2.708642327438677,79.48717948717949,0.14676529271140842,0.1537817722407651,2.144083466165958,1.8616735087911653,5.723846415744928,1.009039803138612,5.051282051282051,0.23615286707185962,0.05267310917409135
US2000_USD,5,EMA 100,RSI(2) > 70,sin stop,38,2.639189960068454,81.57894736842105,0.010950500411078085,0.011369666882520486,3.154345078996909,2.718297727226377,0.4161190156209672,0.059975870615015185,5.7105263157894735,0.01437557633151831,0.007144860499477839
US2000_USD,5,sin filtro,cierre > EMA 5,2 ATR,113,7.84811751283514,64.60176991150442,0.04805292287684381,0.05651301137092723,1.156677683697123,0.6816824951657434,5.42998028508335,5.369869928310535,4.15929203539823,0.12445009978673846,-0.03843444720982941
US2000_USD,5,sin filtro,cierre > EMA 5,3 ATR,99,6.875784369652026,68.68686868686868,0.027255274890123513,0.03298313116668294,1.132332035715695,0.49732388054311527,2.6982722141222277,3.51576688891622,4.787878787878788,0.08969333330025332,-0.044684227191112987
US2000_USD,5,sin filtro,cierre > EMA 5,sin stop,87,6.042355961209355,72.41379310344827,0.0031283816196907826,0.003480427192069071,1.2862242515546958,0.8671286143354711,0.2721692009130981,0.17810734703394976,5.7701149425287355,0.004814874311386556,0.0011467527069482495
US2000_USD,5,sin filtro,RSI(2) > 70,2 ATR,112,7.778665145464918,62.5,0.05267943253956816,0.061179379253167375,1.1617488432984031,0.7029089178784514,5.900096444431634,4.959904662667668,4.651785714285714,0.12476376527970001,-0.027565390699446534
US2000_USD,5,sin filtro,RSI(2) > 70,3 ATR,98,6.8063320022818035,67.3469387755102,0.023469679024406307,0.02922879935883326,1.1055609768142676,0.40142965476000686,2.300028544391818,3.718032427738785,5.3979591836734695,0.09024683686624371,-0.05201754288375771
US2000_USD,5,sin filtro,RSI(2) > 70,sin stop,86,5.972903593839133,69.76744186046511,0.003953237173687524,0.0043075177095082025,1.3626365341253286,1.0858095278276159,0.339978396937127,0.17810734703394976,6.593023255813954,0.006857192009578045,0.0006136891124134236
US2000_USD,10,EMA 200,cierre > EMA 5,2 ATR,115,7.987022247575585,70.43478260869566,0.05648004444299114,0.06646191997643841,1.23423064550763,0.9394706365081192,6.495205110943981,3.839528654668098,3.9391304347826086,0.0786252591874801,0.03754945764528282
US2000_USD,10,EMA 200,cierre > EMA 5,3 ATR,109,7.570308043354251,76.14678899082568,0.07179870735147877,0.07849486738586524,1.5310463157137788,1.6841700898116387,7.826059101311186,2.2102986774017896,4.513761467889908,0.12380312249691228,0.024356083008276262
US2000_USD,10,EMA 200,cierre > EMA 5,sin stop,104,7.223046206503138,75.96153846153845,0.003699596687370522,0.004101274833489484,1.4490977611018623,1.3125123673539427,0.3847580554865343,0.19967115284912024,5.134615384615385,0.005768808833656711,0.0017084680183026826
US2000_USD,10,EMA 200,RSI(2) > 70,2 ATR,112,7.778665145464918,68.75,0.09480439063832162,0.1048343739808302,1.3677312583071626,1.436251465246671,10.618091751492022,3.3604109396017474,4.553571428571429,0.15054327915766022,0.044733863663322555
US2000_USD,10,EMA 200,RSI(2) > 70,3 ATR,106,7.361950941243583,74.52830188679245,0.10448106202344182,0.11121228600857838,1.7383422840919058,2.2670001380590583,11.074992574484833,1.74574703743923,5.254716981132075,0.17492360310537503,0.0366475039445432
US2000_USD,10,EMA 200,RSI(2) > 70,sin stop,101,7.01468910439247,74.25742574257426,0.006150464388865122,0.006554347805864658,1.756680570126211,2.1310844857114954,0.6211969032753774,0.16958597918407492,5.98019801980198,0.009690268340119691,0.002539864358585462
US2000_USD,10,EMA 100,cierre > EMA 5,2 ATR,93,6.459070165430691,75.26881720430107,0.12509359420876534,0.135372861725427,1.662417739167582,2.016279314505079,11.633704261415177,3.4059660845599495,3.935483870967742,0.19311521437170856,0.055593243172714725
US2000_USD,10,EMA 100,cierre > EMA 5,3 ATR,90,6.250713063320023,78.88888888888889,0.11083211237683568,0.11769515682922493,2.0283035466409567,2.542701065520328,9.974890113915212,2.1538277605678084,4.3,0.17899741493864188,0.039568386971311036
US2000_USD,10,EMA 100,cierre > EMA 5,sin stop,89,6.181260695949801,79.7752808988764,0.007182491005768666,0.007593392172723928,2.260996784929599,2.811691373566846,0.6392416995134113,0.10855937718173836,4.764044943820225,0.010242854991680974,0.003908613253397356
US2000_USD,10,EMA 100,RSI(2) > 70,2 ATR,90,6.250713063320023,73.33333333333333,0.15651026834775217,0.16684264458304263,1.7529708296015318,2.2695471173749318,14.085924151297695,3.6649571023044505,4.544444444444444,0.2664085009428218,0.04161666154381569
US2000_USD,10,EMA 100,RSI(2) > 70,3 ATR,87,6.042355961209355,77.01149425287356,0.13784924291898254,0.1447492657787461,2.189740711098295,2.8980723651790137,11.992884133951481,1.802295606215198,5.0,0.23006218664690065,0.039049660353355956
US2000_USD,10,EMA 100,RSI(2) > 70,sin stop,86,5.972903593839133,77.90697674418605,0.009236642665413353,0.009649757585693385,2.6024885429212112,3.4518938770722163,0.7943512692255483,0.10416389160278594,5.569767441860465,0.01380631189511591,0.004221152047447131
US2000_USD,10,sin filtro,cierre > EMA 5,2 ATR,209,14.515544780376498,68.42105263157895,0.0507876941143554,0.05951108272380025,1.1875551882460846,1.0718195749481734,10.614628069900279,7.204547863485356,3.985645933014354,0.11778261253049505,-0.019491288930026395
US2000_USD,10,sin filtro,cierre > EMA 5,3 ATR,188,13.057045065601827,72.3404255319149,0.040874055396239485,0.046759660964434666,1.235905686149441,1.132829994310298,7.684322414493023,4.367433016649267,4.574468085106383,0.09760245854716648,-0.020896872479214363
US2000_USD,10,sin filtro,cierre > EMA 5,sin stop,164,11.390188248716486,73.78048780487805,0.0030556012254519213,0.0034184191953635667,1.3375069282689318,1.3486528277488945,0.5011186009741151,0.2501667857026726,5.323170731707317,0.0061132229417871905,-0.00048480286714681084
US2000_USD,10,sin filtro,RSI(2) > 70,2 ATR,203,14.098830576155164,64.5320197044335,0.046044312985027716,0.054820325728395236,1.1485430055551626,0.879354835672046,9.346995535960627,8.472707213713134,4.5911330049261085,0.13463415575274607,-0.04887337569467052
US2000_USD,10,sin filtro,RSI(2) > 70,3 ATR,179,12.431973759269823,68.71508379888269,0.04544609199334773,0.05138142416018846,1.2367426643898378,1.1475936649679916,8.134850466809244,4.801026478048545,5.363128491620111,0.11352435698641991,-0.03154718389167436
US2000_USD,10,sin filtro,RSI(2) > 70,sin stop,155,10.765116942384484,69.03225806451613,0.0036502674173331455,0.004017093118805001,1.3702264556209205,1.4966321103883617,0.5657914496866375,0.2991533361965587,6.348387096774194,0.008154593310760497,-0.0018192711675429256
US2000_USD,15,EMA 200,cierre > EMA 5,2 ATR,176,12.223616657159157,69.88636363636364,0.0486071034497054,0.05871147001289618,1.2153095822396085,1.0769429164355038,8.55485020714815,6.798585083314805,3.721590909090909,0.043409925618525365,0.0527436327439099
US2000_USD,15,EMA 200,cierre > EMA 5,3 ATR,163,11.320735881346264,73.61963190184049,0.06396743400179203,0.07074006015251814,1.5191052531262401,2.026797095158253,10.4266917422921,3.675195954016539,4.276073619631902,0.0914912816731725,0.04219032375630419
US2000_USD,15,EMA 200,cierre > EMA 5,sin stop,157,10.904021677124929,73.88535031847134,0.003516951981827757,0.003924206651036661,1.4734299092518335,1.5696222298079865,0.5521614611469579,0.27359439307335875,4.777070063694268,0.004475068040421293,0.002725949189267978
US2000_USD,15,EMA 200,RSI(2) > 70,2 ATR,169,11.737450085567598,66.86390532544378,0.06982961643480644,0.07999254595327246,1.2635503707891549,1.3369566705244205,11.801205177482288,7.503166941717964,4.514792899408284,0.07620388242757019,0.06462053884932212
US2000_USD,15,EMA 200,RSI(2) > 70,3 ATR,155,10.765116942384484,71.61290322580646,0.08818971112937196,0.09500761578836173,1.618250193322393,2.4116224658319116,13.669405225052655,4.493015548053304,5.316129032258065,0.12405979685881947,0.05941022374179201
US2000_USD,15,EMA 200,RSI(2) > 70,sin stop,149,10.34840273816315,71.81208053691275,0.005534608298787589,0.005944737242682229,1.6873535196412337,2.296364407708377,0.8246566365193507,0.30004129994681594,6.0134228187919465,0.007378008227896395,0.00398706267928884
US2000_USD,15,EMA 100,cierre > EMA 5,2 ATR,150,10.417855105533372,72.0,0.09414459185648694,0.10447247460069166,1.5097200716839316,2.0764872677706423,14.12168877847304,2.9958664631185403,3.78,0.1111455693341092,0.07926873656356744
US2000_USD,15,EMA 100,cierre > EMA 5,3 ATR,146,10.140045636052482,73.97260273972603,0.08127426068073394,0.08815727122260088,1.7469979240846558,2.5523522720753657,11.866042059387155,2.12892182594671,4.191780821917808,0.11225935339730199,0.054261615748341305
US2000_USD,15,EMA 100,cierre > EMA 5,sin stop,145,10.07059326868226,74.48275862068967,0.0039353257770965945,0.0043477736127026,1.5382718565617646,1.6517370830966511,0.5706222376790062,0.25121385968686216,4.675862068965517,0.005654705598056869,0.0024169124287160932
US2000_USD,15,EMA 100,RSI(2) > 70,2 ATR,144,10.001140901312038,70.13888888888889,0.12493127627051831,0.13533158171843773,1.5854160606554746,2.3894942834884754,17.990103782954638,3.4794765742018257,4.555555555555555,0.17054209557210243,0.08412159584278518
US2000_USD,15,EMA 100,RSI(2) > 70,3 ATR,139,9.653879064460925,73.38129496402878,0.10337680629523568,0.11031112170449144,1.814212771064019,2.7958637435563314,14.36937607503776,3.098888279643365,5.122302158273381,0.15014420423587171,0.06229733513116348
US2000_USD,15,EMA 100,RSI(2) > 70,sin stop,138,9.584426697090702,73.91304347826086,0.005860888424062583,0.006276409832245983,1.750341460687849,2.3147401209542484,0.8088026025206364,0.29043469253537235,5.797101449275362,0.008887288027483233,0.003166149051153784
US2000_USD,15,sin filtro,cierre > EMA 5,2 ATR,297,20.627353108956076,69.6969696969697,0.0668148696866093,0.07571760581126301,1.2838769045330556,1.8309555164411035,19.844016296922963,8.972174747387808,3.808080808080808,0.08953234724616276,0.043943895657058876
US2000_USD,15,sin filtro,cierre > EMA 5,3 ATR,267,18.5437820878494,71.91011235955057,0.05168481664647118,0.05764643794242354,1.350994441328437,1.8916763306569033,13.799846044607804,4.378035396625403,4.314606741573034,0.06669968411161298,0.03722196636754783
US2000_USD,15,sin filtro,cierre > EMA 5,sin stop,239,16.599115801483173,73.22175732217573,0.0034964481075028275,0.003863309620420695,1.445205065645069,1.9280721805599992,0.8356510976931758,0.3661627541040826,4.878661087866109,0.0047990979526550135,0.0021606800459484684
US2000_USD,15,sin filtro,RSI(2) > 70,2 ATR,286,19.86337706788363,66.78321678321679,0.07746475300179552,0.08640816764927624,1.2804613324225886,1.8620429650632742,22.154919358513517,11.453553879476548,4.5524475524475525,0.12359867208826048,0.030022070253303168
US2000_USD,15,sin filtro,RSI(2) > 70,3 ATR,250,17.36309184255562,69.19999999999999,0.05869924511571289,0.06468985744625758,1.337013390587905,1.859785454714695,14.674811278928223,5.142760445738883,5.26,0.07906878056231786,0.038971269840654535
US2000_USD,15,sin filtro,RSI(2) > 70,sin stop,219,15.210068454078723,70.31963470319634,0.004480579445110807,0.004851898381129865,1.4931922383371634,2.1918997393693975,0.9812468984792667,0.4284965524248172,6.114155251141552,0.006775070235982296,0.0020788694584041993
US2000_USD,20,EMA 200,cierre > EMA 5,2 ATR,226,15.69623502567028,72.12389380530973,0.05715853069093142,0.0672193336491568,1.2715058460715762,1.4884080745371346,12.917827936150502,6.251789587269858,3.5929203539823007,0.0377938485803182,0.07198461543186968
US2000_USD,20,EMA 200,cierre > EMA 5,3 ATR,211,14.654449515116942,75.82938388625593,0.059255213050687164,0.06598679252845967,1.4740690199241127,2.1105051154802577,12.50284995369499,4.038430027250019,4.04739336492891,0.06114352092411141,0.05785068653326416
US2000_USD,20,EMA 200,cierre > EMA 5,sin stop,202,14.02937820878494,75.74257425742574,0.0038233211310690555,0.004229332965178741,1.5582801126929793,2.073052861084173,0.7723108684759492,0.2574600192665156,4.53960396039604,0.004060673385180218,0.003640101847193772
US2000_USD,20,EMA 200,RSI(2) > 70,2 ATR,209,14.515544780376498,67.46411483253588,0.05895029399292903,0.06907252763709879,1.2214794652247734,1.2674622072321051,12.320611444522168,6.805250033133854,4.478468899521531,0.05531724475599232,0.061807050657870725
US2000_USD,20,EMA 200,RSI(2) > 70,3 ATR,192,13.334854535082716,71.35416666666666,0.07006802419686471,0.0768664894589161,1.4536107586771836,2.0672173489173926,13.453060645798024,5.012001468666435,5.21875,0.08708596045201655,0.056549102872678655
US2000_USD,20,EMA 200,RSI(2) > 70,sin stop,182,12.640330861380491,71.42857142857143,0.00500534817375768,0.005415936398580595,1.6242569954836865,2.3902438022610637,0.9109733676238977,0.3241671719989301,5.967032967032967,0.006378420922175677,0.0038794285200549226
US2000_USD,20,EMA 100,cierre > EMA 5,2 ATR,197,13.682116371933828,74.61928934010153,0.09945629645700138,0.10969168393339085,1.5843454190575605,2.627559675413293,19.592890402029273,3.8054601825554624,3.5939086294416245,0.10896079330987944,0.09193910349154331
US2000_USD,20,EMA 100,cierre > EMA 5,3 ATR,192,13.334854535082716,76.5625,0.07845655112945327,0.08527895261131606,1.7312877791389685,2.842820285577142,15.063657816855027,1.9341695189652075,3.9635416666666665,0.09349630449374378,0.066509083503615
US2000_USD,20,EMA 100,cierre > EMA 5,sin stop,189,13.126497432972048,76.71957671957672,0.004135319931106386,0.004545499837307974,1.617898688043753,2.1373062329489425,0.781575466979107,0.2026361063003903,4.417989417989418,0.005069849070959464,0.0033876966192239242
US2000_USD,20,EMA 100,RSI(2) > 70,2 ATR,182,12.640330861380491,70.87912087912088,0.10582037435826439,0.11613620804893625,1.4868322730927634,2.299453798162394,19.25930813320412,3.7279582780317817,4.489010989010989,0.14585103690822,0.07371657567958713
US2000_USD,20,EMA 100,RSI(2) > 70,3 ATR,174,12.08471192241871,72.98850574712644,0.08573562166155262,0.0926210862409617,1.6377632150709165,2.5582606677916697,14.917998169110154,2.6210057676223073,5.091954022988506,0.11842847353555855,0.05917267951392278
US2000_USD,20,EMA 100,RSI(2) > 70,sin stop,171,11.876354820308045,73.68421052631578,0.005168298385071716,0.005582416440101376,1.673974705331132,2.394458525582202,0.8837790238472635,0.28059122198368525,5.777777777777778,0.007457852184566585,0.0032928128259110258
US2000_USD,20,sin filtro,cierre > EMA 5,2 ATR,372,25.836280661722764,72.04301075268818,0.0699577705240056,0.07880072966236418,1.3159276822887542,2.230121225350307,26.024290634930086,7.470735550286591,3.6666666666666665,0.08756450531435996,0.05327285430906247
US2000_USD,20,sin filtro,cierre > EMA 5,3 ATR,336,23.335995436394754,75.0,0.05502456870141029,0.06095950784130588,1.3914619808507314,2.3190899861176772,18.488255083673856,4.369087588091475,4.086309523809524,0.06092960666676257,0.04965635236927184
US2000_USD,20,sin filtro,cierre > EMA 5,sin stop,302,20.97461494580719,76.15894039735099,0.003791642950423052,0.0041557901654589524,1.514235914008308,2.43336449693261,1.1450761710277617,0.3351101332361732,4.6092715231788075,0.004927478091471741,0.002714431558589779
US2000_USD,20,sin filtro,RSI(2) > 70,2 ATR,349,24.238876212207646,68.19484240687679,0.07203852359103002,0.08089833671059021,1.266540449744779,1.955152191122621,25.14144473326948,9.96824084434807,4.489971346704871,0.11078758718090469,0.03438406631725355
US2000_USD,20,sin filtro,RSI(2) > 70,3 ATR,307,21.3218767826583,71.00977198697068,0.05860755954991874,0.06455553873603374,1.3419367829905426,2.0845833248297816,17.992520781825053,4.698879136599942,5.143322475570033,0.07075877372138432,0.04714850314771387
US2000_USD,20,sin filtro,RSI(2) > 70,sin stop,268,18.613234455219626,72.01492537313433,0.00438084534079037,0.004748736464494617,1.4930347437771847,2.4148847257313815,1.1740665513318191,0.41589624049778573,5.985074626865671,0.006452576691440418,0.0023091139901403237
US2000_USD,25,EMA 200,cierre > EMA 5,2 ATR,272,18.891043924700515,69.48529411764706,0.05389225663958536,0.06400308168507252,1.252514291999222,1.5300173149515823,14.65869380596722,5.830039831675226,3.5183823529411766,0.050615152218981545,0.056479444340062045
US2000_USD,25,EMA 200,cierre > EMA 5,3 ATR,252,17.501996577296065,71.42857142857143,0.05040737213227074,0.057155613178860094,1.3903482522435915,1.9699214034961816,12.702657777332227,3.389803082069383,3.984126984126984,0.055009715529262204,0.046899292200298245
US2000_USD,25,EMA 200,cierre > EMA 5,sin stop,243,16.876925270964062,71.60493827160494,0.003325269780306578,0.0037319117913943486,1.4660649302782005,1.9993960475591899,0.8080405566144985,0.22350774750973978,4.444444444444445,0.003744161185868751,0.0029957008068128097
US2000_USD,25,EMA 200,RSI(2) > 70,2 ATR,249,17.293639475185397,66.26506024096386,0.0488119312596003,0.05895282958561853,1.180155491968184,1.1453025145462812,12.154170883640475,5.912385596075735,4.449799196787149,0.05808637234527833,0.04147244550834432
US2000_USD,25,EMA 200,RSI(2) > 70,3 ATR,225,15.626782658300058,68.0,0.051327816407309004,0.05812942231051726,1.3113279777978044,1.6221692932355583,11.548758691644526,3.890711808560548,5.213333333333333,0.0661320423273258,0.03948443567129556
US2000_USD,25,EMA 200,RSI(2) > 70,sin stop,214,14.86280661722761,68.69158878504673,0.0038568201590827426,0.004266826050411414,1.440629530241324,1.9329142212353914,0.8253595140437069,0.2592386508688107,5.981308411214953,0.0053126584714502205,0.002672409328682083
US2000_USD,25,EMA 100,cierre > EMA 5,2 ATR,245,17.015830005704508,71.83673469387755,0.09131503728056595,0.10159165983301749,1.5074060351086191,2.6281949247465657,22.372184133738656,2.8562821889816394,3.4979591836734696,0.08962683550477232,0.09273668088123423
US2000_USD,25,EMA 100,cierre > EMA 5,3 ATR,236,16.390758699372505,72.45762711864407,0.06882885805450305,0.07566950087700014,1.6130969981391845,2.7655606021816674,16.24361050086272,2.4568061809272224,3.9237288135593222,0.07296205971364338,0.06528146450453222
US2000_USD,25,EMA 100,cierre > EMA 5,sin stop,232,16.112949229891615,72.84482758620689,0.0037293016170508024,0.0041400085624082195,1.538795584450362,2.1722447432673944,0.8651979751557861,0.20003868900013605,4.349137931034483,0.004085298944410694,0.0034245679048307337
US2000_USD,25,EMA 100,RSI(2) > 70,2 ATR,224,15.557330290929835,68.75,0.08730782990858922,0.09762344574428103,1.3721886611405818,2.0522739637395113,19.556953899523986,3.543291435067701,4.424107142857143,0.10115094401103321,0.07552402203626084
US2000_USD,25,EMA 100,RSI(2) > 70,3 ATR,210,14.584997147746721,69.52380952380952,0.07097542929461288,0.07785236437597863,1.4926152748114185,2.3024774353247457,14.904840151868706,3.0321771062503604,5.104761904761904,0.08934823466818596,0.05489922459273643
US2000_USD,25,EMA 100,RSI(2) > 70,sin stop,206,14.30718767826583,70.3883495145631,0.004288128756125017,0.004701089391957884,1.5163209552255477,2.1509042655785353,0.8833545237617536,0.22719673545503594,5.781553398058253,0.005335877325416783,0.003373730004743113
US2000_USD,25,sin filtro,cierre > EMA 5,2 ATR,443,30.76739874500856,70.42889390519187,0.0636410325001871,0.07250796070327674,1.2880711332721202,2.2329232309771556,28.192977397582887,6.457147676266235,3.580135440180587,0.08151502322444582,0.046323121487349794
US2000_USD,25,sin filtro,cierre > EMA 5,3 ATR,399,27.71149458071877,72.93233082706767,0.05701401935974736,0.06296809321260846,1.427302318681967,2.717326768702843,22.748593724539198,4.156581591999771,3.9974937343358397,0.06149044184753068,0.05277779515179633
US2000_USD,25,sin filtro,cierre > EMA 5,sin stop,362,25.14175698802054,74.03314917127072,0.0036393644139207874,0.004003244778975509,1.5012304443864986,2.6089358091791035,1.317449917839325,0.2981045642001321,4.45303867403315,0.004608999350264997,0.002690923683835468
US2000_USD,25,sin filtro,RSI(2) > 70,2 ATR,406,28.197661152310328,67.73399014778325,0.06657030340432692,0.07544430659105407,1.2471803629638165,1.9673015615261902,27.02754318215673,7.789355405818114,4.413793103448276,0.10852974561219969,0.02502222827692352
US2000_USD,25,sin filtro,RSI(2) > 70,3 ATR,353,24.516685681688536,70.25495750708215,0.05965380546211827,0.06562555666268576,1.3576614487060852,2.325380166021305,21.05779332812775,4.397324360152506,5.113314447592068,0.07748881094650147,0.0419195627205847
US2000_USD,25,sin filtro,RSI(2) > 70,sin stop,311,21.59968625213919,71.38263665594855,0.004062969608388375,0.004430372206017345,1.453110096547561,2.400312160016823,1.2635835482087847,0.3452968369302105,5.87459807073955,0.0059864080944763655,0.0020766736554347653
XAU_USD,5,EMA 200,cierre > EMA 5,2 ATR,43,3.2598069738480695,72.09302325581395,0.1439187090142827,0.15207701741183358,2.059624001726943,1.9852164798380254,6.188504487614156,1.7192379717952786,5.348837209302325,0.2104783204331274,-0.028026953817732653
XAU_USD,5,EMA 200,cierre > EMA 5,3 ATR,42,3.183997509339975,73.80952380952381,0.10043710888578808,0.10596733833884937,2.153359667504026,1.9491939495378863,4.2183585732030995,1.4703809715414748,5.5476190476190474,0.170308029013721,-0.07424019143404426
XAU_USD,5,EMA 200,cierre > EMA 5,sin stop,41,3.10818804483188,73.17073170731707,0.006392813178577519,0.006729586594242379,2.3624546745839465,2.0872026790588234,0.26210534032167826,0.10087379871143207,5.951219512195122,0.01021848174082326,-0.004040828354819959
XAU_USD,5,EMA 200,RSI(2) > 70,2 ATR,43,3.2598069738480695,72.09302325581395,0.15976037658494335,0.16791868498249427,2.176260756602124,2.1261140997536248,6.869696193152564,1.7192379717952795,5.534883720930233,0.23045051802188715,-0.022855822127161373
XAU_USD,5,EMA 200,RSI(2) > 70,3 ATR,42,3.183997509339975,73.80952380952381,0.11124967564036604,0.11677990509342731,2.2775247150175515,2.0894803172860708,4.672486376895374,1.4290119180169043,5.738095238095238,0.1840666540193111,-0.07079277030699672
XAU_USD,5,EMA 200,RSI(2) > 70,sin stop,41,3.10818804483188,73.17073170731707,0.00705739045227353,0.007394163867938387,2.5040912886811,2.2264095140567717,0.2893530085432147,0.10087379871143204,6.146341463414634,0.011043999241158665,-0.003815178971958666
XAU_USD,5,EMA 100,cierre > EMA 5,2 ATR,26,1.9710460772104608,61.53846153846154,0.04401278646924666,0.052341596943394894,1.2474119604455014,0.45004244217914957,1.1443324482004131,1.6280877400847606,5.923076923076923,0.13083059181906198,-0.11997640141373786
XAU_USD,5,EMA 100,cierre > EMA 5,3 ATR,26,1.9710460772104608,61.53846153846154,0.012713150727317423,0.01826569104341625,1.0940155928440631,0.16990051264349196,0.330541918910253,1.7398219757719566,6.038461538461538,0.10100394082702058,-0.15405834168323299
XAU_USD,5,EMA 100,cierre > EMA 5,sin stop,26,1.9710460772104608,61.53846153846154,0.0018039381889858944,0.002137090607951824,1.255071584638526,0.4124391702619055,0.04690239291363325,0.10536774413835273,6.6923076923076925,0.006060236449621234,-0.0062357363033253045
XAU_USD,5,EMA 100,RSI(2) > 70,2 ATR,26,1.9710460772104608,61.53846153846154,0.07021246745149316,0.07854127792564142,1.3946899438422948,0.6741080236246815,1.8255241537388223,1.6280877400847604,6.230769230769231,0.16725048153974165,-0.1130815591596428
XAU_USD,5,EMA 100,RSI(2) > 70,3 ATR,26,1.9710460772104608,61.53846153846154,0.030179604715481763,0.03573214503158059,1.2231825524595354,0.3834949218833308,0.7846697226025259,1.6984529222473865,6.346153846153846,0.12528386730747368,-0.149461780180503
XAU_USD,5,EMA 100,RSI(2) > 70,sin stop,26,1.9710460772104608,61.53846153846154,0.0028519254282757555,0.0031850778472416854,1.4032539156289752,0.6196686037688095,0.07415006113516964,0.10536774413835272,7.0,0.007517032038448421,-0.005959942613161502
XAU_USD,5,sin filtro,cierre > EMA 5,2 ATR,106,8.035803237858032,58.490566037735846,-0.010484558581723794,-0.0020834521059574147,0.9627681614938788,-0.1650573213349348,-1.1113632096627222,10.915232646029603,5.2075471698113205,0.1238535902326657,-0.10582130935322603
XAU_USD,5,sin filtro,cierre > EMA 5,3 ATR,97,7.35351805728518,62.88659793814433,0.013144452388518735,0.01880035053000776,1.0767315825706822,0.27964314938812285,1.2750118816863174,5.338354696552838,5.752577319587629,0.10947038618542201,-0.06041353342002557
XAU_USD,5,sin filtro,cierre > EMA 5,sin stop,87,6.595423412204234,62.06896551724138,6.543810997114904e-05,0.00041237405644054984,1.0062290713934503,0.021545271004169596,0.005693115567489967,0.4326141542182484,6.540229885057471,0.006996102282178215,-0.0055657265299470906
XAU_USD,5,sin filtro,RSI(2) > 70,2 ATR,106,8.035803237858032,58.490566037735846,-0.0030313915374496347,0.005369714938316729,0.9892491668228797,-0.04720181093007987,-0.3213275029696613,10.911069347365464,5.377358490566038,0.13792491126111012,-0.10306489674933077
XAU_USD,5,sin filtro,RSI(2) > 70,3 ATR,97,7.35351805728518,62.88659793814433,0.01598002792939494,0.021635926070883972,1.091924536204514,0.331962979958345,1.5500627091513093,5.599061750346876,6.010309278350515,0.11929797547512921,-0.06291731383280212
XAU_USD,5,sin filtro,RSI(2) > 70,sin stop,87,6.595423412204234,62.06896551724138,0.0006091180343644936,0.0009560539808338949,1.059018398502394,0.1989289125124323,0.05299326898971095,0.4174594736715691,6.873563218390805,0.0076311157439746796,-0.0050962551046937815
XAU_USD,10,EMA 200,cierre > EMA 5,2 ATR,89,6.747042341220423,70.78651685393258,0.09002028461967045,0.09855715168945628,1.4505628268379018,1.395531104709421,8.01180533115067,4.028908298216609,4.98876404494382,0.12327574042551057,0.0410608635721836
XAU_USD,10,EMA 200,cierre > EMA 5,3 ATR,86,6.519613947696139,70.93023255813954,0.07581823929473773,0.08152887797949039,1.6413484169787154,1.7200164524882586,6.520368579347445,3.3632342947236227,5.558139534883721,0.11405490156939382,0.017338638168793153
XAU_USD,10,EMA 200,cierre > EMA 5,sin stop,84,6.36799501867995,70.23809523809523,0.0046573246579397366,0.005002814218490045,1.6822602456509856,1.711839632314909,0.3912152712669379,0.18686086086219156,6.011904761904762,0.006111042982684694,0.0024106690651520724
XAU_USD,10,EMA 200,RSI(2) > 70,2 ATR,88,6.671232876712328,70.45454545454545,0.08777529848653128,0.09632245146867593,1.395795700278005,1.2806858148985558,7.724226266814752,4.244827562476777,5.613636363636363,0.12565505540520416,0.03306009404844824
XAU_USD,10,EMA 200,RSI(2) > 70,3 ATR,85,6.443804483188044,70.58823529411765,0.07735373228059786,0.08307169842609496,1.593622100893075,1.6451460723020974,6.575067243850818,3.055105899332113,6.294117647058823,0.12766481074538888,0.0018871145834113228
XAU_USD,10,EMA 200,RSI(2) > 70,sin stop,83,6.292185554171855,69.87951807228916,0.00494172529763102,0.005287699452027859,1.6698551390903766,1.7304661334760438,0.41016319970337467,0.17651896645034734,6.807228915662651,0.006929324402026011,0.0019302115030931516
XAU_USD,10,EMA 100,cierre > EMA 5,2 ATR,67,5.079234122042341,64.17910447761194,0.03715485926014564,0.04567391911428138,1.1578535529464242,0.4750737167075845,2.489375570429758,3.922190852996184,5.164179104477612,0.08182873063321712,-0.02138331702181011
XAU_USD,10,EMA 100,cierre > EMA 5,3 ATR,66,5.0034246575342465,63.63636363636363,0.04864222202017836,0.054282309258832796,1.3511365418248633,0.9199032967990781,3.2103866533317715,2.716767584997285,5.833333333333333,0.07724328752670648,0.00982649026131875
XAU_USD,10,EMA 100,cierre > EMA 5,sin stop,65,4.927615193026152,63.07692307692307,0.0028036353751351856,0.0031423652384802462,1.3372073426471576,0.8367076417554646,0.18223629938378705,0.17651896645034734,6.4,0.0035655836427378783,0.0017967751643744843
XAU_USD,10,EMA 100,RSI(2) > 70,2 ATR,67,5.079234122042341,65.67164179104478,0.033347931497432315,0.04186699135156807,1.1279180935169506,0.4041330881071565,2.2343114103279653,5.417041701864753,5.7611940298507465,0.09485915526058408,-0.047252982399111396
XAU_USD,10,EMA 100,RSI(2) > 70,3 ATR,66,5.0034246575342465,65.15151515151516,0.04979942304027109,0.05543951027892553,1.3277755699157896,0.8891938495629994,3.286761920657892,3.010290698206096,6.545454545454546,0.10118685238514367,-0.019940659642055967
XAU_USD,10,EMA 100,RSI(2) > 70,sin stop,65,4.927615193026152,64.61538461538461,0.0031151511383013674,0.003453881001646429,1.350416776413587,0.8964749220205055,0.2024848239895889,0.18098047744404583,7.1692307692307695,0.005041024936717251,0.0005702464761089516
XAU_USD,10,sin filtro,cierre > EMA 5,2 ATR,194,14.70703611457036,63.4020618556701,0.0006492305998768619,0.009246741522328602,1.002366091158532,0.013645853691646984,0.1259507363761112,12.040016132340392,4.819587628865979,0.06589164860459862,-0.04228808723229045
XAU_USD,10,sin filtro,cierre > EMA 5,3 ATR,169,12.811799501867995,65.08875739644971,0.006162899806337471,0.011920343662503453,1.036075086342477,0.17244243168334794,1.0415300672710326,7.632142364068187,5.633136094674557,0.07265811359396654,-0.042012204060210084
XAU_USD,10,sin filtro,cierre > EMA 5,sin stop,154,11.674657534246576,65.5844155844156,0.000619451829840553,0.0009683590690015749,1.0622336301661586,0.2689457516676,0.09539558179544516,0.488037081575196,6.279220779220779,0.005123698819942247,-0.002849336082076844
XAU_USD,10,sin filtro,RSI(2) > 70,2 ATR,189,14.327988792029887,62.96296296296296,-0.0013442843650697655,0.007236137071689432,0.9954338060275113,-0.026698006848186646,-0.2540697449981857,14.042483088881358,5.338624338624339,0.07807816115778139,-0.05476115038043867
XAU_USD,10,sin filtro,RSI(2) > 70,3 ATR,165,12.508561643835616,65.45454545454545,0.00855629454509749,0.014313465630522876,1.0463946099497112,0.22418734831503617,1.411788599941086,9.078775377720053,6.266666666666667,0.09017142346938764,-0.05158116887280048
XAU_USD,10,sin filtro,RSI(2) > 70,sin stop,149,11.295610211706101,65.77181208053692,0.0009178173659197882,0.0012666514375134319,1.0857688030707016,0.37168961778971105,0.13675478752204845,0.5315916233656872,7.046979865771812,0.00624976114541305,-0.003322041543074852
XAU_USD,15,EMA 200,cierre > EMA 5,2 ATR,127,9.627801992528019,67.71653543307087,0.06924588751978195,0.07755077268350413,1.3413897549582827,1.3148918991474512,8.794227715012306,5.054169112949053,4.6141732283464565,0.07453695829108055,0.061361154605689874
XAU_USD,15,EMA 200,cierre > EMA 5,3 ATR,120,9.097135740971357,66.66666666666666,0.047280104025431945,0.05290787468912815,1.3701202150597793,1.2626302808103644,5.6736124830518335,3.9781997171759635,5.166666666666667,0.06117226687337021,0.026441859753524543
XAU_USD,15,EMA 200,cierre > EMA 5,sin stop,116,8.793897882938978,66.37931034482759,0.00243089296840464,0.002771110527577561,1.2979765790731754,0.9539499547475505,0.28198358433493825,0.3313619654699151,5.758620689655173,0.003654089074560783,0.0005695075894713792
XAU_USD,15,EMA 200,RSI(2) > 70,2 ATR,122,9.248754669987546,64.75409836065575,0.05532877015726439,0.0636176374711,1.2347599582621422,0.9559649862703463,6.750109959186255,5.341218321512365,5.344262295081967,0.05626622875766465,0.05393214816074971
XAU_USD,15,EMA 200,RSI(2) > 70,3 ATR,113,8.566469489414695,62.83185840707964,0.038915432211703585,0.04449634580287888,1.2681174481382869,0.9436343975882562,4.397443839922505,4.258999451704046,6.106194690265487,0.056508412762621266,0.013290873583193
XAU_USD,15,EMA 200,RSI(2) > 70,sin stop,109,8.263231631382316,62.38532110091744,0.002028252057921221,0.0023657188674039236,1.2221934048726852,0.7324337240147444,0.2210794743134131,0.3313619654699151,6.798165137614679,0.0033643978712620463,5.440028821318172e-05
XAU_USD,15,EMA 100,cierre > EMA 5,2 ATR,108,8.18742216687422,65.74074074074075,0.04986850174862575,0.05804564611148814,1.239678182549281,0.8708372370557788,5.385798188851581,4.044369101130492,4.731481481481482,0.07084985850712697,0.0226373791471667
XAU_USD,15,EMA 100,cierre > EMA 5,3 ATR,105,7.959993773349938,65.71428571428571,0.04861599629235248,0.05411869268158881,1.392200905046622,1.2357030874869486,5.10467961069701,2.8975955380951093,5.276190476190476,0.0584705947820762,0.03597640257727207
XAU_USD,15,EMA 100,cierre > EMA 5,sin stop,103,7.808374844333748,65.0485436893204,0.0022945133421322116,0.0026232943196915917,1.2878625073340624,0.8874853582528605,0.2363348742396178,0.1928329184074603,5.864077669902913,0.003081978899088422,0.0012795577353886527
XAU_USD,15,EMA 100,RSI(2) > 70,2 ATR,104,7.884184308841843,63.46153846153846,0.048152456586664776,0.05631980899772046,1.2048515807335047,0.7696358579262689,5.0078554850131365,4.7465355325136755,5.538461538461538,0.0753602328213157,0.012480038856789142
XAU_USD,15,EMA 100,RSI(2) > 70,3 ATR,100,7.580946450809464,63.0,0.04570913403925886,0.05120737528365989,1.3256132389239657,1.0572562097880736,4.570913403925886,3.3179769176218894,6.22,0.06400420713593305,0.022424495552582593
XAU_USD,15,EMA 100,RSI(2) > 70,sin stop,98,7.429327521793275,62.244897959183675,0.0021433659600668875,0.0024718037243815147,1.2396183965672274,0.7565604707007971,0.210049864086555,0.23403546928488067,6.8979591836734695,0.003396781938096613,0.0005401594765404949
XAU_USD,15,sin filtro,cierre > EMA 5,2 ATR,254,19.255603985056037,63.38582677165354,0.014424282308220864,0.022822960432035896,1.0582473956427068,0.3690914256239384,3.6637677062880996,9.607966984806062,4.606299212598425,0.049902286969786595,-0.010576996144560353
XAU_USD,15,sin filtro,cierre > EMA 5,3 ATR,222,16.82970112079701,64.41441441441441,0.009817063874154376,0.015449280219360737,1.0620473270936304,0.33272347629000776,2.1793881800622716,6.225748222630495,5.238738738738738,0.04017552257080435,-0.012892019402867255
XAU_USD,15,sin filtro,cierre > EMA 5,sin stop,201,15.237702366127023,65.17412935323384,0.0006151096306276487,0.0009570449870431092,1.0647683577493008,0.31049007000782347,0.12363703575615739,0.40993039217582006,5.830845771144278,0.0030357287412380554,-0.0012322049537855585
XAU_USD,15,sin filtro,RSI(2) > 70,2 ATR,244,18.497509339975093,61.065573770491795,-0.0009637645938596208,0.007416311748058802,0.996565546402545,-0.022640368297542162,-0.23515856090174747,13.277390476784163,5.217213114754099,0.043675382591761194,-0.033028504121559096
XAU_USD,15,sin filtro,RSI(2) > 70,3 ATR,211,15.99579701120797,62.55924170616114,-0.00042179800838138416,0.0051898414116163675,0.9976698424652566,-0.012897066273296499,-0.08899937976847205,9.364963833350343,6.018957345971564,0.041259449259286866,-0.03142437862069661
XAU_USD,15,sin filtro,RSI(2) > 70,sin stop,187,14.176369863013697,62.56684491978609,3.299007549750587e-05,0.00037338016693662726,1.0030579700686868,0.014967057961729308,0.006169144118033598,0.567125714099139,6.839572192513369,0.0031452310711496977,-0.002397521940154682
XAU_USD,20,EMA 200,cierre > EMA 5,2 ATR,179,13.569894146948942,67.0391061452514,0.05257244037185741,0.06099114822973633,1.2570646394256368,1.2226866696489176,9.410466826562477,5.666419356417729,4.29608938547486,0.062155248639344365,0.03799577427483495
XAU_USD,20,EMA 200,cierre > EMA 5,3 ATR,165,12.508561643835616,66.66666666666666,0.03379030744325894,0.03944725413620529,1.2443761579971613,1.0383406818068077,5.575400728137725,4.533562705328201,4.763636363636364,0.04334699560890373,0.019455275194791774
XAU_USD,20,EMA 200,cierre > EMA 5,sin stop,158,11.977895392278953,65.82278481012658,0.0015748288486745652,0.0019149824052200632,1.1836964957837515,0.7305486329500851,0.2488229580905813,0.38733772796198906,5.39873417721519,0.002818619320971539,-0.0003007282127256335
XAU_USD,20,EMA 200,RSI(2) > 70,2 ATR,167,12.660180572851806,64.67065868263472,0.05469138226424449,0.06318001687914498,1.2328785856213687,1.1272106363039174,9.13346083812883,6.246741453182782,5.053892215568863,0.05707140326122142,0.051049228920385804
XAU_USD,20,EMA 200,RSI(2) > 70,3 ATR,151,11.44722914072229,63.576158940397356,0.03627355361988962,0.041956521912940144,1.231764228234962,0.9848066116992742,5.4773065966033325,5.474969726651738,5.748344370860927,0.045321026039914336,0.02292482381985317
XAU_USD,20,EMA 200,RSI(2) > 70,sin stop,144,10.916562889165629,62.5,0.001517622890210407,0.0018594852680510843,1.153034541030555,0.613964504429078,0.2185376961902986,0.4446742425504659,6.520833333333333,0.002829096251343244,-0.0004269755418141422
XAU_USD,20,EMA 100,cierre > EMA 5,2 ATR,161,12.205323785803238,66.45962732919256,0.026217682763358615,0.03471305583154509,1.1187844454217408,0.5678882513817272,4.221046924900737,5.47992063958362,4.3602484472049685,0.05546917991581591,-0.00817259091588174
XAU_USD,20,EMA 100,cierre > EMA 5,3 ATR,151,11.44722914072229,66.22516556291392,0.020559282278282884,0.026196704306491642,1.14280515564676,0.6107258421686337,3.1044516240207156,4.613987137372162,4.841059602649007,0.04192149022152415,-0.004159844056039169
XAU_USD,20,EMA 100,cierre > EMA 5,sin stop,148,11.219800747198008,65.54054054054053,0.0012920460094418599,0.0016301634361696243,1.1531992420366923,0.6253367646558986,0.19122280939739525,0.2779299147658768,5.486486486486487,0.0027542337576940594,-0.00038205300667297715
XAU_USD,20,EMA 100,RSI(2) > 70,2 ATR,150,11.371419676214197,63.33333333333333,0.0329844462670205,0.04157432492745745,1.133099729239967,0.6363378849982773,4.947666940053074,6.021090895624556,5.18,0.0611222573212827,-4.689714450467619e-05
XAU_USD,20,EMA 100,RSI(2) > 70,3 ATR,139,10.537515566625155,62.589928057553955,0.024846311281456875,0.03055082576717189,1.1542523017233897,0.6547936307662444,3.4536372681225056,5.455492994101807,5.856115107913669,0.047710258071575244,-0.0011834127565240587
XAU_USD,20,EMA 100,RSI(2) > 70,sin stop,136,10.310087173100872,61.76470588235294,0.0012837296904450717,0.0016259501786141976,1.131782722449356,0.5350565607933279,0.17458723790052977,0.36600697631262835,6.610294117647059,0.0029716753561609844,-0.0006152091834853292
XAU_USD,20,sin filtro,cierre > EMA 5,2 ATR,322,24.410647571606475,64.28571428571429,0.01118541212292688,0.01969682029900953,1.0469432445075904,0.3338705706122629,3.6017027035824554,12.009203415122638,4.391304347826087,0.05718125815858546,-0.02287637656293921
XAU_USD,20,sin filtro,cierre > EMA 5,3 ATR,283,21.454078455790782,65.37102473498233,0.008248918711946553,0.013926623992781677,1.0529583813274417,0.322215353209611,2.3344439954808744,8.052095751357433,4.968197879858657,0.04626791606737091,-0.02140111696146614
XAU_USD,20,sin filtro,cierre > EMA 5,sin stop,256,19.40722291407223,66.015625,0.000416504736992629,0.000759080194649536,1.0446893443885163,0.24188097164239203,0.10662521267011302,0.5496509409768005,5.52734375,0.0033663300165454623,-0.0019144760783183512
XAU_USD,20,sin filtro,RSI(2) > 70,2 ATR,300,22.742839352428394,62.33333333333333,0.007390528846440582,0.01594934646752973,1.0271643122209686,0.19637872294275033,2.2171586539321746,16.416491099224412,5.136666666666667,0.0625326767435463,-0.03477699601605204
XAU_USD,20,sin filtro,RSI(2) > 70,3 ATR,261,19.7862702366127,63.2183908045977,0.007846705439274739,0.01354785358873665,1.0435718917497996,0.26724439420293766,2.0479901196507067,10.912659741565605,5.885057471264368,0.055252827759987584,-0.029493733374985363
XAU_USD,20,sin filtro,RSI(2) > 70,sin stop,232,17.587795765877956,63.793103448275865,0.00032046071175624054,0.000664354341558167,1.0294692644051413,0.16022241129827244,0.0743468851274478,0.7150842183581224,6.655172413793103,0.003900841954777745,-0.002588599048198732
XAU_USD,25,EMA 200,cierre > EMA 5,2 ATR,209,15.84417808219178,66.50717703349282,0.047496994658830435,0.056017298302792465,1.2327688887648633,1.2041141539094278,9.926871883695561,5.275379868039339,4.181818181818182,0.059033259464029916,0.03066762011948062
XAU_USD,25,EMA 200,cierre > EMA 5,3 ATR,193,14.631226650062265,66.32124352331607,0.03488987905381833,0.04063262924929853,1.261635205105474,1.1933738524142388,6.733746657386938,4.900384632495178,4.632124352331606,0.04917333096741452,0.014714503225863724
XAU_USD,25,EMA 200,cierre > EMA 5,sin stop,186,14.100560398505603,65.59139784946237,0.0014692909665588979,0.0018146755737507275,1.1735263819419615,0.7416561467933406,0.273288119779955,0.3899595039920509,5.220430107526882,0.002793308540364208,-0.0004049676768797883
XAU_USD,25,EMA 200,RSI(2) > 70,2 ATR,191,14.479607721046076,64.3979057591623,0.04948691449577264,0.05801596614475667,1.2079512328485462,1.088840246550527,9.452000668692573,7.196040490570915,5.0,0.06664885672204826,0.022943110519133014
XAU_USD,25,EMA 200,RSI(2) > 70,3 ATR,172,13.039227895392278,63.372093023255815,0.03399583169271101,0.03972793772178585,1.214404974701024,0.9850899695876904,5.847283051146293,6.855270992668336,5.703488372093023,0.05811240922115479,-0.0011454669915927822
XAU_USD,25,EMA 200,RSI(2) > 70,sin stop,165,12.508561643835616,62.42424242424243,0.0009006651644888806,0.0012454883396044705,1.0854817023889842,0.3723389020129093,0.1486097521406653,0.5730512215738128,6.490909090909091,0.0032995128895185423,-0.002608097179584354
XAU_USD,25,EMA 100,cierre > EMA 5,2 ATR,187,14.176369863013697,65.77540106951871,0.028059524316320555,0.036538961679390976,1.1328029878648622,0.6724431395836713,5.247131047151944,5.314696479443646,4.229946524064171,0.05405292524863542,-0.0011830517325336807
XAU_USD,25,EMA 100,cierre > EMA 5,3 ATR,177,13.418275217932752,65.5367231638418,0.023080167356888042,0.028711196920939496,1.1695621242517125,0.7681804150548432,4.0851896221691835,4.421374045405824,4.672316384180791,0.04542484704169245,-0.0016585851512882696
XAU_USD,25,EMA 100,cierre > EMA 5,sin stop,173,13.115037359900374,65.3179190751445,0.0011929103327313095,0.001530773705423839,1.1440048353644277,0.6188185617340376,0.20637348756251653,0.26919111800530204,5.2601156069364166,0.0025066421564734873,-0.0002650115692264736
XAU_USD,25,EMA 100,RSI(2) > 70,2 ATR,171,12.963418430884184,64.32748538011695,0.043827978359462734,0.05233479307697428,1.1853717522356173,0.9204461033838933,7.494584299468127,5.163180092279406,5.12280701754386,0.07678799658224143,0.0045294950938419894
XAU_USD,25,EMA 100,RSI(2) > 70,3 ATR,159,12.053704856787048,63.52201257861635,0.032233572960504234,0.03788323483743921,1.2090293184156478,0.9262949571146804,5.125138100720173,5.000734640030918,5.773584905660377,0.06054442865130486,-0.000285653170820798
XAU_USD,25,EMA 100,RSI(2) > 70,sin stop,155,11.75046699875467,63.2258064516129,0.0014996213806484314,0.0018386317278196636,1.1554791067093029,0.6563795024024809,0.23244131400050688,0.3345898206643978,6.464516129032258,0.0033739668393592743,-0.0006610824120321233
XAU_USD,25,sin filtro,cierre > EMA 5,2 ATR,361,27.367216687422165,63.43490304709142,0.0032742382221210937,0.011830803711826631,1.0138523962685788,0.10506881762548625,1.1819999981857148,15.179265748289799,4.274238227146815,0.04771551584024775,-0.02904669095469829
XAU_USD,25,sin filtro,cierre > EMA 5,3 ATR,322,24.410647571606475,64.59627329192547,0.0029250836971376985,0.008654658587398813,1.0187925078980387,0.1228615091480218,0.9418769504783389,10.819819474085568,4.813664596273292,0.04375471795352705,-0.027310915725161436
XAU_USD,25,sin filtro,cierre > EMA 5,sin stop,291,22.06055417185554,65.29209621993127,-3.041000290829712e-06,0.0003427050535702245,0.9996789643411879,-0.0018364563543059622,-0.0008849310846314462,0.7178132809336053,5.357388316151202,0.00295166739907725,-0.00225936377799009
XAU_USD,25,sin filtro,RSI(2) > 70,2 ATR,331,25.092932752179326,61.631419939577036,0.0038951921797253613,0.012449218234200468,1.014427653133286,0.1095284881956746,1.2893086114890946,18.52607165615801,5.0604229607250755,0.061101707422741396,-0.04015688372933511
XAU_USD,25,sin filtro,RSI(2) > 70,3 ATR,290,21.984744707347446,62.758620689655174,0.006452928697986359,0.012172491279026672,1.0361846360581195,0.23329981520703136,1.871349322416044,12.651405208411436,5.803448275862069,0.05652199897486213,-0.0320147716366865
XAU_USD,25,sin filtro,RSI(2) > 70,sin stop,259,19.634651307596513,63.32046332046332,0.00010368722172725656,0.0004488300429826682,1.0093971599149691,0.05317966223857919,0.02685499042735945,0.8250313139871437,6.532818532818533,0.003792882563081915,-0.0028425451689379233
EUR_USD,5,EMA 200,cierre > EMA 5,2 ATR,36,2.4998098859315587,72.22222222222221,0.0759370385951492,0.08366245623739071,1.3880107077431514,0.814196931916247,2.7337333894253715,2.4104031922852087,5.138888888888889,0.12429073520143484,-4.734178615674521e-05
EUR_USD,5,EMA 200,cierre > EMA 5,3 ATR,36,2.4998098859315587,72.22222222222221,-0.004930863158788971,0.0002194152693720006,0.973493968356487,-0.06070354163536331,-0.17751107371640296,3.260746409644068,5.305555555555555,0.022254429528229647,-0.04765060880981824
EUR_USD,5,EMA 200,cierre > EMA 5,sin stop,36,2.4998098859315587,72.22222222222221,0.0012042759490430448,0.0015132926547327024,1.1246462441238647,0.2618986160117017,0.04335393416554961,0.1416401859901103,6.222222222222222,0.002932517056869917,-0.001511531506113469
EUR_USD,5,EMA 200,RSI(2) > 70,2 ATR,36,2.4998098859315587,72.22222222222221,0.1029713981684733,0.11069681581071474,1.4690869244374334,0.9586810850397753,3.706970334065039,2.410403192285208,5.75,0.16214023025106303,0.009991804895832243
EUR_USD,5,EMA 200,RSI(2) > 70,3 ATR,36,2.4998098859315587,72.22222222222221,0.0038327839641677706,0.008983062392328742,1.0181512748748542,0.041907753175846454,0.13798022271003973,3.5003810406121714,5.972222222222222,0.04748742622798175,-0.06476736816468277
EUR_USD,5,EMA 200,RSI(2) > 70,sin stop,36,2.4998098859315587,72.22222222222221,0.0032783490736440725,0.0035873657793337316,1.3407461801819516,0.6765158056351637,0.11802056665118661,0.13935573332918788,7.0,0.0045338089537798115,0.0013054835477164834
EUR_USD,5,EMA 100,cierre > EMA 5,2 ATR,29,2.013735741444867,68.96551724137932,0.05585916493779469,0.06358078894188403,1.290091203700213,0.5501850067045312,1.619915783196046,2.416149663891493,4.896551724137931,0.16965403428037434,-0.10535023329752646
EUR_USD,5,EMA 100,cierre > EMA 5,3 ATR,29,2.013735741444867,68.96551724137932,-0.0024111681136814453,0.0027365812223781143,0.9856496976684374,-0.028572610228040907,-0.06992387529676192,2.760634173355122,5.241379310344827,0.07388700324573977,-0.11050024420619485
EUR_USD,5,EMA 100,cierre > EMA 5,sin stop,29,2.013735741444867,68.96551724137932,0.00175491455232376,0.002063779512487333,1.214491550542955,0.39371117968031516,0.050892522017389044,0.11055009586611254,5.862068965517241,0.006563978090070033,-0.005057925459483461
EUR_USD,5,EMA 100,RSI(2) > 70,2 ATR,29,2.013735741444867,68.96551724137932,0.07627821197209986,0.0839998359761892,1.3300890847660847,0.6251304285614601,2.212068147190896,2.5358559526898494,5.586206896551724,0.19621899371843335,-0.09363789550187263
EUR_USD,5,EMA 100,RSI(2) > 70,3 ATR,29,2.013735741444867,68.96551724137932,-0.0002927229643745822,0.004855026371684966,0.9985734795197396,-0.002943748992877676,-0.008488965966862883,3.1737716992206937,6.0,0.09159697620444578,-0.13046979678687012
EUR_USD,5,EMA 100,RSI(2) > 70,sin stop,29,2.013735741444867,68.96551724137932,0.003803992113008049,0.004112857073171622,1.448030015858662,0.783088070896513,0.11031577127723342,0.07960119271799641,6.758620689655173,0.007739568590436212,-0.0017714078966818505
EUR_USD,5,sin filtro,cierre > EMA 5,2 ATR,125,8.679895437262358,62.4,-0.050618642031279075,-0.04252801703933931,0.8314433481425989,-0.8727349080079857,-6.327330253909884,15.308869276990716,4.96,-0.03805772121887395,-0.061147649182853994
EUR_USD,5,sin filtro,cierre > EMA 5,3 ATR,115,7.985503802281369,65.21739130434783,-0.050431909355914885,-0.04506364636087278,0.7719819573409662,-1.0624025121312701,-5.799669575930212,11.592012663946004,5.547826086956522,-0.03732982127900838,-0.061632081421657575
EUR_USD,5,sin filtro,cierre > EMA 5,sin stop,102,7.082794676806084,65.68627450980392,-0.002123573861023927,-0.0017963294274744844,0.8276481048021109,-0.694580954980846,-0.21660453382444056,0.5456447700535099,6.53921568627451,-0.000526407691584572,-0.003488424951272104
EUR_USD,5,sin filtro,RSI(2) > 70,2 ATR,125,8.679895437262358,61.6,-0.03831963096140696,-0.030229690921416072,0.8814056064499964,-0.6079711200793444,-4.789953870175871,16.614499875157797,5.256,-0.02847467241816312,-0.046572022681478996
EUR_USD,5,sin filtro,RSI(2) > 70,3 ATR,115,7.985503802281369,66.08695652173913,-0.03241989005668373,-0.02705162706164161,0.8596164296411637,-0.6397454354507247,-3.7282873565186287,11.788171257144826,5.939130434782609,-0.004477710016694861,-0.05630594718764196
EUR_USD,5,sin filtro,RSI(2) > 70,sin stop,100,6.943916349809886,67.0,-0.0013336841246133985,-0.0010053204161536188,0.8993959043200267,-0.3904928088808197,-0.13336841246133985,0.5927568678496602,7.16,0.00018917448896706482,-0.00263093405470046
EUR_USD,10,EMA 200,cierre > EMA 5,2 ATR,71,4.930180608365019,64.7887323943662,0.01529589046446836,0.02307114335963796,1.0679506903537563,0.21820427689385596,1.0860082229772536,3.8647512018741734,4.661971830985915,0.06712878053270516,-0.05554239262878861
EUR_USD,10,EMA 200,cierre > EMA 5,3 ATR,69,4.7913022813688215,65.21739130434783,-0.007598523656564212,-0.0024743838937675787,0.9547489645414843,-0.14078465306820984,-0.5242981323029307,3.6176348347961063,5.246376811594203,0.005676982451986434,-0.02590956656490994
EUR_USD,10,EMA 200,cierre > EMA 5,sin stop,67,4.652423954372623,65.67164179104478,-0.0003714567875026867,-6.30795075695553e-05,0.9621027910159017,-0.10779315864222314,-0.02488760476268001,0.19426472405231623,5.970149253731344,6.298440790465387e-05,-0.000976571309677198
EUR_USD,10,EMA 200,RSI(2) > 70,2 ATR,68,4.721863117870723,66.17647058823529,0.04084021998794934,0.04859503071791381,1.174145795915992,0.5278510440194779,2.7771349591805548,2.9419383270272665,5.5588235294117645,0.06461208730829238,0.008871157039901845
EUR_USD,10,EMA 200,RSI(2) > 70,3 ATR,66,4.582984790874525,66.66666666666666,0.003643367353784339,0.008750767753077223,1.0201633969149024,0.060298446855616944,0.24046224534976637,3.745752127938829,6.242424242424242,0.0018984271982750566,0.006011500421975534
EUR_USD,10,EMA 200,RSI(2) > 70,sin stop,64,4.444106463878327,67.1875,0.0007142279261874752,0.0010216129999178142,1.07007003933585,0.1915811340460183,0.045710587275998416,0.19797361161856586,7.125,-0.00013294826692091717,0.0018751730797063855
EUR_USD,10,EMA 100,cierre > EMA 5,2 ATR,66,4.582984790874525,62.121212121212125,0.00297378291368896,0.010765997233178285,1.0135401530320218,0.042744252290508405,0.19626967230347137,4.4150691110516505,4.742424242424242,0.0895886920868342,-0.11457502239272248
EUR_USD,10,EMA 100,cierre > EMA 5,3 ATR,66,4.582984790874525,63.63636363636363,-0.005284788744164462,-8.997919783821985e-05,0.9658007730576879,-0.10311751342677421,-0.3487960571148545,3.8996780339490194,5.333333333333333,0.05472551721396198,-0.0867273468301932
EUR_USD,10,EMA 100,cierre > EMA 5,sin stop,66,4.582984790874525,63.63636363636363,0.0006860269887041104,0.0009977155614836837,1.0829671854719956,0.23072605302966312,0.04527778125447129,0.17572908316284921,5.787878787878788,0.004916347800837983,-0.005055122684906145
EUR_USD,10,EMA 100,RSI(2) > 70,2 ATR,63,4.374667300380228,63.49206349206349,0.0278795465379205,0.03565050398501318,1.1193438642829163,0.3559844301900791,1.7564114318889916,3.4502198595117006,5.714285714285714,0.08447157571845586,-0.047576492369459975
EUR_USD,10,EMA 100,RSI(2) > 70,3 ATR,63,4.374667300380228,65.07936507936508,0.0031520615487535485,0.008332699846815303,1.0183199109631904,0.0537012940260928,0.19857987757147355,2.9346416632219183,6.365079365079365,0.051036313106676744,-0.06069360719514405
EUR_USD,10,EMA 100,RSI(2) > 70,sin stop,63,4.374667300380228,65.07936507936508,0.0017561360988641037,0.0020669743967478113,1.2005549561436115,0.5369339791765161,0.11063657422843853,0.1541756437754156,6.9523809523809526,0.004839064988410463,-0.0023544357538643735
EUR_USD,10,sin filtro,cierre > EMA 5,2 ATR,216,14.998859315589353,61.57407407407407,-0.03350885482067952,-0.025636589336475866,0.8798463934242223,-0.7728637490589545,-7.237912641266777,12.994024087302611,4.842592592592593,-0.006861678710121295,-0.05691202688299588
EUR_USD,10,sin filtro,cierre > EMA 5,3 ATR,196,13.610076045627377,62.244897959183675,-0.02454104980874446,-0.019276493342811032,0.8694256594589163,-0.7351983577006224,-4.810045762513914,9.889634535978937,5.5,0.0006241578305810521,-0.0468025796435324
EUR_USD,10,sin filtro,cierre > EMA 5,sin stop,175,12.1518536121673,64.0,-0.0014269783382575567,-0.0011079271642760388,0.8725051221211734,-0.6348702734305931,-0.24972120919507243,0.5437358930463279,6.274285714285714,-1.8977663915757577e-05,-0.0026684412984298955
EUR_USD,10,sin filtro,RSI(2) > 70,2 ATR,212,14.721102661596959,61.79245283018868,-0.015365773024683551,-0.007527753185687285,0.9477001930577033,-0.3278429633015014,-3.257543881232913,10.730118685996448,5.35377358490566,0.022218263380843394,-0.04892294838676118
EUR_USD,10,sin filtro,RSI(2) > 70,3 ATR,192,13.33231939163498,64.0625,-0.008879356395262182,-0.0036244373210984637,0.954462646459305,-0.2478067333583192,-1.704836427890339,7.972180114505902,6.098958333333333,0.019301266824744635,-0.03374461217762111
EUR_USD,10,sin filtro,RSI(2) > 70,sin stop,170,11.804657794676807,65.88235294117646,-0.0005531903012606926,-0.0002363731806399704,0.9529907961932931,-0.21692111476676088,-0.09404235121431774,0.4674713222033743,7.0,0.000801081143651851,-0.0017857294814619964
EUR_USD,15,EMA 200,cierre > EMA 5,2 ATR,109,7.568868821292775,66.05504587155964,0.012681090952605183,0.020327455668905474,1.058016088137586,0.23606811468526662,1.382238913833965,4.274624448042234,4.577981651376147,0.017305678284191096,0.006580571493917383
EUR_USD,15,EMA 200,cierre > EMA 5,3 ATR,103,7.1522338403041825,66.99029126213593,0.015926324505209234,0.021011663316052812,1.1129513883482909,0.4034740939833234,1.6404114240365513,2.872606123806943,5.067961165048544,0.0264227736654096,0.0018515404040314548
EUR_USD,15,EMA 200,cierre > EMA 5,sin stop,99,6.874477186311787,67.67676767676768,0.000195119310210509,0.000501637109505645,1.0214501772103903,0.06988676813617412,0.01931681171084039,0.17673343791821244,5.606060606060606,0.000253180040146784,0.0001163226052969928
EUR_USD,15,EMA 200,RSI(2) > 70,2 ATR,104,7.221673003802281,65.38461538461539,0.03994880712240297,0.04758854431775661,1.17347465904376,0.6731128522440493,4.154675940729909,4.839621431550114,5.384615384615385,0.02530598288520208,0.05914717667784415
EUR_USD,15,EMA 200,RSI(2) > 70,3 ATR,98,6.805038022813688,66.3265306122449,0.03644091959923977,0.04152094518097705,1.2419184973388149,0.8248432605642282,3.571210120725498,2.521263841947857,6.061224489795919,0.04124341274364369,0.030037595406701246
EUR_USD,15,EMA 200,RSI(2) > 70,sin stop,94,6.527281368821293,67.02127659574468,0.0016830089486445572,0.0019892687220469003,1.17772341789725,0.5566217604703343,0.15820284117258837,0.2005770246368806,6.723404255319149,0.001105905827790719,0.002462098161797238
EUR_USD,15,EMA 100,cierre > EMA 5,2 ATR,99,6.874477186311787,63.63636363636363,0.004827247673768287,0.012531778500615631,1.0224019368907593,0.08811195965798735,0.4778975197030604,4.334744913191484,4.686868686868687,0.044467941265823784,-0.04679784165542029
EUR_USD,15,EMA 100,cierre > EMA 5,3 ATR,99,6.874477186311787,64.64646464646465,0.007059465071491516,0.01219323352115969,1.0494269925783588,0.17879259397909555,0.6988870420776601,3.0768083746703376,5.212121212121212,0.04029191441227182,-0.03622000383743165
EUR_USD,15,EMA 100,cierre > EMA 5,sin stop,97,6.73559885931559,64.94845360824742,-8.954512256227413e-05,0.00021937357571290332,0.9901403754089113,-0.03268748159733161,-0.00868587688854059,0.16821980739087466,5.680412371134021,0.0017880798529242125,-0.0025483397333183866
EUR_USD,15,EMA 100,RSI(2) > 70,2 ATR,95,6.596720532319392,63.1578947368421,0.02819406570172873,0.0359209747441756,1.123347856384344,0.46684109292074033,2.6784362416642296,4.564845085047823,5.473684210526316,0.03630718673322547,0.01795607963817332
EUR_USD,15,EMA 100,RSI(2) > 70,3 ATR,95,6.596720532319392,64.21052631578948,0.02229851659918147,0.02744709499883263,1.144302067125525,0.5071112742571323,2.1183590769222396,2.6713398735888387,6.126315789473685,0.04433367623994837,-0.0055077562808338735
EUR_USD,15,EMA 100,RSI(2) > 70,sin stop,93,6.457842205323194,64.51612903225806,0.0011540238750087774,0.0014638886709192596,1.1218412721233095,0.3932066836689307,0.10732422037581629,0.17687902236705585,6.698924731182796,0.002003674121112954,7.641868482787294e-05
EUR_USD,15,sin filtro,cierre > EMA 5,2 ATR,303,21.040066539923956,64.68646864686468,-0.009280867634948944,-0.0013719675477935486,0.9632418533979681,-0.2667390158913858,-2.81210289338953,10.590735387351913,4.7194719471947195,0.014721512798682217,-0.02882771637131922
EUR_USD,15,sin filtro,cierre > EMA 5,3 ATR,269,18.679134980988593,64.31226765799256,-0.007110633021448027,-0.0018990790653694851,0.9568808980225294,-0.2702011249120021,-1.9127602827695194,8.125523632512348,5.338289962825279,0.01851592467505795,-0.028378932606303333
EUR_USD,15,sin filtro,cierre > EMA 5,sin stop,243,16.873716730038023,66.2551440329218,-0.0006221032937513757,-0.0003081188665170481,0.9384301968753379,-0.3387377617654172,-0.1511711003815843,0.4650050716824791,5.962962962962963,0.0008472508442677222,-0.0018576965461765261
EUR_USD,15,sin filtro,RSI(2) > 70,2 ATR,294,20.415114068441063,62.925170068027214,0.002612464939505056,0.0105131699020515,1.0094527493669474,0.06797144845184576,0.7680646922144865,11.144335136769536,5.275510204081633,0.032782150564526116,-0.02231031883768625
EUR_USD,15,sin filtro,RSI(2) > 70,3 ATR,257,17.845865019011406,63.81322957198443,0.007824354644895396,0.013038002517055808,1.0447706012927858,0.2716329509112858,2.010859143738117,7.943864909144041,6.101167315175097,0.0360801869659168,-0.015789448080529626
EUR_USD,15,sin filtro,RSI(2) > 70,sin stop,230,15.971007604562738,65.21739130434783,0.00023695897318966162,0.0005497993130719015,1.021698004985606,0.11237966669717946,0.05450056383362217,0.441288038170514,6.856521739130435,0.0015948069191946668,-0.0009442583456927413
EUR_USD,20,EMA 200,cierre > EMA 5,2 ATR,136,9.443726235741446,66.17647058823529,-0.010060066218458511,-0.002479505173173361,0.9559322560675457,-0.21063705100403546,-1.3681690057103575,5.509299649027543,4.242647058823529,0.018199841777218128,-0.050431363355139425
EUR_USD,20,EMA 200,cierre > EMA 5,3 ATR,125,8.679895437262358,66.4,-0.0018009431841520432,0.00327173184788732,0.9877459454964242,-0.05089476972519423,-0.2251178980190054,4.145557377052887,4.824,0.025031089548268146,-0.038252006518760595
EUR_USD,20,EMA 200,cierre > EMA 5,sin stop,120,8.332699619771864,67.5,-0.0007205351017509666,-0.00041658337719226933,0.9231604186491984,-0.2911912664341687,-0.08646421221011599,0.23218793181015618,5.358333333333333,0.00020241416443127704,-0.0020126640744061067
EUR_USD,20,EMA 200,RSI(2) > 70,2 ATR,127,8.818773764258555,65.35433070866141,0.015299620985845431,0.022884722580894183,1.0608984948185756,0.27938348777743,1.9430518652023698,4.963848347253551,5.086614173228346,0.051731450452788874,-0.03899094841587421
EUR_USD,20,EMA 200,RSI(2) > 70,3 ATR,117,8.124382129277567,66.66666666666666,0.029354934399005706,0.034425617146319996,1.1902091217014226,0.7328714353279885,3.4345273246836676,2.61981180143393,5.871794871794871,0.057692122887675876,-0.009970143503638607
EUR_USD,20,EMA 200,RSI(2) > 70,sin stop,111,7.7077471482889734,67.56756756756756,0.001111249251133992,0.0014154679084631796,1.1113364446249123,0.39883456855563415,0.12334866687587312,0.1640788396387416,6.5675675675675675,0.0021464386426155767,-0.00040702852303900147
EUR_USD,20,EMA 100,cierre > EMA 5,2 ATR,130,9.027091254752852,65.38461538461539,-0.006436214675831414,0.0012127950620085827,0.9704502577606928,-0.13579149590837475,-0.8367079078580839,6.574510772742559,4.369230769230769,0.005228015088167117,-0.021849661149686613
EUR_USD,20,EMA 100,cierre > EMA 5,3 ATR,126,8.749334600760456,65.87301587301587,0.0014880420003238175,0.006612335262336923,1.0104744069386586,0.043274172343930266,0.187493292040801,4.649374180135933,5.0,0.02002993415799413,-0.023234480876569947
EUR_USD,20,EMA 100,cierre > EMA 5,sin stop,124,8.610456273764258,66.12903225806451,-0.00035405371125338795,-4.5907048330142134e-05,0.9604875040284411,-0.15173238585503207,-0.04390266019542011,0.21323869319857386,5.475806451612903,0.0006704644117529327,-0.0017265213854694011
EUR_USD,20,EMA 100,RSI(2) > 70,2 ATR,121,8.402138783269962,64.46280991735537,0.01307624673715537,0.0206883420576178,1.0538112562217894,0.2394054361940635,1.5822258551957997,6.726455963933965,5.264462809917355,0.036794128802059616,-0.019477709038203388
EUR_USD,20,EMA 100,RSI(2) > 70,3 ATR,117,8.124382129277567,65.8119658119658,0.02643423617314725,0.03153499796447051,1.1730893054758484,0.6738126850173962,3.0928056322582282,3.9845975580521893,6.034188034188034,0.050768774490953565,-0.007336143533196222
EUR_USD,20,EMA 100,RSI(2) > 70,sin stop,115,7.985503802281369,66.08695652173913,0.0011743647313753021,0.0014811288784774986,1.1224532466776054,0.4489606033105668,0.13505194410815974,0.17693085114682214,6.660869565217391,0.0025142785367799026,-0.0006959316220019556
EUR_USD,20,sin filtro,cierre > EMA 5,2 ATR,354,24.581463878326996,64.12429378531074,-0.022114196701244218,-0.014271215057990628,0.9125381500036418,-0.7005950449732898,-7.828425632240453,13.611780224785896,4.536723163841808,0.012032191005779964,-0.05092521132904585
EUR_USD,20,sin filtro,cierre > EMA 5,3 ATR,311,21.595579847908745,63.344051446945336,-0.015984631408310516,-0.01079083309449921,0.9027516057062392,-0.6701430763181032,-4.971220367984571,9.385687567130624,5.186495176848875,0.007657359801096354,-0.03559357705846563
EUR_USD,20,sin filtro,cierre > EMA 5,sin stop,282,19.58184410646388,65.60283687943263,-0.0010016438251395337,-0.0006896563987768295,0.8990061060977798,-0.6083180737985607,-0.2824635586893485,0.5494762699077012,5.7304964539007095,0.0006479494574662925,-0.002412480185262937
EUR_USD,20,sin filtro,RSI(2) > 70,2 ATR,340,23.609315589353614,62.35294117647059,-0.010127236987987903,-0.0023106702369613875,0.963729305208154,-0.28781463230476884,-3.443260575915887,14.536923028604008,5.141176470588236,0.043492616614361185,-0.05667634066475249
EUR_USD,20,sin filtro,RSI(2) > 70,3 ATR,292,20.276235741444868,62.671232876712324,0.0003378756109286901,0.005522277027542429,1.0019370261390534,0.012813730675685218,0.09865967839117751,8.76605852254944,6.044520547945205,0.035198094317093476,-0.02963747168418116
EUR_USD,20,sin filtro,RSI(2) > 70,sin stop,262,18.1930608365019,64.50381679389314,-0.0001574188997239507,0.00015277126690371458,0.9855330445949947,-0.08166358988842863,-0.04124375172767508,0.5371881086102601,6.740458015267175,0.0021606801879127772,-0.002272472811801257
EUR_USD,25,EMA 200,cierre > EMA 5,2 ATR,171,11.874096958174905,69.00584795321637,0.019054280765222385,0.02678595631733018,1.0886845754990022,0.4473633517297125,3.258282010853028,4.027332122359256,4.116959064327485,0.024517035825246353,0.012061954288391696
EUR_USD,25,EMA 200,cierre > EMA 5,3 ATR,157,10.901948669201522,69.42675159235668,0.013518408929320727,0.018697936462726262,1.0943401774212487,0.42027924798369554,2.1223902019033543,3.4116907799062557,4.598726114649682,0.023912079390022746,0.00026271326929496776
EUR_USD,25,EMA 200,cierre > EMA 5,sin stop,150,10.415874524714829,70.66666666666667,0.0007511307628144379,0.0010620114637715037,1.0876604724373677,0.3452649050214602,0.11266961442216569,0.21592734717191003,5.086666666666667,0.0008260677685152215,0.0006557563919225307
EUR_USD,25,EMA 200,RSI(2) > 70,2 ATR,159,11.040826996197719,67.9245283018868,0.02958174116634694,0.03729510722042748,1.1164178725092868,0.5897572582423984,4.7034968454491635,5.05318770589912,5.0251572327044025,0.06049585364508541,-0.011788615239023623
EUR_USD,25,EMA 200,RSI(2) > 70,3 ATR,145,10.068678707224334,68.96551724137932,0.027382437319598232,0.03253951873658722,1.169569492019922,0.7425888171916778,3.970453411341744,3.310306326315975,5.751724137931035,0.05652471627002694,-0.01163061353339501
EUR_USD,25,EMA 200,RSI(2) > 70,sin stop,137,9.513165399239544,70.07299270072993,0.00159502771653242,0.001904885366001975,1.1634250099468095,0.6416570378030833,0.21851879716494152,0.17746826371854849,6.4963503649635035,0.0028464987945561026,-0.00010956220008604503
EUR_USD,25,EMA 100,cierre > EMA 5,2 ATR,172,11.943536121673004,66.27906976744185,-0.007025856532327607,0.0007013018052822444,0.9683924867033481,-0.16740196384453998,-1.2084473235603483,7.09726142559104,4.203488372093023,0.012334682255270244,-0.032065486697620806
EUR_USD,25,EMA 100,cierre > EMA 5,3 ATR,164,11.388022813688213,67.07317073170732,0.003289467089331917,0.00847130105548642,1.0230880583484292,0.10848097281741348,0.5394726026504344,5.538686408395858,4.829268292682927,0.020183927011839832,-0.01883989590775592
EUR_USD,25,EMA 100,cierre > EMA 5,sin stop,162,11.249144486692016,67.28395061728395,-0.0004558935078592765,-0.00014441341299122965,0.9504371567869848,-0.21662070548459295,-0.07385474827320279,0.32877118099408015,5.395061728395062,0.0009294371012899723,-0.0022766137370268595
EUR_USD,25,EMA 100,RSI(2) > 70,2 ATR,160,11.110266159695817,65.625,0.004456845494648437,0.012130099149033508,1.0170469965037034,0.08985313690334772,0.7130952791437499,6.921957658212775,5.06875,0.053680729671362955,-0.06214017427384769
EUR_USD,25,EMA 100,RSI(2) > 70,3 ATR,151,10.485313688212928,66.88741721854305,0.01771969517970838,0.02286111524135336,1.1103769471075051,0.5059003171957864,2.6756739721359653,5.185917147150862,5.894039735099338,0.0561219428872021,-0.03592153971329872
EUR_USD,25,EMA 100,RSI(2) > 70,sin stop,149,10.34643536121673,67.11409395973155,0.00045160859355854725,0.0007606810425529547,1.0440377901371425,0.19004634870303855,0.06728968044022354,0.322313709400303,6.6375838926174495,0.003228288380697302,-0.0034447001400071246
EUR_USD,25,sin filtro,cierre > EMA 5,2 ATR,415,28.817252851711025,64.33734939759036,-0.018249750763851755,-0.010391659694691968,0.9267152932019398,-0.6297556180453753,-7.5736465669984785,15.220459180793735,4.4072289156626505,0.013013972174476366,-0.04465022791177326
EUR_USD,25,sin filtro,cierre > EMA 5,3 ATR,368,25.55361216730038,64.13043478260869,-0.01252836631120431,-0.0073307087507282305,0.9220841882113745,-0.5772770573462442,-4.610438802523186,10.981091239592413,5.0,0.009598114424992045,-0.03152584977157493
EUR_USD,25,sin filtro,cierre > EMA 5,sin stop,333,23.12324144486692,65.76576576576578,-0.0007285920457168672,-0.0004156548697936802,0.9239582804630159,-0.4869363334314672,-0.24262115122371675,0.6357939058734609,5.51951951951952,0.0007943642356735981,-0.0020547618413096877
EUR_USD,25,sin filtro,RSI(2) > 70,2 ATR,391,27.150712927756654,63.171355498721226,-0.003945158589646133,0.0038838093214542064,0.9857614517298768,-0.12014925327980738,-1.542557008551638,15.662156018685376,5.084398976982097,0.04543342731194016,-0.046504796914346704
EUR_USD,25,sin filtro,RSI(2) > 70,3 ATR,340,23.609315589353614,63.8235294117647,0.0022589414211805505,0.0074302165352974955,1.0129291744151887,0.09213459380198762,0.7680400832013872,9.936384974078331,5.9,0.0346238616407626,-0.026509876551781275
EUR_USD,25,sin filtro,RSI(2) > 70,sin stop,304,21.10950570342205,65.13157894736842,0.0001846579384230863,0.0004948774768466995,1.017338752163091,0.10415198074906958,0.056136013280618235,0.6153958491138183,6.595394736842105,0.0024088227812293027,-0.0018705829922712662
WTICO_USD,5,EMA 200,cierre > EMA 5,2 ATR,43,2.992141360259097,60.46511627906976,-0.07294078613636036,-0.06458359214208037,0.7700795802272311,-0.725849896644436,-3.1364538038634953,5.539130488726421,4.837209302325581,-0.07373658478031254,-0.07210709231888669
WTICO_USD,5,EMA 200,cierre > EMA 5,3 ATR,43,2.992141360259097,62.7906976744186,-0.045608847063264395,-0.04005036010126889,0.7849704507829832,-0.6140886547681523,-1.961180423720369,3.5770038931990498,5.744186046511628,-0.02709013324817088,-0.06500940439336235
WTICO_USD,5,EMA 200,cierre > EMA 5,sin stop,42,2.922556677462374,64.28571428571429,-0.002855247947443059,-0.0025255774278241114,0.7817567602894536,-0.5507876992455254,-0.11992041379260848,0.20712573398688094,6.714285714285714,-0.0010347213930126191,-0.004857827157316542
WTICO_USD,5,EMA 200,RSI(2) > 70,2 ATR,43,2.992141360259097,60.46511627906976,-0.08090746840821413,-0.07255027441393411,0.7625066318040724,-0.7596679045637635,-3.4790211415532073,5.986592813907555,5.162790697674419,-0.14858190271063237,-0.010010441996156869
WTICO_USD,5,EMA 200,RSI(2) > 70,3 ATR,42,2.922556677462374,61.904761904761905,-0.06243535448715295,-0.05686112474041445,0.7405395186517872,-0.7658903274578784,-2.622284888460424,4.2569033837261845,6.166666666666667,-0.10215407269071958,-0.02271663628358633
WTICO_USD,5,EMA 200,RSI(2) > 70,sin stop,41,2.852971994665651,63.41463414634146,-0.0034548796823784134,-0.003124335184236258,0.7602053190225001,-0.6264114479872991,-0.14165006697751495,0.2216749924372323,7.2682926829268295,-0.0046563053166429474,-0.002193382766400653
WTICO_USD,5,EMA 100,cierre > EMA 5,2 ATR,40,2.7833873118689274,62.5,0.0018771547942204759,0.010211554095010688,1.007005163415097,0.01861312816512537,0.07508619176881903,3.1416703939462116,4.775,0.04256311719503268,-0.03880880760659169
WTICO_USD,5,EMA 100,cierre > EMA 5,3 ATR,40,2.7833873118689274,65.0,0.014308184751221708,0.01986445095174851,1.0844201382236012,0.1989724234846328,0.5723273900488683,2.7383696586493755,5.45,0.08598309372926301,-0.05736672422681962
WTICO_USD,5,EMA 100,cierre > EMA 5,sin stop,40,2.7833873118689274,65.0,0.000921338493233239,0.0012547144652648484,1.0911636720438067,0.19169432591429753,0.03685353972932956,0.20344551513137976,6.35,0.007250769162961741,-0.005408092176495264
WTICO_USD,5,EMA 100,RSI(2) > 70,2 ATR,40,2.7833873118689274,62.5,-0.014725585696085713,-0.0063911863952955,0.9497683265565005,-0.13794223978829728,-0.5890234278434285,4.200787594627791,5.1,-0.03976673252831917,0.010315561136147768
WTICO_USD,5,EMA 100,RSI(2) > 70,3 ATR,40,2.7833873118689274,65.0,-0.004623766597638762,0.0009324996028880373,0.9761835838501679,-0.059330891005256264,-0.18495066390555048,2.4964677050330737,5.9,0.014429860580361803,-0.023677393775639346
WTICO_USD,5,EMA 100,RSI(2) > 70,sin stop,40,2.7833873118689274,65.0,0.00023383677978903138,0.0005672127518206408,1.0209959039822083,0.046607816118536004,0.009353471191561255,0.20231781358415502,6.9,0.003854405909002509,-0.0033867323494244468
WTICO_USD,5,sin filtro,cierre > EMA 5,2 ATR,133,9.254762811964184,57.14285714285714,-0.15059902295203131,-0.14273606464105407,0.6010257767035104,-2.5429909291442216,-20.029670052620165,21.29724091235284,4.887218045112782,-0.06939138759158417,-0.20965912139599285
WTICO_USD,5,sin filtro,cierre > EMA 5,3 ATR,116,8.07182320441989,55.172413793103445,-0.13213803854010386,-0.12689540621176218,0.5260463579488753,-2.5942215848740706,-15.328012470652048,15.753093775097618,5.974137931034483,-0.0857062495621887,-0.16609561555380298
WTICO_USD,5,sin filtro,cierre > EMA 5,sin stop,101,7.028052962469042,58.415841584158414,-0.008563846021890578,-0.008249444236224287,0.5266352272756304,-1.8920276975222896,-0.8649484482109483,0.8997115735690516,7.148514851485149,-0.0030299929330344757,-0.012835592265919847
WTICO_USD,5,sin filtro,RSI(2) > 70,2 ATR,133,9.254762811964184,56.390977443609025,-0.1361796241918113,-0.128316665880834,0.6454310605143905,-2.196787926207384,-18.111890017510902,20.110128877662913,5.2105263157894735,-0.07587807959816648,-0.1800352929871893
WTICO_USD,5,sin filtro,RSI(2) > 70,3 ATR,115,8.002238521623166,53.91304347826087,-0.13628200335421245,-0.13103636804912686,0.5426812094622686,-2.5011322474753213,-15.672430385734433,16.097511690180006,6.3652173913043475,-0.10766656450167068,-0.1567826162634961
WTICO_USD,5,sin filtro,RSI(2) > 70,sin stop,98,6.819298914078872,56.12244897959183,-0.008683695289957858,-0.008370456465500543,0.5408632995453981,-1.8592659296250102,-0.8510021384158701,0.904413798217528,7.8061224489795915,-0.0035422842712576168,-0.012703343904578047
WTICO_USD,10,EMA 200,cierre > EMA 5,2 ATR,88,6.123452086111641,60.22727272727273,-0.05239523740481271,-0.044158901088967015,0.8310229008990377,-0.7397289394367503,-4.610780891623518,8.351654350431758,4.568181818181818,-0.02454067716992361,-0.08739199257172466
WTICO_USD,10,EMA 200,cierre > EMA 5,3 ATR,85,5.914698037721471,62.35294117647059,-0.028993928340620798,-0.02352123570201636,0.8579025259455009,-0.5487166077497616,-2.4644839089527677,5.412210935478372,5.435294117647059,-0.00627770741467462,-0.057090306854291055
WTICO_USD,10,EMA 200,cierre > EMA 5,sin stop,82,5.705943989331302,63.41463414634146,-0.0036818118359695667,-0.003355000850778529,0.7420623338829768,-0.9227914176612779,-0.3019085705495045,0.45520674155318963,6.536585365853658,-0.0028030041828769727,-0.004804732726032326
WTICO_USD,10,EMA 200,RSI(2) > 70,2 ATR,87,6.053867403314918,57.47126436781609,-0.06365743102379233,-0.055399119672867175,0.8161179974587723,-0.8240787401772532,-5.538196499069932,10.205485802493147,5.195402298850575,-0.06704044308552021,-0.05949372387089641
WTICO_USD,10,EMA 200,RSI(2) > 70,3 ATR,83,5.775528672128025,61.44578313253012,-0.026422506098408138,-0.02094374871577758,0.8826499648805582,-0.4511049101182301,-2.1930680061678753,5.895030185406423,6.144578313253012,-0.016236038548669115,-0.03908676305213776
WTICO_USD,10,EMA 200,RSI(2) > 70,sin stop,79,5.497189940941132,62.0253164556962,-0.003806235736118138,-0.0034787531131192143,0.7627971947939033,-0.863687344066951,-0.3006926231533329,0.49924490331979454,7.493670886075949,-0.003889641627093027,-0.003701382616035417
WTICO_USD,10,EMA 100,cierre > EMA 5,2 ATR,83,5.775528672128025,66.26506024096386,0.04289417820383781,0.05104459101842404,1.1753593467708137,0.6259672028967079,3.5602167909185383,5.451818468881067,4.481927710843373,0.11615433493670356,-0.048186016653238475
WTICO_USD,10,EMA 100,cierre > EMA 5,3 ATR,82,5.705943989331302,67.07317073170732,0.015103899201072976,0.020558350291032687,1.084877074837799,0.2903746630055326,1.2385197344879841,4.723453134078282,5.073170731707317,0.07813368074278748,-0.06155394321452576
WTICO_USD,10,EMA 100,cierre > EMA 5,sin stop,81,5.636359306534578,66.66666666666666,0.00010018988601952568,0.00042924890327585225,1.0088448531255032,0.02810080463703871,0.00811538076758158,0.3817001326807623,6.074074074074074,0.004782036833926384,-0.00546741188986971
WTICO_USD,10,EMA 100,RSI(2) > 70,2 ATR,82,5.705943989331302,63.41463414634146,0.03996799782830835,0.048140677771561065,1.1416680564565134,0.5184334317503496,3.277375821921285,5.8770313314046385,5.109756097560975,0.0882716879724179,-0.018779733428041148
WTICO_USD,10,EMA 100,RSI(2) > 70,3 ATR,80,5.566774623737855,65.0,0.01600956354514525,0.0214854307881509,1.0788212952033351,0.27222529723259303,1.28076508361162,4.6535590827352635,5.875,0.07319637915985559,-0.05045078973681541
WTICO_USD,10,EMA 100,RSI(2) > 70,sin stop,79,5.497189940941132,64.55696202531645,0.00020721555405314826,0.0005376211717947653,1.0158400292780263,0.05181920862018183,0.016370028770198712,0.35952174436843654,7.037974683544304,0.0046187277869279685,-0.004800446980561514
WTICO_USD,10,sin filtro,cierre > EMA 5,2 ATR,219,15.239045532482379,56.62100456621004,-0.1077298766075436,-0.09989003094320228,0.6953934554456171,-2.3236603991323275,-23.592842977052047,26.402628958488425,4.726027397260274,-0.0445464903423505,-0.16082515918333612
WTICO_USD,10,sin filtro,cierre > EMA 5,3 ATR,185,12.873166317393789,55.67567567567567,-0.10830835968245026,-0.10304668603790486,0.5922271844789098,-2.655731825517944,-20.037046541253297,21.549146900053845,5.7405405405405405,-0.039181532358894704,-0.16579997844659547
WTICO_USD,10,sin filtro,cierre > EMA 5,sin stop,158,10.994379881882264,58.22784810126582,-0.00713159499000024,-0.006814914449836376,0.584029751855216,-2.0369825606560377,-1.126792008420038,1.183626362617198,6.8544303797468356,-0.0023473945023956425,-0.011346247800509055
WTICO_USD,10,sin filtro,RSI(2) > 70,2 ATR,217,15.099876166888931,54.83870967741935,-0.10125321336531684,-0.09341906000658941,0.7288788847487301,-2.043295162110221,-21.971947300273754,26.92039769138953,5.193548387096774,-0.040473299888995264,-0.15224653060392568
WTICO_USD,10,sin filtro,RSI(2) > 70,3 ATR,184,12.803581634597066,53.80434782608695,-0.09634867661412602,-0.09109714598150054,0.6513153917943454,-2.224373314013726,-17.728156496999187,20.596151496903204,6.309782608695652,-0.028776018644621697,-0.15187868266827315
WTICO_USD,10,sin filtro,RSI(2) > 70,sin stop,153,10.646456467898648,56.209150326797385,-0.006760118683387388,-0.006445221654388036,0.6310045979213926,-1.8102403471855066,-1.0342981585582705,1.1878447989794636,7.73202614379085,-0.0015814785316063385,-0.011363354373859432
WTICO_USD,15,EMA 200,cierre > EMA 5,2 ATR,136,9.463516860354353,62.5,-0.024127839345583973,-0.015984878085579017,0.913323567203361,-0.445578506352838,-3.2813861509994204,9.060870411614488,4.235294117647059,0.04591141661358827,-0.12119979058724376
WTICO_USD,15,EMA 200,cierre > EMA 5,3 ATR,124,8.628500666793675,62.903225806451616,-0.026606537138027964,-0.021180622899921935,0.8635830238739557,-0.6232600818873024,-3.2992106051154675,7.020533598917412,4.935483870967742,0.014916714354430458,-0.0841002699737396
WTICO_USD,15,EMA 200,cierre > EMA 5,sin stop,119,8.28057725281006,64.70588235294117,-0.002370230098649004,-0.002045989255012081,0.8133311987622485,-0.7545674674111262,-0.28205738173923145,0.5284305792518158,5.882352941176471,0.0002786211450736539,-0.006154303303967084
WTICO_USD,15,EMA 200,RSI(2) > 70,2 ATR,131,9.115593446370738,59.541984732824424,-0.06299913251688839,-0.054790147757565064,0.8093105758894782,-1.0465697867209678,-8.25288635971238,12.938768736499183,4.9465648854961835,-0.02468120666035141,-0.11431778321760756
WTICO_USD,15,EMA 200,RSI(2) > 70,3 ATR,118,8.210992570013337,61.016949152542374,-0.04187117975216355,-0.0364032938121761,0.8133624941665404,-0.8811517746976477,-4.940799210755299,8.44635927988567,5.838983050847458,-0.015342028655384483,-0.07795082524378309
WTICO_USD,15,EMA 200,RSI(2) > 70,sin stop,112,7.793484473232997,62.5,-0.0034853022691072534,-0.00315826978661593,0.7647796820938266,-0.994882055206019,-0.3903538541400124,0.6216049857404113,7.026785714285714,-0.0017642961294401212,-0.005865417143114991
WTICO_USD,15,EMA 100,cierre > EMA 5,2 ATR,125,8.698085349590398,66.4,0.029575397298123245,0.03766526495776616,1.124633493408968,0.5501123892009663,3.6969246622654057,6.360299400675723,4.112,0.09921084584298466,-0.06818205931293221
WTICO_USD,15,EMA 100,cierre > EMA 5,3 ATR,118,8.210992570013337,66.10169491525424,0.005586591313012288,0.011012486835017765,1.0327553312423554,0.13477029928033007,0.65921777493545,5.375343149622688,4.762711864406779,0.06107363280192931,-0.06987578511191488
WTICO_USD,15,EMA 100,cierre > EMA 5,sin stop,116,8.07182320441989,66.37931034482759,-0.0009500528466906611,-0.0006238532066595866,0.917331211226867,-0.3150470769439232,-0.1102061302161167,0.5122767387877385,5.7155172413793105,0.003259078677626782,-0.0067053959513696144
WTICO_USD,15,EMA 100,RSI(2) > 70,2 ATR,121,8.419746618403506,65.28925619834712,0.0254521621053736,0.03358598136456142,1.093403181932528,0.42076053838042926,3.0797116147502055,5.770575685758786,4.7190082644628095,0.06830421541792048,-0.033364381656945635
WTICO_USD,15,EMA 100,RSI(2) > 70,3 ATR,113,7.86306915602972,65.48672566371681,0.007699426808771164,0.01316180600441067,1.0400756997627183,0.16478050652994222,0.8700352293911415,4.701610519052823,5.530973451327434,0.053895211517615796,-0.05263792464767897
WTICO_USD,15,EMA 100,RSI(2) > 70,sin stop,111,7.723899790436274,65.76576576576578,-0.0007799036503157237,-0.0004514464530703048,0.9398575505331401,-0.2320024388075984,-0.08656930518504533,0.5098307925154549,6.648648648648648,0.003012338888559252,-0.0057572219825891315
WTICO_USD,15,sin filtro,cierre > EMA 5,2 ATR,296,20.597066107830063,60.47297297297297,-0.0654299411885535,-0.05761393982359988,0.7933555929007896,-1.6882818561031028,-19.367262591811837,24.23873965863971,4.4425675675675675,0.013061825943544327,-0.1378054667259424
WTICO_USD,15,sin filtro,cierre > EMA 5,3 ATR,249,17.326586016384073,59.43775100401606,-0.07099199077211321,-0.0657219274085287,0.6977647133796728,-2.099689758976065,-17.67700570225619,20.191393693842784,5.337349397590361,-0.0036754559451852575,-0.13361202316925547
WTICO_USD,15,sin filtro,cierre > EMA 5,sin stop,215,14.960706801295485,62.32558139534884,-0.004757364893227986,-0.004443304297519043,0.684081743071793,-1.663995937780163,-1.022833452044017,1.2032742902668176,6.251162790697674,0.0006306144573789862,-0.010195699191036894
WTICO_USD,15,sin filtro,RSI(2) > 70,2 ATR,288,20.04038864545628,58.333333333333336,-0.07673551219821724,-0.06891283269549954,0.782875870518372,-1.8134341306533177,-22.099827513086566,27.333620662081792,4.961805555555555,0.0020261948338236384,-0.14919628266769486
WTICO_USD,15,sin filtro,RSI(2) > 70,3 ATR,238,16.56115450562012,57.14285714285714,-0.07476033800905604,-0.06948716298463604,0.7096658489036201,-2.0290972156293217,-17.792960446155337,20.944069025455132,6.092436974789916,-0.0041787163986401355,-0.14075128504318474
WTICO_USD,15,sin filtro,RSI(2) > 70,sin stop,201,13.986521242141361,59.70149253731343,-0.005085165201932592,-0.004771414980430077,0.6971144506431799,-1.627611419448606,-1.022118205588451,1.2593540849999694,7.2835820895522385,0.000778015213390275,-0.011126017751053123
WTICO_USD,20,EMA 200,cierre > EMA 5,2 ATR,183,12.733996951800343,68.85245901639344,-0.0009390257656060422,0.007202431593598933,0.9961789396182622,-0.021098987611515112,-0.17184171510590573,9.491029061958105,3.8688524590163933,0.06532282455952126,-0.10078564954319515
WTICO_USD,20,EMA 200,cierre > EMA 5,3 ATR,168,11.690226709849496,69.04761904761905,-0.02834463685252686,-0.022911744721165157,0.8485704344807297,-0.7863688206324762,-4.761898991224513,9.059348923089917,4.446428571428571,0.02076891055360947,-0.10057044186155085
WTICO_USD,20,EMA 200,cierre > EMA 5,sin stop,161,11.203133930272433,70.80745341614907,-0.002351435528467649,-0.002028077918860376,0.8044427940367582,-0.901924681653379,-0.3785811200832915,0.6595219338796837,5.39751552795031,0.0008187439477615786,-0.007282825824824226
WTICO_USD,20,EMA 200,RSI(2) > 70,2 ATR,171,11.898980758239665,64.32748538011695,-0.03154036405449768,-0.023313438369304693,0.8985084915640615,-0.5979530490976239,-5.3934022533191035,11.52695786202352,4.760233918128655,0.029152995806818068,-0.11702396949297057
WTICO_USD,20,EMA 200,RSI(2) > 70,3 ATR,153,10.646456467898648,65.359477124183,-0.03648833792466482,-0.031002213631228015,0.8347502690517937,-0.8752789318730113,-5.582715702473718,9.410082684370185,5.666666666666667,0.00639687204066471,-0.09775292358942134
WTICO_USD,20,EMA 200,RSI(2) > 70,sin stop,145,10.089779005524862,66.89655172413794,-0.0034675375726126454,-0.003140923569504515,0.767332221608018,-1.1153594033266836,-0.5027929480288336,0.761796253298572,6.944827586206896,-0.00015934787187874734,-0.008429822123713494
WTICO_USD,20,EMA 100,cierre > EMA 5,2 ATR,167,11.620642027052773,71.25748502994011,0.02898504552933556,0.037150033205669133,1.1308691998796476,0.6477467140154024,4.840502603399038,5.911060839567504,3.8323353293413174,0.08287228170698516,-0.04755044933167406
WTICO_USD,20,EMA 100,cierre > EMA 5,3 ATR,159,11.063964564678987,71.69811320754717,0.009291119469763416,0.014731497432822793,1.058996720760478,0.27026618627463644,1.4772879956923832,4.517339377787241,4.377358490566038,0.04810476923146649,-0.04540084155809093
WTICO_USD,20,EMA 100,cierre > EMA 5,sin stop,156,10.855210516288818,71.7948717948718,-0.0007977758582912961,-0.0004712673433195885,0.9255559253773454,-0.3191067860090288,-0.1244530338934422,0.5319335214462383,5.282051282051282,0.002588724253213777,-0.005665869768579839
WTICO_USD,20,EMA 100,RSI(2) > 70,2 ATR,154,10.716041150695371,67.53246753246754,0.023277150193122778,0.03149533494913457,1.0850200877395644,0.43072736023476693,3.584681129740908,6.447042141732567,4.688311688311688,0.07171778332268029,-0.04304925516888674
WTICO_USD,20,EMA 100,RSI(2) > 70,3 ATR,145,10.089779005524862,68.96551724137932,0.017624049551020392,0.02310500931206564,1.0966301884761271,0.43758234850827665,2.555487184897957,4.230672124585852,5.496551724137931,0.05064166056568211,-0.02657694583957515
WTICO_USD,20,EMA 100,RSI(2) > 70,sin stop,142,9.881024957134693,69.01408450704226,-0.00047259885507722785,-0.00014359552768924625,0.9624185762714494,-0.16214324058234306,-0.06710903742096636,0.48885643240516086,6.605633802816901,0.0028079127572184135,-0.004955964725214603
WTICO_USD,20,sin filtro,cierre > EMA 5,2 ATR,365,25.398409220803963,64.93150684931507,-0.03914553580612036,-0.03128470441592784,0.8635199239174072,-1.163085999175832,-14.288120569233932,20.382476614840677,4.208219178082191,0.013786417559177833,-0.08843666698227107
WTICO_USD,20,sin filtro,cierre > EMA 5,3 ATR,314,21.84959039817108,65.60509554140127,-0.04773367024689227,-0.04243864620344454,0.7695146135413685,-1.6822793993293341,-14.988372457524173,16.443980716270154,4.929936305732484,-0.004669581266428411,-0.08813948212979662
WTICO_USD,20,sin filtro,cierre > EMA 5,sin stop,272,18.927033720708707,68.38235294117648,-0.0036982973838982055,-0.003383405383625155,0.7267292941971866,-1.547458302065213,-1.005936888420312,1.1465640726907154,5.713235294117647,4.510810935421092e-05,-0.007497160736309919
WTICO_USD,20,sin filtro,RSI(2) > 70,2 ATR,348,24.21546961325967,62.06896551724138,-0.04300310869333522,-0.03512080008620727,0.8702087600562252,-1.123205040108439,-14.965081825280658,20.81878739460058,4.899425287356322,0.015492732715987393,-0.09635645855018991
WTICO_USD,20,sin filtro,RSI(2) > 70,3 ATR,290,20.179558011049725,62.41379310344828,-0.04669540696774564,-0.041394811707688495,0.8008170688555042,-1.4464710565075547,-13.541668020646236,16.207133401045702,5.93448275862069,0.004374808002790092,-0.09502359697342037
WTICO_USD,20,sin filtro,RSI(2) > 70,sin stop,246,17.117831967993904,65.04065040650406,-0.0036725340411435385,-0.0033576215741822884,0.7647226482504966,-1.3481366043917233,-0.9034433741213105,1.113841633699,7.008130081300813,0.0006909597066575139,-0.008180275516144626
WTICO_USD,25,EMA 200,cierre > EMA 5,2 ATR,223,15.517384263669271,71.74887892376681,0.017621911725502672,0.025745646927927607,1.0794939915053579,0.45905364161250883,3.9296863147870957,9.268808092720045,3.757847533632287,0.07773795960624061,-0.07288989070167579
WTICO_USD,25,EMA 200,cierre > EMA 5,3 ATR,208,14.473614021718424,72.11538461538461,-0.006134028928751,-0.0007314137428304352,0.962335598191901,-0.20285561836676175,-1.275878017180208,7.285017835417191,4.259615384615385,0.03590454350445107,-0.06944513199080232
WTICO_USD,25,EMA 200,cierre > EMA 5,sin stop,199,13.847351876547915,73.86934673366834,-0.0009831194230588225,-0.0006602441285059665,0.9065565905171543,-0.4502076141569549,-0.19564076518870568,0.5368869138390462,5.055276381909548,0.0017523765262131607,-0.005226645190519206
WTICO_USD,25,EMA 200,RSI(2) > 70,2 ATR,198,13.777767193751192,66.16161616161617,0.008674262773550562,0.016916879475015415,1.0308631986913155,0.1818118563501171,1.7175040291630115,7.107462353579782,4.666666666666667,0.061442434174252054,-0.06293968412740147
WTICO_USD,25,EMA 200,RSI(2) > 70,3 ATR,182,12.66441226900362,67.03296703296702,-0.01309118807033227,-0.007599184606660541,0.9357692150004162,-0.35022785683013946,-2.382596228800473,6.869258366870804,5.478021978021978,0.024004687918685725,-0.06367647350990227
WTICO_USD,25,EMA 200,RSI(2) > 70,sin stop,171,11.898980758239665,69.00584795321637,-0.0016787457145344352,-0.0013503350698314584,0.8763582801893541,-0.6002960130795825,-0.2870655171853884,0.5495497198401403,6.5964912280701755,0.0008976477122212842,-0.005307468850810098
WTICO_USD,25,EMA 100,cierre > EMA 5,2 ATR,208,14.473614021718424,73.07692307692307,0.032661023727310286,0.04084235815404884,1.1541741063336235,0.8351482188375343,6.793492935280539,6.256944350929233,3.6778846153846154,0.0860004191114576,-0.0400745154328906
WTICO_USD,25,EMA 100,cierre > EMA 5,3 ATR,197,13.708182510954469,74.61928934010153,0.02348968616921708,0.028943155755981942,1.1650953885516555,0.7969326066302361,4.627468175335765,4.0583764428798235,4.157360406091371,0.06112110783129894,-0.027133535828583535
WTICO_USD,25,EMA 100,cierre > EMA 5,sin stop,194,13.499428462564298,74.74226804123711,0.00022832198063417076,0.0005556113264257195,1.023669640019342,0.1078679295919561,0.04429446424302913,0.4651088814918104,4.938144329896907,0.0033155656447743384,-0.003988401072825571
WTICO_USD,25,EMA 100,RSI(2) > 70,2 ATR,189,13.151505048580683,68.25396825396825,0.04578324818599213,0.054025207522241096,1.1780093192591699,0.9578127514454476,8.653033907152512,8.33670707641384,4.608465608465608,0.09020678057045868,-0.009746167294591044
WTICO_USD,25,EMA 100,RSI(2) > 70,3 ATR,175,12.177319489426559,70.85714285714285,0.04249541802376929,0.04800518554380189,1.2569905103163037,1.1944611309798496,7.436698154159626,4.571844824968207,5.291428571428572,0.06844108492549311,0.010966506345725184
WTICO_USD,25,EMA 100,RSI(2) > 70,sin stop,172,11.968565441036388,70.93023255813954,0.001135398325794233,0.0014661348463078502,1.099349735903507,0.4434669273737373,0.19528851203660808,0.42480905193770635,6.273255813953488,0.003783981555579871,-0.002132334230434801
WTICO_USD,25,sin filtro,cierre > EMA 5,2 ATR,432,30.060582968184416,66.89814814814815,-0.020943389712813613,-0.013094848759160992,0.9213132942003481,-0.7017517952094944,-9.04754435593548,22.795224904771835,4.039351851851852,0.04537985576848826,-0.08485488081297723
WTICO_USD,25,sin filtro,cierre > EMA 5,3 ATR,378,26.303010097161366,68.25396825396825,-0.02548551888632915,-0.020244043427072634,0.8623702482614317,-1.0382705163539168,-9.63352613903242,16.616537870301133,4.648148148148148,0.023078364676255535,-0.07353820367457084
WTICO_USD,25,sin filtro,cierre > EMA 5,sin stop,332,23.1021146885121,71.08433734939759,-0.0020739962153236797,-0.001760567235050378,0.82614769575049,-1.0286671767297484,-0.6885667434874617,1.1490829432758078,5.298192771084337,0.0018192284805990406,-0.006209036109750918
WTICO_USD,25,sin filtro,RSI(2) > 70,2 ATR,399,27.764288435892553,63.90977443609023,-0.006549745893770618,0.0013187976206700083,0.9785012366328473,-0.1878382170023463,-2.6133486116144766,18.21132840609811,4.854636591478696,0.06226761566892545,-0.07038034212583653
WTICO_USD,25,sin filtro,RSI(2) > 70,3 ATR,341,23.728376833682606,65.6891495601173,-0.014645439815375569,-0.009393587794689925,0.9310650382144711,-0.5071755146154172,-4.994094977043069,13.760101482073964,5.709677419354839,0.037531804296138706,-0.06531467109129695
WTICO_USD,25,sin filtro,RSI(2) > 70,sin stop,293,20.388312059439894,68.25938566552901,-0.0014723085324763988,-0.0011578395609452019,0.895870748570798,-0.6084836718828189,-0.4313864000155848,0.973480303763435,6.6552901023890785,0.002769356504669374,-0.005921607522489446
