entry_time,exit_time,bars,R,pts,R_gross,inst,side
2006-01-12 14:45:00-05:00,2006-01-12 15:45:00-05:00,5,0.07284308607325098,0.5,0.21852925821975294,NAS100_USD,Largo
2006-01-31 11:00:00-05:00,2006-01-31 14:00:00-05:00,13,0.8056451745864899,4.0,1.0070564682331122,NAS100_USD,Largo
2006-02-17 10:45:00-05:00,2006-02-17 13:45:00-05:00,13,0.3479836179464367,1.5,0.5799726965773945,NAS100_USD,Largo
2006-03-02 09:45:00-05:00,2006-03-02 09:45:00-05:00,1,-1.3619852769721634,-3.7625432955856013,-1.000000000000039,NAS100_USD,Largo
2006-03-03 10:00:00-05:00,2006-03-03 10:30:00-05:00,3,0.6295162955147064,4.0,0.7868953693933831,NAS100_USD,Largo
2006-03-06 10:00:00-05:00,2006-03-06 11:00:00-05:00,5,0.5266099766260922,2.0,0.7899149649391384,NAS100_USD,Largo
2006-04-07 12:30:00-04:00,2006-04-07 15:45:00-04:00,14,-0.838699886639743,-6.2000000000000455,-0.7034257113752693,NAS100_USD,Largo
2006-04-10 10:15:00-04:00,2006-04-10 10:15:00-04:00,1,-1.3108401442551558,-4.2170876847203544,-0.9999999999999906,NAS100_USD,Largo
2006-04-19 11:15:00-04:00,2006-04-19 14:30:00-04:00,14,0.3183557372058414,1.7999999999999545,0.49522003565353556,NAS100_USD,Largo
2006-04-21 12:00:00-04:00,2006-04-21 14:00:00-04:00,9,-1.1660403228388452,-7.022633435678699,-1.0000000000000162,NAS100_USD,Largo
2006-05-09 10:15:00-04:00,2006-05-09 10:15:00-04:00,1,-1.4226360190376997,-3.366102165823122,-0.9999999999999891,NAS100_USD,Largo
2006-05-10 09:45:00-04:00,2006-05-10 09:45:00-04:00,1,-1.473670782218712,-3.1111709599563255,-0.9999999999999813,NAS100_USD,Largo
2006-05-10 10:15:00-04:00,2006-05-10 10:45:00-04:00,3,-1.3699593797322098,-3.702999450166544,-1.0000000000000322,NAS100_USD,Largo
2006-10-10 10:45:00-04:00,2006-10-10 11:00:00-04:00,2,0.6701477868316124,2.7999999999999545,0.9094862821286207,NAS100_USD,Largo
2006-10-10 14:00:00-04:00,2006-10-10 15:30:00-04:00,7,0.5526022703383103,3.400000000000091,0.7151323498495737,NAS100_USD,Largo
2006-10-17 12:15:00-04:00,2006-10-17 14:00:00-04:00,8,1.1126527633774204,6.2000000000000455,1.2921128865028095,NAS100_USD,Largo
2006-10-18 13:45:00-04:00,2006-10-18 15:45:00-04:00,9,0.3455461331614109,2.7000000000000455,0.47352618248044986,NAS100_USD,Largo
2006-10-26 10:15:00-04:00,2006-10-26 10:15:00-04:00,1,-1.2924337939499484,-4.41957742466343,-0.999999999999982,NAS100_USD,Largo
2006-10-26 11:15:00-04:00,2006-10-26 12:15:00-04:00,5,1.4682486463850135,9.0,1.6313873848722373,NAS100_USD,Largo
2006-11-01 11:00:00-05:00,2006-11-01 11:45:00-05:00,4,-1.1725616158910996,-6.7950315012762985,-1.0000000000000093,NAS100_USD,Largo
2006-11-09 10:30:00-05:00,2006-11-09 11:00:00-05:00,3,0.6950595151041017,3.7000000000000455,0.882913438105208,NAS100_USD,Largo
2006-11-09 15:00:00-05:00,2006-11-09 15:00:00-05:00,1,-1.129138684002985,-8.74361306002561,-1.000000000000004,NAS100_USD,Largo
2006-11-17 09:45:00-05:00,2006-11-17 10:30:00-05:00,4,-1.3063911620385278,-4.2638017146014136,-1.0000000000000155,NAS100_USD,Largo
2006-11-21 11:00:00-05:00,2006-11-21 12:30:00-05:00,7,0.5536499874969801,2.5,0.7751099824957722,NAS100_USD,Largo
2006-11-22 10:30:00-05:00,2006-11-22 11:30:00-05:00,5,1.2819728195439997,6.0,1.4956349561346662,NAS100_USD,Largo
2006-12-06 10:00:00-05:00,2006-12-06 11:30:00-05:00,7,0.8089705843833854,3.7999999999999545,1.0218575802737526,NAS100_USD,Largo
2006-12-18 12:45:00-05:00,2006-12-18 14:30:00-05:00,8,-1.1624502119222142,-7.155732197375073,-0.9999999999999969,NAS100_USD,Largo
2007-01-05 10:15:00-05:00,2007-01-05 11:00:00-05:00,4,-1.1461772356002788,-7.841010475354551,-0.9999999999999845,NAS100_USD,Largo
2007-01-05 11:45:00-05:00,2007-01-05 13:30:00-05:00,8,0.9448679039286657,8.5,1.0560288338026265,NAS100_USD,Largo
2007-01-16 10:00:00-05:00,2007-01-16 10:00:00-05:00,1,-1.2847336297955967,-4.512054409301754,-1.0000000000000262,NAS100_USD,Largo
2007-01-16 11:15:00-05:00,2007-01-16 12:30:00-05:00,6,0.7641107274641402,4.0,0.9551384093301752,NAS100_USD,Largo
2007-02-08 10:15:00-05:00,2007-02-08 12:30:00-05:00,10,0.1793877083923629,0.7999999999999545,0.40362234388282925,NAS100_USD,Largo
2007-02-09 10:45:00-05:00,2007-02-09 10:45:00-05:00,1,-1.2390819079750208,-5.18266697162403,-0.9999999999999952,NAS100_USD,Largo
2007-02-09 11:15:00-05:00,2007-02-09 12:30:00-05:00,6,-1.2091624422706726,-5.780973052063473,-0.9999999999999771,NAS100_USD,Largo
2007-02-20 10:00:00-05:00,2007-02-20 10:00:00-05:00,1,-1.3004623074032073,-4.328204488086385,-1.0000000000000338,NAS100_USD,Largo
2007-02-20 10:30:00-05:00,2007-02-20 11:00:00-05:00,3,0.3767242489870401,1.7000000000000455,0.5983267483911754,NAS100_USD,Largo
2007-02-23 10:15:00-05:00,2007-02-23 10:30:00-05:00,2,-1.2574217309292661,-4.884675922231054,-0.999999999999992,NAS100_USD,Largo
2007-02-23 11:30:00-05:00,2007-02-23 14:30:00-05:00,13,0.4511617509924025,2.5,0.6316264513893635,NAS100_USD,Largo
2007-02-26 10:15:00-05:00,2007-02-26 10:15:00-05:00,1,-1.2241183346470887,-5.46192856811399,-0.9999999999999958,NAS100_USD,Largo
2007-02-26 11:00:00-05:00,2007-02-26 12:30:00-05:00,7,-1.1694930218553843,-6.899947909674438,-1.0000000000000113,NAS100_USD,Largo
2007-03-21 10:15:00-04:00,2007-03-21 13:30:00-04:00,14,0.5894806436961421,2.5,0.8252729011745988,NAS100_USD,Largo
2007-03-22 10:15:00-04:00,2007-03-22 10:30:00-04:00,2,-1.2097302121233084,-5.768030270298823,-1.0000000000000222,NAS100_USD,Largo
2007-03-26 10:45:00-04:00,2007-03-26 13:45:00-04:00,13,1.2125863948227598,8.700000000000045,1.3519641413541108,NAS100_USD,Largo
2007-04-09 11:00:00-04:00,2007-04-09 12:45:00-04:00,8,0.9592405682978955,4.5,1.172405139030761,NAS100_USD,Largo
2007-04-11 10:15:00-04:00,2007-04-11 10:15:00-04:00,1,-1.2957525663724754,-4.381204810039208,-1.0000000000000122,NAS100_USD,Largo
2007-04-13 10:30:00-04:00,2007-04-13 12:00:00-04:00,7,0.69686372541188,3.7000000000000455,0.885205272820494,NAS100_USD,Largo
2007-04-24 10:45:00-04:00,2007-04-24 12:15:00-04:00,7,1.5179076068130712,8.5,1.6964849723204913,NAS100_USD,Largo
2007-04-30 10:30:00-04:00,2007-04-30 10:45:00-04:00,2,0.5780184862162949,2.7000000000000455,0.7920994070371413,NAS100_USD,Largo
2007-05-01 10:45:00-04:00,2007-05-01 14:00:00-04:00,14,0.3734544787677577,2.2999999999999545,0.5358259912754817,NAS100_USD,Largo
2007-05-04 12:45:00-04:00,2007-05-04 15:45:00-04:00,13,0.5634334315052326,3.7000000000000455,0.7157127373174558,NAS100_USD,Largo
2007-05-14 10:45:00-04:00,2007-05-14 13:15:00-04:00,11,-1.2202360597595447,-5.540582505389011,-0.9999999999999996,NAS100_USD,Largo
2007-05-23 15:00:00-04:00,2007-05-23 15:45:00-04:00,4,-1.1339138425861155,-8.467487906314545,-0.9999999999999915,NAS100_USD,Largo
2007-06-05 12:45:00-04:00,2007-06-05 14:30:00-04:00,8,0.6816680742780816,4.7999999999999545,0.82368225641935,NAS100_USD,Largo
2007-06-19 10:30:00-04:00,2007-06-19 11:00:00-04:00,3,0.4743782083413315,2.2000000000000455,0.6900046666782959,NAS100_USD,Largo
2007-06-20 10:30:00-04:00,2007-06-20 10:45:00-04:00,2,1.45428285708997,6.100000000000136,1.6926898828424186,NAS100_USD,Largo
2007-07-20 12:30:00-04:00,2007-07-20 12:45:00-04:00,2,-1.1204469183806447,-9.302412493774,-1.0000000000000044,NAS100_USD,Largo
2007-08-23 11:00:00-04:00,2007-08-23 11:30:00-04:00,3,-1.1331543587382165,-8.51008085259923,-1.0000000000000009,NAS100_USD,Largo
2007-08-23 12:15:00-04:00,2007-08-23 15:45:00-04:00,15,0.502078066698787,4.5,0.6136509704096285,NAS100_USD,Largo
2007-08-27 09:45:00-04:00,2007-08-27 09:45:00-04:00,1,-1.328364295490087,-4.045398095147448,-0.9999999999999862,NAS100_USD,Largo
2007-08-27 11:30:00-04:00,2007-08-27 12:45:00-04:00,6,0.8526347738593516,5.0,1.023161728631222,NAS100_USD,Largo
2007-08-28 10:15:00-04:00,2007-08-28 10:45:00-04:00,3,-1.191429927897641,-6.223843580689845,-1.000000000000002,NAS100_USD,Largo
2007-09-05 15:00:00-04:00,2007-09-05 15:45:00-04:00,4,0.07837290012570486,0.7999999999999545,0.1763390252828415,NAS100_USD,Largo
2007-10-03 10:15:00-04:00,2007-10-03 10:30:00-04:00,2,0.09657312458646677,0.5,0.2897193737594003,NAS100_USD,Largo
2007-10-04 10:15:00-04:00,2007-10-04 11:00:00-04:00,4,1.2771970163334998,7.400000000000091,1.4497912077299167,NAS100_USD,Largo
2007-10-15 13:30:00-04:00,2007-10-15 14:00:00-04:00,3,-1.0992859215097783,-11.071921424445918,-1.0000000000000173,NAS100_USD,Largo
2007-10-15 14:30:00-04:00,2007-10-15 15:15:00-04:00,4,-1.0941088976995623,-11.625987812463336,-0.9999999999999921,NAS100_USD,Largo
2007-10-17 13:45:00-04:00,2007-10-17 13:45:00-04:00,1,-1.0918245391568213,-11.89033508016928,-0.9999999999999923,NAS100_USD,Largo
2007-10-29 11:15:00-04:00,2007-10-29 13:45:00-04:00,11,0.02498313876340633,0.20000000000027285,0.14989883258026757,NAS100_USD,Largo
2007-11-01 10:30:00-04:00,2007-11-01 15:15:00-04:00,20,-1.08301568075755,-13.045916998750727,-1.000000000000018,NAS100_USD,Largo
2007-11-30 12:00:00-05:00,2007-11-30 12:15:00-05:00,2,-1.0877784050241608,-12.392323655511973,-0.9999999999999886,NAS100_USD,Largo
2007-11-30 13:00:00-05:00,2007-11-30 15:00:00-05:00,9,-1.0850630483044292,-12.755985941406834,-1.0000000000000062,NAS100_USD,Largo
2007-12-06 09:45:00-05:00,2007-12-06 10:00:00-05:00,2,0.2831092184824451,1.7999999999997272,0.44039211763938285,NAS100_USD,Largo
2008-06-06 12:45:00-04:00,2008-06-06 13:00:00-04:00,2,-1.0883799468117827,-12.31478390827283,-0.9999999999999973,NAS100_USD,Largo
2008-06-06 13:45:00-04:00,2008-06-06 14:00:00-04:00,2,-1.0822865899039873,-13.152648459084276,-0.9999999999999993,NAS100_USD,Largo
2009-06-30 13:45:00-04:00,2009-06-30 15:30:00-04:00,8,0.7855443106440141,5.199999999999818,0.9366105242294067,NAS100_USD,Largo
2009-07-27 11:00:00-04:00,2009-07-27 14:00:00-04:00,13,0.6238443962400877,6.0,0.7278184622801023,NAS100_USD,Largo
2009-08-05 10:30:00-04:00,2009-08-05 11:30:00-04:00,5,-1.126951251607907,-8.877039314968215,-0.9999999999999893,NAS100_USD,Largo
2009-08-05 12:15:00-04:00,2009-08-05 14:45:00-04:00,11,0.596609303450679,5.0,0.7159311641408148,NAS100_USD,Largo
2009-08-13 10:15:00-04:00,2009-08-13 11:00:00-04:00,4,1.417555056467501,12.0,1.5356846445064594,NAS100_USD,Largo
2009-08-24 13:45:00-04:00,2009-08-24 15:15:00-04:00,7,-1.1444286620852733,-7.923833438335805,-1.0000000000000149,NAS100_USD,Largo
2009-10-12 15:00:00-04:00,2009-10-12 15:45:00-04:00,4,0.793257640651201,4.7000000000000455,0.9620358620663485,NAS100_USD,Largo
2009-10-19 10:15:00-04:00,2009-10-19 10:30:00-04:00,2,0.5008301384412555,2.7999999999999545,0.679698045027421,NAS100_USD,Largo
2009-10-20 13:15:00-04:00,2009-10-20 15:30:00-04:00,10,0.2542441268904031,2.2000000000000455,0.3698096391133112,NAS100_USD,Largo
2009-11-18 10:45:00-05:00,2009-11-18 13:15:00-05:00,11,-1.1540287848691566,-7.492292988284362,-0.9999999999999981,NAS100_USD,Largo
2009-11-18 13:45:00-05:00,2009-11-18 15:30:00-05:00,8,0.5246511776006866,3.2999999999999545,0.6836363829342301,NAS100_USD,Largo
2009-12-11 13:00:00-05:00,2009-12-11 15:45:00-05:00,12,-0.30650691219044146,-2.199999999999818,-0.167185588467502,NAS100_USD,Largo
2009-12-31 11:45:00-05:00,2009-12-31 15:30:00-05:00,16,-1.2595888741374601,-4.852245221690737,-1.0000000000000224,NAS100_USD,Largo
2010-01-11 11:00:00-05:00,2010-01-11 15:30:00-05:00,19,0.2238365627635737,1.5,0.3730609379392895,NAS100_USD,Largo
2010-01-15 10:30:00-05:00,2010-01-15 11:45:00-05:00,6,-1.1228334898896406,-9.141102242544548,-1.0000000000000138,NAS100_USD,Largo
2010-02-22 10:30:00-05:00,2010-02-22 14:45:00-05:00,18,0.10817529154419663,0.7000000000000455,0.2627114223216103,NAS100_USD,Largo
2010-03-15 12:45:00-04:00,2010-03-15 15:15:00-04:00,11,0.3032407165660437,1.7000000000000455,0.4816176086637116,NAS100_USD,Largo
2010-03-19 11:45:00-04:00,2010-03-19 15:30:00-04:00,16,-1.1627686054458468,-7.143690899487183,-0.9999999999999817,NAS100_USD,Largo
2010-03-24 11:45:00-04:00,2010-03-24 15:30:00-04:00,16,-0.04505294973901219,-0.2999999999999545,0.1051235493910512,NAS100_USD,Largo
2010-03-26 13:30:00-04:00,2010-03-26 15:45:00-04:00,10,0.720644548542231,5.7000000000000455,0.8470734167075338,NAS100_USD,Largo
2010-04-09 10:00:00-04:00,2010-04-09 10:15:00-04:00,2,-1.2905244190150693,-4.442051457809612,-1.0000000000000246,NAS100_USD,Largo
2010-04-16 11:45:00-04:00,2010-04-16 11:45:00-04:00,1,-1.1172790033919693,-9.526675458331965,-0.9999999999999932,NAS100_USD,Largo
2010-04-16 13:00:00-04:00,2010-04-16 15:45:00-04:00,12,0.3101303203541592,3.2000000000000455,0.4070460454648326,NAS100_USD,Largo
2010-04-26 10:15:00-04:00,2010-04-26 10:15:00-04:00,1,-1.191307466333113,-6.227187517389666,-0.9999999999999826,NAS100_USD,Largo
2010-04-30 11:00:00-04:00,2010-04-30 12:00:00-04:00,5,-1.1288398271179243,-8.761575146207178,-1.0000000000000127,NAS100_USD,Largo
2010-06-21 13:00:00-04:00,2010-06-21 14:45:00-04:00,8,-1.1092731751207066,-10.151376803094308,-1.0000000000000095,NAS100_USD,Largo
2010-07-14 10:15:00-04:00,2010-07-14 11:15:00-04:00,5,0.593254119125304,4.2999999999999545,0.7312201933404925,NAS100_USD,Largo
2010-07-14 14:45:00-04:00,2010-07-14 15:45:00-04:00,5,0.6645686318724391,6.2000000000000455,0.7717571208841221,NAS100_USD,Largo
2010-07-15 11:00:00-04:00,2010-07-15 13:30:00-04:00,11,0.7277714360644261,7.2000000000000455,0.8288508021844846,NAS100_USD,Largo
2010-07-21 10:15:00-04:00,2010-07-21 14:00:00-04:00,16,-1.1006592676753169,-10.934505019701191,-0.9999999999999891,NAS100_USD,Largo
2010-07-21 14:30:00-04:00,2010-07-21 15:00:00-04:00,3,-1.0779889691840043,-13.822326163083062,-0.9999999999999954,NAS100_USD,Largo
2010-08-03 10:30:00-04:00,2010-08-03 11:00:00-04:00,3,1.2105943586659578,7.5,1.3720069398214187,NAS100_USD,Largo
2010-08-05 09:45:00-04:00,2010-08-05 10:30:00-04:00,4,0.18568613063017192,1.0,0.37137226126034384,NAS100_USD,Largo
2010-09-17 10:15:00-04:00,2010-09-17 14:15:00-04:00,17,0.5473741274667738,4.5,0.6690128224593902,NAS100_USD,Largo
2010-09-27 10:30:00-04:00,2010-09-27 11:00:00-04:00,3,-1.170589996681879,-6.862008438073417,-1.000000000000013,NAS100_USD,Largo
2010-09-28 10:30:00-04:00,2010-09-28 11:30:00-04:00,5,1.4668933708138128,16.700000000000045,1.5547312972098493,NAS100_USD,Largo
2010-10-06 11:45:00-04:00,2010-10-06 12:15:00-04:00,3,-1.1173002731595565,-9.525129337421276,-1.0000000000000067,NAS100_USD,Largo
2010-10-06 14:00:00-04:00,2010-10-06 15:45:00-04:00,8,0.43325992433236393,4.2000000000000455,0.5364170491734018,NAS100_USD,Largo
2010-10-21 14:15:00-04:00,2010-10-21 15:30:00-04:00,6,1.1708590741109675,13.5,1.257589375896965,NAS100_USD,Largo
2010-10-26 10:00:00-04:00,2010-10-26 10:15:00-04:00,2,0.9656261482149396,5.799999999999727,1.1321134151485577,NAS100_USD,Largo
2010-10-28 11:00:00-04:00,2010-10-28 13:00:00-04:00,9,-1.1365631048176743,-8.32262203129494,-0.9999999999999931,NAS100_USD,Largo
2010-11-03 11:45:00-04:00,2010-11-03 14:15:00-04:00,11,-1.1591347988732257,-7.2839806697265885,-1.0000000000000244,NAS100_USD,Largo
2010-11-10 10:45:00-05:00,2010-11-10 11:45:00-05:00,5,0.8481304378055662,7.0,0.9692919289206471,NAS100_USD,Largo
2010-12-20 11:15:00-05:00,2010-12-20 11:45:00-05:00,3,1.0713706162873944,6.0,1.2499323856686269,NAS100_USD,Largo
2010-12-23 11:15:00-05:00,2010-12-23 15:30:00-05:00,18,0.2971241682962007,1.199999999999818,0.5447276418764055,NAS100_USD,Largo
2010-12-30 10:30:00-05:00,2010-12-30 14:30:00-05:00,17,0.2262892108465737,1.0,0.4525784216931474,NAS100_USD,Largo
2011-01-04 13:00:00-05:00,2011-01-04 14:15:00-05:00,6,0.9739155532407897,6.299999999999727,1.1285053235964773,NAS100_USD,Largo
2011-01-07 13:30:00-05:00,2011-01-07 15:15:00-05:00,8,0.6183343283860078,5.699999999999818,0.7268140351203985,NAS100_USD,Largo
2011-01-19 10:15:00-05:00,2011-01-19 10:15:00-05:00,1,-1.1449755346331745,-7.897715552698628,-1.0000000000000058,NAS100_USD,Largo
2011-01-19 11:00:00-05:00,2011-01-19 12:30:00-05:00,7,-1.1272793328736617,-8.856735083556487,-1.0000000000000182,NAS100_USD,Largo
2011-01-19 13:00:00-05:00,2011-01-19 14:45:00-05:00,8,-1.125101368800018,-8.993517653661002,-1.000000000000011,NAS100_USD,Largo
2011-02-03 10:30:00-05:00,2011-02-03 11:45:00-05:00,6,1.24751268734392,10.800000000000182,1.363023121357244,NAS100_USD,Largo
2011-03-04 10:45:00-05:00,2011-03-04 12:00:00-05:00,6,-1.1138147462008239,-9.78620770489124,-0.9999999999999918,NAS100_USD,Largo
2011-03-04 12:45:00-05:00,2011-03-04 15:45:00-05:00,13,0.8590980889371735,9.299999999999727,0.9514742275325713,NAS100_USD,Largo
2011-03-30 10:45:00-04:00,2011-03-30 12:15:00-04:00,7,0.5677503973823661,4.200000000000273,0.7029290634257779,NAS100_USD,Largo
2011-04-04 10:45:00-04:00,2011-04-04 12:45:00-04:00,9,-1.1549747915712114,-7.452662332122145,-1.0000000000000049,NAS100_USD,Largo
2011-04-04 14:30:00-04:00,2011-04-04 15:45:00-04:00,6,0.7300915558904214,5.0,0.8761098670685057,NAS100_USD,Largo
2011-04-08 10:45:00-04:00,2011-04-08 14:30:00-04:00,16,-1.1323774020584771,-8.55415942940499,-1.000000000000021,NAS100_USD,Largo
2011-04-25 10:00:00-04:00,2011-04-25 10:00:00-04:00,1,-1.282611650916748,-4.538424536836828,-0.9999999999999527,NAS100_USD,Largo
2011-04-28 09:45:00-04:00,2011-04-28 10:30:00-04:00,4,-1.266950038005836,-4.7460193205829455,-1.0000000000000449,NAS100_USD,Largo
2011-05-02 10:15:00-04:00,2011-05-02 10:45:00-04:00,3,0.7617498157578909,4.200000000000273,0.943118819509758,NAS100_USD,Largo
2011-05-02 12:45:00-04:00,2011-05-02 14:15:00-04:00,7,1.2828573127243594,10.0,1.4111430439967954,NAS100_USD,Largo
2011-05-13 10:30:00-04:00,2011-05-13 11:00:00-04:00,3,-1.131249730226805,-8.61906327938459,-1.0000000000000213,NAS100_USD,Largo
2011-06-01 13:45:00-04:00,2011-06-01 14:30:00-04:00,4,-1.1026399845282178,-10.742791803763339,-0.9999999999999922,NAS100_USD,Largo
2011-07-08 09:45:00-04:00,2011-07-08 10:00:00-04:00,2,-1.1037148887928105,-10.641817212934711,-1.0000000000000122,NAS100_USD,Largo
2011-07-08 11:45:00-04:00,2011-07-08 15:15:00-04:00,15,0.5522034197694228,6.300000000000182,0.6398547562407572,NAS100_USD,Largo
2011-07-11 11:30:00-04:00,2011-07-11 13:15:00-04:00,8,-1.0957021805364144,-11.44908271049917,-1.0000000000000102,NAS100_USD,Largo
2011-07-11 13:45:00-04:00,2011-07-11 15:45:00-04:00,9,0.13180576065435748,1.300000000000182,0.23319480731154135,NAS100_USD,Largo
2011-07-20 10:45:00-04:00,2011-07-20 11:45:00-04:00,5,-1.1187278420970763,-9.422624233181068,-1.0000000000000138,NAS100_USD,Largo
2011-07-20 13:00:00-04:00,2011-07-20 15:45:00-04:00,12,-0.23553973655936994,-2.0,-0.11776986827968497,NAS100_USD,Largo
2011-07-22 09:45:00-04:00,2011-07-22 09:45:00-04:00,1,-1.1386431699291888,-8.212760646708375,-1.0000000000000189,NAS100_USD,Largo
2011-09-01 14:45:00-04:00,2011-09-01 15:45:00-04:00,5,-0.5685534442318326,-8.200000000000273,-0.4992176583499041,NAS100_USD,Largo
2011-10-17 09:45:00-04:00,2011-10-17 10:15:00-04:00,3,-1.0987176045896079,-11.129905442469862,-0.9999999999999871,NAS100_USD,Largo
2011-10-17 11:15:00-04:00,2011-10-17 12:00:00-04:00,4,-1.088447601939278,-12.306129030907414,-0.9999999999999848,NAS100_USD,Largo
2011-10-17 12:30:00-04:00,2011-10-17 13:30:00-04:00,5,-1.0863331567117094,-12.583035279706564,-1.000000000000013,NAS100_USD,Largo
2011-10-17 15:00:00-04:00,2011-10-17 15:45:00-04:00,4,0.1957217422490754,2.5,0.27401043914870554,NAS100_USD,Largo
2011-10-25 10:30:00-04:00,2011-10-25 11:15:00-04:00,4,-1.07710646199644,-13.96908163217222,-0.9999999999999867,NAS100_USD,Largo
2011-10-25 12:15:00-04:00,2011-10-25 14:00:00-04:00,8,-1.0697987169958678,-15.32691090954313,-1.0000000000000138,NAS100_USD,Largo
2011-10-25 14:30:00-04:00,2011-10-25 15:45:00-04:00,6,-1.073317824682532,-14.63924808639922,-1.000000000000012,NAS100_USD,Largo
2011-12-06 12:00:00-05:00,2011-12-06 14:45:00-05:00,12,0.8501031525826294,9.0,0.9445590584251438,NAS100_USD,Largo
2011-12-07 11:00:00-05:00,2011-12-07 12:30:00-05:00,7,1.1151104934919014,14.0,1.1947612430270371,NAS100_USD,Largo
2011-12-28 12:30:00-05:00,2011-12-28 15:15:00-05:00,12,-1.1254261380048638,-8.97281982772256,-0.9999999999999827,NAS100_USD,Largo
2012-01-10 12:45:00-05:00,2012-01-10 14:45:00-05:00,9,0.5350915002151134,4.300000000000182,0.6595313839860648,NAS100_USD,Largo
2012-01-12 10:30:00-05:00,2012-01-12 12:00:00-05:00,7,0.6126017693686807,5.300000000000182,0.7281870088722014,NAS100_USD,Largo
2012-01-13 10:00:00-05:00,2012-01-13 10:00:00-05:00,1,-1.1206851926325125,-9.286020664068928,-1.0000000000000149,NAS100_USD,Largo
2012-01-13 11:15:00-05:00,2012-01-13 14:30:00-05:00,14,0.4865027924342151,4.700000000000273,0.5900140248670208,NAS100_USD,Largo
2012-01-31 11:30:00-05:00,2012-01-31 14:30:00-05:00,13,0.9220002678570687,9.599999999999909,1.0180419624255141,NAS100_USD,Largo
2012-02-10 10:30:00-05:00,2012-02-10 10:45:00-05:00,2,0.18103225915917479,1.5,0.30172043193195797,NAS100_USD,Largo
2012-02-13 11:00:00-05:00,2012-02-13 12:00:00-05:00,5,0.6658527067678035,4.5,0.8138199749384265,NAS100_USD,Largo
2012-02-17 11:45:00-05:00,2012-02-17 15:15:00-05:00,15,0.35132988797358794,2.800000000000182,0.4768048479641469,NAS100_USD,Largo
2012-02-20 09:45:00-05:00,2012-02-20 11:00:00-05:00,6,0.40831403474225847,2.199999999999818,0.5939113232614822,NAS100_USD,Largo
2012-02-21 15:00:00-05:00,2012-02-21 15:45:00-05:00,4,1.408772522397134,12.299999999999727,1.5233068738115376,NAS100_USD,Largo
2012-02-23 10:00:00-05:00,2012-02-23 10:30:00-05:00,3,0.8254074226285006,6.0,0.9629753263999175,NAS100_USD,Largo
2012-02-27 10:00:00-05:00,2012-02-27 10:15:00-05:00,2,0.752680722817997,5.0,0.9032168673815965,NAS100_USD,Largo
2012-03-20 10:15:00-04:00,2012-03-20 11:30:00-04:00,6,0.48011546043039155,2.599999999999909,0.6647752529036255,NAS100_USD,Largo
2012-03-23 11:00:00-04:00,2012-03-23 14:30:00-04:00,15,0.9837121626967913,8.0,1.1066761830338903,NAS100_USD,Largo
2012-03-28 12:30:00-04:00,2012-03-28 14:00:00-04:00,7,-1.1045667370847674,-10.563270576084506,-0.9999999999999925,NAS100_USD,Largo
2012-03-28 14:45:00-04:00,2012-03-28 15:30:00-04:00,4,0.7261157520032758,7.200000000000273,0.8269651620037269,NAS100_USD,Largo
2012-03-30 11:15:00-04:00,2012-03-30 15:45:00-04:00,19,-0.5716651327935212,-5.0,-0.4573321062348169,NAS100_USD,Largo
2012-04-30 10:15:00-04:00,2012-04-30 14:30:00-04:00,18,-1.1351611699429076,-8.398574608538638,-0.9999999999999967,NAS100_USD,Largo
2012-06-11 11:45:00-04:00,2012-06-11 14:00:00-04:00,10,-1.0854990783877028,-12.696032505351923,-1.000000000000016,NAS100_USD,Largo
2012-06-11 14:45:00-04:00,2012-06-11 15:00:00-04:00,2,-1.0876073479964736,-12.414567646086198,-0.999999999999997,NAS100_USD,Largo
2012-06-18 09:45:00-04:00,2012-06-18 10:00:00-04:00,2,-0.2036269255049546,-2.0,-0.1018134627524773,NAS100_USD,Largo
2012-07-20 11:00:00-04:00,2012-07-20 11:30:00-04:00,3,-1.100806705858184,-10.919974980698498,-0.9999999999999835,NAS100_USD,Largo
2012-07-20 13:00:00-04:00,2012-07-20 15:45:00-04:00,12,-1.090712607987698,-12.023825928756196,-0.9999999999999902,NAS100_USD,Largo
2012-08-01 14:30:00-04:00,2012-08-01 15:30:00-04:00,5,0.164868316779783,1.900000000000091,0.2516411150849278,NAS100_USD,Largo
2012-08-13 11:30:00-04:00,2012-08-13 13:00:00-04:00,7,0.8200536182379701,6.0,0.9567292212776317,NAS100_USD,Largo
2012-08-20 10:15:00-04:00,2012-08-20 11:45:00-04:00,7,0.7143103745518483,5.0,0.8571724494622179,NAS100_USD,Largo
2012-08-21 14:15:00-04:00,2012-08-21 15:00:00-04:00,4,-1.10616757695691,-10.419071515647829,-1.000000000000017,NAS100_USD,Largo
2012-08-23 10:45:00-04:00,2012-08-23 11:30:00-04:00,4,1.2796022388559136,12.300000000000182,1.3836349412019213,NAS100_USD,Largo
2012-09-07 09:45:00-04:00,2012-09-07 09:45:00-04:00,1,-1.153224924029943,-7.52635337449874,-1.0000000000000175,NAS100_USD,Largo
2012-09-07 10:15:00-04:00,2012-09-07 15:45:00-04:00,23,-0.42102582849707093,-3.5,-0.30073273464076494,NAS100_USD,Largo
2012-09-10 14:15:00-04:00,2012-09-10 14:45:00-04:00,3,-1.1385036391313352,-8.220026898004562,-0.9999999999999705,NAS100_USD,Largo
2012-09-19 10:00:00-04:00,2012-09-19 10:30:00-04:00,3,-1.20237098829242,-5.9414197580299515,-1.0000000000000357,NAS100_USD,Largo
2012-09-20 10:15:00-04:00,2012-09-20 10:30:00-04:00,2,-0.18538533017822884,-1.0,0.0,NAS100_USD,Largo
2012-10-18 10:45:00-04:00,2012-10-18 11:45:00-04:00,5,0.9161156048368082,7.200000000000273,1.04335388328636,NAS100_USD,Largo
2012-11-28 10:30:00-05:00,2012-11-28 10:45:00-05:00,2,0.7071187429094701,6.0,0.824971866727715,NAS100_USD,Largo
2012-11-30 10:15:00-05:00,2012-11-30 11:15:00-05:00,5,-1.1739420765440953,-6.749040254479951,-0.9999999999999758,NAS100_USD,Largo
2012-11-30 12:00:00-05:00,2012-11-30 14:30:00-05:00,11,0.5967490602850185,4.200000000000273,0.7388321698766803,NAS100_USD,Largo
2012-12-03 14:00:00-05:00,2012-12-03 15:15:00-05:00,6,-1.1308441607872157,-8.642679612016764,-0.999999999999988,NAS100_USD,Largo
2012-12-04 11:30:00-05:00,2012-12-04 14:00:00-05:00,11,1.220213566854393,11.599999999999909,1.3254043915832208,NAS100_USD,Largo
2012-12-12 10:30:00-05:00,2012-12-12 10:30:00-05:00,1,-1.172742051644312,-6.788978366769243,-1.0000000000000377,NAS100_USD,Largo
2013-01-04 11:15:00-05:00,2013-01-04 12:15:00-05:00,5,0.616821778011843,5.299999999999727,0.7332032455612534,NAS100_USD,Largo
2013-01-10 11:30:00-05:00,2013-01-10 14:45:00-05:00,14,0.8945657771269467,7.299999999999727,1.017109034267629,NAS100_USD,Largo
2013-01-18 11:30:00-05:00,2013-01-18 13:15:00-05:00,8,0.7073391329638271,4.5,0.8645256069557887,NAS100_USD,Largo
2013-02-11 10:30:00-05:00,2013-02-11 11:15:00-05:00,4,0.8152764675361858,3.900000000000091,1.0243217156223823,NAS100_USD,Largo
2013-03-06 11:15:00-05:00,2013-03-06 14:45:00-05:00,15,0.535266400297648,4.0,0.66908300037206,NAS100_USD,Largo
2013-03-12 11:45:00-04:00,2013-03-12 15:15:00-04:00,15,0.49576660025422803,3.800000000000182,0.6262314950579659,NAS100_USD,Largo
2013-03-15 10:45:00-04:00,2013-03-15 12:45:00-04:00,9,0.8260935039803918,4.5,1.0096698381982567,NAS100_USD,Largo
2013-04-01 12:00:00-04:00,2013-04-01 12:15:00-04:00,2,-1.1514088451660807,-7.604633955849749,-0.999999999999986,NAS100_USD,Largo
2013-04-01 13:00:00-04:00,2013-04-01 15:00:00-04:00,9,-1.1473556738863147,-7.78630129146768,-0.9999999999999727,NAS100_USD,Largo
2013-04-03 10:30:00-04:00,2013-04-03 11:00:00-04:00,3,-1.1947351401399908,-6.135180015691731,-0.9999999999999689,NAS100_USD,Largo
2013-04-03 12:00:00-04:00,2013-04-03 12:15:00-04:00,2,-1.1652127447210956,-7.052801808286858,-0.9999999999999833,NAS100_USD,Largo
2013-05-01 10:45:00-04:00,2013-05-01 13:00:00-04:00,10,-1.1373213866489047,-8.28218687855815,-1.0000000000000078,NAS100_USD,Largo
2013-05-22 15:00:00-04:00,2013-05-22 15:15:00-04:00,2,-1.0603576930594585,-17.56789630801086,-0.9999999999999918,NAS100_USD,Largo
2013-05-28 14:30:00-04:00,2013-05-28 15:45:00-04:00,6,0.3130873674660581,3.099999999999909,0.41408329245511205,NAS100_USD,Largo
2013-07-05 11:00:00-04:00,2013-07-05 12:15:00-04:00,6,0.6321095210899454,8.099999999999909,0.7101477335701865,NAS100_USD,Largo
2013-07-08 11:15:00-04:00,2013-07-08 11:45:00-04:00,3,-1.1193801982343787,-9.376598588292836,-1.000000000000023,NAS100_USD,Largo
2013-07-08 13:15:00-04:00,2013-07-08 15:45:00-04:00,11,0.5908512331692813,5.099999999999909,0.7067044161436523,NAS100_USD,Largo
2013-08-05 10:00:00-04:00,2013-08-05 10:45:00-04:00,4,1.041935459900675,3.799999999999727,1.3161290019798195,NAS100_USD,Largo
2013-08-06 11:30:00-04:00,2013-08-06 15:30:00-04:00,17,0.4364383816417211,3.200000000000273,0.5728253759047474,NAS100_USD,Largo
2013-08-07 10:45:00-04:00,2013-08-07 12:45:00-04:00,9,1.3361106350257148,10.700000000000273,1.4609807878318533,NAS100_USD,Largo
2013-08-08 10:30:00-04:00,2013-08-08 10:30:00-04:00,1,-1.1435270609763724,-7.967327228727754,-0.9999999999999934,NAS100_USD,Largo
2013-09-06 10:30:00-04:00,2013-09-06 10:45:00-04:00,2,0.9018030384046979,11.699999999999818,0.9788802211743314,NAS100_USD,Largo
2013-09-11 09:45:00-04:00,2013-09-11 09:45:00-04:00,1,-1.1541854103669087,-7.485697950411122,-0.9999999999999943,NAS100_USD,Largo
2013-09-13 10:45:00-04:00,2013-09-13 12:15:00-04:00,7,0.4568354655881722,3.599999999999909,0.5837342060293343,NAS100_USD,Largo
2013-09-16 13:15:00-04:00,2013-09-16 13:30:00-04:00,2,-1.1363233918359679,-8.335498233516773,-0.9999999999999709,NAS100_USD,Largo
2013-09-16 15:15:00-04:00,2013-09-16 15:45:00-04:00,3,-0.1637689805368615,-1.5,-0.054589660178953836,NAS100_USD,Largo
2013-09-25 10:30:00-04:00,2013-09-25 10:45:00-04:00,2,0.3662632308861787,3.599999999999909,0.4680030172434531,NAS100_USD,Largo
2013-09-27 09:45:00-04:00,2013-09-27 10:30:00-04:00,4,0.739581952452206,4.700000000000273,0.8969398146760705,NAS100_USD,Largo
2013-10-28 11:30:00-04:00,2013-10-28 12:30:00-04:00,5,0.6498609232381962,5.5,0.7680174547360501,NAS100_USD,Largo
2013-10-30 15:00:00-04:00,2013-10-30 15:45:00-04:00,4,0.40275860253257373,5.100000000000364,0.4817308775389551,NAS100_USD,Largo
2013-11-15 10:00:00-05:00,2013-11-15 13:30:00-05:00,15,0.2912780458566759,1.6000000000003638,0.4733268245170569,NAS100_USD,Largo
2013-11-25 10:45:00-05:00,2013-11-25 12:30:00-05:00,8,0.9588925283414133,6.099999999999909,1.1160880247908276,NAS100_USD,Largo
2013-12-04 09:45:00-05:00,2013-12-04 10:15:00-05:00,3,1.8761644244276166,13.0,2.0204847647682023,NAS100_USD,Largo
2013-12-10 09:45:00-05:00,2013-12-10 09:45:00-05:00,1,-1.242630488115217,-5.121493583794745,-0.9999999999999716,NAS100_USD,Largo
2013-12-11 10:45:00-05:00,2013-12-11 12:00:00-05:00,6,-1.1159261557990272,-9.626180977944841,-0.9999999999999832,NAS100_USD,Largo
2013-12-19 10:30:00-05:00,2013-12-19 13:45:00-05:00,14,0.5074896248621309,5.0,0.608987549834557,NAS100_USD,Largo
2013-12-27 11:15:00-05:00,2013-12-27 15:00:00-05:00,16,-1.1641963528171928,-7.090269258983881,-0.9999999999999747,NAS100_USD,Largo
2013-12-30 10:00:00-05:00,2013-12-30 14:15:00-05:00,18,1.1117194054308166,5.299999999999727,1.3214777838140004,NAS100_USD,Largo
2014-01-02 10:15:00-05:00,2014-01-02 14:15:00-05:00,17,-1.1059193721499967,-10.441143576489594,-0.9999999999999762,NAS100_USD,Largo
2014-01-10 10:30:00-05:00,2014-01-10 11:15:00-05:00,4,-1.0856499528769064,-12.675429657703262,-0.9999999999999937,NAS100_USD,Largo
2014-01-21 11:30:00-05:00,2014-01-21 12:45:00-05:00,6,1.0641669572427328,10.799999999999727,1.1627009347652106,NAS100_USD,Largo
2014-02-13 09:45:00-05:00,2014-02-13 10:00:00-05:00,2,0.7232805631993979,6.300000000000182,0.8380870018024736,NAS100_USD,Largo
2014-02-19 12:45:00-05:00,2014-02-19 15:15:00-05:00,11,-1.0931609995860807,-11.734105521010406,-0.9999999999999827,NAS100_USD,Largo
2014-02-26 10:15:00-05:00,2014-02-26 10:30:00-05:00,2,0.7210761645357929,6.0,0.8412555252917584,NAS100_USD,Largo
2014-02-26 14:45:00-05:00,2014-02-26 15:45:00-05:00,5,0.3352560610469172,4.099999999999909,0.417025832033972,NAS100_USD,Largo
2014-03-06 14:15:00-05:00,2014-03-06 15:45:00-05:00,7,0.28041643494912794,2.5,0.3925830089287791,NAS100_USD,Largo
2014-03-07 11:30:00-05:00,2014-03-07 15:45:00-05:00,18,0.467817031535667,6.800000000000182,0.5366136538203221,NAS100_USD,Largo
2014-04-21 11:00:00-04:00,2014-04-21 11:15:00-04:00,2,0.5811249813384611,6.299999999999727,0.6733670418683796,NAS100_USD,Largo
2014-04-23 10:45:00-04:00,2014-04-23 12:15:00-04:00,7,-1.0967463645800135,-11.336305703487142,-1.0000000000000036,NAS100_USD,Largo
2014-04-23 15:00:00-04:00,2014-04-23 15:45:00-04:00,4,-0.32294821970201726,-3.199999999999818,-0.22202690104513112,NAS100_USD,Largo
2014-04-24 10:30:00-04:00,2014-04-24 13:00:00-04:00,11,0.9911833433224534,16.5,1.0512550610995717,NAS100_USD,Largo
2014-05-20 10:15:00-04:00,2014-05-20 10:45:00-04:00,3,0.16784548260536675,1.599999999999909,0.2727489092337269,NAS100_USD,Largo
2014-05-28 10:30:00-04:00,2014-05-28 10:30:00-04:00,1,-1.1279383567684367,-8.81626421707142,-1.0000000000000056,NAS100_USD,Largo
2014-05-28 11:00:00-04:00,2014-05-28 11:45:00-04:00,4,1.005616027638172,9.0,1.1173511418201911,NAS100_USD,Largo
2014-05-30 14:00:00-04:00,2014-05-30 15:15:00-04:00,6,0.640584570043137,6.400000000000091,0.7406759091123757,NAS100_USD,Largo
2014-06-02 10:45:00-04:00,2014-06-02 11:30:00-04:00,4,1.2109545571941438,10.0,1.3320500129135582,NAS100_USD,Largo
2014-06-04 10:00:00-04:00,2014-06-04 10:15:00-04:00,2,0.4438267738802983,3.199999999999818,0.5825226407178994,NAS100_USD,Largo
2014-06-12 11:15:00-04:00,2014-06-12 12:45:00-04:00,7,-1.1059858000479688,-10.435226224146845,-0.9999999999999788,NAS100_USD,Largo
2014-06-18 10:30:00-04:00,2014-06-18 10:45:00-04:00,2,-1.1625590780504105,-7.151609691646172,-0.999999999999996,NAS100_USD,Largo
2014-06-19 11:15:00-04:00,2014-06-19 12:45:00-04:00,7,-1.1306034410038428,-8.656766102898928,-1.0000000000000213,NAS100_USD,Largo
2014-06-19 14:00:00-04:00,2014-06-19 15:15:00-04:00,6,1.120794200734073,9.400000000000091,1.2400276263440797,NAS100_USD,Largo
2014-06-25 09:45:00-04:00,2014-06-25 10:00:00-04:00,2,-0.5975153648374127,-4.200000000000273,-0.45524980178089514,NAS100_USD,Largo
2014-06-26 10:30:00-04:00,2014-06-26 13:30:00-04:00,13,0.9371580911111653,8.600000000000364,1.0461299621705986,NAS100_USD,Largo
2014-07-07 12:15:00-04:00,2014-07-07 15:45:00-04:00,15,0.14790775207658494,1.0,0.2958155041531699,NAS100_USD,Largo
2014-07-15 11:15:00-04:00,2014-07-15 11:30:00-04:00,2,-1.079550194060309,-13.570679579258467,-0.9999999999999981,NAS100_USD,Largo
2014-07-21 11:15:00-04:00,2014-07-21 13:15:00-04:00,9,1.2078694527848366,12.799999999999727,1.302234253783654,NAS100_USD,Largo
2014-07-24 11:00:00-04:00,2014-07-24 11:15:00-04:00,2,0.5206928487653583,4.399999999999636,0.6390321325756767,NAS100_USD,Largo
2014-07-25 11:45:00-04:00,2014-07-25 13:00:00-04:00,6,0.8685962445717073,9.400000000000091,0.9610001003772071,NAS100_USD,Largo
2014-07-28 10:45:00-04:00,2014-07-28 11:30:00-04:00,4,1.4466210022170911,16.40000000000009,1.5348295999132546,NAS100_USD,Largo
2014-08-12 11:30:00-04:00,2014-08-12 15:30:00-04:00,17,0.9645616856002005,10.799999999999727,1.0538729527854065,NAS100_USD,Largo
2014-08-15 12:15:00-04:00,2014-08-15 14:30:00-04:00,10,1.2696485094574943,20.800000000000182,1.3306893031814118,NAS100_USD,Largo
2014-08-27 10:15:00-04:00,2014-08-27 11:00:00-04:00,4,0.8304969538504036,4.200000000000273,1.0282343238147726,NAS100_USD,Largo
2014-08-29 10:45:00-04:00,2014-08-29 11:15:00-04:00,3,0.9394239930257191,7.400000000000091,1.0663731812724364,NAS100_USD,Largo
2014-09-03 10:45:00-04:00,2014-09-03 11:15:00-04:00,3,-1.107046186284262,-10.34176204413643,-0.999999999999988,NAS100_USD,Largo
2014-09-12 11:00:00-04:00,2014-09-12 11:45:00-04:00,4,-1.1022614531396744,-10.778855759406724,-1.000000000000019,NAS100_USD,Largo
2014-09-19 13:30:00-04:00,2014-09-19 14:45:00-04:00,6,1.1659812036235875,12.599999999999909,1.258519394387365,NAS100_USD,Largo
2014-11-04 11:30:00-05:00,2014-11-04 14:00:00-05:00,11,1.0925175754747818,14.899999999999636,1.1658409026878562,NAS100_USD,Largo
2014-11-05 11:00:00-05:00,2014-11-05 13:30:00-05:00,11,-1.0689391728328588,-15.505541028528569,-0.9999999999999907,NAS100_USD,Largo
2014-11-07 10:45:00-05:00,2014-11-07 13:45:00-05:00,13,1.0319904374499829,14.199999999999818,1.1046658203689967,NAS100_USD,Largo
2014-11-11 10:15:00-05:00,2014-11-11 10:30:00-05:00,2,0.9440599084445936,6.399999999999636,1.0915692691390697,NAS100_USD,Largo
2014-11-17 11:45:00-05:00,2014-11-17 12:45:00-05:00,5,0.7481833635930114,10.699999999999818,0.818107042433481,NAS100_USD,Largo
2014-11-19 11:45:00-05:00,2014-11-19 13:00:00-05:00,6,0.7389369058934017,8.200000000000728,0.8290511627096622,NAS100_USD,Largo
2014-11-21 14:00:00-05:00,2014-11-21 15:45:00-05:00,8,0.02998637996850675,0.3999999999996362,0.10495232988984181,NAS100_USD,Largo
2014-12-01 10:15:00-05:00,2014-12-01 10:45:00-05:00,3,-1.061112468584598,-17.36327288294069,-0.9999999999999953,NAS100_USD,Largo
2014-12-01 11:30:00-05:00,2014-12-01 13:30:00-05:00,9,0.6124073581482745,11.399999999999636,0.6661273018454933,NAS100_USD,Largo
2014-12-08 12:45:00-05:00,2014-12-08 13:15:00-05:00,3,-1.074984329411519,-14.336119797940228,-1.000000000000016,NAS100_USD,Largo
2014-12-19 10:00:00-05:00,2014-12-19 10:15:00-05:00,2,0.7246269876800848,9.600000000000364,0.8001089655634241,NAS100_USD,Largo
2014-12-31 12:45:00-05:00,2014-12-31 13:45:00-05:00,5,-0.590671682698962,-6.399999999999636,-0.4983792322772439,NAS100_USD,Largo
2015-02-20 10:15:00-05:00,2015-02-20 10:45:00-05:00,3,0.9175060893877685,9.300000000000182,1.0161626581391394,NAS100_USD,Largo
2015-02-23 10:45:00-05:00,2015-02-23 11:30:00-05:00,4,-0.013430890171755083,-0.1000000000003638,0.12087801154530714,NAS100_USD,Largo
2015-02-24 10:15:00-05:00,2015-02-24 10:30:00-05:00,2,0.6904242247181701,5.100000000000364,0.8258015236825076,NAS100_USD,Largo
2015-02-27 15:00:00-05:00,2015-02-27 15:45:00-05:00,4,0.0,0.0,0.10120046358376074,NAS100_USD,Largo
2015-03-03 12:45:00-05:00,2015-03-03 14:15:00-05:00,7,1.1752139105860875,14.0,1.2591577613422367,NAS100_USD,Largo
2015-04-10 10:00:00-04:00,2015-04-10 10:15:00-04:00,2,0.1344624002041552,1.0999999999994543,0.25670094584435693,NAS100_USD,Largo
2015-04-27 13:30:00-04:00,2015-04-27 14:15:00-04:00,4,-1.0880795372145542,-12.353374820355384,-1.0000000000000222,NAS100_USD,Largo
2015-04-27 14:30:00-04:00,2015-04-27 15:15:00-04:00,4,-1.0812196927618298,-13.312284939716847,-0.999999999999993,NAS100_USD,Largo
2015-04-28 10:30:00-04:00,2015-04-28 11:15:00-04:00,4,1.39121524702521,22.199999999999818,1.4538826004948144,NAS100_USD,Largo
2015-05-15 10:30:00-04:00,2015-05-15 14:00:00-04:00,15,-1.1037056028796957,-10.642680551794001,-1.0000000000000107,NAS100_USD,Largo
2015-05-19 11:30:00-04:00,2015-05-19 13:45:00-04:00,10,0.4880472191735418,4.800000000000182,0.5897237231680259,NAS100_USD,Largo
2015-05-20 10:15:00-04:00,2015-05-20 10:45:00-04:00,3,0.9726575081124995,11.0,1.0610809179409086,NAS100_USD,Largo
2015-06-19 11:00:00-04:00,2015-06-19 12:00:00-04:00,5,-1.1022170843775168,-10.78310040919132,-1.0000000000000027,NAS100_USD,Largo
2015-06-23 11:00:00-04:00,2015-06-23 13:45:00-04:00,12,0.5358675955418645,5.800000000000182,0.6282585602904589,NAS100_USD,Largo
2015-06-24 14:00:00-04:00,2015-06-24 15:45:00-04:00,8,-0.6632210814328383,-7.699999999999818,-0.5770884734545456,NAS100_USD,Largo
2015-06-25 14:45:00-04:00,2015-06-25 15:45:00-04:00,5,-0.20700377400256756,-2.600000000000364,-0.12738693784774502,NAS100_USD,Largo
2015-07-15 15:00:00-04:00,2015-07-15 15:45:00-04:00,4,0.5240332097868159,5.5,0.6193119752026006,NAS100_USD,Largo
2015-07-21 11:30:00-04:00,2015-07-21 12:30:00-04:00,5,0.7271065155148082,7.300000000000182,0.8267101477771082,NAS100_USD,Largo
2015-07-22 09:45:00-04:00,2015-07-22 10:00:00-04:00,2,0.9056171383697078,10.300000000000182,0.9935411323861827,NAS100_USD,Largo
2015-07-23 10:00:00-04:00,2015-07-23 10:30:00-04:00,3,1.5381048862599864,14.300000000000182,1.6456646685159282,NAS100_USD,Largo
2015-07-24 10:00:00-04:00,2015-07-24 10:15:00-04:00,2,-1.0939906671605621,-11.639354206213284,-0.9999999999999587,NAS100_USD,Largo
2015-07-24 11:30:00-04:00,2015-07-24 12:30:00-04:00,5,-1.072868496414953,-14.723351643015121,-1.0000000000000127,NAS100_USD,Largo
2015-09-18 09:45:00-04:00,2015-09-18 10:15:00-04:00,3,0.5216571213868041,11.399999999999636,0.5674165179996831,NAS100_USD,Largo
2015-10-21 10:45:00-04:00,2015-10-21 11:45:00-04:00,5,0.6637282423019397,11.0,0.7240671734202979,NAS100_USD,Largo
2015-10-28 10:00:00-04:00,2015-10-28 10:00:00-04:00,1,-1.105573968002701,-10.47203196884675,-0.9999999999999607,NAS100_USD,Largo
2015-10-28 10:45:00-04:00,2015-10-28 11:00:00-04:00,2,0.2598956891052061,3.100000000000364,0.3437330081713918,NAS100_USD,Largo
2015-11-04 10:30:00-05:00,2015-11-04 10:30:00-05:00,1,-1.0937819357674854,-11.663034323361899,-1.0000000000000016,NAS100_USD,Largo
2015-11-04 11:30:00-05:00,2015-11-04 14:15:00-05:00,12,0.821632092254969,11.699999999999818,0.8918570574049675,NAS100_USD,Largo
2015-11-05 11:30:00-05:00,2015-11-05 15:30:00-05:00,17,0.6227451382833491,9.5,0.688297258102649,NAS100_USD,Largo
2015-11-23 15:00:00-05:00,2015-11-23 15:45:00-05:00,4,0.43267866883054407,6.100000000000364,0.5036095981470224,NAS100_USD,Largo
2015-12-02 15:15:00-05:00,2015-12-02 15:45:00-05:00,3,-0.3699035885950949,-6.199999999999818,-0.3102417194668521,NAS100_USD,Largo
2015-12-07 11:45:00-05:00,2015-12-07 15:45:00-05:00,17,0.25528377207490294,4.5,0.31201349920265914,NAS100_USD,Largo
2015-12-17 12:15:00-05:00,2015-12-17 15:15:00-05:00,13,-1.0453687162308136,-23.041619932823778,-0.9999999999999881,NAS100_USD,Largo
2015-12-28 10:30:00-05:00,2015-12-28 10:45:00-05:00,2,-1.1071067931901564,-10.336475962124496,-1.000000000000013,NAS100_USD,Largo
2015-12-30 10:45:00-05:00,2015-12-30 15:30:00-05:00,20,-1.0927963031563126,-11.77629136061205,-1.000000000000009,NAS100_USD,Largo
2016-04-19 11:00:00-04:00,2016-04-19 11:45:00-04:00,4,-1.0728506372752167,-14.726715886122292,-0.9999999999999898,NAS100_USD,Largo
2016-04-19 13:15:00-04:00,2016-04-19 15:45:00-04:00,11,0.3705727476442244,5.899999999999636,0.4333816879229103,NAS100_USD,Largo
2016-05-11 14:30:00-04:00,2016-05-11 14:45:00-04:00,2,-1.0866841864080683,-12.536129499930212,-0.9999999999999654,NAS100_USD,Largo
2016-05-11 15:15:00-04:00,2016-05-11 15:45:00-04:00,3,-0.852588394720658,-10.299999999999272,-0.7698128224176756,NAS100_USD,Largo
2016-06-02 10:15:00-04:00,2016-06-02 11:15:00-04:00,5,0.9943188977454213,11.300000000000182,1.0823117205547492,NAS100_USD,Largo
2016-06-03 10:45:00-04:00,2016-06-03 14:45:00-04:00,17,0.9543522075088509,15.299999999999272,1.016728168783942,NAS100_USD,Largo
2016-06-07 10:00:00-04:00,2016-06-07 10:45:00-04:00,4,-1.1614897417867778,-7.192343791844905,-0.9999999999999987,NAS100_USD,Largo
2016-06-07 11:15:00-04:00,2016-06-07 12:45:00-04:00,7,1.0405061879741306,8.5,1.1629186806769696,NAS100_USD,Largo
2016-07-05 11:30:00-04:00,2016-07-05 13:30:00-04:00,9,-1.0681809939445155,-15.666843971414892,-1.0000000000000122,NAS100_USD,Largo
2016-08-02 12:45:00-04:00,2016-08-02 13:00:00-04:00,2,-1.0783522678071829,-13.76287244755531,-0.9999999999999832,NAS100_USD,Largo
2016-08-02 13:30:00-04:00,2016-08-02 14:45:00-04:00,6,1.3402444741018682,20.200000000000728,1.4065932104435426,NAS100_USD,Largo
2016-08-08 11:45:00-04:00,2016-08-08 15:45:00-04:00,17,0.4634985887233807,3.899999999999636,0.5823443807037458,NAS100_USD,Largo
2016-08-10 12:15:00-04:00,2016-08-10 15:45:00-04:00,15,0.09848851033298367,1.0,0.19697702066596734,NAS100_USD,Largo
2016-08-12 09:45:00-04:00,2016-08-12 09:45:00-04:00,1,-1.1698362427098303,-6.888024746926021,-1.0000000000000602,NAS100_USD,Largo
2016-08-16 10:00:00-04:00,2016-08-16 12:45:00-04:00,12,0.4950091623328811,4.0,0.6187614529161014,NAS100_USD,Largo
2016-08-24 11:30:00-04:00,2016-08-24 14:00:00-04:00,11,-1.1289212224571317,-8.75667482002791,-1.0000000000000515,NAS100_USD,Largo
2016-09-07 12:45:00-04:00,2016-09-07 15:15:00-04:00,11,0.7309379607991546,6.5,0.8433899547682553,NAS100_USD,Largo
2016-09-19 12:45:00-04:00,2016-09-19 13:30:00-04:00,4,-1.0756775885540735,-14.213951700981852,-1.0000000000000213,NAS100_USD,Largo
2016-09-19 14:00:00-04:00,2016-09-19 15:45:00-04:00,8,-0.26605797715855656,-4.0,-0.19954348286891743,NAS100_USD,Largo
2016-09-21 13:00:00-04:00,2016-09-21 14:15:00-04:00,6,1.5287228908355925,18.5,1.6113565606104894,NAS100_USD,Largo
2016-09-23 10:30:00-04:00,2016-09-23 12:30:00-04:00,9,0.7616594861231094,5.699999999999818,0.895283957372782,NAS100_USD,Largo
2016-09-23 14:15:00-04:00,2016-09-23 15:45:00-04:00,7,-0.43356443847791415,-5.0,-0.3468515507823313,NAS100_USD,Largo
2016-10-03 10:15:00-04:00,2016-10-03 11:45:00-04:00,7,-1.1187308996072676,-9.42240733716335,-1.000000000000027,NAS100_USD,Largo
2016-10-06 11:30:00-04:00,2016-10-06 12:00:00-04:00,3,1.299895067085303,15.0,1.386554738224323,NAS100_USD,Largo
2016-10-21 10:00:00-04:00,2016-10-21 11:15:00-04:00,6,0.5661842222321096,6.599999999999454,0.651969710449103,NAS100_USD,Largo
2016-10-25 11:30:00-04:00,2016-10-25 12:00:00-04:00,3,-1.1132522040288912,-9.829850231829369,-0.9999999999999687,NAS100_USD,Largo
2016-10-25 13:30:00-04:00,2016-10-25 15:45:00-04:00,10,-0.35917651180128213,-3.0999999999994543,-0.24331312089762233,NAS100_USD,Largo
2016-11-18 11:45:00-05:00,2016-11-18 15:45:00-05:00,17,-0.39446796999840644,-5.400000000000546,-0.32141834592463486,NAS100_USD,Largo
2016-11-23 12:00:00-05:00,2016-11-23 15:30:00-05:00,15,0.3467033267664008,4.400000000000546,0.4254995373951185,NAS100_USD,Largo
2016-12-14 14:30:00-05:00,2016-12-14 14:45:00-05:00,2,1.493687393072996,26.100000000000364,1.5509167951064433,NAS100_USD,Largo
2016-12-16 11:45:00-05:00,2016-12-16 13:00:00-05:00,6,-1.0707824309509877,-15.127799604576467,-1.0000000000000215,NAS100_USD,Largo
2016-12-16 13:45:00-05:00,2016-12-16 15:45:00-05:00,9,0.11308025051102749,1.5,0.18846708418504582,NAS100_USD,Largo
2016-12-21 11:15:00-05:00,2016-12-21 12:15:00-05:00,5,1.1468752933633843,9.600000000000364,1.266341469755399,NAS100_USD,Largo
2016-12-22 10:00:00-05:00,2016-12-22 11:15:00-05:00,6,-1.1185563687576163,-9.43480624852964,-0.999999999999971,NAS100_USD,Largo
2016-12-28 11:15:00-05:00,2016-12-28 12:00:00-05:00,4,-1.0881260354241167,-12.347384404476543,-0.9999999999999974,NAS100_USD,Largo
2016-12-28 12:30:00-05:00,2016-12-28 12:45:00-05:00,2,-1.0860141424415162,-12.625995116787635,-0.9999999999999797,NAS100_USD,Largo
2017-01-12 11:30:00-05:00,2017-01-12 13:00:00-05:00,7,0.9458175864264325,13.200000000000728,1.0174704338829765,NAS100_USD,Largo
2017-02-08 10:00:00-05:00,2017-02-08 10:15:00-05:00,2,1.311630040439168,8.800000000000182,1.4606789086708887,NAS100_USD,Largo
2017-02-14 11:00:00-05:00,2017-02-14 12:00:00-05:00,5,1.0623488586089231,9.0,1.1803876206765813,NAS100_USD,Largo
2017-02-23 10:00:00-05:00,2017-02-23 10:00:00-05:00,1,-1.131533521897344,-8.602624681338966,-1.0000000000000218,NAS100_USD,Largo
2017-02-23 11:45:00-05:00,2017-02-23 15:00:00-05:00,14,0.6546228132492677,8.199999999999818,0.7344548636455217,NAS100_USD,Largo
2017-02-27 10:00:00-05:00,2017-02-27 10:15:00-05:00,2,-1.1277002730967658,-8.830836816163355,-1.0000000000000304,NAS100_USD,Largo
2017-02-28 13:00:00-05:00,2017-02-28 15:45:00-05:00,12,0.46582519466570366,4.299999999999272,0.5741566352856531,NAS100_USD,Largo
2017-03-02 11:30:00-05:00,2017-03-02 15:15:00-05:00,16,-1.1069791499792083,-10.347615869020956,-1.000000000000002,NAS100_USD,Largo
2017-03-06 10:00:00-05:00,2017-03-06 10:15:00-05:00,2,-1.1327097425803554,-8.535241803327153,-1.0000000000000329,NAS100_USD,Largo
2017-03-07 10:00:00-05:00,2017-03-07 10:30:00-05:00,3,2.231694182224241,15.099999999999454,2.3794884989278384,NAS100_USD,Largo
2017-03-09 15:00:00-05:00,2017-03-09 15:15:00-05:00,2,0.5127872185314125,5.899999999999636,0.5997003064180979,NAS100_USD,Largo
2017-03-14 11:00:00-04:00,2017-03-14 13:30:00-04:00,11,0.6517417967982311,6.200000000000728,0.7568614414430948,NAS100_USD,Largo
2017-03-15 10:30:00-04:00,2017-03-15 12:15:00-04:00,8,0.43161778908113424,3.0,0.5754903854415123,NAS100_USD,Largo
2017-03-16 12:00:00-04:00,2017-03-16 15:45:00-04:00,16,0.1851560886678409,1.800000000000182,0.28802058237218653,NAS100_USD,Largo
2017-04-03 11:30:00-04:00,2017-04-03 12:00:00-04:00,3,-1.0685274578089687,-15.592690754525393,-1.0000000000000042,NAS100_USD,Largo
2017-04-03 12:30:00-04:00,2017-04-03 14:45:00-04:00,10,0.8726534164777765,14.300000000000182,0.9336781309167811,NAS100_USD,Largo
2017-04-21 10:30:00-04:00,2017-04-21 10:45:00-04:00,2,-1.1253437459847397,-8.978060589653069,-1.0000000000000375,NAS100_USD,Largo
2017-04-21 11:30:00-04:00,2017-04-21 11:45:00-04:00,2,0.09243819985006724,0.9000000000005457,0.19514731079452413,NAS100_USD,Largo
2017-05-02 10:15:00-04:00,2017-05-02 11:15:00-04:00,5,0.9099919126936848,5.200000000000728,1.084990357442446,NAS100_USD,Largo
2017-05-03 10:30:00-04:00,2017-05-03 10:45:00-04:00,2,-1.1192783394524939,-9.383751857963034,-0.9999999999999565,NAS100_USD,Largo
2017-05-04 10:15:00-04:00,2017-05-04 11:45:00-04:00,7,1.4701692828108055,14.199999999999818,1.573702330896075,NAS100_USD,Largo
2017-05-10 10:45:00-04:00,2017-05-10 11:30:00-04:00,4,0.6718325628315124,5.300000000000182,0.7985934237431142,NAS100_USD,Largo
2017-05-11 11:30:00-04:00,2017-05-11 12:45:00-04:00,6,0.6019636502765952,6.5,0.6945734426268405,NAS100_USD,Largo
2017-05-17 09:45:00-04:00,2017-05-17 09:45:00-04:00,1,-1.0918298443798637,-11.889705920258166,-0.9999999999999822,NAS100_USD,Largo
2017-05-29 11:30:00-04:00,2017-05-29 12:45:00-04:00,6,-0.43820744802004774,-1.4000000000005457,-0.1252021280058499,NAS100_USD,Largo
2017-05-31 10:45:00-04:00,2017-05-31 15:30:00-04:00,20,0.39007632762164424,5.100000000000364,0.4665618820572553,NAS100_USD,Largo
2017-06-01 10:45:00-04:00,2017-06-01 12:00:00-04:00,6,0.8713705105243396,9.800000000000182,0.9602858687411072,NAS100_USD,Largo
2017-06-08 10:45:00-04:00,2017-06-08 15:30:00-04:00,20,0.5206297753518796,7.699999999999818,0.5882440318910863,NAS100_USD,Largo
2017-06-09 11:45:00-04:00,2017-06-09 12:00:00-04:00,2,-1.0771535033887252,-13.96117423161104,-1.0000000000000329,NAS100_USD,Largo
2017-06-23 10:00:00-04:00,2017-06-23 10:45:00-04:00,4,1.5941851553936803,18.5,1.680357325955501,NAS100_USD,Largo
2017-06-26 12:00:00-04:00,2017-06-26 15:45:00-04:00,16,-0.58997480374669,-13.0,-0.5445921265354061,NAS100_USD,Largo
2017-07-18 10:00:00-04:00,2017-07-18 10:30:00-04:00,3,0.7214093888263473,9.0,0.8015659875848303,NAS100_USD,Largo
2017-07-21 09:45:00-04:00,2017-07-21 09:45:00-04:00,1,-1.093342608587383,-11.713221058786985,-1.0000000000000395,NAS100_USD,Largo
2017-08-02 10:15:00-04:00,2017-08-02 10:15:00-04:00,1,-1.082022317254574,-13.19180380988655,-1.0000000000000029,NAS100_USD,Largo
2017-08-08 10:00:00-04:00,2017-08-08 10:45:00-04:00,4,1.2415667969563384,10.199999999999818,1.36328903195206,NAS100_USD,Largo
2017-08-15 10:00:00-04:00,2017-08-15 10:00:00-04:00,1,-1.089495354129854,-12.173764378303531,-0.9999999999999853,NAS100_USD,Largo
2017-08-15 10:30:00-04:00,2017-08-15 12:45:00-04:00,10,0.6467273612157902,8.800000000000182,0.7202191068084921,NAS100_USD,Largo
2017-09-01 10:15:00-04:00,2017-09-01 12:30:00-04:00,10,0.5718266735962135,8.199999999999818,0.6415616337908753,NAS100_USD,Largo
2017-09-05 10:00:00-04:00,2017-09-05 10:15:00-04:00,2,-0.059922000370634165,-0.8999999999996362,0.006658000041208492,NAS100_USD,Largo
2017-09-06 11:00:00-04:00,2017-09-06 11:00:00-04:00,1,-1.0567929054750764,-18.607833084693084,-0.9999999999999944,NAS100_USD,Largo
2017-09-06 11:30:00-04:00,2017-09-06 12:30:00-04:00,5,0.9222887085185092,18.5,0.9721421522222125,NAS100_USD,Largo
2017-09-14 10:00:00-04:00,2017-09-14 11:00:00-04:00,5,0.6618861630739445,7.399999999999636,0.7513302391650225,NAS100_USD,Largo
2017-10-02 12:30:00-04:00,2017-10-02 15:45:00-04:00,14,0.5298605545486351,8.100000000000364,0.5952754378262415,NAS100_USD,Largo
2017-10-06 09:45:00-04:00,2017-10-06 10:30:00-04:00,4,0.5645586011452551,5.600000000000364,0.6653726370640441,NAS100_USD,Largo
2017-10-10 10:45:00-04:00,2017-10-10 11:00:00-04:00,2,-1.0931781722565515,-11.732127233045503,-0.999999999999995,NAS100_USD,Largo
2017-10-10 11:45:00-04:00,2017-10-10 11:45:00-04:00,1,-1.079389929901768,-13.596055963739673,-1.0000000000000029,NAS100_USD,Largo
2017-10-10 12:45:00-04:00,2017-10-10 15:15:00-04:00,11,0.36826889302217714,5.5,0.4352268735716639,NAS100_USD,Largo
2017-10-18 10:30:00-04:00,2017-10-18 12:30:00-04:00,9,0.6895944446440826,5.5,0.8149752527611885,NAS100_USD,Largo
2017-11-01 11:15:00-04:00,2017-11-01 11:45:00-04:00,3,-1.0791725443414457,-13.630641194085001,-0.9999999999999696,NAS100_USD,Largo
2017-11-01 12:15:00-04:00,2017-11-01 13:00:00-04:00,4,-1.0680434117997937,-15.69649997772467,-0.9999999999999987,NAS100_USD,Largo
2017-11-01 13:30:00-04:00,2017-11-01 15:45:00-04:00,10,0.46954925172823775,8.0,0.5282429081942674,NAS100_USD,Largo
2017-11-09 10:00:00-05:00,2017-11-09 11:00:00-05:00,5,1.4339232096548327,24.199999999999818,1.4931762348471815,NAS100_USD,Largo
2017-11-23 12:00:00-05:00,2017-11-23 12:45:00-05:00,4,0.1297884408907462,0.5999999999994543,0.34610250904218665,NAS100_USD,Largo
2017-11-27 11:45:00-05:00,2017-11-27 13:15:00-05:00,7,0.6924539551751335,8.099999999999454,0.7779420977893533,NAS100_USD,Largo
2017-12-19 11:30:00-05:00,2017-12-19 11:45:00-05:00,2,-1.0680194198421467,-15.70168375915091,-1.0000000000000098,NAS100_USD,Largo
2017-12-19 13:00:00-05:00,2017-12-19 15:45:00-05:00,12,0.24203333328799664,3.800000000000182,0.3057263157322032,NAS100_USD,Largo
2017-12-20 11:45:00-05:00,2017-12-20 13:30:00-05:00,8,1.1117341848695068,18.0,1.173497195140035,NAS100_USD,Largo
2017-12-22 10:00:00-05:00,2017-12-22 10:00:00-05:00,1,-1.0964327402293552,-11.369922057819167,-1.0000000000000295,NAS100_USD,Largo
2018-01-09 10:15:00-05:00,2018-01-09 11:15:00-05:00,5,0.9832127523820232,12.600000000000364,1.0612455105075784,NAS100_USD,Largo
2018-01-12 09:45:00-05:00,2018-01-12 10:15:00-05:00,3,0.3179451452984739,4.800000000000182,0.3841837172356535,NAS100_USD,Largo
2018-01-16 15:15:00-05:00,2018-01-16 15:45:00-05:00,3,-0.4036827153104875,-11.600000000000364,-0.3688824812319983,NAS100_USD,Largo
2018-01-24 13:45:00-05:00,2018-01-24 15:45:00-05:00,9,-0.11611556784812058,-4.0,-0.08708667588609043,NAS100_USD,Largo
2018-01-25 10:30:00-05:00,2018-01-25 11:30:00-05:00,5,1.0092530803999813,24.199999999999818,1.0509577531437824,NAS100_USD,Largo
2018-01-30 09:45:00-05:00,2018-01-30 09:45:00-05:00,1,-1.047868751668989,-21.890454944705198,-1.0000000000000135,NAS100_USD,Largo
2018-02-16 09:45:00-05:00,2018-02-16 10:30:00-05:00,4,0.9038491511576084,22.0,0.9449332034829543,NAS100_USD,Largo
2018-02-19 10:45:00-05:00,2018-02-19 11:00:00-05:00,2,-1.0613035384460212,-17.31227210286761,-1.000000000000006,NAS100_USD,Largo
2018-02-19 11:30:00-05:00,2018-02-19 12:45:00-05:00,6,0.25755654354661894,4.800000000000182,0.31121415678549585,NAS100_USD,Largo
2018-02-27 12:45:00-05:00,2018-02-27 15:45:00-05:00,13,-0.9437697680891076,-33.399999999999636,-0.9155131882061999,NAS100_USD,Largo
2018-03-13 12:30:00-04:00,2018-03-13 15:00:00-04:00,11,-1.0300495820305624,-34.27833308904701,-0.9999999999999911,NAS100_USD,Largo
2018-03-14 12:30:00-04:00,2018-03-14 13:45:00-04:00,6,0.7551285223600209,24.599999999999454,0.7858248037567704,NAS100_USD,Largo
2018-04-13 10:45:00-04:00,2018-04-13 13:30:00-04:00,12,0.8308554677195108,22.600000000000364,0.867618983990285,NAS100_USD,Largo
2018-04-18 10:00:00-04:00,2018-04-18 10:00:00-04:00,1,-1.0649997958010693,-16.384663715871284,-0.9999999999999849,NAS100_USD,Largo
2018-04-18 10:30:00-04:00,2018-04-18 11:00:00-04:00,3,0.8076639368025377,16.600000000000364,0.8563183908267858,NAS100_USD,Largo
2018-04-19 10:00:00-04:00,2018-04-19 10:45:00-04:00,4,-1.052649833587546,-19.99341235974316,-1.0000000000000058,NAS100_USD,Largo
2018-04-19 11:30:00-04:00,2018-04-19 12:00:00-04:00,3,-1.0369763160204573,-28.044338312310174,-1.000000000000005,NAS100_USD,Largo
2018-04-19 12:45:00-04:00,2018-04-19 15:30:00-04:00,12,0.671302481787358,19.0,0.7066341913551136,NAS100_USD,Largo
2018-04-20 10:30:00-04:00,2018-04-20 10:45:00-04:00,2,-1.0394587401025528,-26.342927762028012,-0.9999999999999861,NAS100_USD,Largo
2018-04-30 09:45:00-04:00,2018-04-30 10:15:00-04:00,3,1.0687450202218405,16.899999999999636,1.1319843705308266,NAS100_USD,Largo
2018-05-11 10:00:00-04:00,2018-05-11 10:15:00-04:00,2,0.29673327267957816,4.599999999999454,0.3612405058707985,NAS100_USD,Largo
2018-05-15 10:45:00-04:00,2018-05-15 12:00:00-04:00,6,-1.0355656788995196,-29.116994556054124,-1.0000000000000056,NAS100_USD,Largo
2018-05-22 10:45:00-04:00,2018-05-22 12:30:00-04:00,8,-1.061245300636948,-17.32778334990053,-0.9999999999999776,NAS100_USD,Largo
2018-05-24 10:15:00-04:00,2018-05-24 10:30:00-04:00,2,-1.0450508612141554,-23.19713392927315,-0.9999999999999872,NAS100_USD,Largo
2018-06-06 11:15:00-04:00,2018-06-06 11:30:00-04:00,2,0.4954650677850896,9.0,0.5505167419834329,NAS100_USD,Largo
2018-06-07 12:30:00-04:00,2018-06-07 12:45:00-04:00,2,-1.0389026632388678,-26.705181001625533,-1.0000000000000142,NAS100_USD,Largo
2018-06-07 14:15:00-04:00,2018-06-07 15:45:00-04:00,7,0.5659107286576502,16.200000000000728,0.6008434896858987,NAS100_USD,Largo
2018-06-15 10:00:00-04:00,2018-06-15 13:00:00-04:00,13,0.5329283171708774,14.0,0.5709946255402258,NAS100_USD,Largo
2018-06-21 11:00:00-04:00,2018-06-21 15:45:00-04:00,20,-1.0278590306303355,-36.89500342883912,-1.0000000000000007,NAS100_USD,Largo
2018-07-16 11:15:00-04:00,2018-07-16 12:30:00-04:00,6,0.9052160080618856,14.799999999999272,0.9663792518498538,NAS100_USD,Largo
2018-07-18 10:30:00-04:00,2018-07-18 12:00:00-04:00,7,0.8479052051114647,14.199999999999818,0.9076168392742447,NAS100_USD,Largo
2018-07-24 13:15:00-04:00,2018-07-24 13:30:00-04:00,2,-1.0385092399517248,-26.967793736092062,-1.0000000000000024,NAS100_USD,Largo
2018-07-24 14:00:00-04:00,2018-07-24 15:45:00-04:00,8,0.37760989338724055,10.600000000000364,0.4132334682350922,NAS100_USD,Largo
2018-08-14 10:30:00-04:00,2018-08-14 11:00:00-04:00,3,1.0897064876381615,21.199999999999818,1.1411077370550564,NAS100_USD,Largo
2018-09-04 10:15:00-04:00,2018-09-04 11:00:00-04:00,4,0.6729297693005981,16.0,0.7149878798818855,NAS100_USD,Largo
2018-09-14 10:30:00-04:00,2018-09-14 12:00:00-04:00,7,-1.05238226252264,-20.090431604935475,-1.0000000000000115,NAS100_USD,Largo
2018-09-14 12:45:00-04:00,2018-09-14 15:45:00-04:00,13,0.38047211680586523,10.0,0.41851932848645174,NAS100_USD,Largo
2018-09-21 11:15:00-04:00,2018-09-21 14:45:00-04:00,15,-1.046050421836188,-22.71532768054658,-1.0000000000000095,NAS100_USD,Largo
2018-09-26 09:45:00-04:00,2018-09-26 10:00:00-04:00,2,-0.12815938571074917,-1.5999999999994543,-0.048059769641503616,NAS100_USD,Largo
2018-10-01 13:15:00-04:00,2018-10-01 14:30:00-04:00,6,-1.0596845996981985,-17.754740838625366,-1.0000000000000233,NAS100_USD,Largo
2018-10-01 15:00:00-04:00,2018-10-01 15:15:00-04:00,2,-1.05422906762215,-19.440294916513267,-0.9999999999999993,NAS100_USD,Largo
2018-11-09 10:30:00-05:00,2018-11-09 11:45:00-05:00,6,-1.0320531357618905,-32.19819562829616,-0.9999999999999937,NAS100_USD,Largo
2019-03-06 11:00:00-05:00,2019-03-06 11:30:00-05:00,3,-1.04640224231492,-22.550682684967796,-0.9999999999999922,NAS100_USD,Largo
2019-03-22 10:15:00-04:00,2019-03-22 10:45:00-04:00,3,-1.0331985310769245,-31.12181465748472,-0.9999999999999957,NAS100_USD,Largo
2019-03-22 13:00:00-04:00,2019-03-22 15:45:00-04:00,12,-1.0234410721884963,-43.66016468694852,-0.9999999999999978,NAS100_USD,Largo
2019-04-08 10:00:00-04:00,2019-04-08 10:45:00-04:00,4,0.8261354071333127,12.400000000000546,0.8927592302892221,NAS100_USD,Largo
2019-04-09 09:45:00-04:00,2019-04-09 10:30:00-04:00,4,0.44111312543099457,6.0,0.5146319796694937,NAS100_USD,Largo
2019-04-11 10:15:00-04:00,2019-04-11 14:00:00-04:00,16,-1.0650859969811926,-16.364287963340757,-1.0000000000000104,NAS100_USD,Largo
2019-04-11 14:45:00-04:00,2019-04-11 15:45:00-04:00,5,0.4715572027243633,7.800000000000182,0.5320132543556905,NAS100_USD,Largo
2019-04-15 11:00:00-04:00,2019-04-15 13:15:00-04:00,10,1.0566396241366627,16.600000000000364,1.1202926135424844,NAS100_USD,Largo
2019-04-25 10:00:00-04:00,2019-04-25 10:00:00-04:00,1,-1.0587646081465143,-18.01704531930136,-1.0000000000000122,NAS100_USD,Largo
2019-04-25 10:45:00-04:00,2019-04-25 11:45:00-04:00,5,1.030500266042415,27.599999999999454,1.0678372322033727,NAS100_USD,Largo
2019-05-01 10:15:00-04:00,2019-05-01 10:30:00-04:00,2,-1.0675628320316377,-15.801037344487668,-0.9999999999999758,NAS100_USD,Largo
2019-06-11 12:45:00-04:00,2019-06-11 15:45:00-04:00,13,0.2225166314719345,7.0,0.25430472168221085,NAS100_USD,Largo
2019-06-19 10:00:00-04:00,2019-06-19 14:00:00-04:00,17,-1.054165638647227,-19.461888846420152,-1.0000000000000238,NAS100_USD,Largo
2019-06-20 11:45:00-04:00,2019-06-20 12:00:00-04:00,2,-1.0382637216716282,-27.134415480601092,-1.000000000000015,NAS100_USD,Largo
2019-06-20 12:30:00-04:00,2019-06-20 15:30:00-04:00,13,0.6195771637469113,19.0,0.6521864881546435,NAS100_USD,Largo
2019-06-25 12:15:00-04:00,2019-06-25 12:30:00-04:00,2,-1.0452169908015319,-23.115580499132193,-0.9999999999999912,NAS100_USD,Largo
2019-06-25 13:45:00-04:00,2019-06-25 14:15:00-04:00,3,-1.0356415972951647,-29.057103942850517,-0.9999999999999881,NAS100_USD,Largo
2019-06-28 10:15:00-04:00,2019-06-28 12:00:00-04:00,8,0.6281226486623797,10.200000000000728,0.6897033004920203,NAS100_USD,Largo
2019-07-01 13:15:00-04:00,2019-07-01 15:30:00-04:00,10,0.5987080729443607,15.199999999999818,0.6380967619538586,NAS100_USD,Largo
2019-07-05 11:00:00-04:00,2019-07-05 12:45:00-04:00,8,1.3816802473887573,35.80000000000018,1.4202746677068787,NAS100_USD,Largo
2019-07-11 14:45:00-04:00,2019-07-11 15:45:00-04:00,5,0.1227260956299473,3.0,0.16363479417326304,NAS100_USD,Largo
2019-07-16 12:45:00-04:00,2019-07-16 15:45:00-04:00,13,-0.0869693305739087,-1.800000000000182,-0.03865303581063097,NAS100_USD,Largo
2019-07-23 10:30:00-04:00,2019-07-23 13:45:00-04:00,14,1.675510791912749,27.0,1.7375667471687768,NAS100_USD,Largo
2019-07-25 10:45:00-04:00,2019-07-25 11:45:00-04:00,5,-1.037728814030206,-27.50494126848298,-1.0000000000000044,NAS100_USD,Largo
2019-07-25 13:00:00-04:00,2019-07-25 15:45:00-04:00,12,0.09475221741263384,2.800000000000182,0.12859229506000086,NAS100_USD,Largo
2019-07-29 10:45:00-04:00,2019-07-29 13:30:00-04:00,12,0.9897539247643923,20.0,1.0392416210026119,NAS100_USD,Largo
2019-08-30 10:45:00-04:00,2019-08-30 11:00:00-04:00,2,-1.0434757773448786,-24.001313859600486,-0.9999999999999859,NAS100_USD,Largo
2019-08-30 12:30:00-04:00,2019-08-30 15:45:00-04:00,14,0.3497636561936019,10.199999999999818,0.384054210722387,NAS100_USD,Largo
2019-09-09 10:15:00-04:00,2019-09-09 11:00:00-04:00,4,1.1570441616481841,18.600000000000364,1.219250837005612,NAS100_USD,Largo
2019-09-09 13:00:00-04:00,2019-09-09 14:15:00-04:00,6,-1.0403980343312913,-25.75367964191446,-0.999999999999994,NAS100_USD,Largo
2019-09-09 14:45:00-04:00,2019-09-09 15:45:00-04:00,5,1.137493069450507,28.399999999999636,1.1775456423184831,NAS100_USD,Largo
2019-09-10 10:30:00-04:00,2019-09-10 11:30:00-04:00,5,-1.0334768787155513,-30.871363112938525,-1.000000000000001,NAS100_USD,Largo
2019-09-13 10:30:00-04:00,2019-09-13 13:30:00-04:00,13,-1.0434788194869216,-23.999704495210608,-0.9999999999999917,NAS100_USD,Largo
2019-09-18 13:45:00-04:00,2019-09-18 14:00:00-04:00,2,-1.058486670130358,-18.097913041921856,-1.0000000000000235,NAS100_USD,Largo
2019-09-20 12:00:00-04:00,2019-09-20 12:30:00-04:00,3,-1.0458406089487438,-22.8147189344254,-0.9999999999999891,NAS100_USD,Largo
2019-09-20 13:00:00-04:00,2019-09-20 13:00:00-04:00,1,-1.0450086623903165,-23.217945321900515,-0.9999999999999971,NAS100_USD,Largo
2019-09-20 13:30:00-04:00,2019-09-20 15:45:00-04:00,10,-0.45662207119954945,-15.199999999999818,-0.4265811454627366,NAS100_USD,Largo
2019-10-18 11:00:00-04:00,2019-10-18 11:30:00-04:00,3,-1.0476768999890207,-21.974518062847892,-1.000000000000014,NAS100_USD,Largo
2019-10-18 13:00:00-04:00,2019-10-18 15:15:00-04:00,10,1.3761099034856954,41.80000000000018,1.4090311930427692,NAS100_USD,Largo
2019-10-29 12:15:00-04:00,2019-10-29 15:45:00-04:00,15,-0.7311829169351137,-18.799999999999272,-0.6922902085874998,NAS100_USD,Largo
2019-10-31 11:00:00-04:00,2019-10-31 14:30:00-04:00,15,-1.0378080665541263,-27.44938213301066,-1.000000000000014,NAS100_USD,Largo
2019-11-05 10:00:00-05:00,2019-11-05 10:00:00-05:00,1,-1.073030615375661,-14.692887494596107,-1.000000000000003,NAS100_USD,Largo
2019-11-05 11:15:00-05:00,2019-11-05 12:45:00-05:00,7,0.3123741576869337,6.600000000000364,0.3597035755182847,NAS100_USD,Largo
2019-11-06 10:00:00-05:00,2019-11-06 10:15:00-05:00,2,-1.0764737226811942,-14.076387090102799,-1.0000000000000333,NAS100_USD,Largo
2019-11-06 10:45:00-05:00,2019-11-06 11:45:00-05:00,5,-1.0676508210339362,-15.78178660238882,-1.0000000000000027,NAS100_USD,Largo
2019-11-06 12:15:00-05:00,2019-11-06 13:45:00-05:00,7,0.7350022603124718,16.0,0.7809399015820013,NAS100_USD,Largo
2019-11-18 10:00:00-05:00,2019-11-18 11:45:00-05:00,8,1.161396328834423,22.200000000000728,1.2137114787819177,NAS100_USD,Largo
2019-11-19 10:30:00-05:00,2019-11-19 10:45:00-05:00,2,-1.0689828861317978,-15.496349110253504,-0.9999999999999617,NAS100_USD,Largo
2019-11-19 11:15:00-05:00,2019-11-19 12:00:00-05:00,4,1.3789477178923852,25.0,1.4341056266080807,NAS100_USD,Largo
2019-12-13 09:45:00-05:00,2019-12-13 10:30:00-05:00,4,0.9621315008090519,29.0,0.9953084491128122,NAS100_USD,Largo
2019-12-24 10:15:00-05:00,2019-12-24 12:45:00-05:00,11,0.4550289863261973,4.200000000000728,0.5633692211657493,NAS100_USD,Largo
2019-12-27 10:15:00-05:00,2019-12-27 15:45:00-05:00,23,-1.0554712932984882,-19.027342442119334,-0.999999999999952,NAS100_USD,Largo
2019-12-30 11:30:00-05:00,2019-12-30 15:45:00-05:00,18,-0.09802680560870314,-2.600000000000364,-0.060324188066899515,NAS100_USD,Largo
2019-12-31 09:45:00-05:00,2019-12-31 10:00:00-05:00,2,0.14637608374167604,2.899999999999636,0.19685059537674307,NAS100_USD,Largo
2020-01-09 13:00:00-05:00,2020-01-09 13:45:00-05:00,4,0.32440450714080726,8.799999999999272,0.3612686556795384,NAS100_USD,Largo
2020-01-14 10:15:00-05:00,2020-01-14 12:00:00-05:00,8,0.260701730223793,7.5,0.29546196092029875,NAS100_USD,Largo
2020-01-23 10:00:00-05:00,2020-01-23 10:15:00-05:00,2,0.48294635977079126,12.799999999999272,0.5206765441278864,NAS100_USD,Largo
2020-01-24 11:00:00-05:00,2020-01-24 11:15:00-05:00,2,-1.0466214358834327,-22.449360815484397,-0.9999999999999876,NAS100_USD,Largo
2020-01-24 13:00:00-05:00,2020-01-24 13:15:00-05:00,2,-1.0314902375509927,-32.75587349511079,-1.0000000000000095,NAS100_USD,Largo
2020-01-24 15:00:00-05:00,2020-01-24 15:45:00-05:00,4,-0.1067925390863309,-4.199999999998909,-0.08136574406576932,NAS100_USD,Largo
2020-02-06 10:00:00-05:00,2020-02-06 11:00:00-05:00,5,0.1002991900270581,3.3000000000010914,0.1306928839746414,NAS100_USD,Largo
2020-02-14 10:30:00-05:00,2020-02-14 11:00:00-05:00,3,0.6973212893414361,17.100000000000364,0.7381003121099403,NAS100_USD,Largo
2020-02-17 09:45:00-05:00,2020-02-17 11:45:00-05:00,9,0.4047177437586312,3.7999999999992724,0.5112224131688177,NAS100_USD,Largo
2020-04-17 10:00:00-04:00,2020-04-17 10:30:00-04:00,3,-1.0169346281727643,-60.05060269401474,-1.0000000000000129,NAS100_USD,Largo
2020-04-17 11:45:00-04:00,2020-04-17 15:30:00-04:00,16,0.46910281854325747,31.600000000000364,0.48394784444652494,NAS100_USD,Largo
2020-04-21 10:00:00-04:00,2020-04-21 10:15:00-04:00,2,-1.0158718201812833,-64.00474605796262,-0.9999999999999907,NAS100_USD,Largo
2020-04-28 13:00:00-04:00,2020-04-28 15:45:00-04:00,12,-1.0159577249410967,-63.665574428139735,-1.000000000000001,NAS100_USD,Largo
2020-04-30 10:00:00-04:00,2020-04-30 12:00:00-04:00,9,-1.017067421628057,-59.5911581603832,-0.9999999999999906,NAS100_USD,Largo
2020-05-08 10:00:00-04:00,2020-05-08 10:30:00-04:00,3,1.0630937468629735,38.599999999998545,1.090635035641808,NAS100_USD,Largo
2006-06-13 10:00:00-04:00,2006-06-13 10:45:00-04:00,4,1.0505765592407617,8.5,1.1741738015043808,NAS100_USD,Corto
2006-06-26 10:45:00-04:00,2006-06-26 12:00:00-04:00,6,1.0943694536357218,5.400000000000091,1.2970304635682595,NAS100_USD,Corto
2006-07-06 10:45:00-04:00,2006-07-06 12:00:00-04:00,6,0.8844081189212415,4.5,1.0809432564592951,NAS100_USD,Corto
2006-07-17 10:00:00-04:00,2006-07-17 10:45:00-04:00,4,0.651075470200795,4.7000000000000455,0.7896021659881969,NAS100_USD,Corto
2006-07-18 10:15:00-04:00,2006-07-18 10:30:00-04:00,2,0.27389883657330133,1.5,0.4564980609555022,NAS100_USD,Corto
2006-07-19 10:30:00-04:00,2006-07-19 10:45:00-04:00,2,-1.1213174852332541,-9.242834889607593,-1.000000000000013,NAS100_USD,Corto
2006-07-19 13:45:00-04:00,2006-07-19 15:45:00-04:00,9,0.16757393692912065,1.5,0.27928989488186773,NAS100_USD,Corto
2006-07-24 10:00:00-04:00,2006-07-24 10:15:00-04:00,2,-1.2420841511171243,-5.130794995812494,-1.0000000000000258,NAS100_USD,Corto
2006-07-24 12:45:00-04:00,2006-07-24 15:00:00-04:00,10,-1.1496932507144175,-7.680327905416789,-1.0000000000000098,NAS100_USD,Corto
2008-01-30 11:30:00-05:00,2008-01-30 13:30:00-05:00,9,0.4242692976067816,3.5,0.545489096923005,NAS100_USD,Corto
2008-01-30 14:45:00-05:00,2008-01-30 14:45:00-05:00,1,-1.0732407887674071,-14.653594080967196,-1.0000000000000027,NAS100_USD,Corto
2008-02-07 14:30:00-05:00,2008-02-07 15:00:00-05:00,3,0.9619014838856376,16.5,1.0201985435150702,NAS100_USD,Corto
2008-02-08 11:30:00-05:00,2008-02-08 12:00:00-05:00,3,0.6553210031233031,7.7000000000000455,0.7404276269055498,NAS100_USD,Corto
2008-03-11 10:00:00-04:00,2008-03-11 12:00:00-04:00,9,0.5738015728873576,6.7000000000000455,0.6594435986914402,NAS100_USD,Corto
2008-03-18 10:00:00-04:00,2008-03-18 11:15:00-04:00,6,-1.130962675097229,-8.63576339027668,-1.000000000000014,NAS100_USD,Corto
2008-07-08 10:15:00-04:00,2008-07-08 14:00:00-04:00,16,0.28130479506416406,4.0,0.3516309938302051,NAS100_USD,Corto
2008-08-27 14:00:00-04:00,2008-08-27 15:30:00-04:00,7,0.7972533122985397,7.5,0.9035537539383449,NAS100_USD,Corto
2008-09-01 11:15:00-04:00,2008-09-01 11:15:00-04:00,1,-0.3551031541593633,-1.5,-0.1183677180531211,NAS100_USD,Corto
2008-09-11 11:15:00-04:00,2008-09-11 11:30:00-04:00,2,-1.087283429335109,-12.456928395431078,-1.0000000000000009,NAS100_USD,Corto
2008-09-11 12:45:00-04:00,2008-09-11 15:00:00-04:00,10,-1.0750724131818845,-14.320472296224125,-0.9999999999999989,NAS100_USD,Corto
2008-09-23 10:45:00-04:00,2008-09-23 12:30:00-04:00,8,0.8977045396233551,10.899999999999864,0.9800627542677006,NAS100_USD,Corto
2008-09-30 12:15:00-04:00,2008-09-30 13:30:00-04:00,6,-1.055057973037655,-19.1626737205911,-1.0000000000000016,NAS100_USD,Corto
2008-09-30 15:00:00-04:00,2008-09-30 15:45:00-04:00,4,-1.0590768251906364,-17.927111380360884,-1.0000000000000007,NAS100_USD,Corto
2008-10-03 11:30:00-04:00,2008-10-03 13:00:00-04:00,7,-1.062827167129557,-16.916681360755547,-1.0000000000000056,NAS100_USD,Corto
2008-11-14 15:15:00-05:00,2008-11-14 15:30:00-05:00,2,1.3055855340501645,31.199999999999818,1.3474312242440802,NAS100_USD,Corto
2009-02-02 10:45:00-05:00,2009-02-02 12:30:00-05:00,8,-1.0953162020636056,-11.491395778994729,-0.9999999999999931,NAS100_USD,Corto
2009-03-04 10:00:00-05:00,2009-03-04 10:30:00-05:00,3,-1.1199323473561575,-9.33803408375229,-1.0000000000000064,NAS100_USD,Corto
2009-03-04 12:15:00-05:00,2009-03-04 14:45:00-05:00,11,-1.0915384066687062,-11.924376296160972,-0.9999999999999964,NAS100_USD,Corto
2009-05-14 15:00:00-04:00,2009-05-14 15:45:00-04:00,4,1.103140087528235,9.0,1.2257112083647055,NAS100_USD,Corto
2009-05-15 10:15:00-04:00,2009-05-15 10:30:00-04:00,2,-1.1155674803820366,-9.652953207028986,-1.0000000000000002,NAS100_USD,Corto
2009-05-15 11:30:00-04:00,2009-05-15 13:00:00-04:00,7,0.9966084140266884,9.0,1.107342682251876,NAS100_USD,Corto
2011-09-06 14:45:00-04:00,2011-09-06 15:45:00-04:00,5,-0.7586844419237297,-12.0,-0.6954607384300856,NAS100_USD,Corto
2011-09-12 10:30:00-04:00,2011-09-12 13:30:00-04:00,13,0.6925283504875815,11.300000000000182,0.7538140452209948,NAS100_USD,Corto
2011-10-04 11:30:00-04:00,2011-10-04 13:45:00-04:00,10,0.6642779907122304,15.300000000000182,0.7076948528502841,NAS100_USD,Corto
2011-10-05 11:15:00-04:00,2011-10-05 13:45:00-04:00,11,-1.049884526179338,-21.046296448820158,-0.999999999999997,NAS100_USD,Corto
2018-12-19 10:45:00-05:00,2018-12-19 13:15:00-05:00,11,0.7563387989014988,23.399999999999636,0.7886609697947258,NAS100_USD,Corto
2018-12-26 10:00:00-05:00,2018-12-26 11:00:00-05:00,5,1.0246508989094645,49.5,1.0453509170692517,NAS100_USD,Corto
2018-12-26 12:30:00-05:00,2018-12-26 13:45:00-05:00,6,-1.0146231558713663,-69.38469129348596,-0.9999999999999988,NAS100_USD,Corto
2018-12-26 14:15:00-05:00,2018-12-26 15:30:00-05:00,6,-1.0147988487369017,-68.57282392556681,-0.9999999999999964,NAS100_USD,Corto
2019-01-03 10:00:00-05:00,2019-01-03 10:15:00-05:00,2,1.2040048442513094,46.100000000000364,1.2301220859921185,NAS100_USD,Corto
2006-01-31 11:45:00-05:00,2006-01-31 14:00:00-05:00,10,0.47548613950277996,1.0,0.7132292092541699,SPX500_USD,Largo
2006-02-17 10:45:00-05:00,2006-02-17 12:15:00-05:00,7,0.9435805315066873,2.2999999999999545,1.1487067340081452,SPX500_USD,Largo
2006-02-21 10:45:00-05:00,2006-02-21 11:45:00-05:00,5,-1.161195035755249,-3.6018324953829506,-1.0000000000000133,SPX500_USD,Largo
2006-02-21 12:15:00-05:00,2006-02-21 15:45:00-05:00,15,-0.08545647239028319,-0.2999999999999545,0.056970981593543704,SPX500_USD,Largo
2006-02-23 10:15:00-05:00,2006-02-23 11:15:00-05:00,5,1.168312824735738,2.5,1.4019753896828855,SPX500_USD,Largo
2006-02-28 10:00:00-05:00,2006-02-28 10:00:00-05:00,1,-1.2871731331398453,-2.241109951801718,-0.9999999999999395,SPX500_USD,Largo
2006-03-02 09:45:00-05:00,2006-03-02 09:45:00-05:00,1,-1.294219863481283,-2.1994093943351345,-1.0000000000000422,SPX500_USD,Largo
2006-03-23 11:15:00-05:00,2006-03-23 12:45:00-05:00,7,0.23312501366406108,0.7000000000000455,0.3996428805669511,SPX500_USD,Largo
2006-03-27 09:45:00-05:00,2006-03-27 10:00:00-05:00,2,-1.2899375177511814,-2.224509487003388,-1.0000000000000564,SPX500_USD,Largo
2006-03-27 10:45:00-05:00,2006-03-27 12:15:00-05:00,7,-1.222062641460211,-2.751616916344801,-1.0000000000000078,SPX500_USD,Largo
2006-04-06 11:00:00-04:00,2006-04-06 11:45:00-04:00,4,-1.2179043615812821,-2.7945846350739885,-1.000000000000006,SPX500_USD,Largo
2006-04-06 12:45:00-04:00,2006-04-06 13:45:00-04:00,5,1.0289835331920418,3.2999999999999545,1.184890129130232,SPX500_USD,Largo
2006-04-19 10:45:00-04:00,2006-04-19 11:45:00-04:00,5,0.6918990327380852,2.5,0.8302788392857022,SPX500_USD,Largo
2006-04-24 10:30:00-04:00,2006-04-24 11:15:00-04:00,4,-1.212153782935862,-2.8567809778392075,-0.9999999999999537,SPX500_USD,Largo
2006-04-25 11:00:00-04:00,2006-04-25 11:30:00-04:00,3,-1.154831921936858,-3.7293082314374715,-0.9999999999999944,SPX500_USD,Largo
2006-05-03 10:30:00-04:00,2006-05-03 10:45:00-04:00,2,-1.210807170483035,-2.871835829181464,-1.0000000000000095,SPX500_USD,Largo
2006-05-10 14:45:00-04:00,2006-05-10 15:00:00-04:00,2,-0.14083142004202776,-0.5,0.0,SPX500_USD,Largo
2006-07-05 12:00:00-04:00,2006-07-05 13:30:00-04:00,7,0.6559056672837225,2.0,0.819882084104653,SPX500_USD,Largo
2006-07-12 12:00:00-04:00,2006-07-12 12:15:00-04:00,2,-1.1606548991480512,-3.6122611426822004,-1.000000000000002,SPX500_USD,Largo
2006-08-01 11:45:00-04:00,2006-08-01 15:30:00-04:00,16,0.605965886713538,2.0,0.7574573583919225,SPX500_USD,Largo
2006-08-03 09:45:00-04:00,2006-08-03 10:30:00-04:00,4,0.8631907676804542,2.199999999999818,1.0593704876078465,SPX500_USD,Largo
2006-08-04 14:15:00-04:00,2006-08-04 15:45:00-04:00,7,0.37415135378397085,2.0,0.4676891922299636,SPX500_USD,Largo
2006-08-21 12:15:00-04:00,2006-08-21 13:15:00-04:00,5,0.5829878841279448,1.5,0.7773171788372597,SPX500_USD,Largo
2006-08-22 14:00:00-04:00,2006-08-22 15:15:00-04:00,6,0.5870449360356467,2.0,0.7338061700445584,SPX500_USD,Largo
2006-08-23 11:45:00-04:00,2006-08-23 13:30:00-04:00,8,-1.1576419537862341,-3.671744500693194,-1.000000000000005,SPX500_USD,Largo
2006-08-24 12:30:00-04:00,2006-08-24 14:15:00-04:00,8,1.2488143484594516,3.5,1.4272163982393733,SPX500_USD,Largo
2006-08-29 10:45:00-04:00,2006-08-29 11:30:00-04:00,4,-1.2027546547494925,-2.9660346299713183,-1.0000000000000429,SPX500_USD,Largo
2006-08-29 12:30:00-04:00,2006-08-29 14:15:00-04:00,8,1.3174755729093386,3.5,1.5056863690392441,SPX500_USD,Largo
2006-09-19 12:45:00-04:00,2006-09-19 15:15:00-04:00,11,0.5332812208058461,2.0,0.6666015260073076,SPX500_USD,Largo
2006-09-21 10:45:00-04:00,2006-09-21 11:15:00-04:00,3,0.756471868037417,2.0,0.9455898350467712,SPX500_USD,Largo
2006-09-21 13:45:00-04:00,2006-09-21 15:00:00-04:00,6,-1.1261412088197174,-4.463811704979889,-0.9999999999999793,SPX500_USD,Largo
2006-10-02 14:15:00-04:00,2006-10-02 15:45:00-04:00,7,-0.48360796136335865,-1.5,-0.3224053075755724,SPX500_USD,Largo
2006-10-06 10:15:00-04:00,2006-10-06 12:30:00-04:00,10,-1.1716549788667556,-3.4128196764283985,-0.9999999999999961,SPX500_USD,Largo
2006-10-17 12:15:00-04:00,2006-10-17 14:00:00-04:00,8,1.339697175840782,3.7000000000000455,1.5207373347381827,SPX500_USD,Largo
2006-10-23 09:45:00-04:00,2006-10-23 10:00:00-04:00,2,1.2071795103708622,2.7000000000000455,1.4307312715506477,SPX500_USD,Largo
2006-10-26 11:30:00-04:00,2006-10-26 12:15:00-04:00,4,0.6763612704864124,2.0,0.8454515881080155,SPX500_USD,Largo
2006-10-27 15:15:00-04:00,2006-10-27 15:45:00-04:00,3,0.0,0.0,0.12625280723913593,SPX500_USD,Largo
2006-11-09 15:00:00-05:00,2006-11-09 15:45:00-05:00,4,-0.3851123115494481,-1.5,-0.2567415410329654,SPX500_USD,Largo
2006-11-14 11:00:00-05:00,2006-11-14 13:15:00-05:00,10,0.47913125082664626,1.7999999999999545,0.6122232649451624,SPX500_USD,Largo
2006-11-17 10:00:00-05:00,2006-11-17 10:30:00-05:00,3,-1.24803832775666,-2.5158174928938024,-1.0000000000000007,SPX500_USD,Largo
2006-11-17 10:45:00-05:00,2006-11-17 12:15:00-05:00,7,0.12958573585126423,0.2999999999999545,0.34556196227007074,SPX500_USD,Largo
2006-11-30 10:30:00-05:00,2006-11-30 13:15:00-05:00,12,0.6136965345607562,2.300000000000182,0.7471088246826492,SPX500_USD,Largo
2006-12-11 10:00:00-05:00,2006-12-11 10:15:00-05:00,2,1.0942182211665126,2.0,1.3677727764581407,SPX500_USD,Largo
2006-12-20 09:45:00-05:00,2006-12-20 10:00:00-05:00,2,0.4701917222474389,0.7000000000000455,0.8060429524241591,SPX500_USD,Largo
2006-12-20 14:00:00-05:00,2006-12-20 15:45:00-05:00,8,-0.6841272816742624,-1.7000000000000455,-0.48291337529948475,SPX500_USD,Largo
2007-01-16 11:15:00-05:00,2007-01-16 14:45:00-05:00,15,0.17899369419512895,0.5,0.3579873883902579,SPX500_USD,Largo
2007-01-18 10:30:00-05:00,2007-01-18 14:45:00-05:00,18,-1.156359124059889,-3.6977666989769205,-0.9999999999999767,SPX500_USD,Largo
2007-01-25 11:15:00-05:00,2007-01-25 11:30:00-05:00,2,-1.1917703532833224,-3.1072851795879615,-0.9999999999999851,SPX500_USD,Largo
2007-02-06 10:30:00-05:00,2007-02-06 10:45:00-05:00,2,-1.244916123239293,-2.541515247698044,-1.000000000000043,SPX500_USD,Largo
2007-02-06 11:15:00-05:00,2007-02-06 11:45:00-05:00,3,-1.20245516734548,-2.969682579880555,-0.9999999999999779,SPX500_USD,Largo
2007-02-06 12:15:00-05:00,2007-02-06 15:00:00-05:00,12,0.8719430819181263,2.5,1.0463316983017517,SPX500_USD,Largo
2007-02-07 15:15:00-05:00,2007-02-07 15:45:00-05:00,3,0.5251347440513869,1.5,0.7001796587351826,SPX500_USD,Largo
2007-02-08 11:30:00-05:00,2007-02-08 13:15:00-05:00,8,0.9273546830801475,2.5,1.112825619696177,SPX500_USD,Largo
2007-02-20 10:30:00-05:00,2007-02-20 11:15:00-05:00,4,0.656607855026916,1.5,0.875477140035888,SPX500_USD,Largo
2007-02-21 09:45:00-05:00,2007-02-21 09:45:00-05:00,1,-1.2385412795825348,-2.596073270316765,-1.0000000000000422,SPX500_USD,Largo
2007-02-22 12:00:00-05:00,2007-02-22 15:45:00-05:00,16,0.44837513198693285,1.7000000000000455,0.5802501708066155,SPX500_USD,Largo
2007-02-26 11:00:00-05:00,2007-02-26 12:00:00-05:00,5,-1.218228800545107,-2.791173294959208,-0.9999999999999744,SPX500_USD,Largo
2007-03-26 11:00:00-04:00,2007-03-26 13:45:00-04:00,12,1.0102030340495456,4.399999999999864,1.1249988333733612,SPX500_USD,Largo
2007-03-27 10:45:00-04:00,2007-03-27 11:15:00-04:00,3,-1.152597357085313,-3.7765967219240792,-1.000000000000004,SPX500_USD,Largo
2007-03-27 11:45:00-04:00,2007-03-27 13:15:00-04:00,7,0.30703308658422923,1.2000000000000455,0.43496353932765325,SPX500_USD,Largo
2007-04-09 10:00:00-04:00,2007-04-09 10:00:00-04:00,1,-1.2929106914523238,-2.2070049492592716,-1.0000000000000326,SPX500_USD,Largo
2007-04-09 10:30:00-04:00,2007-04-09 12:45:00-04:00,10,1.1457061461478775,2.5,1.374847375377453,SPX500_USD,Largo
2007-04-11 11:30:00-04:00,2007-04-11 14:00:00-04:00,11,-1.1691468267369665,-3.4560117067853753,-1.0000000000000204,SPX500_USD,Largo
2007-04-23 14:45:00-04:00,2007-04-23 15:45:00-04:00,5,-0.33252345208202483,-1.0,-0.16626172604101241,SPX500_USD,Largo
2007-04-24 11:15:00-04:00,2007-04-24 12:15:00-04:00,5,0.6249351795820735,2.5,0.7499222154984881,SPX500_USD,Largo
2007-05-08 10:30:00-04:00,2007-05-08 12:45:00-04:00,10,0.3897153246712411,1.0,0.5845729870068617,SPX500_USD,Largo
2007-05-14 14:30:00-04:00,2007-05-14 15:45:00-04:00,6,0.5098174707918205,2.0,0.6372718384897756,SPX500_USD,Largo
2007-05-23 15:00:00-04:00,2007-05-23 15:45:00-04:00,4,-1.1095163808212138,-5.065527058607358,-1.0,SPX500_USD,Largo
2007-06-05 10:15:00-04:00,2007-06-05 10:15:00-04:00,1,-1.173369483770306,-3.384013894063173,-1.000000000000036,SPX500_USD,Largo
2007-06-05 11:00:00-04:00,2007-06-05 11:30:00-04:00,3,-1.1294488791072352,-4.362528617076123,-1.0000000000000284,SPX500_USD,Largo
2007-06-05 12:45:00-04:00,2007-06-05 15:30:00-04:00,12,0.5706095724388939,2.5,0.6847314869266726,SPX500_USD,Largo
2007-06-18 10:45:00-04:00,2007-06-18 13:00:00-04:00,10,0.6989272701885607,2.0,0.8736590877357009,SPX500_USD,Largo
2007-06-19 10:30:00-04:00,2007-06-19 10:45:00-04:00,2,0.22668955067743785,0.6999999999998181,0.38861065830422126,SPX500_USD,Largo
2007-06-20 10:30:00-04:00,2007-06-20 11:30:00-04:00,5,-1.1749126181569824,-3.3585702121911254,-0.9999999999999734,SPX500_USD,Largo
2007-06-20 14:15:00-04:00,2007-06-20 14:15:00-04:00,1,-1.10651411612753,-5.194213482476471,-0.9999999999999838,SPX500_USD,Largo
2007-06-20 15:00:00-04:00,2007-06-20 15:30:00-04:00,3,-1.094627300377104,-5.783887398323941,-0.9999999999999991,SPX500_USD,Largo
2007-07-05 13:15:00-04:00,2007-07-05 14:30:00-04:00,6,0.5759317791699615,2.5,0.6911181350039538,SPX500_USD,Largo
2007-07-09 11:15:00-04:00,2007-07-09 13:00:00-04:00,8,0.6070928742689208,2.0,0.758866092836151,SPX500_USD,Largo
2007-07-10 11:00:00-04:00,2007-07-10 13:45:00-04:00,12,-1.1184190776272083,-4.722292640837395,-1.000000000000024,SPX500_USD,Largo
2007-08-23 11:00:00-04:00,2007-08-23 11:15:00-04:00,2,-1.0911751772059803,-5.983948760202566,-0.9999999999999976,SPX500_USD,Largo
2007-08-23 13:45:00-04:00,2007-08-23 14:15:00-04:00,3,0.5493674696633304,3.7999999999999545,0.6216526630400853,SPX500_USD,Largo
2007-08-27 12:00:00-04:00,2007-08-27 14:30:00-04:00,11,0.5308688826075367,2.0,0.6635861032594209,SPX500_USD,Largo
2007-09-05 10:30:00-04:00,2007-09-05 13:15:00-04:00,12,0.4128943295411458,2.2999999999999545,0.5026539663979184,SPX500_USD,Largo
2007-09-24 14:45:00-04:00,2007-09-24 15:45:00-04:00,5,-0.24234503257461978,-1.2000000000000455,-0.14136793566853204,SPX500_USD,Largo
2007-10-03 10:15:00-04:00,2007-10-03 10:30:00-04:00,2,0.25244385737419617,0.7999999999999545,0.41022126823307775,SPX500_USD,Largo
2007-10-08 10:45:00-04:00,2007-10-08 11:00:00-04:00,2,-1.2061263341219903,-2.925696852999863,-1.0000000000000377,SPX500_USD,Largo
2007-10-08 12:30:00-04:00,2007-10-08 15:30:00-04:00,13,0.5174196019643487,1.5,0.6898928026191316,SPX500_USD,Largo
2007-10-10 11:15:00-04:00,2007-10-10 11:45:00-04:00,3,0.3404416877083715,1.0,0.5106625315625573,SPX500_USD,Largo
2007-10-11 14:45:00-04:00,2007-10-11 15:00:00-04:00,2,-1.0727392538250546,-7.3738675984027395,-1.0000000000000049,SPX500_USD,Largo
2007-12-03 10:45:00-05:00,2007-12-03 12:15:00-05:00,7,0.18011421943971778,1.0,0.27017132915957665,SPX500_USD,Largo
2007-12-11 11:15:00-05:00,2007-12-11 12:45:00-05:00,7,0.7863668539963854,3.0,0.9174279963291163,SPX500_USD,Largo
2007-12-27 10:15:00-05:00,2007-12-27 10:45:00-05:00,3,-1.1271084931593407,-4.43364745008239,-1.0000000000000124,SPX500_USD,Largo
2007-12-27 11:30:00-05:00,2007-12-27 12:15:00-05:00,4,-1.115357911567121,-4.83433644218826,-1.0000000000000213,SPX500_USD,Largo
2007-12-27 14:00:00-05:00,2007-12-27 15:45:00-05:00,8,-1.1059913658727907,-5.2173653804977675,-0.9999999999999952,SPX500_USD,Largo
2009-08-13 10:15:00-04:00,2009-08-13 11:00:00-04:00,4,1.206594686597414,6.600000000000023,1.2980033749760056,SPX500_USD,Largo
2009-08-24 13:45:00-04:00,2009-08-24 15:15:00-04:00,7,-1.114852007247185,-4.85342848578955,-1.0000000000000007,SPX500_USD,Largo
2009-08-27 11:15:00-04:00,2009-08-27 12:30:00-04:00,6,1.081014100500193,5.2999999999999545,1.1829965628115329,SPX500_USD,Largo
2009-08-28 12:45:00-04:00,2009-08-28 15:30:00-04:00,12,0.8048353974913645,4.2999999999999545,0.8984209088275706,SPX500_USD,Largo
2009-10-13 10:30:00-04:00,2009-10-13 11:45:00-04:00,6,0.839567205523788,3.2000000000000455,0.9707495813868781,SPX500_USD,Largo
2009-10-16 09:45:00-04:00,2009-10-16 10:00:00-04:00,2,-1.131760060503073,-4.294776642413353,-1.0000000000000075,SPX500_USD,Largo
2009-10-16 10:30:00-04:00,2009-10-16 13:30:00-04:00,13,0.9687802724592599,4.5,1.0764225249547332,SPX500_USD,Largo
2009-10-20 13:00:00-04:00,2009-10-20 15:45:00-04:00,12,0.5472661325756722,2.7999999999999545,0.6449922276784724,SPX500_USD,Largo
2009-10-23 10:30:00-04:00,2009-10-23 10:45:00-04:00,2,-1.1008386045846583,-5.4584184753387035,-0.9999999999999897,SPX500_USD,Largo
2009-11-13 10:15:00-05:00,2009-11-13 10:45:00-05:00,3,0.8720921687307078,3.7999999999999545,0.9868411383005392,SPX500_USD,Largo
2009-11-24 10:15:00-05:00,2009-11-24 11:00:00-05:00,4,0.9712717833783318,4.0,1.0926807563006231,SPX500_USD,Largo
2009-12-23 10:45:00-05:00,2009-12-23 13:00:00-05:00,10,0.6034929277475217,1.7999999999999545,0.7711298521218375,SPX500_USD,Largo
2009-12-28 15:00:00-05:00,2009-12-28 15:45:00-05:00,4,1.2807239325214317,2.7999999999999545,1.5094246347574054,SPX500_USD,Largo
2009-12-31 13:45:00-05:00,2009-12-31 15:30:00-05:00,8,-1.248217558463506,-2.5143619294910877,-1.0000000000000457,SPX500_USD,Largo
2010-01-11 10:30:00-05:00,2010-01-11 11:00:00-05:00,3,-1.1685109309206325,-3.4671665646160363,-1.0000000000000067,SPX500_USD,Largo
2010-01-11 11:30:00-05:00,2010-01-11 15:15:00-05:00,16,0.7787121045864297,2.5,0.9344545255037157,SPX500_USD,Largo
2010-02-23 10:45:00-05:00,2010-02-23 12:30:00-05:00,8,-1.103408980509389,-5.335169997198818,-0.999999999999984,SPX500_USD,Largo
2010-03-15 12:30:00-04:00,2010-03-15 15:00:00-04:00,11,0.8864405030917684,2.7999999999999545,1.044733450072444,SPX500_USD,Largo
2010-03-19 12:00:00-04:00,2010-03-19 15:30:00-04:00,15,-1.1418638258296352,-4.024506667404694,-1.0000000000000218,SPX500_USD,Largo
2010-03-26 13:30:00-04:00,2010-03-26 15:45:00-04:00,10,0.37655732328988195,1.7999999999999545,0.48115657975929627,SPX500_USD,Largo
2010-04-01 15:00:00-04:00,2010-04-01 15:45:00-04:00,4,0.9712294232579306,3.7000000000000455,1.1024766426171089,SPX500_USD,Largo
2010-04-30 10:30:00-04:00,2010-04-30 12:15:00-04:00,8,-1.1044816437301859,-5.285529612178607,-0.999999999999981,SPX500_USD,Largo
2010-04-30 12:45:00-04:00,2010-04-30 14:30:00-04:00,8,-1.0901050243329444,-6.04908012845749,-1.00000000000002,SPX500_USD,Largo
2010-06-21 14:00:00-04:00,2010-06-21 15:00:00-04:00,5,-1.1031244761435002,-5.348509478042388,-0.9999999999999845,SPX500_USD,Largo
2010-08-05 09:45:00-04:00,2010-08-05 14:00:00-04:00,18,0.7309188606174296,2.5,0.8771026327409155,SPX500_USD,Largo
2010-08-06 09:45:00-04:00,2010-08-06 10:30:00-04:00,4,-1.0918225321658466,-5.945286556648398,-1.0000000000000167,SPX500_USD,Largo
2010-09-28 10:30:00-04:00,2010-09-28 11:30:00-04:00,5,1.0996778925078219,6.0,1.1913177168834737,SPX500_USD,Largo
2010-10-14 13:00:00-04:00,2010-10-14 14:45:00-04:00,8,-1.1055083744092524,-5.238960322339381,-0.9999999999999952,SPX500_USD,Largo
2010-10-26 10:00:00-04:00,2010-10-26 10:30:00-04:00,3,0.9800574285157254,3.2000000000000455,1.1331914017213054,SPX500_USD,Largo
2010-11-03 13:15:00-04:00,2010-11-03 14:00:00-04:00,4,-1.1421137161406807,-4.018309235577817,-1.0000000000000102,SPX500_USD,Largo
2010-11-03 14:45:00-04:00,2010-11-03 15:00:00-04:00,2,0.25793218306990046,1.7000000000000455,0.33379458985516325,SPX500_USD,Largo
2010-11-10 10:45:00-05:00,2010-11-10 12:00:00-05:00,6,0.9222841039211598,4.5,1.0247601154679553,SPX500_USD,Largo
2010-11-22 10:00:00-05:00,2010-11-22 10:15:00-05:00,2,-1.1213694910947656,-4.6196514502125865,-1.0000000000000249,SPX500_USD,Largo
2011-01-04 11:30:00-05:00,2011-01-04 12:15:00-05:00,4,-1.163994814550548,-3.5488768890061237,-1.000000000000003,SPX500_USD,Largo
2011-01-04 13:15:00-05:00,2011-01-04 14:15:00-05:00,5,0.9159844479408985,3.0,1.068648522597715,SPX500_USD,Largo
2011-01-06 11:30:00-05:00,2011-01-06 14:00:00-05:00,11,0.5459436987081865,2.0,0.6824296233852332,SPX500_USD,Largo
2011-01-19 10:15:00-05:00,2011-01-19 10:15:00-05:00,1,-1.1559269856307337,-3.7066290384411786,-1.00000000000003,SPX500_USD,Largo
2011-01-19 12:15:00-05:00,2011-01-19 12:30:00-05:00,2,-1.1439214981308394,-3.9741161431320506,-1.0000000000000249,SPX500_USD,Largo
2011-02-02 09:45:00-05:00,2011-02-02 10:00:00-05:00,2,0.5344151843087982,1.5,0.7125535790783976,SPX500_USD,Largo
2011-03-01 11:00:00-05:00,2011-03-01 11:30:00-05:00,3,-1.0987176890659796,-5.5649483869694905,-1.000000000000016,SPX500_USD,Largo
2011-03-04 11:00:00-05:00,2011-03-04 12:00:00-05:00,5,-1.093851271114788,-5.8275783488149955,-0.9999999999999848,SPX500_USD,Largo
2011-04-08 10:45:00-04:00,2011-04-08 12:45:00-04:00,9,-1.1556396861916232,-3.7125482403266687,-0.9999999999999715,SPX500_USD,Largo
2011-04-25 10:00:00-04:00,2011-04-25 10:00:00-04:00,1,-1.2377292193620342,-2.6032332556414985,-0.9999999999999705,SPX500_USD,Largo
2011-04-25 11:30:00-04:00,2011-04-25 13:45:00-04:00,10,0.6723036084385373,2.0,0.8403795105481716,SPX500_USD,Largo
2011-05-02 10:00:00-04:00,2011-05-02 11:45:00-04:00,8,-1.1941012568329434,-3.0759750769173024,-0.9999999999999956,SPX500_USD,Largo
2011-05-02 13:15:00-04:00,2011-05-02 15:30:00-04:00,10,-1.1396186635079175,-4.081183112897634,-0.9999999999999734,SPX500_USD,Largo
2011-05-31 11:15:00-04:00,2011-05-31 12:30:00-04:00,6,-1.1500207039459274,-3.8328733091423146,-1.000000000000032,SPX500_USD,Largo
2011-05-31 13:00:00-04:00,2011-05-31 14:00:00-04:00,5,0.8269904594119792,3.0,0.9648222026473091,SPX500_USD,Largo
2011-07-08 11:45:00-04:00,2011-07-08 15:30:00-04:00,16,0.582741723037305,3.7999999999999545,0.6594182655422145,SPX500_USD,Largo
2011-07-22 10:15:00-04:00,2011-07-22 10:15:00-04:00,1,-1.1204449519905608,-4.651274019679931,-1.0000000000000024,SPX500_USD,Largo
2011-07-22 10:45:00-04:00,2011-07-22 12:15:00-04:00,7,1.012085961643977,4.7999999999999545,1.1175115826485589,SPX500_USD,Largo
2011-07-26 10:45:00-04:00,2011-07-26 14:15:00-04:00,15,0.7168647904902147,3.2999999999999545,0.8254806678372184,SPX500_USD,Largo
2012-01-12 11:00:00-05:00,2012-01-12 13:00:00-05:00,9,0.9472219481339198,5.0,1.0419441429473117,SPX500_USD,Largo
2012-01-13 11:15:00-05:00,2012-01-13 15:00:00-05:00,16,0.2199735819852848,1.2000000000000455,0.3116292411458167,SPX500_USD,Largo
2012-01-27 09:45:00-05:00,2012-01-27 12:00:00-05:00,10,-1.1104874637185818,-5.025400286801641,-1.000000000000011,SPX500_USD,Largo
2012-02-08 12:00:00-05:00,2012-02-08 13:00:00-05:00,5,0.5024540414931051,2.0,0.6280675518663814,SPX500_USD,Largo
2012-02-13 11:00:00-05:00,2012-02-13 13:15:00-05:00,10,0.6364382946043864,2.199999999999818,0.7810833615599407,SPX500_USD,Largo
2012-02-14 15:00:00-05:00,2012-02-14 15:30:00-05:00,3,0.7518866487552248,3.0,0.8772010902144289,SPX500_USD,Largo
2012-02-21 15:15:00-05:00,2012-02-21 15:45:00-05:00,3,0.5279038654228235,2.0,0.6598798317785294,SPX500_USD,Largo
2012-02-24 10:00:00-05:00,2012-02-24 11:15:00-05:00,6,-0.11090631598280531,-0.2999999999999545,0.07393754398856489,SPX500_USD,Largo
2012-02-28 10:00:00-05:00,2012-02-28 10:45:00-05:00,4,0.31658974505695725,1.2000000000000455,0.44850213883068446,SPX500_USD,Largo
2012-02-29 11:45:00-05:00,2012-02-29 14:00:00-05:00,10,0.7816784397903194,4.0,0.8793882447641093,SPX500_USD,Largo
2012-03-20 10:00:00-04:00,2012-03-20 11:15:00-04:00,6,0.5266333569863872,1.5,0.7021778093151829,SPX500_USD,Largo
2012-03-21 10:30:00-04:00,2012-03-21 10:45:00-04:00,2,-1.2034089940366186,-2.9581017293169225,-1.0000000000000093,SPX500_USD,Largo
2012-03-21 11:30:00-04:00,2012-03-21 12:30:00-04:00,5,0.7371313176168371,2.1000000000001364,0.9126387741922631,SPX500_USD,Largo
2012-04-30 10:15:00-04:00,2012-04-30 10:45:00-04:00,3,-1.1545274095411036,-3.735671920500863,-0.9999999999999695,SPX500_USD,Largo
2012-05-02 10:00:00-04:00,2012-05-02 10:00:00-04:00,1,-1.1620591400309228,-3.5852934299446133,-0.9999999999999666,SPX500_USD,Largo
2012-05-02 10:45:00-04:00,2012-05-02 12:30:00-04:00,8,0.7102000900594395,2.7000000000000455,0.8417186252556298,SPX500_USD,Largo
2012-05-03 10:45:00-04:00,2012-05-03 13:00:00-04:00,10,-1.1238843250366464,-4.536023119567972,-0.9999999999999951,SPX500_USD,Largo
2012-06-11 12:45:00-04:00,2012-06-11 14:00:00-04:00,6,-1.1042358357376847,-5.296814804250289,-0.9999999999999862,SPX500_USD,Largo
2012-06-11 14:45:00-04:00,2012-06-11 15:00:00-04:00,2,-1.1070404563270568,-5.17113105788917,-0.9999999999999892,SPX500_USD,Largo
2012-06-18 09:45:00-04:00,2012-06-18 10:30:00-04:00,4,0.6961074065979518,3.0,0.8121253076976104,SPX500_USD,Largo
2012-06-20 13:00:00-04:00,2012-06-20 13:15:00-04:00,2,0.5459455925308472,2.7999999999999545,0.6434358769113572,SPX500_USD,Largo
2012-08-01 14:30:00-04:00,2012-08-01 14:45:00-04:00,2,-1.0967168817351505,-5.669728293858725,-0.9999999999999992,SPX500_USD,Largo
2012-08-13 11:30:00-04:00,2012-08-13 14:15:00-04:00,12,0.7402076877791162,2.5,0.8882492253349394,SPX500_USD,Largo
2012-08-20 11:00:00-04:00,2012-08-20 12:15:00-04:00,6,0.8518495523225998,2.2999999999999545,1.0370342376101251,SPX500_USD,Largo
2012-08-21 14:00:00-04:00,2012-08-21 15:00:00-04:00,5,-1.1579529336269627,-3.6654999278509877,-1.0000000000000007,SPX500_USD,Largo
2012-09-17 14:30:00-04:00,2012-09-17 15:30:00-04:00,5,-1.1839700768393522,-3.2178332943606165,-1.0000000000000224,SPX500_USD,Largo
2012-09-25 13:00:00-04:00,2012-09-25 14:15:00-04:00,6,-1.153921958855384,-3.748399407844545,-1.000000000000027,SPX500_USD,Largo
2012-10-19 10:00:00-04:00,2012-10-19 10:45:00-04:00,4,-1.1545086166370593,-3.736065475717396,-1.0000000000000113,SPX500_USD,Largo
2012-11-30 12:00:00-05:00,2012-11-30 14:30:00-05:00,11,0.4853291972680544,1.699999999999818,0.6280730788174974,SPX500_USD,Largo
2012-12-03 11:15:00-05:00,2012-12-03 13:30:00-05:00,10,-1.131991808657466,-4.288113861653983,-1.0000000000000298,SPX500_USD,Largo
2012-12-03 14:00:00-05:00,2012-12-03 15:45:00-05:00,8,-0.7323960681868869,-2.7000000000000455,-0.596767166670799,SPX500_USD,Largo
2012-12-13 13:00:00-05:00,2012-12-13 15:30:00-05:00,11,0.46311211764490406,1.8999999999998636,0.5849837275514665,SPX500_USD,Largo
2012-12-19 10:45:00-05:00,2012-12-19 12:45:00-05:00,9,0.9728029547838203,2.7000000000000455,1.1529516501141543,SPX500_USD,Largo
2013-01-07 10:15:00-05:00,2013-01-07 10:45:00-05:00,3,0.36076579255436064,0.7000000000000455,0.6184556443788872,SPX500_USD,Largo
2013-01-07 13:15:00-05:00,2013-01-07 14:30:00-05:00,6,0.2893862420369645,0.7000000000000455,0.4960907006347829,SPX500_USD,Largo
2013-01-08 10:30:00-05:00,2013-01-08 11:00:00-05:00,3,-1.169426777878335,-3.451127361691988,-1.0000000000000189,SPX500_USD,Largo
2013-01-08 11:30:00-05:00,2013-01-08 14:15:00-05:00,12,1.0083797786082378,3.1000000000001364,1.1710216783837528,SPX500_USD,Largo
2013-01-10 11:30:00-05:00,2013-01-10 13:00:00-05:00,7,0.9225296668211036,2.900000000000091,1.0815865059281855,SPX500_USD,Largo
2013-01-11 10:45:00-05:00,2013-01-11 12:00:00-05:00,6,0.3264424930390275,0.900000000000091,0.5077994336162467,SPX500_USD,Largo
2013-01-14 10:45:00-05:00,2013-01-14 14:30:00-05:00,16,0.5205331710486142,1.5,0.6940442280648189,SPX500_USD,Largo
2013-01-18 11:30:00-05:00,2013-01-18 13:00:00-05:00,7,0.24402299897405025,0.6999999999998181,0.4183251410984171,SPX500_USD,Largo
2013-02-04 10:00:00-05:00,2013-02-04 10:15:00-05:00,2,-1.1795550588382446,-3.2846611687525638,-0.9999999999999822,SPX500_USD,Largo
2013-02-04 11:15:00-05:00,2013-02-04 11:30:00-05:00,2,-1.1618336590976475,-3.589592132983398,-1.0000000000000024,SPX500_USD,Largo
2013-02-13 12:00:00-05:00,2013-02-13 13:45:00-05:00,8,0.5774710733239814,1.5,0.7699614310986419,SPX500_USD,Largo
2013-02-13 15:15:00-05:00,2013-02-13 15:45:00-05:00,3,1.0944685209360077,2.699999999999818,1.2971478766649116,SPX500_USD,Largo
2013-02-20 12:15:00-05:00,2013-02-20 14:00:00-05:00,8,-1.1747429377345409,-3.3613459661496563,-0.999999999999961,SPX500_USD,Largo
2013-03-12 11:45:00-04:00,2013-03-12 15:30:00-04:00,16,0.45793014016498057,1.2999999999999545,0.6340571171515177,SPX500_USD,Largo
2013-03-15 10:30:00-04:00,2013-03-15 11:30:00-04:00,5,0.8611338635544047,2.5,1.0333606362652856,SPX500_USD,Largo
2013-03-25 11:45:00-04:00,2013-03-25 12:45:00-04:00,5,-1.117355581023318,-4.760555788144984,-1.000000000000003,SPX500_USD,Largo
2013-04-01 11:15:00-04:00,2013-04-01 15:45:00-04:00,19,0.33615339509369924,1.099999999999909,0.4889503928635751,SPX500_USD,Largo
2013-04-30 10:45:00-04:00,2013-04-30 11:00:00-04:00,2,0.1451052554092748,0.5,0.2902105108185496,SPX500_USD,Largo
2013-05-01 10:45:00-04:00,2013-05-01 13:00:00-04:00,10,-1.1491713043277985,-3.851851096651444,-1.0000000000000149,SPX500_USD,Largo
2013-05-01 13:30:00-04:00,2013-05-01 13:30:00-04:00,1,-1.135541971406621,-4.188894257705897,-1.000000000000005,SPX500_USD,Largo
2013-05-01 14:00:00-04:00,2013-05-01 15:15:00-04:00,6,-1.1259926534408833,-4.468485354858558,-0.999999999999981,SPX500_USD,Largo
2013-05-22 15:00:00-04:00,2013-05-22 15:15:00-04:00,2,-1.056939185928766,-9.281298710971896,-1.0000000000000067,SPX500_USD,Largo
2013-05-28 14:30:00-04:00,2013-05-28 15:45:00-04:00,6,0.40192928635290653,2.1000000000001364,0.4976267354845447,SPX500_USD,Largo
2013-06-17 15:15:00-04:00,2013-06-17 15:30:00-04:00,2,1.1991450726970114,6.7000000000000455,1.2886335109579818,SPX500_USD,Largo
2013-07-02 15:00:00-04:00,2013-07-02 15:45:00-04:00,4,0.26654006998603674,1.7000000000000455,0.3449342082172219,SPX500_USD,Largo
2013-07-05 11:00:00-04:00,2013-07-05 12:15:00-04:00,6,0.5952426843409795,4.099999999999909,0.6678332556020762,SPX500_USD,Largo
2013-07-16 12:15:00-04:00,2013-07-16 13:15:00-04:00,5,-1.1679614761108736,-3.8999999999998636,-1.018222825327423,SPX500_USD,Largo
2013-07-16 13:45:00-04:00,2013-07-16 15:45:00-04:00,9,0.45099285136683065,1.5,0.6013238018224409,SPX500_USD,Largo
2013-07-23 11:30:00-04:00,2013-07-23 13:45:00-04:00,10,0.5614053643619941,1.5,0.7485404858159921,SPX500_USD,Largo
2013-07-24 11:30:00-04:00,2013-07-24 12:00:00-04:00,3,-1.1286605840831396,-4.386194078497965,-0.999999999999997,SPX500_USD,Largo
2013-07-24 12:45:00-04:00,2013-07-24 13:30:00-04:00,4,-1.129770414801358,-4.352958324633619,-1.0000000000000115,SPX500_USD,Largo
2013-07-24 14:00:00-04:00,2013-07-24 15:45:00-04:00,8,0.17787211495203994,0.6999999999998181,0.3049236256321015,SPX500_USD,Largo
2013-08-05 10:00:00-04:00,2013-08-05 10:15:00-04:00,2,0.34359022274983186,0.7000000000000455,0.5890118104282672,SPX500_USD,Largo
2013-09-16 10:00:00-04:00,2013-09-16 10:00:00-04:00,1,-1.1842947331076463,-3.2130455199062453,-1.0000000000000053,SPX500_USD,Largo
2013-09-16 14:00:00-04:00,2013-09-16 14:30:00-04:00,3,-1.1484067197104884,-3.8691196798588408,-0.9999999999999745,SPX500_USD,Largo
2013-09-16 15:00:00-04:00,2013-09-16 15:45:00-04:00,4,-0.02785733730141159,-0.10000000000013642,0.11142934920545634,SPX500_USD,Largo
2013-09-18 11:00:00-04:00,2013-09-18 12:00:00-04:00,5,-1.2095715965220482,-2.8858194922295297,-0.9999999999999878,SPX500_USD,Largo
2013-09-18 12:45:00-04:00,2013-09-18 13:30:00-04:00,4,0.8423577837292563,1.8999999999998636,1.0640308847106554,SPX500_USD,Largo
2013-09-19 14:15:00-04:00,2013-09-19 15:45:00-04:00,7,-0.02890433494985105,-0.10000000000013642,0.11561733979920703,SPX500_USD,Largo
2013-09-20 12:15:00-04:00,2013-09-20 14:00:00-04:00,8,-1.1337220744048766,-4.239098441488522,-0.9999999999999731,SPX500_USD,Largo
2013-09-20 14:30:00-04:00,2013-09-20 15:15:00-04:00,4,-1.1332898338701571,-4.2512238216686455,-0.9999999999999976,SPX500_USD,Largo
2013-09-23 10:45:00-04:00,2013-09-23 10:45:00-04:00,1,-1.131383208659471,-4.305661355828079,-1.0000000000000107,SPX500_USD,Largo
2013-10-15 10:00:00-04:00,2013-10-15 11:30:00-04:00,7,0.8305203156986493,3.699999999999818,0.9427527907930668,SPX500_USD,Largo
2013-10-24 10:00:00-04:00,2013-10-24 11:30:00-04:00,7,0.818773109320127,2.8999999999998636,0.959940886789121,SPX500_USD,Largo
2013-10-30 10:30:00-04:00,2013-10-30 11:15:00-04:00,4,-1.1830110347364988,-3.2320756954343324,-0.9999999999999618,SPX500_USD,Largo
2013-10-30 12:45:00-04:00,2013-10-30 13:45:00-04:00,5,-1.15596796152267,-3.705786593083758,-0.9999999999999942,SPX500_USD,Largo
2013-10-30 14:15:00-04:00,2013-10-30 14:15:00-04:00,1,-1.1256979018157203,-4.477791138733664,-0.9999999999999969,SPX500_USD,Largo
2013-10-30 15:00:00-04:00,2013-10-30 15:45:00-04:00,4,0.1604761037296597,0.8999999999998636,0.24962949469059528,SPX500_USD,Largo
2013-11-07 11:45:00-05:00,2013-11-07 13:45:00-05:00,9,-1.087683696642198,-6.20231433148092,-1.000000000000005,SPX500_USD,Largo
2013-11-14 10:00:00-05:00,2013-11-14 10:00:00-05:00,1,-1.1793627559138327,-3.287646729961807,-1.0000000000000406,SPX500_USD,Largo
2013-11-20 14:30:00-05:00,2013-11-20 14:30:00-05:00,1,-1.1002376012186412,-5.4881480993294645,-1.00000000000002,SPX500_USD,Largo
2013-11-25 10:45:00-05:00,2013-11-25 13:45:00-05:00,13,0.04113791715715935,0.09999999999990905,0.2468275029431432,SPX500_USD,Largo
2013-12-10 09:45:00-05:00,2013-12-10 09:45:00-05:00,1,-1.242409103584288,-2.5626288064549954,-0.9999999999999551,SPX500_USD,Largo
2014-01-02 10:45:00-05:00,2014-01-02 11:45:00-05:00,5,-1.104231769026198,-5.297001956997519,-0.9999999999999972,SPX500_USD,Largo
2014-01-02 13:00:00-05:00,2014-01-02 14:15:00-05:00,6,-1.106861540284033,-5.178951834973077,-1.0000000000000049,SPX500_USD,Largo
2014-01-02 14:45:00-05:00,2014-01-02 15:45:00-05:00,5,0.14657353987866303,0.7000000000000455,0.25126892550627267,SPX500_USD,Largo
2014-01-09 11:30:00-05:00,2014-01-09 15:15:00-05:00,16,1.2949357644673676,5.2999999999999545,1.4170995158322146,SPX500_USD,Largo
2014-01-10 10:30:00-05:00,2014-01-10 11:30:00-05:00,5,-1.100761912740068,-5.462192423737633,-1.0000000000000144,SPX500_USD,Largo
2014-02-13 09:45:00-05:00,2014-02-13 10:00:00-05:00,2,0.5591582853655317,2.2999999999999545,0.680714434358041,SPX500_USD,Largo
2014-02-26 10:15:00-05:00,2014-02-26 10:30:00-05:00,2,1.0668976177781793,3.8999999999998636,1.2036793636471814,SPX500_USD,Largo
2014-02-26 14:45:00-05:00,2014-02-26 15:45:00-05:00,5,0.21548090750685542,1.099999999999909,0.31342677455543416,SPX500_USD,Largo
2014-03-10 11:00:00-04:00,2014-03-10 13:00:00-04:00,9,1.4947427139634604,6.7999999999999545,1.6046502664607745,SPX500_USD,Largo
2014-03-21 14:45:00-04:00,2014-03-21 15:30:00-04:00,4,-1.090915891817187,-5.999588575839198,-1.0000000000000058,SPX500_USD,Largo
2014-04-24 10:30:00-04:00,2014-04-24 11:45:00-04:00,6,0.8206736318641331,4.2000000000000455,0.9183728737527194,SPX500_USD,Largo
2014-05-06 10:00:00-04:00,2014-05-06 11:00:00-04:00,5,-1.156576587307496,-3.693325442826108,-0.9999999999999758,SPX500_USD,Largo
2014-06-02 11:00:00-04:00,2014-06-02 11:30:00-04:00,3,1.5485993344143307,4.2999999999999545,1.7286690244625107,SPX500_USD,Largo
2014-07-07 12:15:00-04:00,2014-07-07 15:45:00-04:00,15,-0.03374077014542754,-0.10000000000013642,0.13496308058148002,SPX500_USD,Largo
2014-07-25 10:00:00-04:00,2014-07-25 10:45:00-04:00,4,-1.1725618724757267,-3.3975114422812567,-0.9999999999999698,SPX500_USD,Largo
2014-07-25 11:45:00-04:00,2014-07-25 15:45:00-04:00,17,-0.07836895162175589,-0.2999999999999545,0.05224596774785706,SPX500_USD,Largo
2014-08-15 11:15:00-04:00,2014-08-15 11:45:00-04:00,3,-1.0849436189039567,-6.3862573369438,-0.9999999999999958,SPX500_USD,Largo
2014-08-15 12:30:00-04:00,2014-08-15 14:30:00-04:00,9,0.43284609151674114,3.5,0.49468124744770414,SPX500_USD,Largo
2014-08-27 15:15:00-04:00,2014-08-27 15:45:00-04:00,3,0.8021889258627934,1.7000000000000455,1.038126845234197,SPX500_USD,Largo
2014-08-29 10:45:00-04:00,2014-08-29 11:15:00-04:00,3,1.0249366562998241,3.2999999999999545,1.1802300890725268,SPX500_USD,Largo
2014-09-02 13:15:00-04:00,2014-09-02 15:30:00-04:00,10,0.8546566963267994,3.2999999999999545,0.984150135164195,SPX500_USD,Largo
2014-09-03 12:15:00-04:00,2014-09-03 15:00:00-04:00,12,-1.1325606634091983,-4.2718580093139735,-0.9999999999999902,SPX500_USD,Largo
2014-09-19 12:30:00-04:00,2014-09-19 13:00:00-04:00,3,-1.1362045840016535,-4.170948402103022,-0.9999999999999944,SPX500_USD,Largo
2014-09-19 13:45:00-04:00,2014-09-19 14:45:00-04:00,5,0.8288030139620166,3.2999999999999545,0.9543792281986876,SPX500_USD,Largo
2014-10-27 10:15:00-04:00,2014-10-27 10:45:00-04:00,3,0.7544592374687458,4.7000000000000455,0.8347208584760584,SPX500_USD,Largo
2014-11-04 11:30:00-05:00,2014-11-04 12:45:00-05:00,6,0.904041334582911,5.099999999999909,0.9926728379733941,SPX500_USD,Largo
2014-11-11 10:00:00-05:00,2014-11-11 10:30:00-05:00,3,0.7092055609383875,1.8999999999998636,0.8958386032906082,SPX500_USD,Largo
2014-11-13 14:00:00-05:00,2014-11-13 15:30:00-05:00,7,1.3138527219438778,6.5,1.4149183159395606,SPX500_USD,Largo
2014-11-19 11:15:00-05:00,2014-11-19 12:30:00-05:00,6,0.7476078819549662,2.900000000000091,0.8765057926368529,SPX500_USD,Largo
2014-11-21 13:45:00-05:00,2014-11-21 15:30:00-05:00,8,0.8764040275145787,3.699999999999818,0.9948370042057438,SPX500_USD,Largo
2014-11-25 11:45:00-05:00,2014-11-25 12:45:00-05:00,5,0.983328511991188,3.5,1.123804013704215,SPX500_USD,Largo
2014-12-04 11:00:00-05:00,2014-12-04 12:15:00-05:00,6,1.435600663129353,6.699999999999818,1.54273504097483,SPX500_USD,Largo
2014-12-31 10:00:00-05:00,2014-12-31 11:00:00-05:00,5,1.2041176351010274,2.299999999999727,1.4658823383838906,SPX500_USD,Largo
2015-02-11 13:30:00-05:00,2015-02-11 14:15:00-05:00,4,0.6704444425315699,3.700000000000273,0.7610450428736673,SPX500_USD,Largo
2015-02-18 09:45:00-05:00,2015-02-18 10:00:00-05:00,2,-1.1938947631681929,-3.0787184338050793,-1.0000000000000289,SPX500_USD,Largo
2015-02-18 10:45:00-05:00,2015-02-18 11:30:00-05:00,4,-0.02794533607351329,-0.09999999999990905,0.11178134429418024,SPX500_USD,Largo
2015-02-20 10:15:00-05:00,2015-02-20 11:00:00-05:00,4,1.0249821876732252,5.099999999999909,1.1254706374451118,SPX500_USD,Largo
2015-02-26 10:15:00-05:00,2015-02-26 11:15:00-05:00,5,1.151544423673291,4.299999999999727,1.2854449380539148,SPX500_USD,Largo
2015-03-19 10:00:00-04:00,2015-03-19 10:45:00-04:00,4,-1.1063328048960148,-5.2022177256494615,-1.0000000000000129,SPX500_USD,Largo
2015-03-19 12:00:00-04:00,2015-03-19 15:45:00-04:00,16,0.16512642150488943,0.900000000000091,0.25686332234092984,SPX500_USD,Largo
2015-04-27 13:45:00-04:00,2015-04-27 15:15:00-04:00,7,-1.1114145699367048,-4.987743391947333,-1.0000000000000202,SPX500_USD,Largo
2015-04-28 10:30:00-04:00,2015-04-28 11:15:00-04:00,4,1.6590932702074468,10.099999999999909,1.741226600415737,SPX500_USD,Largo
2015-05-15 10:30:00-04:00,2015-05-15 14:45:00-04:00,18,0.47617873928000876,1.699999999999818,0.6162313096564969,SPX500_USD,Largo
2015-05-19 10:30:00-04:00,2015-05-19 13:45:00-04:00,14,0.785592782294351,2.699999999999818,0.9310729271636851,SPX500_USD,Largo
2015-06-19 10:15:00-04:00,2015-06-19 11:45:00-04:00,7,-1.1462834967726139,-3.9180205630250384,-1.0000000000000002,SPX500_USD,Largo
2015-06-19 12:45:00-04:00,2015-06-19 14:45:00-04:00,9,-1.1433453625828585,-3.9880793559759695,-1.0000000000000397,SPX500_USD,Largo
2015-06-24 13:15:00-04:00,2015-06-24 13:30:00-04:00,2,-1.1131469520418478,-4.91903198430964,-1.000000000000015,SPX500_USD,Largo
2015-07-21 09:45:00-04:00,2015-07-21 10:00:00-04:00,2,-1.2604111520277175,-2.4200406591908177,-0.9999999999999747,SPX500_USD,Largo
2015-07-21 14:30:00-04:00,2015-07-21 14:45:00-04:00,2,-1.134164511661247,-4.226767934448617,-1.000000000000022,SPX500_USD,Largo
2015-11-19 09:45:00-05:00,2015-11-19 10:30:00-05:00,4,-1.1190200823466647,-4.700971719574682,-0.9999999999999549,SPX500_USD,Largo
2015-11-23 15:00:00-05:00,2015-11-23 15:45:00-05:00,4,0.22391211263938302,1.099999999999909,0.3256903456572928,SPX500_USD,Largo
2015-12-17 10:00:00-05:00,2015-12-17 10:00:00-05:00,1,-1.0887798371490098,-6.131909407096373,-0.9999999999999988,SPX500_USD,Largo
2015-12-28 10:30:00-05:00,2015-12-28 10:45:00-05:00,2,-1.119771710265635,-4.674608502218007,-1.000000000000024,SPX500_USD,Largo
2015-12-30 10:00:00-05:00,2015-12-30 10:15:00-05:00,2,-1.167063937858535,-3.4928661230505895,-1.0000000000000682,SPX500_USD,Largo
2015-12-30 10:45:00-05:00,2015-12-30 14:15:00-05:00,15,-0.026818542307018158,-0.09999999999990905,0.10727416922819458,SPX500_USD,Largo
2016-04-21 10:15:00-04:00,2016-04-21 13:30:00-04:00,14,-1.1201043082361248,-5.5,-1.0182766438510227,SPX500_USD,Largo
2016-04-21 15:00:00-04:00,2016-04-21 15:45:00-04:00,4,-0.08858028147113041,-0.5,0.0,SPX500_USD,Largo
2016-05-31 12:30:00-04:00,2016-05-31 14:00:00-04:00,7,-1.1298191860423008,-4.351510822421005,-0.9999999999999558,SPX500_USD,Largo
2016-05-31 14:30:00-04:00,2016-05-31 15:30:00-04:00,5,0.8370774420957732,3.699999999999818,0.9501960153519643,SPX500_USD,Largo
2016-06-02 10:15:00-04:00,2016-06-02 11:15:00-04:00,5,0.9059759096902915,3.700000000000273,1.028405086675457,SPX500_USD,Largo
2016-06-03 11:00:00-04:00,2016-06-03 14:00:00-04:00,13,0.5660014269179654,3.5,0.6468587736205319,SPX500_USD,Largo
2016-07-05 11:30:00-04:00,2016-07-05 13:30:00-04:00,9,-1.085955273057369,-6.316978786937852,-1.0000000000000262,SPX500_USD,Largo
2016-07-07 14:30:00-04:00,2016-07-07 15:30:00-04:00,5,0.7382395563911243,4.5,0.8202661737679159,SPX500_USD,Largo
2016-07-25 13:00:00-04:00,2016-07-25 15:30:00-04:00,11,0.568968461644237,1.900000000000091,0.718697004182187,SPX500_USD,Largo
2016-07-27 11:00:00-04:00,2016-07-27 12:00:00-04:00,5,-1.140024468947623,-4.070804472659802,-0.9999999999999966,SPX500_USD,Largo
2016-07-27 12:30:00-04:00,2016-07-27 14:00:00-04:00,7,-1.1329586333293666,-4.260568136718575,-1.000000000000015,SPX500_USD,Largo
2016-08-01 10:00:00-04:00,2016-08-01 11:15:00-04:00,6,2.0491043391777435,6.5,2.206727749883724,SPX500_USD,Largo
2016-08-08 10:45:00-04:00,2016-08-08 14:15:00-04:00,15,-1.2106341857463916,-2.8737837152516477,-1.0000000000000262,SPX500_USD,Largo
2016-08-10 12:15:00-04:00,2016-08-10 14:15:00-04:00,9,-1.1444361235889036,-3.961737878144504,-1.0000000000000173,SPX500_USD,Largo
2016-08-12 09:45:00-04:00,2016-08-12 11:00:00-04:00,6,0.9180829707662282,1.900000000000091,1.1596837525468031,SPX500_USD,Largo
2016-08-16 10:00:00-04:00,2016-08-16 13:00:00-04:00,13,0.41297471465034163,1.1000000000003638,0.6006904940367985,SPX500_USD,Largo
2016-09-05 11:30:00-04:00,2016-09-05 12:15:00-04:00,3,0.8813026184309233,1.300000000000182,1.220265163981231,SPX500_USD,Largo
2016-09-06 10:45:00-04:00,2016-09-06 12:00:00-04:00,6,1.5533686924296723,4.900000000000091,1.7118757018612687,SPX500_USD,Largo
2016-09-23 14:15:00-04:00,2016-09-23 15:45:00-04:00,7,-0.5352396024641466,-1.900000000000091,-0.39438707549990426,SPX500_USD,Largo
2016-10-20 10:00:00-04:00,2016-10-20 10:15:00-04:00,2,0.07662371429745095,0.3000000000001819,0.20432990479312507,SPX500_USD,Largo
2016-10-25 12:45:00-04:00,2016-10-25 15:45:00-04:00,13,-0.13803264777791746,-0.5,0.0,SPX500_USD,Largo
2016-11-08 10:30:00-05:00,2016-11-08 11:00:00-05:00,3,0.6540943957512184,2.300000000000182,0.7962888296101677,SPX500_USD,Largo
2016-11-22 12:30:00-05:00,2016-11-22 14:45:00-05:00,10,1.1953180368260772,3.700000000000273,1.3568475012620216,SPX500_USD,Largo
2016-11-23 10:15:00-05:00,2016-11-23 12:00:00-05:00,8,0.7201786959120215,2.5,0.8642144350944259,SPX500_USD,Largo
2016-12-14 14:45:00-05:00,2016-12-14 14:45:00-05:00,1,-1.0672621930355186,-7.933596459398814,-1.000000000000029,SPX500_USD,Largo
2016-12-16 11:45:00-05:00,2016-12-16 13:00:00-05:00,6,-1.1024735368612497,-5.379308505543122,-1.000000000000034,SPX500_USD,Largo
2017-01-05 12:00:00-05:00,2017-01-05 14:15:00-05:00,10,1.0297523134968005,4.5,1.1441692372186671,SPX500_USD,Largo
2017-01-09 10:00:00-05:00,2017-01-09 11:00:00-05:00,5,0.7318952408515165,1.900000000000091,0.9244992516019064,SPX500_USD,Largo
2017-01-27 10:45:00-05:00,2017-01-27 15:15:00-05:00,19,-1.171053005862456,-3.423070527049731,-0.9999999999999445,SPX500_USD,Largo
2017-02-07 13:15:00-05:00,2017-02-07 15:45:00-05:00,11,0.09085659833949691,0.3000000000001819,0.2422842622385666,SPX500_USD,Largo
2017-02-08 10:15:00-05:00,2017-02-08 10:45:00-05:00,3,0.37159549049636603,1.099999999999909,0.5405025316310919,SPX500_USD,Largo
2017-02-16 11:30:00-05:00,2017-02-16 15:30:00-05:00,17,0.31460520944034287,1.5,0.41947361258712385,SPX500_USD,Largo
2017-02-23 11:30:00-05:00,2017-02-23 12:30:00-05:00,5,1.39222973706475,5.699999999999818,1.5143551525967496,SPX500_USD,Largo
2017-02-28 13:00:00-05:00,2017-02-28 15:45:00-05:00,12,0.33188290557463934,1.099999999999909,0.4827387717449424,SPX500_USD,Largo
2017-03-02 10:30:00-05:00,2017-03-02 11:00:00-05:00,3,-1.150892671734157,-3.81361353903867,-1.0000000000000053,SPX500_USD,Largo
2017-03-02 12:00:00-05:00,2017-03-02 15:15:00-05:00,14,-1.1274010173623144,-4.424615441476362,-0.9999999999999858,SPX500_USD,Largo
2017-03-06 10:00:00-05:00,2017-03-06 10:15:00-05:00,2,-1.1613391907262556,-3.5990610387298148,-0.9999999999999826,SPX500_USD,Largo
2017-03-16 12:30:00-04:00,2017-03-16 14:45:00-04:00,10,-1.1184754773305585,-4.720282637943001,-1.000000000000035,SPX500_USD,Largo
2017-04-03 10:30:00-04:00,2017-04-03 10:45:00-04:00,2,-1.1451624196098644,-3.9444176484767013,-0.9999999999999487,SPX500_USD,Largo
2017-04-21 10:15:00-04:00,2017-04-21 10:45:00-04:00,3,-1.1648215819041976,-3.533583310047561,-1.0000000000000597,SPX500_USD,Largo
2017-04-21 11:30:00-04:00,2017-04-21 13:00:00-04:00,7,-1.1346546527817327,-4.213202549416565,-0.9999999999999839,SPX500_USD,Largo
2017-04-21 13:30:00-04:00,2017-04-21 14:30:00-04:00,5,1.084938920978434,4.700000000000273,1.2003579551250692,SPX500_USD,Largo
2017-04-28 11:30:00-04:00,2017-04-28 15:45:00-04:00,18,-0.5086395551083526,-1.7000000000002728,-0.3590396859588611,SPX500_USD,Largo
2017-05-04 10:15:00-04:00,2017-05-04 11:45:00-04:00,7,0.562590298859925,1.699999999999818,0.7280580338187441,SPX500_USD,Largo
2017-05-31 10:45:00-04:00,2017-05-31 11:30:00-04:00,4,-1.1399530190365976,-4.072627467718121,-1.0000000000000555,SPX500_USD,Largo
2017-06-02 10:15:00-04:00,2017-06-02 11:00:00-04:00,4,0.8248271658201017,2.699999999999818,0.977572937268279,SPX500_USD,Largo
2017-06-09 14:15:00-04:00,2017-06-09 14:30:00-04:00,2,-1.086962965593134,-6.249573931727355,-0.9999999999999979,SPX500_USD,Largo
2017-06-20 10:15:00-04:00,2017-06-20 12:15:00-04:00,9,-1.223237737278852,-2.739764683582962,-1.0000000000000528,SPX500_USD,Largo
2017-06-20 12:45:00-04:00,2017-06-20 15:30:00-04:00,12,-1.1578765461877103,-3.667031532380861,-0.9999999999999624,SPX500_USD,Largo
2017-07-18 10:00:00-04:00,2017-07-18 10:30:00-04:00,3,-1.1869936238127352,-3.1738879636932325,-1.0000000000000797,SPX500_USD,Largo
2017-07-18 11:00:00-04:00,2017-07-18 11:45:00-04:00,4,0.12269647545381732,0.5,0.24539295090763463,SPX500_USD,Largo
2017-07-21 09:45:00-04:00,2017-07-21 09:45:00-04:00,1,-1.1904159265159393,-3.125830775547456,-0.9999999999999796,SPX500_USD,Largo
2017-07-21 10:15:00-04:00,2017-07-21 12:45:00-04:00,11,0.7820412668256889,2.5,0.9384495201908266,SPX500_USD,Largo
2017-09-18 15:00:00-04:00,2017-09-18 15:30:00-04:00,3,1.1075701862492846,3.099999999999909,1.2862105388701421,SPX500_USD,Largo
2017-09-20 15:00:00-04:00,2017-09-20 15:45:00-04:00,4,1.1354232769656087,4.5,1.2615814188506764,SPX500_USD,Largo
2017-09-21 11:00:00-04:00,2017-09-21 12:15:00-04:00,6,0.4475490796769881,1.300000000000182,0.6196833410911902,SPX500_USD,Largo
2017-10-06 09:45:00-04:00,2017-10-06 10:30:00-04:00,4,-1.2456247825315243,-2.5356252119463534,-1.0000000000000044,SPX500_USD,Largo
2017-10-09 11:30:00-04:00,2017-10-09 14:15:00-04:00,12,-1.2475791176991988,-2.519556433703201,-0.9999999999999917,SPX500_USD,Largo
2017-10-23 15:00:00-04:00,2017-10-23 15:15:00-04:00,2,-1.1920917594013236,-3.1029226946461677,-1.0000000000000697,SPX500_USD,Largo
2017-11-01 12:15:00-04:00,2017-11-01 13:00:00-04:00,4,-1.1533186600621326,-3.761181644798853,-0.9999999999999419,SPX500_USD,Largo
2017-11-01 13:30:00-04:00,2017-11-01 15:15:00-04:00,8,0.805082063100223,2.900000000000091,0.9438893153588778,SPX500_USD,Largo
2017-11-02 10:30:00-04:00,2017-11-02 11:15:00-04:00,4,1.1176329965596037,4.699999999999818,1.2365301238531832,SPX500_USD,Largo
2017-11-03 10:45:00-04:00,2017-11-03 11:30:00-04:00,4,0.5772587026835527,1.7000000000002728,0.7470406740610409,SPX500_USD,Largo
2017-11-07 12:15:00-05:00,2017-11-07 15:45:00-05:00,15,0.9732143500623114,3.900000000000091,1.0979854205831177,SPX500_USD,Largo
2017-12-01 11:45:00-05:00,2017-12-01 13:45:00-05:00,9,0.9320948954674921,13.5,0.9666169286329548,SPX500_USD,Largo
2017-12-14 11:30:00-05:00,2017-12-14 12:45:00-05:00,6,-1.15238815323673,-3.781094949837552,-1.000000000000028,SPX500_USD,Largo
2017-12-14 13:30:00-05:00,2017-12-14 14:00:00-05:00,3,-1.1455967890285312,-3.93414166848288,-1.0000000000000484,SPX500_USD,Largo
2017-12-14 15:00:00-05:00,2017-12-14 15:45:00-05:00,4,-0.8217708321412268,-3.900000000000091,-0.7164155972513284,SPX500_USD,Largo
2017-12-19 11:15:00-05:00,2017-12-19 11:45:00-05:00,3,-1.1679562639509604,-3.4769654804067613,-1.0000000000000275,SPX500_USD,Largo
2017-12-19 13:00:00-05:00,2017-12-19 14:45:00-05:00,8,-1.1489844590150307,-3.8560547409156243,-1.000000000000037,SPX500_USD,Largo
2017-12-20 10:00:00-05:00,2017-12-20 10:30:00-05:00,3,-1.1468840430909724,-3.904045732117538,-0.9999999999999982,SPX500_USD,Largo
2017-12-20 11:00:00-05:00,2017-12-20 13:30:00-05:00,11,0.9567568138168164,4.300000000000182,1.0680076061210928,SPX500_USD,Largo
2017-12-22 12:15:00-05:00,2017-12-22 14:00:00-05:00,8,0.6420978856577166,1.900000000000091,0.8110710134623709,SPX500_USD,Largo
2017-12-27 12:45:00-05:00,2017-12-27 14:45:00-05:00,9,-1.2006372364186424,-2.992059843550578,-0.999999999999954,SPX500_USD,Largo
2017-12-28 10:45:00-05:00,2017-12-28 14:00:00-05:00,14,-1.280555782239542,-2.2821767778550566,-1.000000000000119,SPX500_USD,Largo
2017-12-29 10:30:00-05:00,2017-12-29 10:45:00-05:00,2,-1.1574742040085213,-3.675123209213325,-0.9999999999999591,SPX500_USD,Largo
2018-01-16 15:15:00-05:00,2018-01-16 15:45:00-05:00,3,-0.31499300856992973,-2.700000000000273,-0.25666096994587456,SPX500_USD,Largo
2018-01-17 10:15:00-05:00,2018-01-17 11:15:00-05:00,5,0.8258351450009457,3.900000000000091,0.9317114456420901,SPX500_USD,Largo
2018-01-24 13:00:00-05:00,2018-01-24 13:15:00-05:00,2,-1.0635955367902445,-8.362186958956045,-1.0000000000000084,SPX500_USD,Largo
2018-01-24 13:30:00-05:00,2018-01-24 14:30:00-05:00,5,1.0677158977753185,9.5,1.1239114713424405,SPX500_USD,Largo
2018-01-25 10:30:00-05:00,2018-01-25 11:45:00-05:00,6,1.0249934565815766,6.900000000000091,1.099268344739661,SPX500_USD,Largo
2018-02-16 09:45:00-05:00,2018-02-16 10:30:00-05:00,4,0.8842495514084288,7.099999999999909,0.9465206465780373,SPX500_USD,Largo
2018-02-19 11:30:00-05:00,2018-02-19 12:30:00-05:00,5,0.7732434351792223,4.699999999999818,0.8555033750919088,SPX500_USD,Largo
2018-03-12 11:45:00-04:00,2018-03-12 15:30:00-04:00,16,0.4190139840896955,3.099999999999909,0.4865968847493258,SPX500_USD,Largo
2018-03-13 12:45:00-04:00,2018-03-13 14:45:00-04:00,9,-1.0559842391147494,-9.431085032252213,-0.9999999999999752,SPX500_USD,Largo
2018-03-14 11:30:00-04:00,2018-03-14 11:30:00-04:00,1,-1.0594712283989618,-8.90742680890753,-1.0000000000000107,SPX500_USD,Largo
2018-03-14 12:45:00-04:00,2018-03-14 15:45:00-04:00,13,-0.46902090033015076,-4.900000000000091,-0.42116162478625874,SPX500_USD,Largo
2018-04-13 11:30:00-04:00,2018-04-13 13:30:00-04:00,9,0.5390519231526246,5.300000000000182,0.5899058781670214,SPX500_USD,Largo
2018-04-18 10:30:00-04:00,2018-04-18 10:45:00-04:00,2,0.4203939961454957,2.5,0.5044727953745949,SPX500_USD,Largo
2018-04-19 10:00:00-04:00,2018-04-19 10:45:00-04:00,4,-1.0938418647822563,-5.828112363926266,-1.0000000000000406,SPX500_USD,Largo
2018-04-19 11:30:00-04:00,2018-04-19 11:45:00-04:00,2,-1.0687544761850247,-7.772253789770275,-1.0000000000000278,SPX500_USD,Largo
2018-04-19 12:45:00-04:00,2018-04-19 15:30:00-04:00,12,1.048159854863692,7.899999999999636,1.1144990861841817,SPX500_USD,Largo
2018-05-14 13:45:00-04:00,2018-05-14 14:00:00-04:00,2,-1.0887850674347608,-6.131577634013411,-0.9999999999999953,SPX500_USD,Largo
2018-05-14 14:30:00-04:00,2018-05-14 15:45:00-04:00,6,0.21613399742082873,1.300000000000182,0.2992624579672897,SPX500_USD,Largo
2018-05-15 10:15:00-04:00,2018-05-15 13:45:00-04:00,15,-1.0702811282832319,-7.6142853311203,-0.9999999999999974,SPX500_USD,Largo
2018-05-25 10:00:00-04:00,2018-05-25 14:30:00-04:00,19,-1.0820355619907747,-6.59491771454077,-0.9999999999999818,SPX500_USD,Largo
2018-06-07 14:15:00-04:00,2018-06-07 15:30:00-04:00,6,0.38342550733535263,2.900000000000091,0.4495333534276527,SPX500_USD,Largo
2018-06-13 14:45:00-04:00,2018-06-13 15:45:00-04:00,5,-1.0953974887126456,-5.741228115618014,-1.0000000000000122,SPX500_USD,Largo
2018-07-16 10:30:00-04:00,2018-07-16 12:30:00-04:00,9,0.6141851728932394,2.5,0.7370222074718873,SPX500_USD,Largo
2018-07-27 14:00:00-04:00,2018-07-27 15:45:00-04:00,8,-0.039088494800308536,-0.29999999999972715,0.02605899653359827,SPX500_USD,Largo
2018-08-08 10:15:00-04:00,2018-08-08 11:00:00-04:00,4,1.0790367248314092,3.099999999999909,1.253074906255835,SPX500_USD,Largo
2018-08-28 12:15:00-04:00,2018-08-28 14:15:00-04:00,9,0.46142870827011345,1.900000000000091,0.5828573157096112,SPX500_USD,Largo
2018-09-14 10:30:00-04:00,2018-09-14 11:45:00-04:00,6,0.6382643018755564,2.5,0.7659171622506676,SPX500_USD,Largo
2018-09-14 12:45:00-04:00,2018-09-14 15:15:00-04:00,11,0.8057217447902931,4.5,0.8952463831003257,SPX500_USD,Largo
2018-09-17 11:15:00-04:00,2018-09-17 13:30:00-04:00,10,-1.1118111414309462,-4.971826274208524,-1.0000000000000302,SPX500_USD,Largo
2018-09-24 11:00:00-04:00,2018-09-24 14:15:00-04:00,14,0.5187113096606131,2.5,0.6224535715927357,SPX500_USD,Largo
2018-09-25 11:15:00-04:00,2018-09-25 12:15:00-04:00,5,0.3873690978926717,1.699999999999818,0.5013011855081756,SPX500_USD,Largo
2018-09-25 14:00:00-04:00,2018-09-25 15:45:00-04:00,8,-0.21004674452767835,-0.8999999999996362,-0.093354108678921,SPX500_USD,Largo
2018-09-26 09:45:00-04:00,2018-09-26 10:00:00-04:00,2,-1.2016002474707208,-2.980155685685986,-1.0000000000000704,SPX500_USD,Largo
2018-11-09 10:30:00-05:00,2018-11-09 11:00:00-05:00,3,-1.0568696456947275,-9.2920364878687,-1.0000000000000226,SPX500_USD,Largo
2018-11-09 12:30:00-05:00,2018-11-09 15:15:00-05:00,12,0.7189660743332933,7.699999999999818,0.7656521830562355,SPX500_USD,Largo
2018-12-03 10:30:00-05:00,2018-12-03 10:45:00-05:00,2,-1.0574783407178385,-9.198928914011049,-0.9999999999999766,SPX500_USD,Largo
2018-12-03 12:15:00-05:00,2018-12-03 15:15:00-05:00,13,0.9859172252072625,10.900000000000091,1.031142785996586,SPX500_USD,Largo
2019-03-20 12:15:00-04:00,2019-03-20 12:30:00-04:00,2,-1.0746768800736295,-7.1955127143342,-0.9999999999999717,SPX500_USD,Largo
2019-03-22 10:15:00-04:00,2019-03-22 10:45:00-04:00,3,-1.0584785043466305,-9.050150274645603,-1.0000000000000229,SPX500_USD,Largo
2019-04-03 14:30:00-04:00,2019-04-03 15:00:00-04:00,3,-1.0867061367997408,-6.266604515605195,-1.0000000000000107,SPX500_USD,Largo
2019-04-08 10:00:00-04:00,2019-04-08 10:45:00-04:00,4,0.9372091789232547,3.5,1.0710962044837198,SPX500_USD,Largo
2019-04-09 11:00:00-04:00,2019-04-09 12:15:00-04:00,6,0.6994046711213131,3.699999999999818,0.7939188158674412,SPX500_USD,Largo
2019-04-09 15:00:00-04:00,2019-04-09 15:45:00-04:00,4,0.5296698236680419,2.700000000000273,0.6277568280510027,SPX500_USD,Largo
2019-04-11 12:00:00-04:00,2019-04-11 15:45:00-04:00,16,0.35806754336017194,2.100000000000364,0.4433217203506743,SPX500_USD,Largo
2019-04-15 11:00:00-04:00,2019-04-15 13:30:00-04:00,11,0.8466589374955973,3.300000000000182,0.9749405946918929,SPX500_USD,Largo
2019-04-17 10:30:00-04:00,2019-04-17 11:15:00-04:00,4,-1.1102094796453772,-5.036814814920035,-0.9999999999999554,SPX500_USD,Largo
2019-04-17 12:30:00-04:00,2019-04-17 14:15:00-04:00,8,-1.0880676379172758,-6.177454418267644,-0.9999999999999729,SPX500_USD,Largo
2019-04-25 10:00:00-04:00,2019-04-25 10:00:00-04:00,1,-1.103003180003427,-5.35421906375359,-0.9999999999999772,SPX500_USD,Largo
2019-04-25 10:30:00-04:00,2019-04-25 11:30:00-04:00,5,1.6597269143196005,10.5,1.7387615292872005,SPX500_USD,Largo
2019-04-30 11:30:00-04:00,2019-04-30 12:15:00-04:00,4,1.3333779001558064,7.900000000000091,1.4177689064947805,SPX500_USD,Largo
2019-05-01 11:15:00-04:00,2019-05-01 11:45:00-04:00,3,0.8815882637835922,3.300000000000182,1.0151622431447351,SPX500_USD,Largo
2019-05-01 13:00:00-04:00,2019-05-01 14:15:00-04:00,6,1.0169732315554418,5.099999999999909,1.1166764895510752,SPX500_USD,Largo
2019-06-11 13:45:00-04:00,2019-06-11 15:45:00-04:00,9,0.11487019790731232,0.8999999999996362,0.17868697452251162,SPX500_USD,Largo
2019-06-20 11:45:00-04:00,2019-06-20 12:00:00-04:00,2,-1.0861340989923012,-6.304901959263134,-0.9999999999999641,SPX500_USD,Largo
2019-06-20 12:30:00-04:00,2019-06-20 13:30:00-04:00,5,0.9276021613545612,7.099999999999909,0.9929262572246016,SPX500_USD,Largo
2019-06-25 13:30:00-04:00,2019-06-25 14:30:00-04:00,5,-1.069764451521905,-7.66697385405223,-0.9999999999999722,SPX500_USD,Largo
2019-07-01 11:45:00-04:00,2019-07-01 12:45:00-04:00,5,-1.0762123517507316,-7.06061633730269,-1.0000000000000155,SPX500_USD,Largo
2019-07-01 13:30:00-04:00,2019-07-01 15:30:00-04:00,9,0.7434262940756228,5.099999999999909,0.8163112248673517,SPX500_USD,Largo
2019-07-05 11:00:00-04:00,2019-07-05 12:45:00-04:00,8,1.6685419412563463,11.900000000000091,1.738648745510814,SPX500_USD,Largo
2019-07-08 10:15:00-04:00,2019-07-08 10:30:00-04:00,2,-1.1127399010639527,-4.934987039028783,-1.0000000000000036,SPX500_USD,Largo
2019-07-11 11:00:00-04:00,2019-07-11 11:30:00-04:00,3,1.0451723777901933,5.300000000000182,1.1437735455062459,SPX500_USD,Largo
2019-07-12 11:00:00-04:00,2019-07-12 11:30:00-04:00,3,1.0225993952374344,3.699999999999818,1.1607885027019593,SPX500_USD,Largo
2019-07-16 12:45:00-04:00,2019-07-16 14:15:00-04:00,7,-1.1015579930195305,-5.4232954013173185,-1.000000000000013,SPX500_USD,Largo
2019-07-25 10:30:00-04:00,2019-07-25 12:00:00-04:00,7,-1.0779841300500597,-6.911560912189998,-1.000000000000015,SPX500_USD,Largo
2019-07-25 12:30:00-04:00,2019-07-25 12:30:00-04:00,1,-1.0744034731673078,-7.22011639665925,-1.0000000000000029,SPX500_USD,Largo
2019-07-25 13:00:00-04:00,2019-07-25 15:45:00-04:00,12,0.5175707023240345,3.899999999999636,0.5839259205707117,SPX500_USD,Largo
2019-07-29 10:30:00-04:00,2019-07-29 11:45:00-04:00,6,0.9574028065923721,3.5,1.094174636105568,SPX500_USD,Largo
2019-07-31 11:00:00-04:00,2019-07-31 11:45:00-04:00,4,0.7675170390841328,2.899999999999636,0.8998475630641724,SPX500_USD,Largo
2019-08-20 10:15:00-04:00,2019-08-20 11:15:00-04:00,5,1.2673760645895942,10.5,1.3277273057605272,SPX500_USD,Largo
2019-08-30 11:45:00-04:00,2019-08-30 15:45:00-04:00,17,-0.011349798703676433,-0.09999999999990905,0.04539919481475735,SPX500_USD,Largo
2019-09-09 10:15:00-04:00,2019-09-09 12:00:00-04:00,8,-1.114810365831287,-4.855007462780577,-0.9999999999999635,SPX500_USD,Largo
2019-09-09 13:00:00-04:00,2019-09-09 15:45:00-04:00,12,0.32574570625443244,1.900000000000091,0.41146826053191055,SPX500_USD,Largo
2019-09-10 10:30:00-04:00,2019-09-10 12:30:00-04:00,9,0.8383629765171858,6.099999999999909,0.9070812532808906,SPX500_USD,Largo
2019-09-13 10:30:00-04:00,2019-09-13 11:15:00-04:00,4,0.39458000012265165,2.099999999999909,0.4885276191994775,SPX500_USD,Largo
2019-09-18 13:45:00-04:00,2019-09-18 14:00:00-04:00,2,-1.135726820699982,-4.1838702728132375,-1.0000000000000278,SPX500_USD,Largo
2019-09-20 13:30:00-04:00,2019-09-20 15:45:00-04:00,10,-0.7170352006429792,-6.5,-0.6618786467473654,SPX500_USD,Largo
2019-10-18 12:45:00-04:00,2019-10-18 14:00:00-04:00,6,1.0709016307205352,8.5,1.1338958442923315,SPX500_USD,Largo
2019-10-31 11:00:00-04:00,2019-10-31 12:30:00-04:00,7,-1.065693983283941,-8.111047085372775,-0.9999999999999712,SPX500_USD,Largo
2019-11-05 10:00:00-05:00,2019-11-05 10:00:00-05:00,1,-1.129286716902009,-4.3673733232717495,-1.0000000000000497,SPX500_USD,Largo
2019-11-05 11:15:00-05:00,2019-11-05 13:15:00-05:00,9,0.27527215926512344,1.5,0.3670295456868312,SPX500_USD,Largo
2019-11-18 10:00:00-05:00,2019-11-18 11:30:00-05:00,7,0.7860637623185227,3.5,0.8983585855068831,SPX500_USD,Largo
2019-11-19 11:30:00-05:00,2019-11-19 14:15:00-05:00,12,0.5647424798740001,2.700000000000273,0.6693244205913969,SPX500_USD,Largo
2019-11-20 14:00:00-05:00,2019-11-20 15:15:00-05:00,6,0.6702420786995402,6.099999999999909,0.725179954002782,SPX500_USD,Largo
2019-11-29 13:00:00-05:00,2019-11-29 13:00:00-05:00,1,0.2040588244010716,0.900000000000091,0.317424837957211,SPX500_USD,Largo
2019-12-13 09:45:00-05:00,2019-12-13 11:15:00-05:00,7,-1.0550900290897478,-9.576052568159412,-0.9999999999999981,SPX500_USD,Largo
2019-12-24 10:30:00-05:00,2019-12-24 13:00:00-05:00,11,-0.043596073674534955,-0.1000000000003638,0.17438429469734684,SPX500_USD,Largo
2019-12-27 10:15:00-05:00,2019-12-27 15:45:00-05:00,23,-1.1207528752660383,-4.640688152545863,-0.9999999999999856,SPX500_USD,Largo
2019-12-30 11:30:00-05:00,2019-12-30 15:45:00-05:00,18,-1.0768533344154778,-7.0058985898663195,-1.000000000000026,SPX500_USD,Largo
2020-01-07 10:15:00-05:00,2020-01-07 11:15:00-05:00,5,0.7360021422296119,4.5,0.8177801580329022,SPX500_USD,Largo
2020-01-10 12:30:00-05:00,2020-01-10 15:30:00-05:00,13,-1.0770334266274046,-6.990688807322385,-1.0000000000000266,SPX500_USD,Largo
2020-01-23 10:00:00-05:00,2020-01-23 11:15:00-05:00,6,-1.0743340851825054,-7.226389364614079,-0.9999999999999891,SPX500_USD,Largo
2020-01-24 11:15:00-05:00,2020-01-24 11:15:00-05:00,1,-1.0829525483456335,-6.527542371777599,-1.0000000000000362,SPX500_USD,Largo
2020-02-14 10:30:00-05:00,2020-02-14 13:00:00-05:00,11,-1.0865042251047972,-6.280064492735619,-0.9999999999999757,SPX500_USD,Largo
2020-02-14 13:45:00-05:00,2020-02-14 14:15:00-05:00,3,-1.0889908907180548,-6.118552595277379,-0.9999999999999954,SPX500_USD,Largo
2006-07-24 10:00:00-04:00,2006-07-24 10:15:00-04:00,2,-1.1813110350971208,-3.257692049643765,-1.0000000000000036,SPX500_USD,Corto
2008-01-22 11:30:00-05:00,2008-01-22 15:45:00-05:00,18,-0.12429303547908348,-3.1000000000001364,-0.10424577169213542,SPX500_USD,Corto
2008-03-05 10:30:00-05:00,2008-03-05 12:00:00-05:00,7,-1.0814445663535561,-6.6391449716795705,-1.0000000000000087,SPX500_USD,Corto
2008-03-11 10:00:00-04:00,2008-03-11 12:00:00-04:00,9,1.0921098173223673,8.5,1.1563515712825065,SPX500_USD,Corto
2008-03-31 13:45:00-04:00,2008-03-31 15:15:00-04:00,7,0.7195987982693974,4.2999999999999545,0.803273077137933,SPX500_USD,Corto
2008-05-27 10:30:00-04:00,2008-05-27 12:00:00-04:00,7,1.2944015606856292,6.0,1.4022683574094317,SPX500_USD,Corto
2008-06-04 11:45:00-04:00,2008-06-04 14:15:00-04:00,11,0.80009183614196,4.5,0.8889909290466222,SPX500_USD,Corto
2008-06-10 13:30:00-04:00,2008-06-10 14:15:00-04:00,4,1.1088585913604472,8.799999999999955,1.1718619204150182,SPX500_USD,Corto
2008-06-13 10:45:00-04:00,2008-06-13 13:30:00-04:00,12,0.4965205335471321,3.699999999999818,0.5636179029453965,SPX500_USD,Corto
2008-06-24 12:45:00-04:00,2008-06-24 15:15:00-04:00,11,1.0412499438687548,6.7000000000000455,1.1189551635604524,SPX500_USD,Corto
2008-06-25 11:00:00-04:00,2008-06-25 14:15:00-04:00,14,-1.1051918703974322,-5.253219028341391,-0.9999999999999802,SPX500_USD,Corto
2008-07-01 11:30:00-04:00,2008-07-01 12:00:00-04:00,3,0.5704857840281764,4.0,0.6417965070316984,SPX500_USD,Corto
2008-07-03 09:45:00-04:00,2008-07-03 10:00:00-04:00,2,0.4641623440867494,3.199999999999818,0.536687710350308,SPX500_USD,Corto
2008-07-07 10:15:00-04:00,2008-07-07 11:45:00-04:00,7,0.7402119849712575,3.7999999999999545,0.8376082987832663,SPX500_USD,Corto
2008-07-29 11:15:00-04:00,2008-07-29 11:45:00-04:00,3,-1.0913580783809516,-5.972969756599014,-0.9999999999999917,SPX500_USD,Corto
2008-07-29 12:45:00-04:00,2008-07-29 13:30:00-04:00,4,-1.0882161532969143,-6.167896199431198,-1.0000000000000033,SPX500_USD,Corto
2008-09-11 14:45:00-04:00,2008-09-11 15:45:00-04:00,5,-1.0503041471388974,-10.439538356937874,-1.0000000000000113,SPX500_USD,Corto
2008-09-25 10:45:00-04:00,2008-09-25 12:30:00-04:00,8,-1.0469412062205645,-11.151622321988043,-1.0000000000000009,SPX500_USD,Corto
2008-10-03 11:30:00-04:00,2008-10-03 13:00:00-04:00,7,-1.047120420258396,-11.111110793540092,-1.0000000000000009,SPX500_USD,Corto
2008-10-13 12:00:00-04:00,2008-10-13 14:45:00-04:00,12,-1.0390776306560903,-13.295043906330193,-1.0000000000000022,SPX500_USD,Corto
2008-10-17 14:15:00-04:00,2008-10-17 15:30:00-04:00,6,1.010176685090355,19.199999999999932,1.0364833695979165,SPX500_USD,Corto
2008-10-27 10:00:00-04:00,2008-10-27 12:45:00-04:00,12,-1.0299609956277849,-17.188363972000843,-1.0,SPX500_USD,Corto
2008-11-18 10:45:00-05:00,2008-11-18 13:00:00-05:00,10,0.5118623384227704,6.7000000000000455,0.5500610203946187,SPX500_USD,Corto
2008-12-12 11:30:00-05:00,2008-12-12 12:45:00-05:00,6,-1.0400325676491424,-12.989830889244331,-1.0000000000000018,SPX500_USD,Corto
2009-01-15 15:00:00-05:00,2009-01-15 15:30:00-05:00,3,0.9584292026382379,10.800000000000068,1.0028009249826004,SPX500_USD,Corto
2009-01-23 14:15:00-05:00,2009-01-23 15:45:00-05:00,7,0.06730954640811682,0.7999999999999545,0.10937801291319221,SPX500_USD,Corto
2009-02-02 13:15:00-05:00,2009-02-02 14:00:00-05:00,4,0.6261030588482226,4.300000000000068,0.6989057401096427,SPX500_USD,Corto
2009-02-24 14:15:00-05:00,2009-02-24 15:00:00-05:00,4,-1.0600150906892851,-8.831237931283681,-1.0000000000000002,SPX500_USD,Corto
2009-03-04 11:45:00-05:00,2009-03-04 14:45:00-05:00,13,-1.066363671810964,-8.034242551018792,-1.0000000000000013,SPX500_USD,Corto
2009-03-06 10:00:00-05:00,2009-03-06 10:30:00-05:00,3,0.4963432745203799,4.300000000000068,0.5540576087669348,SPX500_USD,Corto
2009-03-09 10:30:00-04:00,2009-03-09 12:45:00-04:00,10,0.7096310960237553,6.2999999999999545,0.7659510242796093,SPX500_USD,Corto
2009-04-21 13:00:00-04:00,2009-04-21 15:00:00-04:00,9,-1.0879068284786109,-6.187840281050171,-1.0000000000000018,SPX500_USD,Corto
2009-05-14 15:00:00-04:00,2009-05-14 15:45:00-04:00,4,0.7955459725533951,4.5,0.8839399695037723,SPX500_USD,Corto
2009-05-18 10:00:00-04:00,2009-05-18 10:45:00-04:00,4,-1.1118183150931833,-4.971539385863366,-1.00000000000001,SPX500_USD,Corto
2009-06-18 10:30:00-04:00,2009-06-18 15:45:00-04:00,22,0.20580871687969818,1.0,0.3087130753195473,SPX500_USD,Corto
2009-06-24 12:15:00-04:00,2009-06-24 14:30:00-04:00,10,1.129178541444594,4.7000000000000455,1.2493039181940178,SPX500_USD,Corto
2010-07-06 11:00:00-04:00,2010-07-06 12:45:00-04:00,8,1.4178940692908872,6.7999999999999545,1.522150986150512,SPX500_USD,Corto
2010-08-27 09:45:00-04:00,2010-08-27 10:00:00-04:00,2,0.6280296795234276,2.7999999999999545,0.7401778365811843,SPX500_USD,Corto
2010-08-31 10:30:00-04:00,2010-08-31 14:30:00-04:00,17,0.4444365680865224,2.5,0.5333238817038268,SPX500_USD,Corto
2011-08-19 10:45:00-04:00,2011-08-19 13:45:00-04:00,13,0.9361599158406445,12.299999999999955,0.9742151969723781,SPX500_USD,Corto
2011-08-22 09:45:00-04:00,2011-08-22 10:00:00-04:00,2,0.41719255756381124,3.0,0.48672465049111313,SPX500_USD,Corto
2011-09-06 14:45:00-04:00,2011-09-06 15:45:00-04:00,5,-0.62933148664682,-5.300000000000182,-0.5699605916801409,SPX500_USD,Corto
2011-11-25 10:00:00-05:00,2011-11-25 12:45:00-05:00,12,0.8318273669535106,5.5,0.9074480366765569,SPX500_USD,Corto
2011-11-28 11:00:00-05:00,2011-11-28 14:00:00-05:00,13,0.48633956635200565,2.6000000000001364,0.5798664060350788,SPX500_USD,Corto
2016-01-12 10:00:00-05:00,2016-01-12 10:30:00-05:00,3,0.9959835121981071,8.700000000000045,1.0532239439336302,SPX500_USD,Corto
2018-12-07 10:00:00-05:00,2018-12-07 10:30:00-05:00,3,1.775122493664776,20.300000000000182,1.818844722572775,SPX500_USD,Corto
2018-12-11 10:00:00-05:00,2018-12-11 11:00:00-05:00,5,0.7244770981659148,7.099999999999909,0.7754966121212615,SPX500_USD,Corto
2018-12-19 11:15:00-05:00,2018-12-19 12:00:00-05:00,4,-1.0531527867846817,-9.906844499527324,-1.000000000000003,SPX500_USD,Corto
2018-12-19 14:15:00-05:00,2018-12-19 14:30:00-05:00,2,-0.8707652432354083,-16.699999999999818,-0.8446944275696772,SPX500_USD,Corto
2018-12-26 12:30:00-05:00,2018-12-26 14:00:00-05:00,7,-1.021707788583482,-23.53320755483719,-0.9999999999999943,SPX500_USD,Corto
2020-03-24 11:00:00-04:00,2020-03-24 12:15:00-04:00,6,-1.0137014394122512,-36.9925162208242,-1.0000000000000058,SPX500_USD,Corto
2020-03-24 13:00:00-04:00,2020-03-24 14:15:00-04:00,6,1.0512534487736114,40.59999999999991,1.0641999198176213,SPX500_USD,Corto
2005-12-27 10:45:00-05:00,2005-12-27 11:00:00-05:00,2,-1.183891010348807,-1.931401118689837,-1.0000000000000249,US2000_USD,Largo
2005-12-27 11:15:00-05:00,2005-12-27 11:15:00-05:00,1,-1.1652628742254068,-2.1152897400947266,-0.9999999999999746,US2000_USD,Largo
2006-01-11 11:15:00-05:00,2006-01-11 11:45:00-05:00,3,-1.1548380926416435,-2.2375077210127072,-1.000000000000029,US2000_USD,Largo
2006-01-11 13:00:00-05:00,2006-01-11 13:15:00-05:00,2,-1.1207975911079762,-2.783493232343335,-1.000000000000013,US2000_USD,Largo
2006-01-12 14:45:00-05:00,2006-01-12 15:45:00-05:00,5,-0.07443242697589346,-0.19800000000002455,0.038343977533022044,US2000_USD,Largo
2006-01-17 12:45:00-05:00,2006-01-17 15:00:00-05:00,10,0.40303859341319,0.9000000000000454,0.5373847912175799,US2000_USD,Largo
2006-01-20 12:30:00-05:00,2006-01-20 13:00:00-05:00,3,-1.1139327697643249,-2.9331318076491923,-1.0000000000000056,US2000_USD,Largo
2006-01-23 10:30:00-05:00,2006-01-23 11:15:00-05:00,4,1.0524160868673407,1.5940000000000054,1.250486868586413,US2000_USD,Largo
2006-01-31 11:00:00-05:00,2006-01-31 12:00:00-05:00,5,0.7479963861637847,1.0980000000000245,0.9523669834762896,US2000_USD,Largo
2006-02-17 10:45:00-05:00,2006-02-17 12:00:00-05:00,6,0.9569993300283833,1.6990000000000236,1.1259809657014328,US2000_USD,Largo
2006-02-21 10:45:00-05:00,2006-02-21 11:45:00-05:00,5,-1.1404065698751171,-2.43665215428864,-0.9999999999999785,US2000_USD,Largo
2006-02-23 10:15:00-05:00,2006-02-23 11:00:00-05:00,4,1.3426071531448323,1.897999999999979,1.5548211394164098,US2000_USD,Largo
2006-03-02 10:15:00-05:00,2006-03-02 11:00:00-05:00,4,1.70263615052628,2.8979999999999793,1.8788924808085048,US2000_USD,Largo
2006-03-02 13:00:00-05:00,2006-03-02 15:15:00-05:00,10,1.1432587647917871,3.401000000000022,1.2441048775343728,US2000_USD,Largo
2006-03-03 09:45:00-05:00,2006-03-03 10:30:00-05:00,4,1.6000948152142582,2.8990000000000693,1.7656789630460161,US2000_USD,Largo
2006-03-20 11:45:00-05:00,2006-03-20 13:00:00-05:00,6,1.0351377997582711,2.485000000000082,1.1601041337331086,US2000_USD,Largo
2006-03-21 10:30:00-05:00,2006-03-21 11:30:00-05:00,5,1.3011302829501332,2.5840000000000147,1.452190300320504,US2000_USD,Largo
2006-03-27 10:45:00-05:00,2006-03-27 11:00:00-05:00,2,-1.1619208982476892,-2.152756520292473,-1.0000000000000093,US2000_USD,Largo
2006-03-27 11:45:00-05:00,2006-03-27 13:00:00-05:00,6,0.37559386519046056,0.8960000000000263,0.5013507396961914,US2000_USD,Largo
2006-03-30 11:30:00-05:00,2006-03-30 15:30:00-05:00,17,0.23843192953085837,0.704000000000019,0.3400364449559373,US2000_USD,Largo
2006-04-03 10:15:00-04:00,2006-04-03 10:30:00-04:00,2,1.156760601338347,2.1869999999999665,1.3154383244300294,US2000_USD,Largo
2006-04-03 15:00:00-04:00,2006-04-03 15:45:00-04:00,4,-0.7305242574001024,-2.28599999999999,-0.6346549322819783,US2000_USD,Largo
2006-04-05 11:30:00-04:00,2006-04-05 12:30:00-04:00,5,0.6704383583445936,1.7910000000000081,0.7827395908981264,US2000_USD,Largo
2006-04-07 10:45:00-04:00,2006-04-07 11:15:00-04:00,3,-1.0902301820019036,-3.624829822394463,-1.0000000000000024,US2000_USD,Largo
2006-04-20 10:15:00-04:00,2006-04-20 10:30:00-04:00,2,-1.1632548170515784,-2.1376180587991938,-0.9999999999999715,US2000_USD,Largo
2006-04-20 12:15:00-04:00,2006-04-20 15:15:00-04:00,13,0.9198591490489981,3.2930000000000748,1.0036604684278907,US2000_USD,Largo
2006-04-25 10:45:00-04:00,2006-04-25 11:45:00-04:00,5,-1.1249505164887554,-2.700950459672117,-0.9999999999999799,US2000_USD,Largo
2006-05-03 10:30:00-04:00,2006-05-03 11:15:00-04:00,4,1.3121624385327109,2.7919999999999847,1.4531541045641634,US2000_USD,Largo
2006-05-10 10:15:00-04:00,2006-05-10 10:45:00-04:00,3,-1.1988431953362975,-1.8087265093108045,-0.999999999999966,US2000_USD,Largo
2006-05-10 14:45:00-04:00,2006-05-10 15:45:00-04:00,5,-0.09918979833424411,-0.29699999999995724,0.0010019171549057876,US2000_USD,Largo
2006-06-02 12:15:00-04:00,2006-06-02 13:30:00-04:00,6,0.9329526398174601,4.098000000000025,1.0012507832887232,US2000_USD,Largo
2006-06-05 12:00:00-04:00,2006-06-05 12:00:00-04:00,1,-1.1163651613352212,-2.8780912135361403,-1.000000000000017,US2000_USD,Largo
2006-06-30 10:30:00-04:00,2006-06-30 11:15:00-04:00,4,1.0619846200981333,3.276000000000022,1.1592359589349581,US2000_USD,Largo
2006-07-05 12:00:00-04:00,2006-07-05 14:45:00-04:00,12,1.0335994557853052,3.28400000000006,1.1280208433418173,US2000_USD,Largo
2006-09-14 11:00:00-04:00,2006-09-14 15:45:00-04:00,20,0.274164215795605,0.8040000000000418,0.3764642963163478,US2000_USD,Largo
2006-09-21 11:00:00-04:00,2006-09-21 11:15:00-04:00,2,0.883398093211586,2.4830000000000156,0.9901316526008225,US2000_USD,Largo
2006-09-21 13:45:00-04:00,2006-09-21 15:45:00-04:00,9,-0.4163698062779119,-1.7850000000000137,-0.3463916875757424,US2000_USD,Largo
2006-09-28 11:30:00-04:00,2006-09-28 12:00:00-04:00,3,-1.1075238878376459,-3.090077684439666,-1.000000000000003,US2000_USD,Largo
2006-09-28 13:15:00-04:00,2006-09-28 14:00:00-04:00,4,0.6987953054384236,2.0870000000000575,0.7992450378924347,US2000_USD,Largo
2006-10-06 10:45:00-04:00,2006-10-06 12:15:00-04:00,7,-1.0970695770804508,-3.3905666741640514,-1.0000000000000118,US2000_USD,Largo
2006-10-10 10:15:00-04:00,2006-10-10 10:15:00-04:00,1,-1.159861261614416,-2.1766272514702676,-1.0000000000000142,US2000_USD,Largo
2006-10-11 10:00:00-04:00,2006-10-11 10:15:00-04:00,2,0.3947591277394546,0.6959999999999809,0.5649139241788793,US2000_USD,Largo
2006-10-17 12:15:00-04:00,2006-10-17 13:15:00-04:00,5,0.7352734182720377,1.8929999999999836,0.8517985241788593,US2000_USD,Largo
2006-10-20 10:45:00-04:00,2006-10-20 15:45:00-04:00,21,-0.42679502250810647,-1.283000000000061,-0.3269988364189203,US2000_USD,Largo
2006-10-26 11:30:00-04:00,2006-10-26 13:00:00-04:00,7,1.0325577120321583,3.290000000000032,1.1267119106977037,US2000_USD,Largo
2006-10-27 15:00:00-04:00,2006-10-27 15:45:00-04:00,4,-0.583672545606694,-2.189999999999986,-0.5037174023728999,US2000_USD,Largo
2006-10-31 10:45:00-05:00,2006-10-31 11:00:00-05:00,2,0.08674414672499794,0.19900000000002366,0.21751421716467778,US2000_USD,Largo
2006-11-09 10:30:00-05:00,2006-11-09 13:15:00-05:00,12,-1.1095419324636293,-3.038677264978946,-1.0000000000000002,US2000_USD,Largo
2006-11-17 10:45:00-05:00,2006-11-17 11:00:00-05:00,2,-1.1398579126519062,-2.445034158680232,-1.0000000000000224,US2000_USD,Largo
2006-11-17 11:30:00-05:00,2006-11-17 12:45:00-05:00,6,0.7804703939496134,2.0980000000000247,0.8920724521883556,US2000_USD,Largo
2006-11-21 10:15:00-05:00,2006-11-21 10:30:00-05:00,2,1.0670457380493403,1.6969999999999572,1.255680812542452,US2000_USD,Largo
2006-11-22 11:00:00-05:00,2006-11-22 15:00:00-05:00,17,0.44994794122643705,0.9079999999999699,0.5986091552880402,US2000_USD,Largo
2006-12-06 10:15:00-05:00,2006-12-06 10:45:00-05:00,3,1.112371008571816,2.4989999999999783,1.2459089447749163,US2000_USD,Largo
2006-12-11 10:00:00-05:00,2006-12-11 10:15:00-05:00,2,0.4990713511829883,0.8910000000000309,0.6671088431637866,US2000_USD,Largo
2006-12-12 10:45:00-05:00,2006-12-12 11:30:00-05:00,4,-1.1683175306934492,-2.0823455391965124,-1.0000000000000198,US2000_USD,Largo
2006-12-28 11:30:00-05:00,2006-12-28 14:00:00-05:00,11,0.1965046385062453,0.5019999999999072,0.3139376894064136,US2000_USD,Largo
2007-01-16 10:30:00-05:00,2007-01-16 10:45:00-05:00,2,-1.1382152357044388,-2.470527716940796,-0.9999999999999958,US2000_USD,Largo
2007-01-16 11:15:00-05:00,2007-01-16 12:45:00-05:00,7,-1.1171720642852554,-2.8603372427547127,-0.999999999999996,US2000_USD,Largo
2007-01-16 14:45:00-05:00,2007-01-16 15:45:00-05:00,5,-0.21212280948209358,-0.5949999999999591,-0.10517013243229116,US2000_USD,Largo
2007-01-25 10:00:00-05:00,2007-01-25 10:00:00-05:00,1,-1.1654448967383062,-2.113292557911268,-0.9999999999999852,US2000_USD,Largo
2007-01-25 11:00:00-05:00,2007-01-25 11:45:00-05:00,4,-1.1191951513137748,-2.816880902397588,-1.0000000000000109,US2000_USD,Largo
2007-01-25 12:45:00-05:00,2007-01-25 13:45:00-05:00,5,-1.1123822445087699,-2.969460832637469,-1.0000000000000164,US2000_USD,Largo
2007-01-31 10:15:00-05:00,2007-01-31 10:45:00-05:00,3,1.3213870597581074,2.8890000000000784,1.458602746129662,US2000_USD,Largo
2007-02-06 10:30:00-05:00,2007-02-06 10:45:00-05:00,2,-1.18090860707545,-1.9582958923281695,-1.000000000000015,US2000_USD,Largo
2007-02-06 11:15:00-05:00,2007-02-06 11:45:00-05:00,3,-1.1434730212810997,-2.3909854502350525,-1.0000000000000182,US2000_USD,Largo
2007-02-06 12:15:00-05:00,2007-02-06 13:15:00-05:00,5,0.7823321308704231,1.7960000000000036,0.9130112173187117,US2000_USD,Largo
2007-02-08 10:30:00-05:00,2007-02-08 11:00:00-05:00,3,-1.1558298082575242,-2.2251772389028472,-0.9999999999999913,US2000_USD,Largo
2007-02-08 11:15:00-05:00,2007-02-08 12:30:00-05:00,6,0.692942828153506,1.5980000000000245,0.8230322201723099,US2000_USD,Largo
2007-02-09 10:45:00-05:00,2007-02-09 11:15:00-05:00,3,-1.1933611851182826,-1.8515006272665915,-1.0000000000000147,US2000_USD,Largo
2007-02-09 11:45:00-05:00,2007-02-09 12:30:00-05:00,4,-1.1674645834656654,-2.091423558292422,-1.0000000000000098,US2000_USD,Largo
2007-02-20 10:30:00-05:00,2007-02-20 11:00:00-05:00,3,1.020694869291024,1.6980000000000472,1.2010296518512706,US2000_USD,Largo
2007-02-21 09:45:00-05:00,2007-02-21 09:45:00-05:00,1,-1.1778548490566239,-1.9867687419895674,-0.9999999999999929,US2000_USD,Largo
2007-02-23 11:30:00-05:00,2007-02-23 13:15:00-05:00,8,0.6858200946773665,1.6020000000000436,0.8142508240176938,US2000_USD,Largo
2007-02-26 11:00:00-05:00,2007-02-26 12:15:00-05:00,6,-1.146542443119662,-2.347188470544597,-1.000000000000004,US2000_USD,Largo
2007-02-26 14:00:00-05:00,2007-02-26 15:30:00-05:00,7,0.673657008541571,1.8019999999999754,0.7858085637926664,US2000_USD,Largo
2007-03-26 10:45:00-04:00,2007-03-26 14:15:00-04:00,15,0.7381741722345111,2.0940000000000056,0.8439297843024923,US2000_USD,Largo
2007-03-27 10:45:00-04:00,2007-03-27 11:15:00-04:00,3,-1.136550937889383,-2.4969823469323726,-1.0000000000000133,US2000_USD,Largo
2007-03-27 11:45:00-04:00,2007-03-27 15:45:00-04:00,17,0.2685343052901969,0.7049999999999954,0.38280422243496226,US2000_USD,Largo
2007-04-02 11:00:00-04:00,2007-04-02 13:00:00-04:00,9,-1.120343599665554,-2.7928621117676355,-0.9999999999999971,US2000_USD,Largo
2007-04-04 10:30:00-04:00,2007-04-04 12:30:00-04:00,9,0.44646071808194343,0.8990000000000691,0.5954464971971523,US2000_USD,Largo
2007-04-09 11:00:00-04:00,2007-04-09 12:45:00-04:00,8,1.1507291765193213,1.8929999999999836,1.3330951315937003,US2000_USD,Largo
2007-04-26 10:15:00-04:00,2007-04-26 11:15:00-04:00,5,0.9108017024873271,2.0930000000000293,1.0413513970626707,US2000_USD,Largo
2007-04-27 10:30:00-04:00,2007-04-27 10:30:00-04:00,1,-1.1352080108626597,-2.5188034428280615,-1.0000000000000013,US2000_USD,Largo
2007-04-30 10:00:00-04:00,2007-04-30 10:00:00-04:00,1,-1.1553354139734868,-2.231304602897853,-1.0000000000000173,US2000_USD,Largo
2007-04-30 10:30:00-04:00,2007-04-30 14:15:00-04:00,16,-1.1257333166116592,-2.6860024382129266,-1.0000000000000062,US2000_USD,Largo
2007-05-10 11:45:00-04:00,2007-05-10 11:45:00-04:00,1,-1.0868312866184218,-3.7549758696808793,-0.9999999999999978,US2000_USD,Largo
2007-05-23 15:00:00-04:00,2007-05-23 15:45:00-04:00,4,-1.0810364809572768,-4.002036372460043,-1.000000000000001,US2000_USD,Largo
2007-05-30 10:00:00-04:00,2007-05-30 10:15:00-04:00,2,0.2237886581227701,0.49999999999995454,0.35806185299644433,US2000_USD,Largo
2007-06-05 10:15:00-04:00,2007-06-05 10:15:00-04:00,1,-1.1205005756023387,-2.78961466366768,-0.9999999999999922,US2000_USD,Largo
2007-06-05 12:45:00-04:00,2007-06-05 15:30:00-04:00,12,0.5458294175610668,1.9070000000001073,0.6316966568207999,US2000_USD,Largo
2007-06-18 10:45:00-04:00,2007-06-18 12:45:00-04:00,9,0.9422991692083182,2.6800000000000184,1.0477804194928309,US2000_USD,Largo
2007-06-19 10:30:00-04:00,2007-06-19 10:45:00-04:00,2,0.2532408796679175,0.5930000000000291,0.38135599585741414,US2000_USD,Largo
2007-06-20 10:30:00-04:00,2007-06-20 11:30:00-04:00,5,-1.1428999198949505,-2.3993713657823035,-1.0000000000000184,US2000_USD,Largo
2007-06-20 13:45:00-04:00,2007-06-20 15:15:00-04:00,7,-1.0918288293833982,-3.5669478856956855,-1.0000000000000007,US2000_USD,Largo
2007-07-05 13:15:00-04:00,2007-07-05 14:45:00-04:00,7,0.662064511064493,1.9880000000000109,0.7619736425128566,US2000_USD,Largo
2007-07-06 10:15:00-04:00,2007-07-06 10:30:00-04:00,2,0.817044404240237,1.8849999999999454,0.947077996427016,US2000_USD,Largo
2007-07-09 11:15:00-04:00,2007-07-09 13:30:00-04:00,10,0.6767474151042432,1.494999999999959,0.8125495719813526,US2000_USD,Largo
2007-09-28 11:00:00-04:00,2007-09-28 13:30:00-04:00,11,0.5504914165970464,1.5949999999999818,0.6540321219131064,US2000_USD,Largo
2007-10-03 10:15:00-04:00,2007-10-03 10:30:00-04:00,2,0.1929142527195337,0.4960000000000491,0.3095962604127885,US2000_USD,Largo
2007-10-04 10:15:00-04:00,2007-10-04 11:00:00-04:00,4,1.237835079080198,3.0840000000000147,1.3582470517533685,US2000_USD,Largo
2007-10-08 12:00:00-04:00,2007-10-08 15:30:00-04:00,15,0.2737942294809219,0.8030000000000654,0.37608348084364907,US2000_USD,Largo
2007-10-10 10:30:00-04:00,2007-10-10 11:30:00-04:00,5,0.1374915391501031,0.30000000000002275,0.27498307830019575,US2000_USD,Largo
2007-10-10 13:45:00-04:00,2007-10-10 14:45:00-04:00,5,1.0468532194907931,3.385999999999922,1.1396045384061049,US2000_USD,Largo
2007-10-11 14:45:00-04:00,2007-10-11 15:00:00-04:00,2,-1.053631930091237,-5.893682708969936,-1.0000000000000062,US2000_USD,Largo
2007-10-29 11:15:00-04:00,2007-10-29 12:30:00-04:00,6,-1.08669287897289,-3.760491836865003,-1.000000000000003,US2000_USD,Largo
2009-08-05 11:15:00-04:00,2009-08-05 13:00:00-04:00,8,-1.0785997017939184,-4.116808373987783,-0.9999999999999928,US2000_USD,Largo
2009-08-05 13:30:00-04:00,2009-08-05 14:45:00-04:00,6,0.18113049856380523,0.7009999999999763,0.25864711706472304,US2000_USD,Largo
2009-08-06 10:45:00-04:00,2009-08-06 14:00:00-04:00,14,-1.0804933160634216,-4.027017529798331,-0.9999999999999925,US2000_USD,Largo
2009-08-11 12:00:00-04:00,2009-08-11 15:30:00-04:00,15,0.5783707750158215,2.000999999999931,0.6650830351381365,US2000_USD,Largo
2009-08-13 10:30:00-04:00,2009-08-13 12:30:00-04:00,9,0.9150399802998731,3.7040000000000193,0.9891522897194088,US2000_USD,Largo
2009-08-24 13:45:00-04:00,2009-08-24 15:15:00-04:00,7,-1.0932695221655737,-3.5164847962603742,-1.0000000000000107,US2000_USD,Largo
2009-08-28 12:45:00-04:00,2009-08-28 15:30:00-04:00,12,0.8282853243382511,3.401000000000022,0.901347834570969,US2000_USD,Largo
2009-09-18 10:30:00-04:00,2009-09-18 12:45:00-04:00,10,1.2780550056351583,3.4160000000000084,1.3902963702986673,US2000_USD,Largo
2009-09-22 10:15:00-04:00,2009-09-22 10:30:00-04:00,2,-1.1449635117198045,-2.369486289624933,-1.000000000000008,US2000_USD,Largo
2009-09-23 10:15:00-04:00,2009-09-23 10:30:00-04:00,2,-1.1535399977428806,-2.2538882663164257,-1.0000000000000289,US2000_USD,Largo
2009-10-08 10:15:00-04:00,2009-10-08 10:45:00-04:00,3,0.5636878021679568,1.50600000000004,0.6759762089743196,US2000_USD,Largo
2009-10-12 15:15:00-04:00,2009-10-12 15:45:00-04:00,3,-0.04024902952473426,-0.09999999999995451,0.08049805904952344,US2000_USD,Largo
2009-10-13 10:45:00-04:00,2009-10-13 12:00:00-04:00,6,1.099879513120202,3.4119999999999893,1.1965863870756714,US2000_USD,Largo
2009-10-19 10:15:00-04:00,2009-10-19 11:00:00-04:00,4,1.2525288278464943,3.2109999999999674,1.3695511412547634,US2000_USD,Largo
2009-10-20 10:00:00-04:00,2009-10-20 11:30:00-04:00,7,-1.085244865630026,-3.819273539617188,-0.999999999999993,US2000_USD,Largo
2009-11-10 12:45:00-05:00,2009-11-10 14:45:00-05:00,9,0.6596466528693493,2.4029999999999747,0.7419995433648994,US2000_USD,Largo
2009-11-18 10:30:00-05:00,2009-11-18 15:30:00-05:00,21,0.12244383804189392,0.39499999999993635,0.21543915807372707,US2000_USD,Largo
2009-12-08 10:00:00-05:00,2009-12-08 11:15:00-05:00,6,1.0924353721300302,4.600999999999954,1.1636656724210566,US2000_USD,Largo
2009-12-14 10:45:00-05:00,2009-12-14 11:30:00-05:00,4,1.2082564131306022,3.318000000000052,1.3175020201044343,US2000_USD,Largo
2009-12-23 10:45:00-05:00,2009-12-23 11:30:00-05:00,4,1.3497110871597249,3.2149999999999865,1.4756561341730745,US2000_USD,Largo
2009-12-28 10:30:00-05:00,2009-12-28 14:00:00-05:00,15,-1.163046019728142,-2.139971319142023,-1.0000000000000213,US2000_USD,Largo
2009-12-28 15:00:00-05:00,2009-12-28 15:45:00-05:00,4,0.7614071725844387,1.3050000000000181,0.9364433042130429,US2000_USD,Largo
2010-01-05 10:15:00-05:00,2010-01-05 10:30:00-05:00,2,1.0840555033600978,2.209999999999991,1.2312123590198403,US2000_USD,Largo
2010-01-11 11:00:00-05:00,2010-01-11 15:30:00-05:00,19,-0.0017653952880843152,-0.005000000000040916,0.1041583219961078,US2000_USD,Largo
2010-01-21 10:45:00-05:00,2010-01-21 11:30:00-05:00,4,-1.0573059381391186,-5.5350595722163005,-1.000000000000005,US2000_USD,Largo
2010-02-16 10:00:00-05:00,2010-02-16 10:45:00-05:00,4,1.1195506688597319,2.9040000000000648,1.2352067296923461,US2000_USD,Largo
2010-02-23 13:00:00-05:00,2010-02-23 15:00:00-05:00,9,0.768074803259995,2.3009999999999993,0.8682149340631234,US2000_USD,Largo
2010-02-25 09:45:00-05:00,2010-02-25 13:45:00-05:00,17,0.36230172351206275,0.9950000000000727,0.4715384240684556,US2000_USD,Largo
2010-02-26 10:30:00-05:00,2010-02-26 12:15:00-05:00,8,-1.0973202429023987,-3.382606362798742,-1.0000000000000158,US2000_USD,Largo
2010-03-12 11:00:00-05:00,2010-03-12 11:30:00-05:00,3,0.8855040385736842,2.506999999999903,0.9914678246016522,US2000_USD,Largo
2010-03-15 12:30:00-04:00,2010-03-15 15:30:00-04:00,13,1.1852238523704197,3.0070000000000165,1.303470329161615,US2000_USD,Largo
2010-04-16 13:00:00-04:00,2010-04-16 15:30:00-04:00,11,0.6527834256759424,3.0029999999999974,0.7179965551140985,US2000_USD,Largo
2010-04-22 10:00:00-04:00,2010-04-22 10:30:00-04:00,3,1.1432282326621968,3.405000000000041,1.2439531870817724,US2000_USD,Largo
2010-04-27 12:45:00-04:00,2010-04-27 15:45:00-04:00,13,-1.0606680577263177,-5.2449415597478035,-1.0000000000000089,US2000_USD,Largo
2010-04-30 10:30:00-04:00,2010-04-30 12:15:00-04:00,8,-1.0950396415778192,-3.456577560894675,-1.0000000000000049,US2000_USD,Largo
2010-06-21 13:00:00-04:00,2010-06-21 15:00:00-04:00,9,-1.0756208005234236,-4.2671624463564966,-0.9999999999999863,US2000_USD,Largo
2010-07-14 10:30:00-04:00,2010-07-14 11:30:00-04:00,5,0.6497708406277699,2.205999999999972,0.7381349621999972,US2000_USD,Largo
2010-07-14 14:45:00-04:00,2010-07-14 15:45:00-04:00,5,0.7887055780202595,3.108999999999992,0.8648109731331828,US2000_USD,Largo
2010-07-15 11:45:00-04:00,2010-07-15 15:30:00-04:00,16,0.3490752987030458,1.7009999999999763,0.41064060711628225,US2000_USD,Largo
2010-07-27 14:00:00-04:00,2010-07-27 15:45:00-04:00,8,0.023599850488634427,0.09900000000000092,0.09511454893904112,US2000_USD,Largo
2010-07-28 10:45:00-04:00,2010-07-28 11:15:00-04:00,3,-1.0822305756749167,-3.9482779980279927,-0.9999999999999934,US2000_USD,Largo
2010-07-28 12:15:00-04:00,2010-07-28 14:15:00-04:00,9,-1.0768918057471988,-4.201586093403807,-0.9999999999999947,US2000_USD,Largo
2010-07-29 13:00:00-04:00,2010-07-29 13:45:00-04:00,4,1.0748930585397325,5.112000000000035,1.1379736370925333,US2000_USD,Largo
2010-08-03 10:30:00-04:00,2010-08-03 11:00:00-04:00,3,1.5751671392070905,5.512000000000012,1.6608982970013804,US2000_USD,Largo
2010-08-05 09:45:00-04:00,2010-08-05 11:00:00-04:00,6,-1.100900773639273,-3.2732180356958223,-0.9999999999999842,US2000_USD,Largo
2010-09-17 10:30:00-04:00,2010-09-17 11:15:00-04:00,4,1.1908837629511264,5.1169999999999165,1.2607030181563919,US2000_USD,Largo
2010-09-20 10:00:00-04:00,2010-09-20 10:15:00-04:00,2,2.170588694028989,6.219999999999982,2.2752794670528953,US2000_USD,Largo
2010-09-22 13:30:00-04:00,2010-09-22 15:45:00-04:00,10,0.6089542044600242,2.7069999999999483,0.6764408174404494,US2000_USD,Largo
2010-09-28 10:00:00-04:00,2010-09-28 10:00:00-04:00,1,-1.0771993225045429,-4.186044466029943,-1.0000000000000095,US2000_USD,Largo
2010-09-28 10:30:00-04:00,2010-09-28 11:00:00-04:00,3,0.42449491670719974,2.2069999999999483,0.4821969896624163,US2000_USD,Largo
2010-10-01 11:45:00-04:00,2010-10-01 13:15:00-04:00,7,0.06127642158243462,0.30000000000002275,0.12255284316486459,US2000_USD,Largo
2010-10-14 10:15:00-04:00,2010-10-14 11:00:00-04:00,4,1.1055811443566212,3.40799999999997,1.2029034281908317,US2000_USD,Largo
2010-10-15 11:00:00-04:00,2010-10-15 11:30:00-04:00,3,0.6298694823387525,3.207000000000062,0.6887908558035551,US2000_USD,Largo
2010-10-19 10:15:00-04:00,2010-10-19 10:30:00-04:00,2,0.5253956217411122,2.3050000000000184,0.5937768306445103,US2000_USD,Largo
2010-10-26 10:15:00-04:00,2010-10-26 10:30:00-04:00,2,0.4014782464772615,1.202999999999929,0.5015975099379311,US2000_USD,Largo
2010-11-09 12:15:00-05:00,2010-11-09 13:30:00-05:00,6,-1.1032834026869485,-3.204629322770688,-1.0000000000000135,US2000_USD,Largo
2010-11-10 10:45:00-05:00,2010-11-10 11:30:00-05:00,4,0.4801197137783036,1.9019999999999981,0.5558483752575314,US2000_USD,Largo
2010-11-11 10:00:00-05:00,2010-11-11 10:30:00-05:00,3,0.7253646851367708,2.302999999999952,0.819854222931402,US2000_USD,Largo
2010-11-22 09:45:00-05:00,2010-11-22 10:00:00-05:00,2,1.366704247858244,3.5029999999999974,1.4837500013145597,US2000_USD,Largo
2010-12-09 11:15:00-05:00,2010-12-09 13:15:00-05:00,9,0.8133250989541309,2.3979999999999793,0.9150755283478929,US2000_USD,Largo
2010-12-28 10:30:00-05:00,2010-12-28 13:30:00-05:00,13,0.29068902641983385,0.5999999999999772,0.43603353962975633,US2000_USD,Largo
2011-02-03 10:30:00-05:00,2011-02-03 11:00:00-05:00,3,0.858901986188542,3.602000000000044,0.9304374098022453,US2000_USD,Largo
2011-02-28 13:45:00-05:00,2011-02-28 15:45:00-05:00,9,1.1312452624729743,4.300000000000023,1.2101693505524838,US2000_USD,Largo
2011-03-01 10:00:00-05:00,2011-03-01 10:00:00-05:00,1,-1.1019032634278947,-3.2439685237580305,-0.999999999999983,US2000_USD,Largo
2011-03-01 10:45:00-05:00,2011-03-01 11:45:00-05:00,5,-1.0726182020566783,-4.431195643839874,-1.0000000000000075,US2000_USD,Largo
2011-03-04 10:00:00-05:00,2011-03-04 10:15:00-05:00,2,-1.0799943153250002,-4.050266488076704,-0.9999999999999973,US2000_USD,Largo
2011-03-04 14:30:00-05:00,2011-03-04 15:45:00-05:00,6,1.5947513176985777,6.600999999999954,1.6672290324856671,US2000_USD,Largo
2011-03-09 10:00:00-05:00,2011-03-09 10:30:00-05:00,3,1.0890989934543513,3.9000000000000457,1.1728758391046852,US2000_USD,Largo
2011-03-22 14:00:00-04:00,2011-03-22 15:30:00-04:00,7,0.174733145571489,0.5000000000000682,0.2795730329143681,US2000_USD,Largo
2011-03-23 10:00:00-04:00,2011-03-23 10:45:00-04:00,4,-1.0793505290203051,-4.080693130896225,-1.000000000000012,US2000_USD,Largo
2011-03-25 10:00:00-04:00,2011-03-25 10:30:00-04:00,3,0.9439317750292807,2.4019999999999984,1.0618250025516722,US2000_USD,Largo
2011-04-08 10:45:00-04:00,2011-04-08 11:00:00-04:00,2,-1.1070536898817487,-3.1023321786611175,-1.0000000000000104,US2000_USD,Largo
2011-04-08 11:45:00-04:00,2011-04-08 14:00:00-04:00,10,-1.0949160989823412,-3.460686155631538,-1.000000000000011,US2000_USD,Largo
2011-04-25 10:00:00-04:00,2011-04-25 10:00:00-04:00,1,-1.161969755866873,-2.1521976426671925,-1.0000000000000013,US2000_USD,Largo
2011-04-25 11:30:00-04:00,2011-04-25 14:00:00-04:00,11,0.8772677582373526,2.4999999999999547,0.9825398892258368,US2000_USD,Largo
2011-05-02 10:30:00-04:00,2011-05-02 11:15:00-04:00,4,-1.1078350558066827,-3.082026658731297,-0.9999999999999898,US2000_USD,Largo
2011-05-02 13:30:00-04:00,2011-05-02 15:30:00-04:00,9,-1.0852906980435346,-3.817382397865731,-1.0000000000000027,US2000_USD,Largo
2011-05-13 10:30:00-04:00,2011-05-13 11:15:00-04:00,4,-1.0719700928912663,-4.468398121332075,-1.000000000000011,US2000_USD,Largo
2011-05-31 11:15:00-04:00,2011-05-31 12:30:00-04:00,6,-1.1044148870404737,-3.1731535176948453,-1.0000000000000149,US2000_USD,Largo
2011-06-29 10:30:00-04:00,2011-06-29 11:00:00-04:00,3,0.5029204670747778,2.21400000000001,0.5710668718274574,US2000_USD,Largo
2011-07-08 09:45:00-04:00,2011-07-08 10:15:00-04:00,3,-1.0699956979956085,-4.5859776899255165,-0.9999999999999873,US2000_USD,Largo
2011-07-08 11:30:00-04:00,2011-07-08 15:30:00-04:00,17,1.1408215796843855,5.319000000000028,1.2051657184144688,US2000_USD,Largo
2011-07-22 10:15:00-04:00,2011-07-22 10:15:00-04:00,1,-1.0920446487934539,-3.5592877905719886,-0.9999999999999974,US2000_USD,Largo
2011-07-22 10:45:00-04:00,2011-07-22 11:45:00-04:00,5,0.8318903348341025,3.113000000000011,0.9120596571759688,US2000_USD,Largo
2012-01-23 12:30:00-05:00,2012-01-23 15:15:00-05:00,12,0.9769986298274326,3.8050000000000184,1.0540287451883337,US2000_USD,Largo
2012-01-30 10:30:00-05:00,2012-01-30 11:15:00-05:00,4,1.4243791561945578,5.108999999999992,1.508018566423246,US2000_USD,Largo
2012-01-31 10:30:00-05:00,2012-01-31 10:45:00-05:00,2,-1.0839747779529694,-3.8725012594610915,-0.9999999999999867,US2000_USD,Largo
2012-01-31 11:45:00-05:00,2012-01-31 13:30:00-05:00,8,0.6771778185372397,2.9040000000000648,0.7471342047497629,US2000_USD,Largo
2012-02-08 12:00:00-05:00,2012-02-08 14:45:00-05:00,12,1.3454663221623988,5.1039999999999965,1.424549374013637,US2000_USD,Largo
2012-02-09 11:00:00-05:00,2012-02-09 13:30:00-05:00,11,0.44658179758435856,1.9999999999999545,0.5135690672220139,US2000_USD,Largo
2012-02-13 11:00:00-05:00,2012-02-13 11:15:00-05:00,2,0.45507536601194515,1.5019999999999072,0.5459692473725257,US2000_USD,Largo
2012-02-14 10:30:00-05:00,2012-02-14 15:45:00-05:00,22,0.7704166289699306,2.695999999999981,0.8561454823419561,US2000_USD,Largo
2012-02-15 10:00:00-05:00,2012-02-15 10:15:00-05:00,2,-1.0822995605981727,-3.9452199479500676,-0.999999999999996,US2000_USD,Largo
2012-02-15 10:45:00-05:00,2012-02-15 11:45:00-05:00,5,0.7571092837647381,3.203000000000043,0.8280217986349905,US2000_USD,Largo
2012-02-20 09:45:00-05:00,2012-02-20 11:15:00-05:00,7,0.08418270366760361,0.19900000000002366,0.2110913021614633,US2000_USD,Largo
2012-02-21 10:15:00-05:00,2012-02-21 10:45:00-05:00,3,0.6868127509118512,2.10199999999993,0.7848355031828133,US2000_USD,Largo
2012-02-24 10:00:00-05:00,2012-02-24 10:15:00-05:00,2,-1.1216432475837832,-2.766228138091651,-0.9999999999999911,US2000_USD,Largo
2012-02-28 10:00:00-05:00,2012-02-28 10:45:00-05:00,4,0.6662910160331745,2.0999999999999774,0.7614754468950576,US2000_USD,Largo
2012-03-12 11:45:00-04:00,2012-03-12 13:45:00-04:00,9,0.6752572250024825,2.512000000000012,0.7559010018737977,US2000_USD,Largo
2012-03-14 12:00:00-04:00,2012-03-14 14:15:00-04:00,10,-1.0960292211929556,-3.4240490787404267,-1.000000000000004,US2000_USD,Largo
2012-03-14 15:00:00-04:00,2012-03-14 15:45:00-04:00,4,0.11174888377905894,0.4019999999999982,0.19514357316641673,US2000_USD,Largo
2012-03-15 10:00:00-04:00,2012-03-15 10:30:00-04:00,3,0.20833892495877787,0.60300000000002,0.31199013140592763,US2000_USD,Largo
2012-03-21 10:30:00-04:00,2012-03-21 11:45:00-04:00,6,0.870767849102474,2.9140000000000557,0.960414504809659,US2000_USD,Largo
2012-04-03 14:45:00-04:00,2012-04-03 15:45:00-04:00,5,0.5288237709684965,2.1080000000000156,0.6040833209165742,US2000_USD,Largo
2012-04-27 10:30:00-04:00,2012-04-27 10:45:00-04:00,2,0.58531869456047,2.40799999999997,0.6582404588329547,US2000_USD,Largo
2012-04-30 10:45:00-04:00,2012-04-30 14:45:00-04:00,17,-1.0892426964021171,-3.661619629333404,-0.9999999999999996,US2000_USD,Largo
2012-05-03 10:45:00-04:00,2012-05-03 11:45:00-04:00,5,-1.0781751758603186,-4.137535339044621,-1.0000000000000002,US2000_USD,Largo
2012-06-21 12:00:00-04:00,2012-06-21 12:15:00-04:00,2,-1.0641090192837228,-4.97952876758693,-0.9999999999999932,US2000_USD,Largo
2012-07-06 13:00:00-04:00,2012-07-06 14:15:00-04:00,6,-1.0942095201046147,-3.4843915526458202,-0.9999999999999861,US2000_USD,Largo
2012-07-06 15:15:00-04:00,2012-07-06 15:45:00-04:00,3,0.44868572361947356,1.3050000000000181,0.5518318669802706,US2000_USD,Largo
2012-07-10 11:30:00-04:00,2012-07-10 13:45:00-04:00,10,-1.076329990996968,-4.230303096877878,-1.0000000000000102,US2000_USD,Largo
2012-07-19 10:30:00-04:00,2012-07-19 12:30:00-04:00,9,0.9912666111292222,3.3079999999999474,1.0811638249559365,US2000_USD,Largo
2012-07-30 12:00:00-04:00,2012-07-30 15:45:00-04:00,16,0.38722948743722657,1.4980000000000018,0.4647787839867378,US2000_USD,Largo
2012-08-14 10:45:00-04:00,2012-08-14 15:30:00-04:00,20,-1.0960539686623558,-3.4232441946729066,-0.9999999999999989,US2000_USD,Largo
2012-08-16 10:30:00-04:00,2012-08-16 10:45:00-04:00,2,0.8988130826913021,2.4040000000000648,1.0109777768707462,US2000_USD,Largo
2012-08-20 11:00:00-04:00,2012-08-20 12:15:00-04:00,6,0.6089277490897915,1.6009999999999536,0.7230303878948776,US2000_USD,Largo
2012-09-18 13:00:00-04:00,2012-09-18 15:15:00-04:00,10,0.30977790931242993,0.800999999999999,0.42579959819348995,US2000_USD,Largo
2012-10-18 10:45:00-04:00,2012-10-18 11:45:00-04:00,5,1.0216101491993665,2.6059999999999492,1.139216843274507,US2000_USD,Largo
2012-11-02 11:15:00-04:00,2012-11-02 14:30:00-04:00,14,-1.0826202388803388,-3.931071563886962,-0.9999999999999862,US2000_USD,Largo
2012-11-28 10:30:00-05:00,2012-11-28 11:15:00-05:00,4,0.8838046082567831,2.8019999999999756,0.978430369312114,US2000_USD,Largo
2012-11-30 10:30:00-05:00,2012-11-30 11:00:00-05:00,3,-1.1343252955532928,-2.5333842539809437,-1.000000000000024,US2000_USD,Largo
2012-11-30 12:45:00-05:00,2012-11-30 15:45:00-05:00,13,0.27074170859945235,0.6959999999999809,0.3874407209268057,US2000_USD,Largo
2012-12-03 12:00:00-05:00,2012-12-03 13:30:00-05:00,7,-1.0889589765920995,-3.6723409541412364,-1.0000000000000078,US2000_USD,Largo
2012-12-03 14:00:00-05:00,2012-12-03 15:45:00-05:00,8,0.47007676783939584,1.2979999999999563,0.5787231702676112,US2000_USD,Largo
2012-12-05 11:15:00-05:00,2012-12-05 12:15:00-05:00,5,0.959944822094372,3.7009999999999765,1.0377571556875398,US2000_USD,Largo
2012-12-12 10:30:00-05:00,2012-12-12 12:00:00-05:00,7,-1.145690520103602,-2.359159372803492,-0.9999999999999778,US2000_USD,Largo
2012-12-24 10:15:00-05:00,2012-12-24 13:00:00-05:00,12,-0.04161513159730581,-0.10299999999999726,0.0795939895598988,US2000_USD,Largo
2012-12-26 11:45:00-05:00,2012-12-26 15:00:00-05:00,14,0.7047462372008333,2.4040000000000648,0.7926929390145788,US2000_USD,Largo
2013-01-08 11:45:00-05:00,2013-01-08 14:00:00-05:00,10,0.5592265430419776,1.300999999999999,0.6881796275251393,US2000_USD,Largo
2013-01-10 12:00:00-05:00,2013-01-10 14:45:00-05:00,12,0.6555682630001582,1.800999999999999,0.7647689731056816,US2000_USD,Largo
2013-01-14 09:45:00-05:00,2013-01-14 09:45:00-05:00,1,-1.1707856972448882,-2.0565873772783787,-1.000000000000028,US2000_USD,Largo
2013-01-25 10:45:00-05:00,2013-01-25 11:30:00-05:00,4,1.001230510634758,2.403999999999951,1.126176081845421,US2000_USD,Largo
2013-01-28 10:30:00-05:00,2013-01-28 11:45:00-05:00,6,1.0280213501336581,2.4030000000000884,1.1563635910991539,US2000_USD,Largo
2013-01-30 11:30:00-05:00,2013-01-30 14:30:00-05:00,13,-1.1146325690519634,-2.917057285560463,-0.9999999999999841,US2000_USD,Largo
2013-02-11 10:45:00-05:00,2013-02-11 15:15:00-05:00,19,0.6293991928561888,1.1950000000000045,0.7874073584267796,US2000_USD,Largo
2013-02-20 12:30:00-05:00,2013-02-20 14:00:00-05:00,7,-1.1332469730616472,-2.5514582741118828,-1.0000000000000036,US2000_USD,Largo
2013-02-20 14:15:00-05:00,2013-02-20 14:45:00-05:00,3,-1.1098264331578858,-3.0315828382471635,-0.9999999999999933,US2000_USD,Largo
2013-03-15 10:15:00-04:00,2013-03-15 11:30:00-04:00,6,1.384698815393148,2.6080000000000156,1.5439816545871443,US2000_USD,Largo
2013-03-19 12:30:00-04:00,2013-03-19 13:15:00-04:00,4,-1.0746015700051736,-4.321363088996054,-0.9999999999999909,US2000_USD,Largo
2013-03-25 11:45:00-04:00,2013-03-25 13:00:00-04:00,6,-1.0901586499789977,-3.6274677479076898,-1.0000000000000036,US2000_USD,Largo
2013-05-01 09:45:00-04:00,2013-05-01 09:45:00-04:00,1,-1.192806673124502,-1.8559627430852743,-0.9999999999999709,US2000_USD,Largo
2013-05-09 10:45:00-04:00,2013-05-09 11:15:00-04:00,3,0.562146031374828,1.7020000000000663,0.6612317008298467,US2000_USD,Largo
2013-05-22 14:00:00-04:00,2013-05-22 14:00:00-04:00,1,-1.0599238668697106,-5.306352488104767,-1.0000000000000064,US2000_USD,Largo
2013-05-28 14:30:00-04:00,2013-05-28 15:45:00-04:00,6,1.1319727374613562,4.725999999999954,1.2038288147441345,US2000_USD,Largo
2013-06-14 13:45:00-04:00,2013-06-14 15:45:00-04:00,9,0.31169094773476724,1.4290000000000418,0.3771264161185513,US2000_USD,Largo
2013-06-19 11:15:00-04:00,2013-06-19 12:00:00-04:00,4,-1.1021936753050336,-3.2356024147729157,-0.9999999999999926,US2000_USD,Largo
2013-06-19 12:15:00-04:00,2013-06-19 14:00:00-04:00,8,-1.1009804158783911,-3.2708730885133717,-1.0000000000000002,US2000_USD,Largo
2013-06-28 10:15:00-04:00,2013-06-28 11:15:00-04:00,5,1.4290960220958535,4.786999999999989,1.5186570846880316,US2000_USD,Largo
2013-07-02 15:00:00-04:00,2013-07-02 15:45:00-04:00,4,0.9323385595483641,4.0870000000000575,1.0007754491653216,US2000_USD,Largo
2013-07-05 11:00:00-04:00,2013-07-05 13:15:00-04:00,10,0.5047057079656063,2.6820000000000848,0.5611604851429655,US2000_USD,Largo
2013-07-16 12:00:00-04:00,2013-07-16 15:45:00-04:00,16,-0.226652709943953,-0.6050000000000637,-0.11426293641803772,US2000_USD,Largo
2013-07-23 11:30:00-04:00,2013-07-23 14:45:00-04:00,14,0.5416711057233626,1.3480000000001382,0.6622210550683123,US2000_USD,Largo
2013-07-24 11:30:00-04:00,2013-07-24 12:00:00-04:00,3,-1.0935197946183284,-3.5078770192385944,-1.000000000000014,US2000_USD,Largo
2013-07-24 14:15:00-04:00,2013-07-24 15:45:00-04:00,7,-0.6484605839454521,-2.1309999999999034,-0.5571709663088288,US2000_USD,Largo
2013-08-05 10:00:00-04:00,2013-08-05 10:15:00-04:00,2,-0.29171869367282327,-0.5029999999999746,-0.11773140122381454,US2000_USD,Largo
2013-09-12 12:45:00-04:00,2013-09-12 15:45:00-04:00,13,-0.7383395206482388,-2.280000000000018,-0.6411895837208398,US2000_USD,Largo
2013-09-16 10:30:00-04:00,2013-09-16 10:30:00-04:00,1,-1.1133748868611997,-2.9460886383708837,-1.0000000000000016,US2000_USD,Largo
2013-09-16 12:00:00-04:00,2013-09-16 13:30:00-04:00,7,-1.090061648337706,-3.631051624493966,-0.9999999999999779,US2000_USD,Largo
2013-09-16 14:00:00-04:00,2013-09-16 15:30:00-04:00,7,-1.0880816947881569,-3.70592901534751,-0.9999999999999911,US2000_USD,Largo
2013-09-18 13:15:00-04:00,2013-09-18 14:15:00-04:00,5,5.262151823200421,13.598999999999887,5.378237237345589,US2000_USD,Largo
2013-09-19 10:45:00-04:00,2013-09-19 10:45:00-04:00,1,-1.1000834930989316,-3.2974972966158473,-0.9999999999999752,US2000_USD,Largo
2013-09-19 11:15:00-04:00,2013-09-19 15:15:00-04:00,17,0.3552763075999287,1.1459999999999126,0.4482805766051527,US2000_USD,Largo
2013-09-23 11:45:00-04:00,2013-09-23 13:30:00-04:00,8,0.7568066632853705,2.809000000000151,0.8376332916177304,US2000_USD,Largo
2013-10-15 10:00:00-04:00,2013-10-15 10:45:00-04:00,4,-1.0889606894517507,-3.6722760226899025,-1.0000000000000275,US2000_USD,Largo
2013-10-28 12:00:00-04:00,2013-10-28 12:30:00-04:00,3,0.718570928190124,2.3059999999999947,0.81205370288962,US2000_USD,Largo
2013-11-14 10:45:00-05:00,2013-11-14 14:00:00-05:00,14,0.1989678960457888,0.7470000000000254,0.2788746816063438,US2000_USD,Largo
2013-11-15 10:15:00-05:00,2013-11-15 11:15:00-05:00,5,0.635480423985381,1.6510000000000218,0.7509523362783015,US2000_USD,Largo
2013-11-25 10:45:00-05:00,2013-11-25 12:00:00-05:00,6,0.43669695378379275,0.9989999999999781,0.5678371801452949,US2000_USD,Largo
2013-12-02 11:00:00-05:00,2013-12-02 11:30:00-05:00,3,-1.1004711863456573,-3.2859307022404662,-1.0000000000000064,US2000_USD,Largo
2013-12-02 15:00:00-05:00,2013-12-02 15:45:00-05:00,4,-0.24175001017493963,-0.978000000000111,-0.1675935653360095,US2000_USD,Largo
2013-12-19 10:30:00-05:00,2013-12-19 12:00:00-05:00,7,-1.0890115251385806,-3.670350070205859,-0.9999999999999851,US2000_USD,Largo
2013-12-19 12:45:00-05:00,2013-12-19 15:45:00-05:00,13,-1.083152464284829,-3.9078305385201473,-1.0000000000000029,US2000_USD,Largo
2013-12-27 11:15:00-05:00,2013-12-27 14:30:00-05:00,14,0.15567824574453293,0.39699999999988905,0.27331923749106424,US2000_USD,Largo
2014-01-09 11:45:00-05:00,2014-01-09 12:45:00-05:00,5,1.2856649447119215,5.086999999999944,1.361485562642643,US2000_USD,Largo
2014-01-10 10:30:00-05:00,2014-01-10 11:30:00-05:00,5,-1.06882494491743,-4.658884709024096,-1.0000000000000024,US2000_USD,Largo
2014-01-21 11:45:00-05:00,2014-01-21 13:15:00-05:00,7,1.1076589198056708,3.931999999999971,1.1921700276240084,US2000_USD,Largo
2014-01-23 11:30:00-05:00,2014-01-23 13:30:00-05:00,9,-1.084042929507403,-3.869604269608817,-1.000000000000015,US2000_USD,Largo
2014-02-13 09:45:00-05:00,2014-02-13 10:00:00-05:00,2,0.8874451029913961,3.1829999999999474,0.9710874312657987,US2000_USD,Largo
2014-03-06 14:15:00-05:00,2014-03-06 15:00:00-05:00,4,0.669038976997775,2.176999999999862,0.761235436850483,US2000_USD,Largo
2014-03-10 11:15:00-04:00,2014-03-10 11:30:00-04:00,2,0.9245053880935334,4.0919999999998256,0.9922843754904229,US2000_USD,Largo
2014-03-11 13:45:00-04:00,2014-03-11 14:30:00-04:00,4,-1.0575484565191042,-5.512998195710497,-1.0000000000000027,US2000_USD,Largo
2014-03-13 10:30:00-04:00,2014-03-13 10:30:00-04:00,1,-1.0867000952386803,-3.760203811472638,-0.9999999999999793,US2000_USD,Largo
2014-03-21 10:45:00-04:00,2014-03-21 11:00:00-04:00,2,0.613299117134499,2.3559999999999492,0.6913932322195387,US2000_USD,Largo
2014-03-21 14:45:00-04:00,2014-03-21 15:30:00-04:00,4,-1.0556838181855575,-5.687561589262532,-0.9999999999999979,US2000_USD,Largo
2014-04-02 10:15:00-04:00,2014-04-02 10:45:00-04:00,3,0.7234928537004273,2.6059999999999492,0.8067805958762263,US2000_USD,Largo
2014-04-03 11:00:00-04:00,2014-04-03 11:30:00-04:00,3,-1.0740631544772887,-4.350597116977769,-0.9999999999999966,US2000_USD,Largo
2014-04-03 11:45:00-04:00,2014-04-03 12:30:00-04:00,4,-1.069159652204508,-4.637789309766776,-0.999999999999979,US2000_USD,Largo
2014-04-03 13:15:00-04:00,2014-04-03 14:30:00-04:00,6,-1.0624442370589773,-5.104286418245056,-1.0000000000000233,US2000_USD,Largo
2014-04-23 10:30:00-04:00,2014-04-23 10:45:00-04:00,2,0.6671435653310194,2.4309999999999947,0.7494730879963037,US2000_USD,Largo
2014-05-28 10:30:00-04:00,2014-05-28 14:00:00-04:00,15,0.6184920352538329,2.4970000000000256,0.6928002493411969,US2000_USD,Largo
2014-05-30 11:00:00-04:00,2014-05-30 12:30:00-04:00,7,-1.094583673351967,-3.4717947650831773,-1.0000000000000304,US2000_USD,Largo
2014-05-30 13:15:00-04:00,2014-05-30 15:30:00-04:00,10,0.5555263708740841,2.17199999999998,0.6322565325970245,US2000_USD,Largo
2014-06-12 10:15:00-04:00,2014-06-12 10:30:00-04:00,2,-1.0903446496580116,-3.620617226760987,-1.000000000000022,US2000_USD,Largo
2014-06-12 11:00:00-04:00,2014-06-12 12:30:00-04:00,7,0.8891391120049486,3.6269999999999074,0.9626824628738461,US2000_USD,Largo
2014-06-19 10:45:00-04:00,2014-06-19 10:45:00-04:00,1,-1.1009182349743303,-3.2727035958999293,-1.00000000000002,US2000_USD,Largo
2014-06-19 11:15:00-04:00,2014-06-19 13:00:00-04:00,8,-1.0882857818592893,-3.6980556515666647,-0.9999999999999837,US2000_USD,Largo
2014-06-19 13:30:00-04:00,2014-06-19 15:30:00-04:00,9,1.1882747316931632,4.244000000000097,1.2722715317657223,US2000_USD,Largo
2014-06-23 11:45:00-04:00,2014-06-23 15:45:00-04:00,17,0.21662994686725748,0.8189999999999145,0.2959815757563711,US2000_USD,Largo
2014-08-12 14:45:00-04:00,2014-08-12 15:45:00-04:00,5,0.7682740233622619,3.380000000000064,0.8364640254358342,US2000_USD,Largo
2014-08-21 10:30:00-04:00,2014-08-21 11:15:00-04:00,4,1.222098240016923,5.054000000000042,1.2946406761081524,US2000_USD,Largo
2014-08-27 10:15:00-04:00,2014-08-27 14:45:00-04:00,19,-1.1229982153166904,-2.7390597800747853,-0.99999999999997,US2000_USD,Largo
2014-08-28 10:00:00-04:00,2014-08-28 10:30:00-04:00,3,-1.0815809578327222,-3.97732872927354,-0.9999999999999806,US2000_USD,Largo
2014-08-29 10:30:00-04:00,2014-08-29 11:00:00-04:00,3,1.723438242719407,4.45200000000018,1.839572895193756,US2000_USD,Largo
2014-09-03 12:15:00-04:00,2014-09-03 14:45:00-04:00,11,-1.0753323497757226,-4.28235287885177,-1.000000000000004,US2000_USD,Largo
2014-11-11 10:00:00-05:00,2014-11-11 11:00:00-05:00,5,1.3667082435517097,3.278999999999951,1.4917501688537893,US2000_USD,Largo
2014-11-13 12:30:00-05:00,2014-11-13 13:15:00-05:00,4,-1.075927768074345,-4.251123648284692,-1.0000000000000049,US2000_USD,Largo
2014-11-13 15:15:00-05:00,2014-11-13 15:45:00-05:00,3,0.005398351422498004,0.022999999999865406,0.07581163084679707,US2000_USD,Largo
2014-11-21 14:45:00-05:00,2014-11-21 15:45:00-05:00,5,0.23611038477437585,1.1739999999999327,0.29644523607958606,US2000_USD,Largo
2014-11-28 10:00:00-05:00,2014-11-28 11:45:00-05:00,8,-1.0990469654249169,-3.328866141560911,-0.9999999999999655,US2000_USD,Largo
2014-12-10 11:00:00-05:00,2014-12-10 12:15:00-05:00,6,-1.0593531566132377,-5.354491068686275,-0.9999999999999902,US2000_USD,Largo
2014-12-19 10:00:00-05:00,2014-12-19 10:45:00-05:00,4,-1.0647079661194228,-4.936214333277394,-1.0000000000000193,US2000_USD,Largo
2014-12-24 10:00:00-05:00,2014-12-24 10:15:00-05:00,2,-0.25598890360019483,-0.5540000000001328,-0.11736675363622365,US2000_USD,Largo
2015-01-27 09:45:00-05:00,2015-01-27 10:30:00-05:00,4,-1.0652910040093198,-4.894813704461558,-1.0000000000000158,US2000_USD,Largo
2015-01-28 10:30:00-05:00,2015-01-28 10:30:00-05:00,1,-1.0550336754495608,-5.751207784129337,-0.9999999999999815,US2000_USD,Largo
2015-02-10 10:45:00-05:00,2015-02-10 12:15:00-05:00,7,1.1580551219190913,6.307999999999947,1.2131306667154975,US2000_USD,Largo
2015-02-18 10:45:00-05:00,2015-02-18 11:00:00-05:00,2,-0.030676423185151715,-0.09900000000020553,0.062282434951478664,US2000_USD,Largo
2015-02-20 10:45:00-05:00,2015-02-20 12:00:00-05:00,6,0.3713255703999015,1.9010000000000218,0.4299250817728469,US2000_USD,Largo
2015-02-23 10:15:00-05:00,2015-02-23 11:30:00-05:00,6,0.9813119019758283,3.252000000000135,1.071838830202377,US2000_USD,Largo
2015-03-03 10:15:00-05:00,2015-03-03 11:30:00-05:00,6,-1.09744723850575,-3.3785890354629826,-0.9999999999999848,US2000_USD,Largo
2015-03-03 12:00:00-05:00,2015-03-03 14:15:00-05:00,10,0.6709811090854723,2.572000000000071,0.7492448465371193,US2000_USD,Largo
2015-03-05 10:00:00-05:00,2015-03-05 10:15:00-05:00,2,0.8119964371409101,2.7750000000000457,0.8997798357507367,US2000_USD,Largo
2015-03-13 10:45:00-04:00,2015-03-13 10:45:00-04:00,1,-1.0765616038611592,-4.218413210673407,-0.9999999999999787,US2000_USD,Largo
2015-03-13 11:15:00-04:00,2015-03-13 11:15:00-04:00,1,-1.0656020222617832,-4.873029758182883,-1.0000000000000226,US2000_USD,Largo
2015-04-14 10:45:00-04:00,2015-04-14 11:15:00-04:00,3,1.3119084207227572,5.215999999999849,1.3873632762091141,US2000_USD,Largo
2015-05-15 10:00:00-04:00,2015-05-15 14:45:00-04:00,20,0.44248055741251874,1.5050000000000636,0.5306826618801267,US2000_USD,Largo
2015-05-19 10:45:00-04:00,2015-05-19 11:00:00-04:00,2,-1.0920367334774317,-3.559568094880933,-1.000000000000027,US2000_USD,Largo
2015-05-19 11:30:00-04:00,2015-05-19 13:45:00-04:00,10,0.7615425560755974,2.648999999999842,0.8477874661634391,US2000_USD,Largo
2015-05-20 10:15:00-04:00,2015-05-20 12:30:00-04:00,10,0.8321880482737231,2.949000000000024,0.9168460389424633,US2000_USD,Largo
2015-05-22 12:00:00-04:00,2015-05-22 15:30:00-04:00,15,0.6177513943343547,2.469999999999982,0.6927819280591756,US2000_USD,Largo
2015-06-12 10:00:00-04:00,2015-06-12 11:30:00-04:00,7,0.8455877015130823,2.9719999999999347,0.9309431222580117,US2000_USD,Largo
2015-06-19 10:30:00-04:00,2015-06-19 11:00:00-04:00,3,0.6447634365338641,1.7579999999999927,0.7547913267273567,US2000_USD,Largo
2015-06-24 11:45:00-04:00,2015-06-24 12:45:00-04:00,5,-1.1106237610826908,-3.011894777974521,-1.0000000000000167,US2000_USD,Largo
2015-06-25 14:45:00-04:00,2015-06-25 15:45:00-04:00,5,0.656914625191936,2.6600000000000366,0.7310027408150856,US2000_USD,Largo
2015-07-17 10:00:00-04:00,2015-07-17 10:00:00-04:00,1,-1.1299962200030917,-2.6077594101812336,-1.000000000000048,US2000_USD,Largo
2015-07-17 10:30:00-04:00,2015-07-17 11:45:00-04:00,6,-1.0962464946865302,-3.4169966342888527,-1.0000000000000042,US2000_USD,Largo
2015-07-17 12:15:00-04:00,2015-07-17 15:45:00-04:00,15,0.042602672774515085,0.14299999999998364,0.13197890936441709,US2000_USD,Largo
2016-06-07 10:30:00-04:00,2016-06-07 10:45:00-04:00,2,0.7188195801874538,1.6259999999999308,0.8514431189674325,US2000_USD,Largo
2016-06-09 10:45:00-04:00,2016-06-09 12:15:00-04:00,7,-1.0901868513147381,-3.626427252161011,-0.9999999999999829,US2000_USD,Largo
2016-07-19 13:45:00-04:00,2016-07-19 15:45:00-04:00,9,0.4465297518616915,1.4999999999999545,0.5358357022340325,US2000_USD,Largo
2016-07-20 10:00:00-04:00,2016-07-20 10:15:00-04:00,2,1.2574093976816456,3.6339999999999693,1.3612131454264165,US2000_USD,Largo
2016-07-21 14:30:00-04:00,2016-07-21 15:45:00-04:00,6,0.2545763260644654,0.92400000000016,0.3372309773840827,US2000_USD,Largo
2016-08-01 10:00:00-04:00,2016-08-01 11:00:00-04:00,5,1.4024158126807917,4.693999999999915,1.4920461373088798,US2000_USD,Largo
2016-08-10 10:30:00-04:00,2016-08-10 11:00:00-04:00,3,-1.102864167713089,-3.216467480073379,-1.000000000000012,US2000_USD,Largo
2016-08-12 09:45:00-04:00,2016-08-12 10:00:00-04:00,2,-0.20565329675715,-0.42599999999997634,-0.06082703143520532,US2000_USD,Largo
2016-08-16 10:00:00-04:00,2016-08-16 10:30:00-04:00,3,-1.1175802649767488,-2.8514485790558863,-0.999999999999979,US2000_USD,Largo
2016-08-16 11:30:00-04:00,2016-08-16 12:30:00-04:00,5,-1.1002298095837364,-3.293121519895112,-1.0000000000000215,US2000_USD,Largo
2016-08-16 12:45:00-04:00,2016-08-16 15:45:00-04:00,13,-0.6587805289500772,-2.312000000000171,-0.5732986264046582,US2000_USD,Largo
2016-08-30 14:45:00-04:00,2016-08-30 15:30:00-04:00,4,0.7130695751234118,2.199000000000024,0.8103505539942719,US2000_USD,Largo
2016-08-31 10:00:00-04:00,2016-08-31 10:15:00-04:00,2,-1.14269411912372,-2.4023991867514267,-0.9999999999999669,US2000_USD,Largo
2016-09-01 09:45:00-04:00,2016-09-01 09:45:00-04:00,1,-1.1294143529289002,-2.6181354556916174,-0.9999999999999512,US2000_USD,Largo
2016-09-05 11:15:00-04:00,2016-09-05 12:45:00-04:00,7,0.7015216569989234,1.0460000000000036,0.9027228970559753,US2000_USD,Largo
2016-09-06 10:45:00-04:00,2016-09-06 12:15:00-04:00,7,0.880960822644658,2.623000000000002,0.9817188275220492,US2000_USD,Largo
2016-09-08 10:30:00-04:00,2016-09-08 13:00:00-04:00,11,0.788992437634811,2.3949999999999365,0.8878223880692366,US2000_USD,Largo
2016-09-23 13:30:00-04:00,2016-09-23 15:45:00-04:00,10,-0.9051571792283086,-3.1150000000000544,-0.8179831330747009,US2000_USD,Largo
2016-09-27 10:00:00-04:00,2016-09-27 10:45:00-04:00,4,-1.0802179147661737,-4.039812994073418,-1.0000000000000024,US2000_USD,Largo
2016-11-28 11:30:00-05:00,2016-11-28 13:30:00-05:00,9,0.9005192183378845,3.699000000000024,0.9735540292330895,US2000_USD,Largo
2016-12-06 10:45:00-05:00,2016-12-06 12:15:00-05:00,7,0.7925681461132487,3.072000000000071,0.8699673791321189,US2000_USD,Largo
2016-12-12 12:45:00-05:00,2016-12-12 15:45:00-05:00,13,-0.13127474186032767,-0.7580000000000837,-0.07931903927709028,US2000_USD,Largo
2016-12-13 11:00:00-05:00,2016-12-13 12:45:00-05:00,8,0.3950262633889651,2.10300000000002,0.45137808412918784,US2000_USD,Largo
2016-12-14 10:30:00-05:00,2016-12-14 11:30:00-05:00,5,-1.0620945386693457,-5.131342762646727,-1.000000000000006,US2000_USD,Largo
2016-12-14 14:45:00-05:00,2016-12-14 15:00:00-05:00,2,-1.0366350238045534,-8.488885084407958,-1.0000000000000044,US2000_USD,Largo
2017-01-26 10:00:00-05:00,2017-01-26 10:00:00-05:00,1,-1.0934619314990544,-3.509863044646454,-1.0000000000000264,US2000_USD,Largo
2017-01-26 11:15:00-05:00,2017-01-26 13:15:00-05:00,9,-1.0680346867296129,-4.709515416634349,-1.0000000000000246,US2000_USD,Largo
2017-01-27 10:45:00-05:00,2017-01-27 10:45:00-05:00,1,-1.0767938316888568,-4.206563761729785,-1.0000000000000153,US2000_USD,Largo
2017-02-06 10:00:00-05:00,2017-02-06 12:30:00-05:00,11,-1.0807855256939416,-4.013536520594971,-0.9999999999999789,US2000_USD,Largo
2017-02-06 14:00:00-05:00,2017-02-06 15:45:00-05:00,8,0.11141598006150048,0.5229999999998654,0.17532572005855354,US2000_USD,Largo
2017-02-15 09:45:00-05:00,2017-02-15 10:00:00-05:00,2,1.2451948464162943,4.35300000000002,1.331011169394674,US2000_USD,Largo
2017-02-16 11:30:00-05:00,2017-02-16 15:30:00-05:00,17,0.48144123758204665,2.423999999999933,0.5410255491639848,US2000_USD,Largo
2017-02-28 11:00:00-05:00,2017-02-28 11:45:00-05:00,4,-1.0767350943293719,-4.209554065475959,-1.0000000000000182,US2000_USD,Largo
2017-03-02 10:30:00-05:00,2017-03-02 11:00:00-05:00,3,-1.0863102994175948,-3.7758308339123685,-0.9999999999999695,US2000_USD,Largo
2017-03-02 12:00:00-05:00,2017-03-02 15:00:00-05:00,13,-1.0662311236427866,-4.829592486124784,-0.9999999999999933,US2000_USD,Largo
2017-04-03 10:30:00-04:00,2017-04-03 10:45:00-04:00,2,-1.0653538876731399,-4.890392563948853,-0.9999999999999857,US2000_USD,Largo
2017-04-21 11:30:00-04:00,2017-04-21 14:00:00-04:00,11,0.38555806896605893,1.825,0.44893747756321933,US2000_USD,Largo
2017-04-28 15:15:00-04:00,2017-04-28 15:45:00-04:00,3,-1.0781721149871868,-4.137685599900169,-1.0000000000000162,US2000_USD,Largo
2017-05-01 10:45:00-04:00,2017-05-01 11:15:00-04:00,3,-0.04379037558611614,-0.17599999999997634,0.03085231007204641,US2000_USD,Largo
2017-05-02 10:30:00-04:00,2017-05-02 11:00:00-04:00,3,-1.0807488070679496,-4.015225164225103,-1.000000000000001,US2000_USD,Largo
2017-06-05 12:00:00-04:00,2017-06-05 15:45:00-04:00,16,-0.7977086286469551,-3.4039999999998143,-0.7274052829965146,US2000_USD,Largo
2017-06-14 10:00:00-04:00,2017-06-14 10:45:00-04:00,4,-1.0709644351844259,-4.527469706767806,-1.0000000000000107,US2000_USD,Largo
2017-06-14 11:30:00-04:00,2017-06-14 12:00:00-04:00,3,-1.0530328251725014,-5.956873813984475,-0.9999999999999899,US2000_USD,Largo
2017-06-26 11:30:00-04:00,2017-06-26 12:15:00-04:00,4,0.676495188245063,3.1759999999998856,0.740395867235468,US2000_USD,Largo
2017-06-29 10:00:00-04:00,2017-06-29 10:00:00-04:00,1,-1.0812569253060171,-3.9919930069971086,-0.9999999999999754,US2000_USD,Largo
2017-06-29 10:30:00-04:00,2017-06-29 11:30:00-04:00,5,-1.0619699606651336,-5.141055194808859,-1.0000000000000089,US2000_USD,Largo
2017-07-04 11:30:00-04:00,2017-07-04 11:30:00-04:00,1,-1.1073929622278413,-3.093479142176238,-0.9999999999999984,US2000_USD,Largo
2017-07-13 11:30:00-04:00,2017-07-13 14:00:00-04:00,11,0.55228220806647,1.9999999999999545,0.6351245392764424,US2000_USD,Largo
2017-07-18 11:00:00-04:00,2017-07-18 12:30:00-04:00,7,0.4574020588759584,2.0520000000000893,0.5242737049104523,US2000_USD,Largo
2017-07-26 10:00:00-04:00,2017-07-26 10:45:00-04:00,4,-1.1193710367683725,-2.8131724421737543,-0.9999999999999942,US2000_USD,Largo
2017-07-26 13:45:00-04:00,2017-07-26 14:45:00-04:00,5,-1.1062940789731928,-3.1223585254995667,-1.0000000000000369,US2000_USD,Largo
2017-07-27 10:15:00-04:00,2017-07-27 10:30:00-04:00,2,0.819808660666237,2.9740000000001148,0.9025062390791024,US2000_USD,Largo
2017-09-05 11:45:00-04:00,2017-09-05 12:00:00-04:00,2,-1.0736621509296178,-4.3726478417204815,-0.9999999999999991,US2000_USD,Largo
2017-09-05 14:00:00-04:00,2017-09-05 15:45:00-04:00,8,0.20292847806883446,1.1239999999999781,0.2570908832473501,US2000_USD,Largo
2017-09-07 10:45:00-04:00,2017-09-07 11:00:00-04:00,2,0.5645499508237619,2.4989999999999783,0.63232305416395,US2000_USD,Largo
2017-09-19 10:30:00-04:00,2017-09-19 11:00:00-04:00,3,-1.1249717663987495,-2.700542207610897,-0.9999999999999584,US2000_USD,Largo
2017-09-19 11:30:00-04:00,2017-09-19 14:45:00-04:00,14,0.357150208216323,1.075,0.4568200337650643,US2000_USD,Largo
2017-09-28 10:30:00-04:00,2017-09-28 12:00:00-04:00,7,0.9232273560079272,3.026000000000022,1.0147568361144625,US2000_USD,Largo
2017-10-03 11:00:00-04:00,2017-10-03 11:00:00-04:00,1,-1.1123738990559942,-2.9696590802691842,-1.0000000000000295,US2000_USD,Largo
2017-10-03 11:45:00-04:00,2017-10-03 14:30:00-04:00,12,0.7834688240236021,2.4749999999998638,0.8784347420870742,US2000_USD,Largo
2017-10-04 14:15:00-04:00,2017-10-04 15:45:00-04:00,7,0.39169710088314996,1.4999999999999545,0.47003652105978233,US2000_USD,Largo
2017-10-06 09:45:00-04:00,2017-10-06 10:30:00-04:00,4,0.5577970680373523,1.549999999999909,0.6657577908832978,US2000_USD,Largo
2017-10-09 11:30:00-04:00,2017-10-09 13:00:00-04:00,7,-1.092128251197009,-3.5563301278610195,-0.9999999999999911,US2000_USD,Largo
2017-10-13 10:00:00-04:00,2017-10-13 10:30:00-04:00,3,1.8959912333992486,4.951999999999953,2.0108533840494465,US2000_USD,Largo
2017-10-23 10:00:00-04:00,2017-10-23 10:00:00-04:00,1,-1.1022447404303022,-3.2341362571542502,-0.9999999999999613,US2000_USD,Largo
2017-10-23 10:45:00-04:00,2017-10-23 11:30:00-04:00,4,-1.0859679165167035,-3.789673963909581,-0.9999999999999717,US2000_USD,Largo
2017-11-24 11:45:00-05:00,2017-11-24 13:00:00-05:00,6,0.4268976580892637,1.4239999999999327,0.5168339624620061,US2000_USD,Largo
2017-12-04 14:45:00-05:00,2017-12-04 15:45:00-05:00,5,-1.0433642085030541,-7.218147715734903,-1.0000000000000078,US2000_USD,Largo
2017-12-19 13:00:00-05:00,2017-12-19 14:45:00-05:00,8,-1.0691222275860153,-4.640137904652465,-1.000000000000017,US2000_USD,Largo
2017-12-22 10:45:00-05:00,2017-12-22 14:00:00-05:00,14,0.5171189532030969,1.7249999999998635,0.607052684194947,US2000_USD,Largo
2017-12-27 13:45:00-05:00,2017-12-27 15:45:00-05:00,9,0.17251156124987063,0.6259999999999308,0.2551848334143545,US2000_USD,Largo
2017-12-29 10:30:00-05:00,2017-12-29 14:00:00-05:00,15,-1.1030997374708886,-3.2098037236494745,-1.0000000000000233,US2000_USD,Largo
2017-12-29 14:30:00-05:00,2017-12-29 15:00:00-05:00,3,-1.0926267892264452,-3.538803833160318,-0.999999999999984,US2000_USD,Largo
2018-01-05 13:00:00-05:00,2018-01-05 15:30:00-05:00,11,1.2001129418083536,4.521999999999889,1.2797312263157652,US2000_USD,Largo
2018-01-17 10:15:00-05:00,2018-01-17 12:00:00-05:00,8,0.6509455263920698,2.3990000000000693,0.7323476347362196,US2000_USD,Largo
2018-01-24 11:30:00-05:00,2018-01-24 11:30:00-05:00,1,-1.0529358437922203,-5.9672375182592985,-0.9999999999999973,US2000_USD,Largo
2018-01-24 13:30:00-05:00,2018-01-24 15:45:00-05:00,10,0.08000749620606384,0.577999999999929,0.12153387831994292,US2000_USD,Largo
2018-01-25 10:30:00-05:00,2018-01-25 12:15:00-05:00,8,0.7780884778515187,4.347999999999911,0.8317744353849732,US2000_USD,Largo
2018-01-26 10:00:00-05:00,2018-01-26 11:45:00-05:00,8,-1.0781658785535855,-4.137991788120689,-0.9999999999999759,US2000_USD,Largo
2018-02-15 11:15:00-05:00,2018-02-15 13:00:00-05:00,8,0.5574453601314183,4.400000000000046,0.5954529983221964,US2000_USD,Largo
2018-02-16 09:45:00-05:00,2018-02-16 10:30:00-05:00,4,0.7959607535573638,3.94799999999982,0.8564440934933365,US2000_USD,Largo
2018-02-19 11:45:00-05:00,2018-02-19 12:45:00-05:00,5,0.11312076761274865,0.4019999999999982,0.19753925090584507,US2000_USD,Largo
2018-02-23 10:45:00-05:00,2018-02-23 12:00:00-05:00,6,0.3654130789205226,1.9510000000002037,0.42160166102003327,US2000_USD,Largo
2018-02-26 10:45:00-05:00,2018-02-26 12:15:00-05:00,7,1.0690199369633258,5.424999999999909,1.128136246841483,US2000_USD,Largo
2018-02-27 12:15:00-05:00,2018-02-27 15:15:00-05:00,13,-1.0366270532100073,-8.490667108270873,-1.000000000000011,US2000_USD,Largo
2018-03-06 11:15:00-05:00,2018-03-06 12:00:00-05:00,4,0.6657041993830431,4.7009999999999765,0.7081869179141884,US2000_USD,Largo
2018-03-08 10:45:00-05:00,2018-03-08 12:00:00-05:00,6,-1.053108653472342,-5.948796954649015,-1.0000000000000127,US2000_USD,Largo
2018-03-13 12:45:00-04:00,2018-03-13 13:15:00-04:00,3,0.51968200634195,3.4749999999998638,0.5645466399829835,US2000_USD,Largo
2018-03-14 12:00:00-04:00,2018-03-14 14:00:00-04:00,9,0.9572708485662269,6.486999999999807,1.0015411205825482,US2000_USD,Largo
2018-04-13 11:30:00-04:00,2018-04-13 13:30:00-04:00,9,0.632370428015778,3.8469999999999347,0.6816844723112645,US2000_USD,Largo
2018-04-19 11:30:00-04:00,2018-04-19 13:00:00-04:00,7,-1.0522553112917996,-6.041043208502788,-0.9999999999999976,US2000_USD,Largo
2018-04-19 13:45:00-04:00,2018-04-19 15:30:00-04:00,8,0.6004637744276888,3.472000000000162,0.6523471650752402,US2000_USD,Largo
2018-04-20 10:30:00-04:00,2018-04-20 10:45:00-04:00,2,-0.2929401066746918,-1.5960000000000492,-0.2378761768486236,US2000_USD,Largo
2018-05-09 11:30:00-04:00,2018-05-09 12:30:00-04:00,5,0.6647976814858949,3.398000000000093,0.7234908258195509,US2000_USD,Largo
2018-05-14 13:30:00-04:00,2018-05-14 15:45:00-04:00,10,-0.26109162448337764,-1.1460000000000037,-0.19274303168668214,US2000_USD,Largo
2018-05-15 10:15:00-04:00,2018-05-15 10:45:00-04:00,3,0.46644661527142955,2.398999999999842,0.5247767464016664,US2000_USD,Largo
2018-05-22 10:45:00-04:00,2018-05-22 14:30:00-04:00,16,-1.093307801765889,-3.5151652307991297,-0.9999999999999954,US2000_USD,Largo
2018-05-24 10:15:00-04:00,2018-05-24 10:15:00-04:00,1,-1.0753167041176357,-4.283180139314299,-0.9999999999999949,US2000_USD,Largo
2018-05-25 10:00:00-04:00,2018-05-25 11:45:00-04:00,8,0.46717837226758735,1.8510000000000673,0.542896098729106,US2000_USD,Largo
2018-05-31 11:30:00-04:00,2018-05-31 12:00:00-04:00,3,-1.0598741559505056,-5.310509045806657,-1.0000000000000089,US2000_USD,Largo
2018-05-31 13:30:00-04:00,2018-05-31 14:00:00-04:00,3,-1.0535172026978454,-5.905674154789767,-0.9999999999999928,US2000_USD,Largo
2018-05-31 15:00:00-04:00,2018-05-31 15:45:00-04:00,4,-0.4644481806062607,-2.698000000000138,-0.41280457268117876,US2000_USD,Largo
2018-06-04 11:30:00-04:00,2018-06-04 13:30:00-04:00,9,0.634726547272786,2.9019999999999984,0.7003426617393043,US2000_USD,Largo
2018-06-07 11:00:00-04:00,2018-06-07 11:00:00-04:00,1,-1.0752324099165051,-4.287643096013698,-1.0000000000000056,US2000_USD,Largo
2018-06-07 12:15:00-04:00,2018-06-07 13:30:00-04:00,6,-1.0666380633858286,-4.801931550187919,-1.0000000000000175,US2000_USD,Largo
2018-06-07 14:15:00-04:00,2018-06-07 15:30:00-04:00,6,1.17854658137551,6.2260000000000675,1.2353348843650136,US2000_USD,Largo
2018-06-13 13:15:00-04:00,2018-06-13 14:00:00-04:00,4,-1.0819188660929404,-3.9621600652961204,-0.9999999999999765,US2000_USD,Largo
2018-06-13 14:45:00-04:00,2018-06-13 15:45:00-04:00,5,-0.48828263193698146,-2.2909999999999853,-0.4243433959784064,US2000_USD,Largo
2018-06-21 11:00:00-04:00,2018-06-21 15:15:00-04:00,18,-1.0452910901610843,-6.923819363432631,-0.9999999999999948,US2000_USD,Largo
2018-07-05 11:00:00-04:00,2018-07-05 11:30:00-04:00,3,0.7676628140610948,3.7640000000000784,0.8288474166695762,US2000_USD,Largo
2018-07-09 10:30:00-04:00,2018-07-09 11:15:00-04:00,4,0.9782253385728372,2.9940000000000966,1.0762439095721164,US2000_USD,Largo
2018-07-10 11:45:00-04:00,2018-07-10 12:30:00-04:00,4,-1.066006433470075,-4.845011512189376,-1.0000000000000109,US2000_USD,Largo
2018-07-10 14:30:00-04:00,2018-07-10 15:45:00-04:00,6,0.5092272701133812,2.398000000000093,0.5729337676254781,US2000_USD,Largo
2018-07-12 10:00:00-04:00,2018-07-12 12:30:00-04:00,11,0.8523851357786141,4.121000000000049,0.914436953476644,US2000_USD,Largo
2018-07-24 11:30:00-04:00,2018-07-24 11:45:00-04:00,2,-1.052684768145368,-5.994245425398321,-0.9999999999999888,US2000_USD,Largo
2018-08-08 10:15:00-04:00,2018-08-08 10:15:00-04:00,1,-1.102230109825618,-3.234556174416002,-0.9999999999999979,US2000_USD,Largo
2018-08-08 11:00:00-04:00,2018-08-08 11:45:00-04:00,4,0.7484910439411333,3.5719999999998437,0.8113542335218583,US2000_USD,Largo
2018-08-17 10:30:00-04:00,2018-08-17 11:30:00-04:00,5,0.6456990824374348,2.850000000000091,0.713667406904531,US2000_USD,Largo
2018-08-20 11:15:00-04:00,2018-08-20 11:30:00-04:00,2,0.6325962261259749,2.6980000000000475,0.7029367998241918,US2000_USD,Largo
2018-08-23 12:00:00-04:00,2018-08-23 12:30:00-04:00,3,1.0626298935267853,5.243999999999869,1.123421077366992,US2000_USD,Largo
2018-08-28 12:15:00-04:00,2018-08-28 14:15:00-04:00,9,0.6285340366237857,3.1039999999999965,0.6892815272768579,US2000_USD,Largo
2018-09-04 10:00:00-04:00,2018-09-04 11:00:00-04:00,5,1.3539294625003395,5.498999999999978,1.4277935902963212,US2000_USD,Largo
2019-04-15 11:00:00-04:00,2019-04-15 12:15:00-04:00,6,-1.0800321860394475,-4.048491886153715,-1.0000000000000033,US2000_USD,Largo
2019-04-15 12:45:00-04:00,2019-04-15 15:45:00-04:00,13,0.7654367877715299,3.8230000000000475,0.8255024525194912,US2000_USD,Largo
2019-04-16 11:15:00-04:00,2019-04-16 12:15:00-04:00,5,0.6893951150598904,2.796000000000004,0.7633645480062304,US2000_USD,Largo
2019-04-25 10:00:00-04:00,2019-04-25 10:00:00-04:00,1,-1.0616669305942772,-5.164844043782796,-0.9999999999999877,US2000_USD,Largo
2019-04-25 10:45:00-04:00,2019-04-25 12:45:00-04:00,9,0.9189741385622299,6.792000000000098,0.9595648690640945,US2000_USD,Largo
2019-04-30 11:45:00-04:00,2019-04-30 15:45:00-04:00,17,0.19002821683023124,1.2319999999999254,0.2363013215778553,US2000_USD,Largo
2019-05-01 10:00:00-04:00,2019-05-01 10:15:00-04:00,2,-1.105109685995369,-3.154161318806973,-0.9999999999999777,US2000_USD,Largo
2019-05-01 11:15:00-04:00,2019-05-01 11:45:00-04:00,3,1.0945978286225297,4.8920000000000075,1.1617236153328239,US2000_USD,Largo
2019-07-25 10:45:00-04:00,2019-07-25 11:15:00-04:00,3,-1.0629455288671106,-5.066025568447276,-1.0000000000000169,US2000_USD,Largo
2019-07-25 11:45:00-04:00,2019-07-25 12:30:00-04:00,4,-1.0565819544023176,-5.602043790618882,-0.9999999999999801,US2000_USD,Largo
2019-07-25 13:00:00-04:00,2019-07-25 15:45:00-04:00,12,-0.5648491256394009,-3.8889999999999416,-0.5212762951709455,US2000_USD,Largo
2019-07-29 11:45:00-04:00,2019-07-29 15:45:00-04:00,17,-0.03597428980115816,-0.16800000000016552,0.028265513415132407,US2000_USD,Largo
2019-07-31 15:15:00-04:00,2019-07-31 15:45:00-04:00,3,-0.8566583426333347,-9.088000000000012,-0.82837956811859,US2000_USD,Largo
2019-11-06 10:00:00-05:00,2019-11-06 10:30:00-05:00,3,-1.0815999508044092,-3.9764728047321567,-0.9999999999999729,US2000_USD,Largo
2019-11-06 12:15:00-05:00,2019-11-06 14:15:00-05:00,9,0.7198739618327141,3.9989999999999783,0.7738780099822054,US2000_USD,Largo
2019-11-07 14:15:00-05:00,2019-11-07 15:15:00-05:00,5,-1.067581096106491,-4.739111190611356,-1.0000000000000224,US2000_USD,Largo
2019-11-18 10:00:00-05:00,2019-11-18 10:15:00-05:00,2,-1.0777918161925202,-4.156446792007773,-1.0000000000000246,US2000_USD,Largo
2019-12-11 11:15:00-05:00,2019-12-11 14:30:00-05:00,14,0.8324311658384228,3.2749999999998183,0.9086844024037788,US2000_USD,Largo
2019-12-13 10:15:00-05:00,2019-12-13 10:30:00-05:00,2,-1.0407620999704548,-7.659777838177024,-1.0000000000000142,US2000_USD,Largo
2019-12-13 11:45:00-05:00,2019-12-13 15:45:00-05:00,17,0.3039170565829124,2.7,0.33768561842545824,US2000_USD,Largo
2019-12-23 10:00:00-05:00,2019-12-23 11:30:00-05:00,7,0.9592834007337105,3.000000000000182,1.0552117408070758,US2000_USD,Largo
2019-12-26 12:30:00-05:00,2019-12-26 13:45:00-05:00,6,0.7444879287247241,1.8000000000001364,0.8685692501788355,US2000_USD,Largo
2019-12-27 11:00:00-05:00,2019-12-27 15:30:00-05:00,19,-1.0731132718265264,-4.4032221989987645,-1.0000000000000078,US2000_USD,Largo
2020-01-10 10:00:00-05:00,2020-01-10 10:45:00-05:00,4,-1.058862162347182,-5.396652722857243,-1.0000000000000056,US2000_USD,Largo
2020-01-17 11:30:00-05:00,2020-01-17 15:00:00-05:00,15,-1.0601207480451673,-5.2899578723561715,-0.9999999999999858,US2000_USD,Largo
2020-02-06 10:00:00-05:00,2020-02-06 10:15:00-05:00,2,-1.0564589172345833,-5.613598182437545,-1.000000000000013,US2000_USD,Largo
2020-02-14 11:00:00-05:00,2020-02-14 13:00:00-05:00,9,-1.0684878437696195,-4.680339392915857,-0.9999999999999852,US2000_USD,Largo
2006-08-09 09:45:00-04:00,2006-08-09 10:30:00-04:00,4,1.326551264025352,2.887000000000012,1.4643986416518169,US2000_USD,Corto
2007-09-11 10:15:00-04:00,2007-09-11 10:15:00-04:00,1,-1.0975673521250797,-3.3747990333429696,-1.0000000000000084,US2000_USD,Corto
2007-09-13 09:45:00-04:00,2007-09-13 10:00:00-04:00,2,0.32680492536344175,0.8920000000000072,0.43671689577715445,US2000_USD,Corto
2007-11-23 13:00:00-05:00,2007-11-23 13:00:00-05:00,1,0.09196356748419135,0.3979999999999791,0.16128283945720354,US2000_USD,Corto
2008-01-08 10:30:00-05:00,2008-01-08 11:15:00-05:00,4,1.688064384207121,7.469000000000006,1.75586721126056,US2000_USD,Corto
2008-01-16 10:00:00-05:00,2008-01-16 10:15:00-05:00,2,0.6664053096814349,3.3860000000000356,0.7254488988439949,US2000_USD,Corto
2008-01-22 11:30:00-05:00,2008-01-22 15:45:00-05:00,18,0.18897922269140757,2.78400000000006,0.2093433630676364,US2000_USD,Corto
2008-02-07 10:30:00-05:00,2008-02-07 11:15:00-05:00,4,0.8991929190288012,5.486000000000058,0.9483649707438281,US2000_USD,Corto
2008-03-11 10:00:00-04:00,2008-03-11 10:15:00-04:00,2,-1.0604325906860095,-5.264208824982393,-1.000000000000007,US2000_USD,Corto
2008-03-17 11:00:00-04:00,2008-03-17 12:00:00-04:00,5,0.749871030278391,5.905000000000041,0.7879677803348712,US2000_USD,Corto
2008-03-18 10:30:00-04:00,2008-03-18 10:45:00-04:00,2,-1.074758528008713,-4.312920104111686,-0.999999999999991,US2000_USD,Corto
2008-04-14 13:15:00-04:00,2008-04-14 15:00:00-04:00,8,1.0978841127720942,4.202999999999929,1.1762484320277768,US2000_USD,Corto
2008-05-09 11:15:00-04:00,2008-05-09 15:15:00-04:00,17,-0.3184116675638395,-1.0989999999999782,-0.2314931049895413,US2000_USD,Corto
2008-06-12 10:30:00-04:00,2008-06-12 11:15:00-04:00,4,-1.0828635334860406,-3.920410419144491,-0.9999999999999973,US2000_USD,Corto
2008-06-13 09:45:00-04:00,2008-06-13 09:45:00-04:00,1,-1.0805550634461734,-4.0241606817239015,-1.0000000000000033,US2000_USD,Corto
2008-06-13 10:45:00-04:00,2008-06-13 13:45:00-04:00,13,0.82218137562871,3.8009999999999993,0.8870733547627834,US2000_USD,Corto
2008-06-25 11:45:00-04:00,2008-06-25 14:15:00-04:00,11,-1.080238492992238,-4.03885386941447,-1.0000000000000036,US2000_USD,Corto
2008-07-15 13:30:00-04:00,2008-07-15 15:00:00-04:00,7,-1.03826650456446,-8.139754464498129,-0.9999999999999954,US2000_USD,Corto
2008-08-27 11:15:00-04:00,2008-08-27 12:15:00-04:00,5,-1.083035469950601,-3.9129138569154973,-1.0000000000000044,US2000_USD,Corto
2008-09-30 14:45:00-04:00,2008-09-30 15:45:00-04:00,5,-1.0444687470466232,-7.046311059438994,-1.0000000000000042,US2000_USD,Corto
2008-10-03 11:30:00-04:00,2008-10-03 13:30:00-04:00,9,1.4452900139609894,9.531999999999993,1.4907775301368493,US2000_USD,Corto
2008-10-17 14:00:00-04:00,2008-10-17 15:30:00-04:00,7,0.8962475536500226,11.325,0.9199892107003543,US2000_USD,Corto
2008-10-24 10:15:00-04:00,2008-10-24 11:15:00-04:00,5,-1.02448994600315,-12.549924926801157,-1.0000000000000002,US2000_USD,Corto
2008-10-24 12:00:00-04:00,2008-10-24 15:45:00-04:00,16,0.5035019928346175,6.17199999999998,0.5279755180858141,US2000_USD,Corto
2008-11-24 11:15:00-05:00,2008-11-24 15:00:00-05:00,16,-1.0419990316386967,-7.443021833950115,-0.9999999999999962,US2000_USD,Corto
2008-12-12 11:30:00-05:00,2008-12-12 12:45:00-05:00,6,-1.035363262521313,-8.783380169439784,-0.9999999999999999,US2000_USD,Corto
2009-01-13 10:30:00-05:00,2009-01-13 10:45:00-05:00,2,-1.076852795397086,-4.203566531964657,-0.9999999999999981,US2000_USD,Corto
2009-01-26 10:00:00-05:00,2009-01-26 10:00:00-05:00,1,-1.054988955303124,-5.755641016387631,-1.000000000000005,US2000_USD,Corto
2009-01-26 10:45:00-05:00,2009-01-26 14:00:00-05:00,14,1.014148135179194,6.417999999999961,1.061553002825464,US2000_USD,Corto
2009-03-10 11:15:00-04:00,2009-03-10 12:00:00-04:00,4,-1.0705005858113148,-4.555283790164242,-0.9999999999999937,US2000_USD,Corto
2009-03-10 13:00:00-04:00,2009-03-10 15:45:00-04:00,12,-1.0719440344133138,-4.469907935333867,-1.0000000000000022,US2000_USD,Corto
2009-05-14 12:30:00-04:00,2009-05-14 14:30:00-04:00,9,-1.0665778204160408,-4.806005124909336,-0.9999999999999944,US2000_USD,Corto
2009-05-14 15:00:00-04:00,2009-05-14 15:30:00-04:00,3,0.8713056713925843,3.813999999999976,0.9398404646326937,US2000_USD,Corto
2009-05-15 11:30:00-04:00,2009-05-15 12:00:00-04:00,3,0.8700967865692126,3.712999999999977,0.9403981698093864,US2000_USD,Corto
2009-05-18 10:00:00-04:00,2009-05-18 10:30:00-04:00,3,-1.0994645844461663,-3.316148930500492,-0.9999999999999941,US2000_USD,Corto
2009-05-18 11:15:00-04:00,2009-05-18 12:30:00-04:00,6,-1.0785258214562121,-4.120399385026178,-0.9999999999999971,US2000_USD,Corto
2009-06-24 12:15:00-04:00,2009-06-24 14:30:00-04:00,10,0.808406062014139,2.4129999999999656,0.9089124103789319,US2000_USD,Corto
2010-08-27 09:45:00-04:00,2010-08-27 10:00:00-04:00,2,0.6528086060827883,2.4029999999999747,0.7343078078409401,US2000_USD,Corto
2011-08-22 09:45:00-04:00,2011-08-22 10:00:00-04:00,2,0.43401476244915854,2.4060000000000175,0.4881313163704996,US2000_USD,Corto
2011-09-12 10:15:00-04:00,2011-09-12 12:45:00-04:00,11,1.0107743408628116,7.671000000000004,1.0503040374159134,US2000_USD,Corto
2011-10-04 11:30:00-04:00,2011-10-04 14:15:00-04:00,12,0.3546517800178888,3.1279999999999974,0.38866569753878605,US2000_USD,Corto
2011-11-25 10:00:00-05:00,2011-11-25 10:15:00-05:00,2,-1.065868358027395,-4.854538916473461,-0.9999999999999954,US2000_USD,Corto
2011-11-25 10:30:00-05:00,2011-11-25 12:00:00-05:00,7,1.4769720415177314,7.416999999999985,1.536712045893533,US2000_USD,Corto
2011-11-28 12:30:00-05:00,2011-11-28 15:15:00-05:00,12,1.1198534076306101,4.21400000000001,1.1995771908031736,US2000_USD,Corto
2011-12-15 09:45:00-05:00,2011-12-15 10:15:00-05:00,3,0.9415810196085603,3.7150000000001002,1.0176171719322644,US2000_USD,Corto
2014-10-13 13:00:00-04:00,2014-10-13 15:00:00-04:00,9,1.007186966603459,7.983999999999878,1.045032168254391,US2000_USD,Corto
2014-10-14 10:00:00-04:00,2014-10-14 10:00:00-04:00,1,-1.0444692488869456,-7.046234926584293,-1.0000000000000115,US2000_USD,Corto
2014-10-14 12:00:00-04:00,2014-10-14 14:30:00-04:00,11,1.0124942751805197,9.262999999999874,1.045285841903413,US2000_USD,Corto
2015-08-27 13:30:00-04:00,2015-08-27 14:30:00-04:00,5,0.9639036345963238,8.359999999999854,0.9984934779430824,US2000_USD,Corto
2015-08-28 11:45:00-04:00,2015-08-28 15:45:00-04:00,17,-0.7527871183591274,-5.571000000000185,-0.7122493090775387,US2000_USD,Corto
2015-12-15 10:30:00-05:00,2015-12-15 11:45:00-05:00,6,1.1167606269009103,4.804000000000042,1.186500049896387,US2000_USD,Corto
2016-01-12 10:00:00-05:00,2016-01-12 10:45:00-05:00,4,1.1146327443359103,6.173000000000184,1.1688024872973168,US2000_USD,Corto
2016-05-13 10:00:00-04:00,2016-05-13 10:45:00-04:00,4,0.5811170675496125,2.526000000000022,0.6501333463559791,US2000_USD,Corto
2016-05-16 14:45:00-04:00,2016-05-16 15:45:00-04:00,5,0.7450066650566801,3.0089999999999693,0.8192844980633289,US2000_USD,Corto
2016-05-18 10:45:00-04:00,2016-05-18 12:45:00-04:00,9,-1.0625928638012379,-5.092878641128482,-1.0000000000000033,US2000_USD,Corto
2016-05-20 10:30:00-04:00,2016-05-20 11:00:00-04:00,3,-1.0766742119010035,-4.212658409678215,-0.9999999999999789,US2000_USD,Corto
2018-11-14 10:15:00-05:00,2018-11-14 11:00:00-05:00,4,0.6721026246684326,4.892999999999984,0.713310633538355,US2000_USD,Corto
2018-11-21 13:00:00-05:00,2018-11-21 15:30:00-05:00,11,0.9104243420844198,6.988000000000011,0.9495095313553593,US2000_USD,Corto
2018-11-23 12:00:00-05:00,2018-11-23 12:45:00-05:00,4,0.9244081884409445,7.316999999999962,0.9623093031781709,US2000_USD,Corto
2018-12-07 10:00:00-05:00,2018-12-07 11:15:00-05:00,6,2.238815871031222,15.665999999999894,2.2816886376155048,US2000_USD,Corto
2018-12-11 09:45:00-05:00,2018-12-11 10:30:00-05:00,4,-1.0471684085624942,-6.66018914232568,-0.9999999999999936,US2000_USD,Corto
2018-12-11 10:45:00-05:00,2018-12-11 11:15:00-05:00,3,0.8725491790559127,8.146999999999888,0.9046793808132193,US2000_USD,Corto
2018-12-12 11:30:00-05:00,2018-12-12 14:30:00-05:00,13,0.4698105078932274,4.042999999999847,0.5046715398912421,US2000_USD,Corto
2018-12-14 10:30:00-05:00,2018-12-14 12:00:00-05:00,7,1.135537762343789,7.072000000000071,1.1837081990947977,US2000_USD,Corto
2018-12-18 10:15:00-05:00,2018-12-18 10:45:00-05:00,3,0.7103365565267198,4.5730000000000475,0.7569363743614046,US2000_USD,Corto
2018-12-26 12:30:00-05:00,2018-12-26 13:45:00-05:00,6,-1.023721927385142,-12.946527203686447,-1.0000000000000056,US2000_USD,Corto
2018-12-26 14:30:00-05:00,2018-12-26 15:15:00-05:00,4,-1.0240548008535306,-12.771522912478577,-0.9999999999999934,US2000_USD,Corto
2019-03-25 11:45:00-04:00,2019-03-25 14:00:00-04:00,10,0.4606230925073996,4.705999999999858,0.489987080555046,US2000_USD,Corto
2019-03-26 10:15:00-04:00,2019-03-26 10:45:00-04:00,3,-1.0562958416139574,-5.628990408513846,-0.9999999999999989,US2000_USD,Corto
2019-03-26 11:15:00-04:00,2019-03-26 12:30:00-04:00,6,0.7689878594461826,5.62899999999986,0.8099714014312351,US2000_USD,Corto
2019-06-03 10:00:00-04:00,2019-06-03 10:00:00-04:00,1,-1.0708520107324804,-4.5341776457524245,-1.0000000000000175,US2000_USD,Corto
2019-06-03 11:15:00-04:00,2019-06-03 12:15:00-04:00,5,0.7855889762145503,5.594999999999982,0.8277117095236416,US2000_USD,Corto
2019-06-04 10:15:00-04:00,2019-06-04 11:00:00-04:00,4,-1.0589202066072534,-5.391631840324226,-0.999999999999995,US2000_USD,Corto
2019-08-16 11:45:00-04:00,2019-08-16 15:45:00-04:00,17,-0.6889053747967337,-4.978000000000111,-0.647388377520917,US2000_USD,Corto
2019-08-28 13:15:00-04:00,2019-08-28 15:45:00-04:00,11,0.18960054056987496,1.393000000000211,0.23043339209245492,US2000_USD,Corto
2019-09-25 13:00:00-04:00,2019-09-25 14:45:00-04:00,8,-1.0407597368846762,-7.660204528523809,-1.0000000000000042,US2000_USD,Corto
2019-10-01 10:15:00-04:00,2019-10-01 10:30:00-04:00,2,-0.3850388662007347,-2.4730000000000016,-0.33832974373400587,US2000_USD,Corto
2019-10-04 10:15:00-04:00,2019-10-04 10:30:00-04:00,2,0.6599578955062371,4.439000000000033,0.7045596906519612,US2000_USD,Corto
2019-10-07 11:30:00-04:00,2019-10-07 13:30:00-04:00,9,-1.0514510936939396,-6.130779842789525,-1.000000000000016,US2000_USD,Corto
2019-10-10 10:15:00-04:00,2019-10-10 10:45:00-04:00,3,-1.0510636248461371,-6.175023578995524,-1.000000000000006,US2000_USD,Corto
2019-10-10 11:15:00-04:00,2019-10-10 13:30:00-04:00,10,1.3212458064343906,8.411999999999988,1.3683658423272007,US2000_USD,Corto
2020-03-13 09:45:00-04:00,2020-03-13 10:00:00-04:00,2,-0.17162441257548694,-3.999000000000069,-0.15874936286989924,US2000_USD,Corto
2020-03-17 12:30:00-04:00,2020-03-17 13:15:00-04:00,4,0.7702259222714024,30.700999999999976,0.7777523147889562,US2000_USD,Corto
2007-03-23 11:30:00-04:00,2007-03-23 15:45:00-04:00,18,-0.5769955329927341,-1.8,-0.48082961082727843,XAU_USD,Largo
2007-04-12 11:30:00-04:00,2007-04-12 12:30:00-04:00,5,0.6487410308329433,1.7,0.7632247421564039,XAU_USD,Largo
2007-06-06 11:15:00-04:00,2007-06-06 13:00:00-04:00,8,0.6533654344537287,1.6499999999999317,0.7721591498089571,XAU_USD,Largo
2007-06-07 10:00:00-04:00,2007-06-07 10:45:00-04:00,4,1.040840450007626,1.6500000000000454,1.2300841681908254,XAU_USD,Largo
2007-06-20 10:15:00-04:00,2007-06-20 15:00:00-04:00,20,-1.1854378514084747,-1.9177926875303684,-0.9999999999999861,XAU_USD,Largo
2007-07-03 11:00:00-04:00,2007-07-03 15:45:00-04:00,20,-0.35397698281325174,-0.5999999999999546,-0.17698849140661246,XAU_USD,Largo
2007-08-28 12:00:00-04:00,2007-08-28 12:15:00-04:00,2,0.8592294479223771,1.8499999999999772,0.9985639529908724,XAU_USD,Largo
2007-09-18 10:45:00-04:00,2007-09-18 14:00:00-04:00,14,0.4478421936729146,1.2299999999999727,0.5570719970077742,XAU_USD,Largo
2007-09-21 12:45:00-04:00,2007-09-21 13:15:00-04:00,3,0.4761119116436405,1.8499999999999772,0.5533192486669345,XAU_USD,Largo
2007-09-24 10:15:00-04:00,2007-09-24 10:30:00-04:00,2,0.3183141440361318,0.8000000000000227,0.4376819480496778,XAU_USD,Largo
2007-10-17 15:15:00-04:00,2007-10-17 15:45:00-04:00,3,0.09705526914350115,0.35000000000009096,0.1802454998379091,XAU_USD,Largo
2007-10-19 10:30:00-04:00,2007-10-19 10:30:00-04:00,1,-1.1016525235206147,-3.251230226361872,-0.9999999999999998,XAU_USD,Largo
2007-10-19 11:15:00-04:00,2007-10-19 12:45:00-04:00,7,0.813806319298666,3.4000000000000457,0.8856127592367826,XAU_USD,Largo
2007-11-01 10:30:00-04:00,2007-11-01 10:45:00-04:00,2,0.8482570309728967,3.7,0.9170346280788073,XAU_USD,Largo
2007-11-27 09:45:00-05:00,2007-11-27 10:00:00-05:00,2,-1.0719684494017245,-4.468493311915995,-1.000000000000012,XAU_USD,Largo
2007-11-27 10:30:00-05:00,2007-11-27 11:30:00-05:00,5,-1.0655550769905238,-4.876304594125076,-0.9999999999999911,XAU_USD,Largo
2007-12-11 15:00:00-05:00,2007-12-11 15:30:00-05:00,3,-1.0745651290574094,-4.3233283814073955,-0.9999999999999956,XAU_USD,Largo
2008-01-09 09:45:00-05:00,2008-01-09 13:00:00-05:00,14,0.5582196032118495,2.7,0.6202440035687217,XAU_USD,Largo
2008-01-15 12:30:00-05:00,2008-01-15 15:00:00-05:00,11,-1.049858611523118,-6.317014730963524,-0.9999999999999983,XAU_USD,Largo
2008-01-30 10:00:00-05:00,2008-01-30 13:15:00-05:00,14,0.7282352244247802,2.9300000000000184,0.8027985579836309,XAU_USD,Largo
2008-02-25 10:15:00-05:00,2008-02-25 15:15:00-05:00,21,0.3507416758050169,2.0700000000000047,0.40157380273328014,XAU_USD,Largo
2008-03-04 12:15:00-05:00,2008-03-04 13:45:00-05:00,7,-1.0395575837194757,-7.883880808481581,-1.0000000000000044,XAU_USD,Largo
2008-03-06 10:15:00-05:00,2008-03-06 12:00:00-05:00,8,-1.0399172400457746,-7.815549663653587,-1.0,XAU_USD,Largo
2008-03-06 12:30:00-05:00,2008-03-06 14:45:00-05:00,10,0.6336836395680958,6.354999999999973,0.6635978947798078,XAU_USD,Largo
2008-03-17 09:45:00-04:00,2008-03-17 12:00:00-04:00,10,0.801639767950978,7.050000000000023,0.8357520985020833,XAU_USD,Largo
2008-04-10 12:00:00-04:00,2008-04-10 15:30:00-04:00,15,0.5639531162467789,3.6500000000000457,0.6103054271711711,XAU_USD,Largo
2008-05-09 10:45:00-04:00,2008-05-09 12:45:00-04:00,9,1.6339078010460362,8.7,1.6902494493579685,XAU_USD,Largo
2008-06-30 11:45:00-04:00,2008-06-30 14:00:00-04:00,10,1.3110071683734543,5.874999999999955,1.3779522152691206,XAU_USD,Largo
2008-07-03 10:00:00-04:00,2008-07-03 11:15:00-04:00,6,0.6363147775523408,3.9300000000000184,0.6848884246937406,XAU_USD,Largo
2008-07-16 11:30:00-04:00,2008-07-16 15:45:00-04:00,18,-0.7254335457875533,-5.4100000000000135,-0.6852061772595929,XAU_USD,Largo
2009-02-06 09:45:00-05:00,2009-02-06 10:15:00-05:00,3,0.23577851099183766,1.5099999999999454,0.28262192377167467,XAU_USD,Largo
2009-05-05 15:00:00-04:00,2009-05-05 15:45:00-04:00,4,0.1859568594373628,0.8700000000000727,0.2500799144157584,XAU_USD,Largo
2009-05-08 10:45:00-04:00,2009-05-08 12:45:00-04:00,9,0.4553710798273254,2.1950000000000047,0.5176085850429051,XAU_USD,Largo
2009-05-18 10:45:00-04:00,2009-05-18 14:00:00-04:00,14,-1.0708840706311775,-4.532262584931618,-0.9999999999999962,XAU_USD,Largo
2009-06-30 09:45:00-04:00,2009-06-30 10:00:00-04:00,2,-1.0931795566038283,-3.5195903364884087,-0.9999999999999887,XAU_USD,Largo
2009-09-09 14:30:00-04:00,2009-09-09 15:45:00-04:00,6,-0.2557499273032773,-1.2300000000000637,-0.1933718962537007,XAU_USD,Largo
2009-09-23 11:00:00-04:00,2009-09-23 12:15:00-04:00,6,0.5894184393700586,2.2699999999999365,0.6673151494189672,XAU_USD,Largo
2009-10-19 10:15:00-04:00,2009-10-19 10:45:00-04:00,3,0.7128992875416417,2.350000000000091,0.8039077072278051,XAU_USD,Largo
2009-10-20 12:00:00-04:00,2009-10-20 15:45:00-04:00,16,-0.15673720933928043,-0.7299999999998363,-0.09232465755600006,XAU_USD,Largo
2009-11-09 13:45:00-05:00,2009-11-09 15:45:00-05:00,9,0.013612165749618016,0.050000000000136435,0.09528516024710325,XAU_USD,Largo
2009-11-12 13:30:00-05:00,2009-11-12 15:45:00-05:00,10,-0.738275140393987,-3.590000000000191,-0.6765808389683089,XAU_USD,Largo
2010-02-22 11:15:00-05:00,2010-02-22 15:15:00-05:00,17,0.8313526653721514,4.259999999999946,0.8898986277223035,XAU_USD,Largo
2010-03-04 11:15:00-05:00,2010-03-04 13:00:00-05:00,8,0.6139136792603402,2.959999999999991,0.676134660266456,XAU_USD,Largo
2010-03-30 10:15:00-04:00,2010-03-30 10:15:00-04:00,1,-1.1063104998869366,-3.121922578852536,-1.0000000000000149,XAU_USD,Largo
2010-05-04 11:30:00-04:00,2010-05-04 15:45:00-04:00,18,0.03033867131112542,0.1900000000000091,0.0782418365392159,XAU_USD,Largo
2010-05-14 11:30:00-04:00,2010-05-14 14:30:00-04:00,13,0.9359152903710048,8.049999999999908,0.9707941210680613,XAU_USD,Largo
2010-05-28 10:15:00-04:00,2010-05-28 11:00:00-04:00,4,-1.074339166256496,-4.335557769978368,-1.0000000000000269,XAU_USD,Largo
2010-05-28 11:30:00-04:00,2010-05-28 13:30:00-04:00,9,1.792240441530547,8.219999999999981,1.857650676622903,XAU_USD,Largo
2010-06-08 15:00:00-04:00,2010-06-08 15:45:00-04:00,4,-0.13995291515160382,-0.7800000000000182,-0.08612487086252668,XAU_USD,Largo
2010-06-09 11:30:00-04:00,2010-06-09 15:00:00-04:00,15,0.6456655641337334,3.95,0.6947034550805993,XAU_USD,Largo
2010-07-15 10:30:00-04:00,2010-07-15 11:15:00-04:00,4,0.9710043070659997,5.080000000000109,1.0283470811053292,XAU_USD,Largo
2010-08-05 11:15:00-04:00,2010-08-05 12:45:00-04:00,7,0.8126207480724031,3.120000000000073,0.8907573584639785,XAU_USD,Largo
2010-08-20 10:30:00-04:00,2010-08-20 14:45:00-04:00,18,0.4268883808048769,1.600000000000091,0.5069299522057867,XAU_USD,Largo
2010-09-01 11:00:00-04:00,2010-09-01 15:45:00-04:00,20,-0.15434883862928436,-0.6099999999999455,-0.07843957372962954,XAU_USD,Largo
2010-09-03 10:45:00-04:00,2010-09-03 11:15:00-04:00,3,0.9154740383874217,3.7799999999999274,0.9881307081007105,XAU_USD,Largo
2010-09-21 14:00:00-04:00,2010-09-21 14:30:00-04:00,3,3.1779391376512267,9.5900000000001,3.277353292113725,XAU_USD,Largo
2010-09-30 11:45:00-04:00,2010-09-30 13:00:00-04:00,6,1.1265961574266476,6.6699999999998,1.177267648765179,XAU_USD,Largo
2010-10-07 11:45:00-04:00,2010-10-07 12:30:00-04:00,4,-1.032048720091585,-9.66074823402646,-1.0000000000000118,XAU_USD,Largo
2010-10-07 13:00:00-04:00,2010-10-07 15:45:00-04:00,12,-0.023492966180301868,-0.22000000000007275,0.008542896792826445,XAU_USD,Largo
2010-10-14 09:45:00-04:00,2010-10-14 11:00:00-04:00,6,0.7178718570235982,4.249999999999955,0.7685451645782058,XAU_USD,Largo
2010-11-01 10:45:00-04:00,2010-11-01 15:45:00-04:00,21,-0.7619224511042557,-3.780000000000018,-0.7014524153023309,XAU_USD,Largo
2010-11-09 14:15:00-05:00,2010-11-09 15:00:00-05:00,4,-1.0325949064397133,-9.50389204229764,-0.9999999999999909,XAU_USD,Largo
2010-11-10 10:45:00-05:00,2010-11-10 12:00:00-05:00,6,0.6117101393455007,6.070000000000118,0.6419429304169416,XAU_USD,Largo
2010-11-11 10:00:00-05:00,2010-11-11 12:15:00-05:00,10,0.9102038903341207,5.749999999999955,0.9576927889602491,XAU_USD,Largo
2010-12-07 11:15:00-05:00,2010-12-07 12:00:00-05:00,4,-1.0403284632423713,-7.7389147485471765,-0.9999999999999895,XAU_USD,Largo
2010-12-07 12:45:00-05:00,2010-12-07 15:15:00-05:00,11,-1.035532414295301,-8.742995106009221,-0.9999999999999908,XAU_USD,Largo
2010-12-14 10:15:00-05:00,2010-12-14 12:15:00-05:00,9,0.6392753288212698,3.5299999999999274,0.6936046768797358,XAU_USD,Largo
2010-12-30 11:00:00-05:00,2010-12-30 15:45:00-05:00,20,-0.7105018275104007,-2.4900000000000544,-0.6248991976898723,XAU_USD,Largo
2011-02-09 11:45:00-05:00,2011-02-09 12:15:00-05:00,3,0.702242746626543,3.100000000000091,0.7702017221065289,XAU_USD,Largo
2011-02-24 14:45:00-05:00,2011-02-24 15:00:00-05:00,2,-1.0543527843677083,-5.819496443281468,-1.0000000000000018,XAU_USD,Largo
2011-03-24 14:45:00-04:00,2011-03-24 15:00:00-04:00,2,-1.0558105535471947,-5.675327441363652,-0.9999999999999878,XAU_USD,Largo
2011-04-11 15:00:00-04:00,2011-04-11 15:45:00-04:00,4,0.06403155434843266,0.29200000000009824,0.12981739785707425,XAU_USD,Largo
2011-04-12 10:30:00-04:00,2011-04-12 11:00:00-04:00,3,-1.0401385105222285,-7.774118897209109,-1.0000000000000018,XAU_USD,Largo
2011-04-20 13:30:00-04:00,2011-04-20 15:30:00-04:00,9,0.3601278903028216,1.6539999999999508,0.42544733836258564,XAU_USD,Largo
2011-04-25 11:30:00-04:00,2011-04-25 12:00:00-04:00,3,0.9908925421706732,5.164999999999918,1.0484468040586126,XAU_USD,Largo
2011-06-07 11:45:00-04:00,2011-06-07 13:30:00-04:00,8,0.7657885996270142,3.6809999999999947,0.8282000584393219,XAU_USD,Largo
2011-07-19 14:45:00-04:00,2011-07-19 15:00:00-04:00,2,-1.0512942618344934,-6.148607412813862,-1.0000000000000053,XAU_USD,Largo
2011-07-28 10:45:00-04:00,2011-07-28 12:30:00-04:00,8,1.3553579558636186,7.625999999999931,1.4086765221839816,XAU_USD,Largo
2011-08-04 13:00:00-04:00,2011-08-04 15:45:00-04:00,12,-0.38234585484220235,-5.1489999999999325,-0.3600689551621359,XAU_USD,Largo
2011-08-11 14:45:00-04:00,2011-08-11 15:45:00-04:00,5,0.5665576507927859,9.473999999999887,0.5844980450547489,XAU_USD,Largo
2011-08-12 11:00:00-04:00,2011-08-12 12:45:00-04:00,8,0.7015228768703632,9.288000000000192,0.7241818845212142,XAU_USD,Largo
2011-10-17 13:15:00-04:00,2011-10-17 14:00:00-04:00,4,-1.0396009465087817,-7.875576506322704,-1.0000000000000087,XAU_USD,Largo
2012-01-19 10:00:00-05:00,2012-01-19 12:30:00-05:00,11,-1.0548438999103698,-5.770070518147167,-0.9999999999999875,XAU_USD,Largo
2012-02-03 11:00:00-05:00,2012-02-03 14:30:00-05:00,15,-1.032999245611115,-9.39111691628641,-0.9999999999999891,XAU_USD,Largo
2012-02-08 12:00:00-05:00,2012-02-08 13:15:00-05:00,6,-1.0351822401928938,-8.82702949997729,-1.0000000000000104,XAU_USD,Largo
2012-03-28 12:30:00-04:00,2012-03-28 13:00:00-04:00,3,-1.040733811908261,-7.664888920184512,-1.000000000000004,XAU_USD,Largo
2012-04-30 09:45:00-04:00,2012-04-30 10:00:00-04:00,2,-1.0597874465299442,-5.3177757608312275,-0.99999999999999,XAU_USD,Largo
2012-09-12 11:00:00-04:00,2012-09-12 15:45:00-04:00,20,0.2068216844599433,1.4619999999999436,0.24926115459536424,XAU_USD,Largo
2012-09-13 12:30:00-04:00,2012-09-13 12:45:00-04:00,2,3.435089883999841,21.99300000000012,3.4819469278410606,XAU_USD,Largo
2012-09-17 14:30:00-04:00,2012-09-17 15:15:00-04:00,4,-1.0548237278810966,-5.77208319453739,-1.0000000000000069,XAU_USD,Largo
2012-11-12 11:45:00-05:00,2012-11-12 12:15:00-05:00,3,-1.0860599113185605,-3.7859436339584134,-0.9999999999999899,XAU_USD,Largo
2012-11-12 13:15:00-05:00,2012-11-12 15:45:00-05:00,11,-0.587624932627293,-2.167999999999938,-0.5063115194408572,XAU_USD,Largo
2012-11-13 09:45:00-05:00,2012-11-13 10:00:00-05:00,2,0.6533376337612461,3.066999999999962,0.717244151572911,XAU_USD,Largo
2012-11-20 13:00:00-05:00,2012-11-20 15:45:00-05:00,12,0.4032154461526838,1.8230000000000472,0.46957015478998604,XAU_USD,Largo
2013-01-03 14:00:00-05:00,2013-01-03 14:00:00-05:00,1,-1.078332683241638,-4.12981901787366,-0.9999999999999755,XAU_USD,Largo
2013-01-23 11:00:00-05:00,2013-01-23 15:45:00-05:00,20,-0.5829935293791212,-2.0999999999999543,-0.49970873946781635,XAU_USD,Largo
2016-02-24 15:00:00-05:00,2016-02-24 15:45:00-05:00,4,-0.047570914041605836,-0.3399999999999636,-0.005596578122537374,XAU_USD,Largo
2016-02-26 10:30:00-05:00,2016-02-26 10:45:00-05:00,2,-1.0472802904128269,-6.645138690574686,-1.0000000000000053,XAU_USD,Largo
2016-03-01 11:00:00-05:00,2016-03-01 14:45:00-05:00,16,-0.08799251412898441,-0.5770000000000437,-0.04224250678289546,XAU_USD,Largo
2016-03-08 14:30:00-05:00,2016-03-08 15:45:00-05:00,6,-0.2773362350703355,-1.45300000000002,-0.22007479630839505,XAU_USD,Largo
2016-05-03 11:15:00-04:00,2016-05-03 15:45:00-04:00,19,0.2175790256165031,1.3180000000001655,0.26710384176592855,XAU_USD,Largo
2016-05-16 11:15:00-04:00,2016-05-16 15:45:00-04:00,19,-0.1958103567970214,-0.9400000000001001,-0.1333176897341489,XAU_USD,Largo
2016-07-07 11:15:00-04:00,2016-07-07 13:00:00-04:00,8,0.7491788467859749,4.196000000000095,0.8027426346877354,XAU_USD,Largo
2016-07-28 12:45:00-04:00,2016-07-28 15:45:00-04:00,13,0.6841563990856713,2.4409999999999856,0.7682395288381099,XAU_USD,Largo
2016-08-03 11:00:00-04:00,2016-08-03 15:45:00-04:00,20,-0.024861691882048394,-0.09300000000012004,0.055337314188971934,XAU_USD,Largo
2016-08-10 11:30:00-04:00,2016-08-10 15:45:00-04:00,18,0.07215984053361096,0.32599999999997636,0.13856460176086513,XAU_USD,Largo
2016-09-07 12:15:00-04:00,2016-09-07 15:30:00-04:00,14,0.5495099624766353,1.7570000000000163,0.6433363647207953,XAU_USD,Largo
2016-09-08 09:45:00-04:00,2016-09-08 11:30:00-04:00,8,-1.0782928703148658,-4.131766529870947,-1.000000000000007,XAU_USD,Largo
2016-09-08 14:45:00-04:00,2016-09-08 15:45:00-04:00,5,-0.12121134699342737,-0.40999999999989994,-0.03252011748601985,XAU_USD,Largo
2016-10-26 12:00:00-04:00,2016-10-26 15:45:00-04:00,16,-0.4586120761217413,-1.4050000000000182,-0.36068778940535656,XAU_USD,Largo
2017-04-18 10:15:00-04:00,2017-04-18 10:30:00-04:00,2,1.0900937504204096,3.7979999999999565,1.176199101954408,XAU_USD,Largo
2017-04-19 10:45:00-04:00,2017-04-19 12:30:00-04:00,8,0.3407623339082645,1.3749999999999545,0.4151104794882519,XAU_USD,Largo
2017-05-18 10:45:00-04:00,2017-05-18 13:45:00-04:00,13,-1.0551360891754424,-5.7410823198850265,-1.0000000000000182,XAU_USD,Largo
2017-05-18 15:00:00-04:00,2017-05-18 15:45:00-04:00,4,0.07185815257884837,0.33099999999985813,0.13698638754459988,XAU_USD,Largo
2017-05-23 13:15:00-04:00,2017-05-23 15:00:00-04:00,8,-1.0842833100086444,-3.8594235675991966,-1.00000000000001,XAU_USD,Largo
2017-06-07 14:45:00-04:00,2017-06-07 15:45:00-04:00,5,0.32310385530803304,1.1629999999999654,0.40644964773487124,XAU_USD,Largo
2017-08-18 13:00:00-04:00,2017-08-18 15:45:00-04:00,12,-0.035107622201805654,-0.18400000000001454,0.022133066170699038,XAU_USD,Largo
2017-09-06 13:30:00-04:00,2017-09-06 15:45:00-04:00,10,-0.009899105319470873,-0.03800000000005638,0.06825172614992008,XAU_USD,Largo
2017-09-08 11:15:00-04:00,2017-09-08 15:30:00-04:00,18,0.41140859369918803,1.878000000000111,0.47712881633483717,XAU_USD,Largo
2017-10-11 12:45:00-04:00,2017-10-11 14:15:00-04:00,7,0.9128177292711506,2.426000000000113,1.0256970857350138,XAU_USD,Largo
2017-10-12 10:30:00-04:00,2017-10-12 11:00:00-04:00,3,0.6054661860525757,1.7009999999999763,0.7122503458502096,XAU_USD,Largo
2017-10-16 14:00:00-04:00,2017-10-16 14:00:00-04:00,1,-1.113645585767327,-2.939785768840056,-1.000000000000028,XAU_USD,Largo
2018-01-03 14:45:00-05:00,2018-01-03 15:30:00-05:00,4,1.1487907687506191,4.145999999999913,1.2319160052738205,XAU_USD,Largo
2018-01-09 10:15:00-05:00,2018-01-09 13:30:00-05:00,14,0.4143072563100083,1.2209999999999581,0.5161026509807755,XAU_USD,Largo
2018-01-23 10:00:00-05:00,2018-01-23 10:30:00-05:00,3,0.7064506656684251,1.96299999999992,0.8144156171205577,XAU_USD,Largo
2018-01-25 15:15:00-05:00,2018-01-25 15:45:00-05:00,3,-0.09262277797432561,-0.6299999999999273,-0.04851669322464166,XAU_USD,Largo
2018-01-31 15:00:00-05:00,2018-01-31 15:15:00-05:00,2,0.05169463267834307,0.2889999999999418,0.10535688113338129,XAU_USD,Largo
2018-02-16 09:45:00-05:00,2018-02-16 11:15:00-05:00,7,0.47405972619947634,1.7440000000000964,0.5556066974493817,XAU_USD,Largo
2018-02-16 14:30:00-05:00,2018-02-16 15:45:00-05:00,6,0.07426548854525734,0.31400000000003275,0.14521977696428562,XAU_USD,Largo
2018-03-22 13:30:00-04:00,2018-03-22 15:30:00-04:00,9,0.21234841689208003,0.8290000000001327,0.28919344109909306,XAU_USD,Largo
2018-03-27 10:00:00-04:00,2018-03-27 12:45:00-04:00,12,0.5000900207095811,1.9539999999999054,0.5768694507059381,XAU_USD,Largo
2018-05-11 15:00:00-04:00,2018-05-11 15:45:00-04:00,4,-0.44698705420069107,-1.1109999999999218,-0.32628847970904684,XAU_USD,Largo
2019-01-10 11:45:00-05:00,2019-01-10 15:45:00-05:00,17,-1.1266227766450516,-2.6692419953877105,-1.0000000000000204,XAU_USD,Largo
2019-01-11 09:45:00-05:00,2019-01-11 15:45:00-05:00,25,-0.333719467384011,-0.9449999999999819,-0.22777677932559276,XAU_USD,Largo
2019-02-20 14:45:00-05:00,2019-02-20 15:45:00-05:00,5,-0.8993566605901843,-2.7710000000000035,-0.8019885630885405,XAU_USD,Largo
2019-02-21 14:30:00-05:00,2019-02-21 15:45:00-05:00,6,-1.114028708300647,-2.9309164110577965,-0.999999999999964,XAU_USD,Largo
2019-03-21 11:30:00-04:00,2019-03-21 12:15:00-04:00,4,-1.0955840747689447,-3.4385981474970775,-1.0000000000000093,XAU_USD,Largo
2019-03-21 13:15:00-04:00,2019-03-21 15:45:00-04:00,11,0.789294269979106,2.697000000000071,0.8770911854384036,XAU_USD,Largo
2019-03-27 10:00:00-04:00,2019-03-27 15:00:00-04:00,21,-1.0847243160556683,-3.840896096498727,-1.0000000000000104,XAU_USD,Largo
2019-04-30 09:45:00-04:00,2019-04-30 10:00:00-04:00,2,-1.131610356532584,-2.5794558718919687,-0.9999999999999977,XAU_USD,Largo
2019-06-14 14:45:00-04:00,2019-06-14 15:45:00-04:00,5,-0.015428162014785177,-0.06400000000012368,0.05689134742938059,XAU_USD,Largo
2019-06-28 10:00:00-04:00,2019-06-28 12:15:00-04:00,10,0.477317015052287,2.0499999999999092,0.5471682855477468,XAU_USD,Largo
2019-07-11 10:15:00-04:00,2019-07-11 10:30:00-04:00,2,-1.0694479373484167,-4.619782724359356,-1.0000000000000175,XAU_USD,Largo
2019-07-11 11:15:00-04:00,2019-07-11 13:15:00-04:00,9,-1.062226368499872,-5.121107309205217,-1.000000000000006,XAU_USD,Largo
2019-07-11 14:15:00-04:00,2019-07-11 15:45:00-04:00,7,0.04669047702893854,0.2160000000000764,0.11153836179133024,XAU_USD,Largo
2019-07-15 11:00:00-04:00,2019-07-15 12:45:00-04:00,8,0.48251395302249395,1.7699999999999363,0.5642959789585128,XAU_USD,Largo
2019-07-19 12:15:00-04:00,2019-07-19 15:45:00-04:00,15,0.0030308062912488757,0.019999999999936346,0.0484929006601267,XAU_USD,Largo
2019-07-31 13:00:00-04:00,2019-07-31 14:00:00-04:00,5,0.9790706031388724,3.2499999999999547,1.0694463511209233,XAU_USD,Largo
2019-08-09 10:00:00-04:00,2019-08-09 10:30:00-04:00,3,1.2650705251404448,5.209000000000015,1.337929261470284,XAU_USD,Largo
2019-08-13 10:45:00-04:00,2019-08-13 15:45:00-04:00,21,0.28320885733699586,3.676999999999862,0.30631537275747506,XAU_USD,Largo
2019-11-20 13:00:00-05:00,2019-11-20 13:15:00-05:00,2,0.7964628588421959,3.176999999999862,0.8716718162399514,XAU_USD,Largo
2020-01-06 11:00:00-05:00,2020-01-06 15:45:00-05:00,20,0.16276747060394453,0.9680000000000291,0.2132119346340911,XAU_USD,Largo
2020-01-08 12:00:00-05:00,2020-01-08 15:45:00-05:00,16,0.07367940215779879,0.7299999999999727,0.10395860852401861,XAU_USD,Largo
2020-01-21 09:45:00-05:00,2020-01-21 10:30:00-05:00,4,1.0950066586337581,5.374000000000206,1.1561346820037088,XAU_USD,Largo
2020-01-28 11:00:00-05:00,2020-01-28 15:45:00-05:00,20,-0.30841579704960126,-1.3839999999998327,-0.2415626618509802,XAU_USD,Largo
2020-02-24 14:45:00-05:00,2020-02-24 15:45:00-05:00,5,-0.06814234233996783,-0.6520000000000892,-0.03678850383998692,XAU_USD,Largo
2020-02-26 10:00:00-05:00,2020-02-26 12:00:00-05:00,9,0.4766746010566125,4.169000000000051,0.5109759635696809,XAU_USD,Largo
2020-03-06 10:45:00-05:00,2020-03-06 13:30:00-05:00,12,1.088469908808638,18.591999999999825,1.1060334292820995,XAU_USD,Largo
2020-03-11 11:30:00-04:00,2020-03-11 12:45:00-04:00,6,-1.0358031341749465,-8.679154700089885,-0.9999999999999944,XAU_USD,Largo
2020-04-24 12:15:00-04:00,2020-04-24 13:45:00-04:00,7,0.8938242601950125,8.230999999999948,0.9264019880602179,XAU_USD,Largo
2008-09-05 10:15:00-04:00,2008-09-05 12:30:00-04:00,10,0.829927691143901,5.550000000000023,0.8747886474219495,XAU_USD,Corto
2008-10-24 12:00:00-04:00,2008-10-24 12:15:00-04:00,2,-1.0225702382043707,-13.591840222663837,-0.9999999999999969,XAU_USD,Corto
2008-10-24 12:45:00-04:00,2008-10-24 15:45:00-04:00,13,0.09323733720319932,1.5299999999999272,0.11151916802735692,XAU_USD,Corto
2008-11-04 10:00:00-05:00,2008-11-04 10:30:00-05:00,3,-1.0489566748399666,-6.427867159701964,-1.000000000000006,XAU_USD,Corto
2008-12-04 11:45:00-05:00,2008-12-04 12:15:00-05:00,3,0.6994201250118339,6.099999999999977,0.7338178360779898,XAU_USD,Corto
2009-01-13 10:30:00-05:00,2009-01-13 13:15:00-05:00,12,0.6053709974369375,4.349999999999977,0.6471207213981057,XAU_USD,Corto
2012-05-16 11:00:00-04:00,2012-05-16 11:30:00-04:00,3,0.8204927961529792,5.390000000000055,0.8661602987217902,XAU_USD,Corto
2012-05-17 13:15:00-04:00,2012-05-17 15:45:00-04:00,11,0.12008330096157716,0.9349999999998999,0.15861270233962743,XAU_USD,Corto
2012-06-25 12:45:00-04:00,2012-06-25 13:15:00-04:00,3,-1.0495026334522917,-6.360283647112783,-0.9999999999999908,XAU_USD,Corto
2012-06-25 13:45:00-04:00,2012-06-25 15:45:00-04:00,9,0.07002380701558514,0.4159999999998945,0.12052174476722184,XAU_USD,Corto
2012-06-27 09:45:00-04:00,2012-06-27 11:00:00-04:00,6,0.937444308984768,6.744000000000097,0.9791455682812429,XAU_USD,Corto
2012-07-09 14:30:00-04:00,2012-07-09 15:45:00-04:00,6,0.4330536747300271,1.746000000000049,0.5074615226217822,XAU_USD,Corto
2012-07-24 09:45:00-04:00,2012-07-24 11:15:00-04:00,7,1.3478124593771974,5.432999999999947,1.4222361180948788,XAU_USD,Corto
2013-02-21 11:15:00-05:00,2013-02-21 14:30:00-05:00,14,0.5984763624461706,4.4889999999999874,0.6384725550801318,XAU_USD,Corto
2013-03-01 10:00:00-05:00,2013-03-01 11:30:00-05:00,7,1.2463614453269611,8.60000000000009,1.2898391701639478,XAU_USD,Corto
2013-04-05 09:45:00-04:00,2013-04-05 12:30:00-04:00,12,-1.0420096236111904,-7.44122084921496,-0.9999999999999873,XAU_USD,Corto
2013-05-22 10:30:00-04:00,2013-05-22 10:45:00-04:00,2,0.8667003347697623,11.657000000000107,0.8890053961432655,XAU_USD,Corto
2013-06-19 11:00:00-04:00,2013-06-19 14:15:00-04:00,14,0.8817296042838025,3.0689999999999147,0.9679201814376468,XAU_USD,Corto
2013-07-01 12:15:00-04:00,2013-07-01 15:45:00-04:00,15,0.3070743224179891,2.625999999999931,0.3421551665632287,XAU_USD,Corto
2013-08-02 09:45:00-04:00,2013-08-02 15:30:00-04:00,24,0.31427620438244186,2.95,0.34623649635353765,XAU_USD,Corto
2013-09-24 14:30:00-04:00,2013-09-24 15:45:00-04:00,6,0.3683137660235719,2.146999999999889,0.41977819537013794,XAU_USD,Corto
2013-09-25 12:00:00-04:00,2013-09-25 15:45:00-04:00,16,-0.028337019696220034,-0.1709999999998672,0.021377049946309856,XAU_USD,Corto
2013-10-02 13:00:00-04:00,2013-10-02 15:45:00-04:00,12,-0.24212688405674263,-1.8180000000000291,-0.20217195269424448,XAU_USD,Corto
2013-10-15 15:15:00-04:00,2013-10-15 15:45:00-04:00,3,-0.13866178825765227,-1.0999999999999546,-0.10084493691465463,XAU_USD,Corto
2013-11-25 10:00:00-05:00,2013-11-25 14:00:00-05:00,17,-1.0555489265837106,-5.700644412955898,-1.0000000000000024,XAU_USD,Corto
2013-12-04 10:15:00-05:00,2013-12-04 12:15:00-05:00,9,-1.049154340609823,-6.403224990471062,-0.9999999999999997,XAU_USD,Corto
2013-12-13 10:45:00-05:00,2013-12-13 13:45:00-05:00,13,0.48021315485574456,2.631999999999789,0.5349486968225892,XAU_USD,Corto
2013-12-20 11:30:00-05:00,2013-12-20 15:45:00-05:00,18,0.3564987562371499,1.9419999999999618,0.4115706547289867,XAU_USD,Corto
2014-01-31 10:00:00-05:00,2014-01-31 10:15:00-05:00,2,0.967682450818129,3.589000000000124,1.0485698108753674,XAU_USD,Corto
2014-04-02 10:15:00-04:00,2014-04-02 14:00:00-04:00,16,0.41900537450545344,1.58799999999992,0.49816256112487556,XAU_USD,Corto
2014-04-24 10:30:00-04:00,2014-04-24 15:45:00-04:00,22,-0.5519052160987447,-4.32800000000002,-0.5136493092527136,XAU_USD,Corto
2014-06-05 11:15:00-04:00,2014-06-05 15:45:00-04:00,19,0.09566839589600529,0.4039999999999509,0.166709283937602,XAU_USD,Corto
2014-07-25 11:45:00-04:00,2014-07-25 13:00:00-04:00,6,-1.1026923612201267,-3.2213467918696095,-0.999999999999979,XAU_USD,Corto
2014-07-25 15:00:00-04:00,2014-07-25 15:45:00-04:00,4,-1.1193093480370597,-2.8144718744652435,-0.99999999999999,XAU_USD,Corto
2014-08-01 10:00:00-04:00,2014-08-01 15:45:00-04:00,24,0.026326442771701566,0.1420000000000073,0.08194568806402595,XAU_USD,Corto
2014-08-05 14:45:00-04:00,2014-08-05 15:45:00-04:00,5,0.8296158419988818,3.2720000000001166,0.9056808641870406,XAU_USD,Corto
2014-09-25 11:00:00-04:00,2014-09-25 15:45:00-04:00,20,-0.014325335022477695,-0.07899999999999635,0.04007467139199707,XAU_USD,Corto
2014-10-01 10:30:00-04:00,2014-10-01 15:45:00-04:00,22,0.049724267191804866,0.22799999999979265,0.11515093454950236,XAU_USD,Corto
2014-11-07 14:15:00-05:00,2014-11-07 15:45:00-05:00,7,-1.0470271605229335,-6.67929223589299,-1.0000000000000064,XAU_USD,Corto
2014-11-11 12:30:00-05:00,2014-11-11 14:00:00-05:00,7,-1.0581288788559444,-5.46094591714841,-1.0000000000000002,XAU_USD,Corto
2015-02-13 10:30:00-05:00,2015-02-13 12:00:00-05:00,7,0.8508562784647681,3.352000000000044,0.9270069000457427,XAU_USD,Corto
2015-02-23 10:45:00-05:00,2015-02-23 12:15:00-05:00,7,1.0924842120091045,6.265999999999804,1.144789552513851,XAU_USD,Corto
2015-02-27 09:45:00-05:00,2015-02-27 10:45:00-05:00,5,-1.0791844082081792,-4.0886246394778025,-0.9999999999999941,XAU_USD,Corto
2015-03-05 11:00:00-05:00,2015-03-05 12:00:00-05:00,5,0.9140990799042864,3.579999999999882,0.9906995614605141,XAU_USD,Corto
2015-03-18 13:15:00-04:00,2015-03-18 14:00:00-04:00,4,-1.084383921896676,-3.855179627315283,-1.0000000000000069,XAU_USD,Corto
2015-04-23 14:00:00-04:00,2015-04-23 15:45:00-04:00,8,0.037176654319353054,0.12200000000002548,0.12859465674397264,XAU_USD,Corto
2015-05-04 09:45:00-04:00,2015-05-04 10:15:00-04:00,3,-1.0738004037922668,-4.36501840890337,-1.0000000000000153,XAU_USD,Corto
2015-05-25 09:45:00-04:00,2015-05-25 11:30:00-04:00,8,-1.1816500859133754,-1.9515268819807716,-1.0000000000000289,XAU_USD,Corto
2015-06-30 12:30:00-04:00,2015-06-30 13:30:00-04:00,5,0.7351204922670491,3.4690000000000056,0.7986938989202963,XAU_USD,Corto
2015-07-06 14:30:00-04:00,2015-07-06 15:30:00-04:00,5,1.1046651093841364,3.0129999999998747,1.2146549974741645,XAU_USD,Corto
2015-07-08 10:00:00-04:00,2015-07-08 15:30:00-04:00,23,-0.054950723267882536,-0.2859999999998763,0.0026898955446065936,XAU_USD,Corto
2015-07-24 14:45:00-04:00,2015-07-24 15:45:00-04:00,5,-0.4343604295595614,-2.756000000000131,-0.38707881531142563,XAU_USD,Corto
2015-07-30 11:45:00-04:00,2015-07-30 13:00:00-04:00,6,0.6384889070272822,2.8660000000001675,0.705323056402081,XAU_USD,Corto
2015-07-31 10:15:00-04:00,2015-07-31 15:45:00-04:00,23,0.036732053310277304,0.212000000000171,0.0887113740323259,XAU_USD,Corto
2015-08-06 10:15:00-04:00,2015-08-06 12:15:00-04:00,9,-1.1078856736508427,-3.080721386334562,-1.000000000000003,XAU_USD,Corto
2015-09-08 11:45:00-04:00,2015-09-08 13:30:00-04:00,8,1.3166993713366006,4.064000000000033,1.4138966674490459,XAU_USD,Corto
2015-09-10 09:45:00-04:00,2015-09-10 15:30:00-04:00,24,0.30486597089387796,0.9869999999998071,0.3975303997370201,XAU_USD,Corto
2015-11-19 10:00:00-05:00,2015-11-19 11:30:00-05:00,7,-1.0714658773542152,-4.49780755664965,-1.000000000000027,XAU_USD,Corto
2015-11-19 12:00:00-05:00,2015-11-19 13:15:00-05:00,6,0.9475490616953934,4.2950000000000275,1.0137340951083424,XAU_USD,Corto
2015-11-30 11:00:00-05:00,2015-11-30 13:00:00-05:00,9,-1.1075140085227164,-3.09033406085432,-0.9999999999999732,XAU_USD,Corto
2015-11-30 15:00:00-05:00,2015-11-30 15:45:00-05:00,4,0.006760761273538733,0.018999999999959993,0.11350962348753298,XAU_USD,Corto
2015-12-03 14:00:00-05:00,2015-12-03 15:45:00-05:00,8,-0.34249486757748443,-1.5300000000000182,-0.2753390111897432,XAU_USD,Corto
2015-12-18 11:00:00-05:00,2015-12-18 15:45:00-05:00,20,-0.36960893612704643,-1.7939999999999146,-0.30780142172452735,XAU_USD,Corto
2016-12-07 10:15:00-05:00,2016-12-07 13:45:00-05:00,15,0.6699819078892295,2.4450000000001184,0.7521882769553887,XAU_USD,Corto
2016-12-12 13:30:00-05:00,2016-12-12 15:45:00-05:00,10,0.31780317508534633,1.2289999999999963,0.3953792145691577,XAU_USD,Corto
2016-12-23 11:15:00-05:00,2016-12-23 11:45:00-05:00,3,0.331184750209519,0.8599999999998544,0.4467143142361149,XAU_USD,Corto
2017-01-27 15:15:00-05:00,2017-01-27 15:45:00-05:00,3,-0.3208541379033296,-0.9259999999999764,-0.2169057130966327,XAU_USD,Corto
2018-06-29 13:15:00-04:00,2018-06-29 15:00:00-04:00,8,0.5445646894560311,1.4509999999999763,0.6571555969934618,XAU_USD,Corto
2018-07-03 12:30:00-04:00,2018-07-03 15:45:00-04:00,14,0.1587259793709838,0.47599999999983994,0.2587633613275198,XAU_USD,Corto
2018-07-19 14:15:00-04:00,2018-07-19 15:45:00-04:00,7,0.1763322064904756,0.8859999999999217,0.23603837121637553,XAU_USD,Corto
2018-07-31 13:00:00-04:00,2018-07-31 15:45:00-04:00,12,0.3217934595310753,1.202999999999929,0.4020412050500514,XAU_USD,Corto
2018-08-03 11:45:00-04:00,2018-08-03 13:30:00-04:00,8,0.8307203836577989,2.5719999999998437,0.9276162293410628,XAU_USD,Corto
2018-09-05 09:45:00-04:00,2018-09-05 13:00:00-04:00,14,0.6087085226486637,1.5419999999998708,0.7271343052651451,XAU_USD,Corto
2018-09-28 13:30:00-04:00,2018-09-28 15:45:00-04:00,10,0.02306527311031476,0.06600000000021283,0.1279074236114074,XAU_USD,Corto
2018-11-14 14:30:00-05:00,2018-11-14 15:45:00-05:00,6,-0.11298960382286855,-0.5770000000000437,-0.05424284273645954,XAU_USD,Corto
2018-11-28 12:30:00-05:00,2018-11-28 15:45:00-05:00,14,-0.03746777215119202,-0.17200000000007093,0.027882993228767118,XAU_USD,Corto
2006-05-08 10:30:00-04:00,2006-05-08 15:45:00-04:00,22,-0.30809595672808837,-0.0007300000000000249,-0.24478856835930526,EUR_USD,Largo
2006-05-31 15:15:00-04:00,2006-05-31 15:45:00-04:00,3,-0.12493171482005155,-0.00033000000000006895,-0.06814457172003999,EUR_USD,Largo
2006-07-05 11:15:00-04:00,2006-07-05 14:45:00-04:00,15,0.499737949441345,0.0012299999999999369,0.5606816018122438,EUR_USD,Largo
2006-08-07 14:15:00-04:00,2006-08-07 15:45:00-04:00,7,0.0450803398965227,6.999999999988697e-05,0.14168106824637017,EUR_USD,Largo
2006-08-17 15:00:00-04:00,2006-08-17 15:45:00-04:00,4,-0.08208910525751639,-0.00015,0.0,EUR_USD,Largo
2006-09-25 11:15:00-04:00,2006-09-25 15:00:00-04:00,16,0.6628620274482382,0.001250000000000068,0.7424054707420225,EUR_USD,Largo
2006-11-03 10:00:00-05:00,2006-11-03 10:00:00-05:00,1,-1.0584971080511285,-0.0027142293268377525,-0.9999999999999634,EUR_USD,Largo
2006-11-13 10:45:00-05:00,2006-11-13 15:45:00-05:00,21,-0.5091367550413778,-0.0008700000000000539,-0.4213545558963181,EUR_USD,Largo
2006-11-20 11:15:00-05:00,2006-11-20 11:45:00-05:00,3,-1.121348486968114,-0.0013861093553587832,-0.9999999999999417,EUR_USD,Largo
2006-11-20 12:15:00-05:00,2006-11-20 15:45:00-05:00,15,-0.1312336145281802,-0.00016999999999990897,-0.015439248767959199,EUR_USD,Largo
2006-12-20 12:45:00-05:00,2006-12-20 15:45:00-05:00,13,-0.06159175042367268,-0.000130000000000091,0.009475653911284507,EUR_USD,Largo
2007-01-03 10:45:00-05:00,2007-01-03 11:30:00-05:00,4,-1.0580707704729033,-0.002733055102912679,-1.000000000000038,EUR_USD,Largo
2007-03-01 12:15:00-05:00,2007-03-01 14:45:00-05:00,11,0.5464972835909558,0.0012499999999998459,0.6120769576218786,EUR_USD,Largo
2007-03-22 13:00:00-04:00,2007-03-22 15:45:00-04:00,12,0.16488278092090444,0.0003199999999999705,0.24217158447758552,EUR_USD,Largo
2007-03-23 11:00:00-04:00,2007-03-23 15:45:00-04:00,20,-0.20238328387948423,-0.00041999999999999243,-0.13010353963680998,EUR_USD,Largo
2007-04-06 12:30:00-04:00,2007-04-06 15:45:00-04:00,14,-0.0088804148243526,-9.999999999970997e-06,0.12432580754132273,EUR_USD,Largo
2007-07-05 10:00:00-04:00,2007-07-05 10:15:00-04:00,2,-1.0857017867333918,-0.001900255224744146,-1.0000000000000144,EUR_USD,Largo
2007-07-05 11:00:00-04:00,2007-07-05 15:45:00-04:00,20,-0.12428569305691953,-0.00026000000000005446,-0.05258240860101944,EUR_USD,Largo
2007-07-23 13:45:00-04:00,2007-07-23 15:45:00-04:00,9,-0.04040268649620711,-5.0000000000011e-05,0.08080537299238755,EUR_USD,Largo
2007-08-07 09:45:00-04:00,2007-08-07 11:30:00-04:00,8,-1.0875028311677293,-0.001864230248305304,-1.0000000000000395,EUR_USD,Largo
2007-08-07 12:15:00-04:00,2007-08-07 15:00:00-04:00,12,0.5323631338327859,0.0008899999999999299,0.622087257512476,EUR_USD,Largo
2007-08-27 11:00:00-04:00,2007-08-27 13:00:00-04:00,9,0.5454581722482735,0.0007599999999999664,0.6531143904551744,EUR_USD,Largo
2007-08-31 11:30:00-04:00,2007-08-31 15:45:00-04:00,18,-0.6879379634980144,-0.0016800000000000313,-0.6265149310428357,EUR_USD,Largo
2007-10-19 11:15:00-04:00,2007-10-19 14:15:00-04:00,13,1.258262963287634,0.0027499999999999027,1.3268954885578712,EUR_USD,Largo
2007-12-31 13:15:00-05:00,2007-12-31 15:45:00-05:00,11,0.09018058850935921,0.000289999999999996,0.13682572049695946,EUR_USD,Largo
2008-02-01 10:30:00-05:00,2008-02-01 15:45:00-05:00,22,-0.6460799436197375,-0.0029700000000000447,-0.613449643436923,EUR_USD,Largo
2008-03-07 10:15:00-05:00,2008-03-07 15:45:00-05:00,23,-0.1408970718921172,-0.0006600000000000104,-0.10887501009845471,EUR_USD,Largo
2008-03-11 10:45:00-04:00,2008-03-11 15:45:00-04:00,21,-0.052326139028551544,-0.00027000000000011997,-0.02325606179048027,EUR_USD,Largo
2008-03-19 12:45:00-04:00,2008-03-19 14:30:00-04:00,8,-1.027856902517346,-0.005534661841231209,-1.0000000000000093,EUR_USD,Largo
2008-04-10 13:00:00-04:00,2008-04-10 15:45:00-04:00,12,-0.16238637097196598,-0.0007500000000001559,-0.12990909677757956,EUR_USD,Largo
2008-04-15 14:15:00-04:00,2008-04-15 15:45:00-04:00,7,0.45562771717997114,0.0012299999999999369,0.511192072933629,EUR_USD,Largo
2008-04-23 11:30:00-04:00,2008-04-23 15:45:00-04:00,18,-0.03348552064240656,-0.000130000000000091,0.005151618560343185,EUR_USD,Largo
2008-05-19 12:00:00-04:00,2008-05-19 15:45:00-04:00,16,-0.28791872081401126,-0.0009300000000000029,-0.24148021745691284,EUR_USD,Largo
2008-05-27 15:15:00-04:00,2008-05-27 15:45:00-04:00,3,-0.43198170582018125,-0.0009499999999999119,-0.3637740680590937,EUR_USD,Largo
2008-06-09 10:45:00-04:00,2008-06-09 12:45:00-04:00,9,-1.033298747112655,-0.004654673989460528,-1.0,EUR_USD,Largo
2008-06-09 13:45:00-04:00,2008-06-09 15:45:00-04:00,9,-0.5862469897378817,-0.0026699999999998556,-0.5533117655953023,EUR_USD,Largo
2009-06-24 13:00:00-04:00,2009-06-24 14:15:00-04:00,6,-1.0306569017435065,-0.00504286233993913,-1.0000000000000036,EUR_USD,Largo
2009-06-30 11:30:00-04:00,2009-06-30 15:45:00-04:00,18,0.23008710419184852,0.001029999999999959,0.2635949348994006,EUR_USD,Largo
2009-07-28 09:45:00-04:00,2009-07-28 10:00:00-04:00,2,-1.0462711938765292,-0.0033917577208012637,-0.9999999999999796,EUR_USD,Largo
2009-07-28 10:45:00-04:00,2009-07-28 11:15:00-04:00,3,-1.0431541850162134,-0.0036259085345639206,-1.0000000000000018,EUR_USD,Largo
2009-08-14 10:30:00-04:00,2009-08-14 11:15:00-04:00,4,-1.0536568294224196,-0.0029455434865345463,-0.9999999999999797,EUR_USD,Largo
2009-08-28 15:15:00-04:00,2009-08-28 15:45:00-04:00,3,0.2462495799407618,0.0007299999999999919,0.2968488086957134,EUR_USD,Largo
2009-09-24 11:00:00-04:00,2009-09-24 13:30:00-04:00,11,-1.0364421783941289,-0.00426610959086306,-1.0000000000000038,EUR_USD,Largo
2009-10-20 12:00:00-04:00,2009-10-20 15:45:00-04:00,16,0.6988783368482964,0.0024099999999998957,0.7423769885193541,EUR_USD,Largo
2009-11-11 11:30:00-05:00,2009-11-11 15:45:00-05:00,18,0.12857977067636045,0.000389999999999985,0.17803352862880867,EUR_USD,Largo
2009-11-16 12:45:00-05:00,2009-11-16 13:45:00-05:00,5,0.5485482899595893,0.00209000000000002,0.5879177844542962,EUR_USD,Largo
2009-11-26 12:15:00-05:00,2009-11-26 15:45:00-05:00,15,0.4699323339019995,0.0015299999999999038,0.5160041313433749,EUR_USD,Largo
2009-12-02 11:30:00-05:00,2009-12-02 15:45:00-05:00,18,-0.4619179389600741,-0.0012100000000000609,-0.4046553845435389,EUR_USD,Largo
2009-12-03 09:45:00-05:00,2009-12-03 11:30:00-05:00,8,0.24778325597138678,0.0008299999999999809,0.29256336247224085,EUR_USD,Largo
2010-01-13 12:00:00-05:00,2010-01-13 15:00:00-05:00,13,0.5648667444106183,0.0019499999999999908,0.6083180324422046,EUR_USD,Largo
2010-11-05 12:45:00-04:00,2010-11-05 15:45:00-04:00,13,-0.5725626037890544,-0.0028099999999998846,-0.5419987637291392,EUR_USD,Largo
2011-01-04 11:45:00-05:00,2011-01-04 15:45:00-05:00,17,-0.6973483013569095,-0.0026500000000001687,-0.6578757559970869,EUR_USD,Largo
2011-01-28 11:30:00-05:00,2011-01-28 13:30:00-05:00,9,-1.0349370043008852,-0.004443441953639343,-0.9999999999999772,EUR_USD,Largo
2011-01-28 14:00:00-05:00,2011-01-28 15:45:00-05:00,8,0.03364389801037527,0.00011999999999999248,0.07569877052334698,EUR_USD,Largo
2011-02-25 10:30:00-05:00,2011-02-25 15:45:00-05:00,22,0.31277513377824406,0.0009299999999999699,0.3632227360005431,EUR_USD,Largo
2011-03-01 15:15:00-05:00,2011-03-01 15:45:00-05:00,3,-0.09562523331479302,-0.00024999999999998895,-0.038250093325914676,EUR_USD,Largo
2011-03-22 10:15:00-04:00,2011-03-22 13:30:00-04:00,14,0.6957956145697125,0.0016299999999998928,0.7598258858491381,EUR_USD,Largo
2011-04-15 10:00:00-04:00,2011-04-15 11:30:00-04:00,7,0.7875066028524759,0.0026499999999999137,0.8320824482969571,EUR_USD,Largo
2011-04-22 12:00:00-04:00,2011-04-22 13:00:00-04:00,5,0.9129994089475276,0.0011299999999999479,1.034194020754727,EUR_USD,Largo
2011-04-25 11:45:00-04:00,2011-04-25 12:45:00-04:00,5,0.6755635645428308,0.0017900000000000528,0.7321750364318932,EUR_USD,Largo
2011-06-08 11:45:00-04:00,2011-06-08 15:45:00-04:00,17,-0.20051746560035777,-0.0006700000000000759,-0.155625495689835,EUR_USD,Largo
2011-07-05 14:45:00-04:00,2011-07-05 15:45:00-04:00,5,0.0158764851187688,4.9999999999977986e-05,0.06350594047509617,EUR_USD,Largo
2011-07-22 10:15:00-04:00,2011-07-22 11:45:00-04:00,7,0.8483790104739246,0.003159999999999924,0.8886501660343967,EUR_USD,Largo
2011-07-27 13:45:00-04:00,2011-07-27 15:45:00-04:00,9,0.20469946214663434,0.000670000000000043,0.25052769994065405,EUR_USD,Largo
2011-08-18 10:30:00-04:00,2011-08-18 14:30:00-04:00,17,0.7497985774541972,0.0036500000000000256,0.7806122176235476,EUR_USD,Largo
2012-12-24 13:00:00-05:00,2012-12-24 13:00:00-05:00,1,-0.03301952847378094,-5.0000000000011e-05,0.06603905694754007,EUR_USD,Largo
2012-12-27 11:15:00-05:00,2012-12-27 15:00:00-05:00,16,0.3645146397254969,0.0009299999999999699,0.42330732355219186,EUR_USD,Largo
2013-01-15 14:15:00-05:00,2013-01-15 15:45:00-05:00,7,0.6182200511885521,0.0020000000000000963,0.6645865550276913,EUR_USD,Largo
2013-04-15 14:45:00-04:00,2013-04-15 15:45:00-04:00,5,-0.812446583073787,-0.0016000000000001733,-0.7362797159106278,EUR_USD,Largo
2013-06-13 10:45:00-04:00,2013-06-13 11:15:00-04:00,3,1.230836432420433,0.003560000000000102,1.282697518056124,EUR_USD,Largo
2013-07-24 14:15:00-04:00,2013-07-24 15:45:00-04:00,7,0.5036010630513654,0.0011400000000000134,0.5698643608212811,EUR_USD,Largo
2013-07-29 10:15:00-04:00,2013-07-29 12:00:00-04:00,8,0.6260529846419964,0.0011699999999999879,0.7063161878012276,EUR_USD,Largo
2013-07-30 11:00:00-04:00,2013-07-30 14:45:00-04:00,16,0.48460484421651684,0.001110000000000039,0.5500919853268547,EUR_USD,Largo
2013-08-05 10:30:00-04:00,2013-08-05 12:15:00-04:00,8,0.78477459408843,0.0014500000000000459,0.8659581727872305,EUR_USD,Largo
2013-08-09 09:45:00-04:00,2013-08-09 11:15:00-04:00,7,-1.1097860839757658,-0.0015162933822566891,-0.9999999999999776,EUR_USD,Largo
2013-08-09 12:45:00-04:00,2013-08-09 15:45:00-04:00,13,-0.07227754192681848,-9.999999999989447e-05,0.036138770963523636,EUR_USD,Largo
2013-08-21 11:45:00-04:00,2013-08-21 14:00:00-04:00,10,-1.077331299180353,-0.0020897061938670745,-0.999999999999961,EUR_USD,Largo
2013-08-21 14:45:00-04:00,2013-08-21 15:15:00-04:00,3,0.5670546216394826,0.0013299999999999259,0.6310081503958188,EUR_USD,Largo
2013-09-12 09:45:00-04:00,2013-09-12 10:15:00-04:00,3,0.23287874896298225,0.000489999999999974,0.30416816191083773,EUR_USD,Largo
2013-10-04 14:30:00-04:00,2013-10-04 15:45:00-04:00,6,-0.12655389358089345,-0.00022999999999985795,-0.04401874559330328,EUR_USD,Largo
2013-10-07 10:45:00-04:00,2013-10-07 11:00:00-04:00,2,0.7044319006503228,0.001150000000000079,0.7963143224742717,EUR_USD,Largo
2013-10-28 10:00:00-04:00,2013-10-28 13:15:00-04:00,14,0.2842433280190645,0.000410000000000116,0.3882347894894245,EUR_USD,Largo
2013-11-29 15:00:00-05:00,2013-11-29 15:45:00-05:00,4,-0.024735127244678558,-2.9999999999879976e-05,0.09894050897920903,EUR_USD,Largo
2013-12-27 14:30:00-05:00,2013-12-27 15:45:00-05:00,6,-0.14805894977429074,-0.00034999999999997793,-0.08460511415673357,EUR_USD,Largo
2014-02-11 10:00:00-05:00,2014-02-11 10:15:00-05:00,2,0.8897211742838482,0.0015900000000000749,0.9736571341219431,EUR_USD,Largo
2014-03-03 13:30:00-05:00,2014-03-03 15:45:00-05:00,10,-0.480107075366222,-0.0009100000000000939,-0.40096854645971003,EUR_USD,Largo
2014-03-13 13:30:00-04:00,2014-03-13 13:45:00-04:00,2,-1.0688411573613537,-0.002328929084712955,-0.9999999999999806,EUR_USD,Largo
2014-07-02 10:00:00-04:00,2014-07-02 14:15:00-04:00,18,0.13010731394729386,0.00014999999999996697,0.26021462789461636,EUR_USD,Largo
2016-04-12 11:00:00-04:00,2016-04-12 11:45:00-04:00,4,0.7548332346087409,0.0021199999999999943,0.8082412464914349,EUR_USD,Largo
2016-05-03 12:30:00-04:00,2016-05-03 15:45:00-04:00,14,-0.5023914000819939,-0.0011800000000000864,-0.4385280865122536,EUR_USD,Largo
2016-06-09 10:45:00-04:00,2016-06-09 14:15:00-04:00,15,0.8473344039255953,0.0016900000000000638,0.9225415995402904,EUR_USD,Largo
2016-06-20 12:00:00-04:00,2016-06-20 15:45:00-04:00,16,-0.5953156976567585,-0.0012599999999999443,-0.524444781269046,EUR_USD,Largo
2016-10-03 10:45:00-04:00,2016-10-03 15:45:00-04:00,21,-0.354334246228607,-0.0004499999999999669,-0.23622283081906265,EUR_USD,Largo
2017-05-26 09:45:00-04:00,2017-05-26 15:45:00-04:00,25,-0.06926670244516002,-0.000130000000000091,0.010656415760737892,EUR_USD,Largo
2017-07-03 09:45:00-04:00,2017-07-03 15:45:00-04:00,25,-0.25446611142397485,-0.0003699999999998869,-0.15130417436016974,EUR_USD,Largo
2017-07-12 10:45:00-04:00,2017-07-12 15:45:00-04:00,21,0.21901911228562798,0.0006599999999999774,0.26879618325963606,EUR_USD,Largo
2017-07-27 11:15:00-04:00,2017-07-27 11:45:00-04:00,3,-1.0672925575165004,-0.0023790726573024333,-0.9999999999999927,EUR_USD,Largo
2017-07-27 12:45:00-04:00,2017-07-27 14:30:00-04:00,8,1.001723813601815,0.0020800000000001763,1.0739635116980935,EUR_USD,Largo
2017-08-14 10:45:00-04:00,2017-08-14 13:00:00-04:00,10,0.511314358817449,0.000850000000000112,0.6015463044911046,EUR_USD,Largo
2017-08-30 11:00:00-04:00,2017-08-30 12:00:00-04:00,5,0.47458223147695,0.001210000000000028,0.5334147395112813,EUR_USD,Largo
2017-09-11 10:00:00-04:00,2017-09-11 11:45:00-04:00,8,-1.0849182227979466,-0.001916405313932129,-0.9999999999999819,EUR_USD,Largo
2017-09-11 13:00:00-04:00,2017-09-11 15:15:00-04:00,10,-1.090208359287152,-0.0018128170735555336,-1.0000000000000597,EUR_USD,Largo
2017-10-12 10:30:00-04:00,2017-10-12 14:00:00-04:00,15,0.4650882549702555,0.000630000000000003,0.5758235537726968,EUR_USD,Largo
2017-11-20 11:00:00-05:00,2017-11-20 14:30:00-05:00,15,-1.0865687601445906,-0.0018827266758750958,-0.9999999999999813,EUR_USD,Largo
2017-12-01 09:45:00-05:00,2017-12-01 11:15:00-05:00,7,1.7121275812684662,0.0033500000000000587,1.7887900102804857,EUR_USD,Largo
2018-01-03 10:45:00-05:00,2018-01-03 11:15:00-05:00,3,0.7159148686825303,0.00101000000000005,0.8222388590809206,EUR_USD,Largo
2018-01-25 15:00:00-05:00,2018-01-25 15:45:00-05:00,4,0.2739300356072851,0.0014500000000000459,0.30226762549769304,EUR_USD,Largo
2018-01-29 10:15:00-05:00,2018-01-29 11:15:00-05:00,5,-1.0608782512896648,-0.002613934111483601,-1.0000000000000289,EUR_USD,Largo
2018-01-29 12:00:00-05:00,2018-01-29 13:00:00-05:00,5,0.6783227582016375,0.0018099999999999618,0.7345373514227688,EUR_USD,Largo
2018-01-31 14:30:00-05:00,2018-01-31 15:45:00-05:00,6,0.4641358295647386,0.0013699999999999659,0.5149536211229229,EUR_USD,Largo
2018-02-02 11:00:00-05:00,2018-02-02 12:30:00-05:00,7,1.0524967307514943,0.003159999999999924,1.1024570186036233,EUR_USD,Largo
2018-02-16 10:30:00-05:00,2018-02-16 13:45:00-05:00,14,-1.0593829389923257,-0.002675978042606569,-1.0000000000000224,EUR_USD,Largo
2018-02-16 14:45:00-05:00,2018-02-16 15:45:00-05:00,5,-0.5266999907020344,-0.0012100000000000609,-0.461406603424926,EUR_USD,Largo
2018-03-07 11:00:00-05:00,2018-03-07 13:45:00-05:00,12,0.44011264361133834,0.0009799999999998534,0.507476823755941,EUR_USD,Largo
2018-04-11 14:30:00-04:00,2018-04-11 15:45:00-04:00,6,0.16295974187455137,0.00030999999999990497,0.2418112298783907,EUR_USD,Largo
2005-12-22 10:45:00-05:00,2005-12-22 15:45:00-05:00,21,-0.023292432612386088,-6.000000000007651e-05,0.03493864891850487,EUR_USD,Corto
2006-02-17 11:00:00-05:00,2006-02-17 12:30:00-05:00,7,1.6497996694120136,0.0042499999999999595,1.7080278930383206,EUR_USD,Corto
2006-03-24 11:00:00-05:00,2006-03-24 11:45:00-05:00,4,-1.0595207325555736,-0.0026701302732613673,-0.9999999999999979,EUR_USD,Corto
2006-03-24 14:00:00-05:00,2006-03-24 15:45:00-05:00,8,-0.11768318504550594,-0.00023000000000008,-0.040933281754985285,EUR_USD,Corto
2008-09-12 11:45:00-04:00,2008-09-12 15:45:00-04:00,17,-0.7291399775871271,-0.004079999999999989,-0.7023333607640709,EUR_USD,Corto
2008-09-29 14:45:00-04:00,2008-09-29 15:45:00-04:00,5,0.2693223970917853,0.00213000000000006,0.288288763084164,EUR_USD,Corto
2008-10-07 10:00:00-04:00,2008-10-07 11:15:00-04:00,6,0.9581329649434002,0.007259999999999917,0.9779291005827269,EUR_USD,Corto
2008-10-27 13:15:00-04:00,2008-10-27 15:45:00-04:00,11,-0.2862716799836975,-0.0021899999999998197,-0.26666403066974403,EUR_USD,Corto
2009-01-08 10:15:00-05:00,2009-01-08 13:45:00-05:00,15,0.7018323861920192,0.005970000000000125,0.7194663657445821,EUR_USD,Corto
2009-01-23 14:15:00-05:00,2009-01-23 15:45:00-05:00,7,0.0168757855312269,0.00011999999999999248,0.037970517445261844,EUR_USD,Corto
2009-02-02 13:00:00-05:00,2009-02-02 15:45:00-05:00,12,0.35925662959815047,0.0020400000000001363,0.3856725582450715,EUR_USD,Corto
2009-02-03 10:00:00-05:00,2009-02-03 10:00:00-05:00,1,-1.0307404377774227,-0.0050295661625284925,-1.0000000000000049,EUR_USD,Corto
2009-02-03 11:00:00-05:00,2009-02-03 11:15:00-05:00,2,-1.0268971653577517,-0.00572679584464732,-0.9999999999999828,EUR_USD,Corto
2009-02-06 10:30:00-05:00,2009-02-06 13:30:00-05:00,13,-1.0252817277765374,-0.00608313879992019,-0.999999999999999,EUR_USD,Corto
2009-02-19 10:15:00-05:00,2009-02-19 11:45:00-05:00,7,0.7263682395549281,0.003260000000000135,0.7597900910681903,EUR_USD,Corto
2009-03-04 12:00:00-05:00,2009-03-04 14:45:00-05:00,12,-1.034208388767692,-0.00453488936203818,-0.9999999999999822,EUR_USD,Corto
2009-04-22 10:45:00-04:00,2009-04-22 15:45:00-04:00,21,0.4581660779464891,0.0019299999999998598,0.4937748404811929,EUR_USD,Corto
2010-02-18 10:00:00-05:00,2010-02-18 11:30:00-05:00,7,1.205975917534703,0.0045300000000000175,1.245908894936514,EUR_USD,Corto
2010-02-19 12:45:00-05:00,2010-02-19 13:15:00-05:00,3,-1.043486314842788,-0.0035993610355876835,-1.000000000000003,EUR_USD,Corto
2010-02-24 11:15:00-05:00,2010-02-24 12:45:00-05:00,7,0.5552848333540866,0.0024300000000000268,0.5895616749191533,EUR_USD,Corto
2010-02-25 14:15:00-05:00,2010-02-25 15:45:00-05:00,7,-0.1971892609412594,-0.0007599999999999994,-0.15827032786074766,EUR_USD,Corto
2010-04-08 11:15:00-04:00,2010-04-08 15:45:00-04:00,19,0.03097688359511894,9.000000000001799e-05,0.08260502292030684,EUR_USD,Corto
2010-04-23 15:00:00-04:00,2010-04-23 15:45:00-04:00,4,0.42088186670271127,0.0011800000000000534,0.4743837989106806,EUR_USD,Corto
2010-05-17 10:00:00-04:00,2010-05-17 10:45:00-04:00,4,0.6291059371405634,0.0030500000000000917,0.6600455733933771,EUR_USD,Corto
2010-05-19 11:00:00-04:00,2010-05-19 15:45:00-04:00,20,-0.6456081929578358,-0.004920000000000163,-0.6259250163432682,EUR_USD,Corto
2010-05-27 12:30:00-04:00,2010-05-27 15:45:00-04:00,14,-0.25509261791551174,-0.0013900000000001298,-0.22756463756491951,EUR_USD,Corto
2010-06-01 11:00:00-04:00,2010-06-01 15:30:00-04:00,19,0.6032877977911435,0.0035299999999999056,0.6289232566207962,EUR_USD,Corto
2010-06-08 12:15:00-04:00,2010-06-08 13:30:00-04:00,6,0.5115635137550495,0.0022099999999999178,0.5462850192135383,EUR_USD,Corto
2010-06-09 10:15:00-04:00,2010-06-09 11:00:00-04:00,4,-1.0438267681919975,-0.0035725658470394826,-1.000000000000013,EUR_USD,Corto
2010-06-09 11:45:00-04:00,2010-06-09 13:45:00-04:00,9,1.2641245397315144,0.0045499999999999265,1.3057989751072794,EUR_USD,Corto
2010-08-24 11:00:00-04:00,2010-08-24 15:45:00-04:00,20,0.18453131857544974,0.0007299999999999919,0.2224487128032823,EUR_USD,Corto
2010-08-31 09:45:00-04:00,2010-08-31 12:30:00-04:00,12,0.9099740544761211,0.0026300000000000047,0.961873715377801,EUR_USD,Corto
2011-10-04 11:30:00-04:00,2011-10-04 12:00:00-04:00,3,-1.028698521442164,-0.005376750106352984,-1.0000000000000007,EUR_USD,Corto
2011-10-04 12:30:00-04:00,2011-10-04 14:00:00-04:00,7,1.0265634613017898,0.0051500000000000825,1.0564633679416473,EUR_USD,Corto
2011-11-11 10:00:00-05:00,2011-11-11 10:30:00-05:00,3,-1.041395974774709,-0.0037735407141957942,-0.9999999999999948,EUR_USD,Corto
2011-11-21 12:30:00-05:00,2011-11-21 15:00:00-05:00,11,0.4789379887970972,0.0019299999999998598,0.5161611485481696,EUR_USD,Corto
2012-01-12 09:45:00-05:00,2012-01-12 10:00:00-05:00,2,-1.041254371375385,-0.0037859783217887464,-0.9999999999999795,EUR_USD,Corto
2012-02-16 11:00:00-05:00,2012-02-16 11:30:00-05:00,3,-1.046702284751265,-0.003361834298874061,-0.9999999999999691,EUR_USD,Corto
2012-02-16 14:00:00-05:00,2012-02-16 14:30:00-05:00,3,-1.0462024483294141,-0.003396581196962861,-0.9999999999999776,EUR_USD,Corto
2012-03-12 12:45:00-04:00,2012-03-12 15:45:00-04:00,13,-0.07819769785971875,-0.00017999999999997448,-0.013032949643277225,EUR_USD,Corto
2012-03-15 13:45:00-04:00,2012-03-15 15:45:00-04:00,9,0.7698594945341531,0.001990000000000031,0.8278891046749175,EUR_USD,Corto
2012-04-09 14:15:00-04:00,2012-04-09 15:45:00-04:00,7,0.20630673718110687,0.0003800000000001415,0.2877436071209871,EUR_USD,Corto
2012-04-16 12:00:00-04:00,2012-04-16 13:30:00-04:00,7,-1.0547160685051453,-0.0028914250346948776,-1.0000000000000295,EUR_USD,Corto
2012-05-04 10:15:00-04:00,2012-05-04 10:30:00-04:00,2,0.49032114781863145,0.0011299999999999479,0.5554080258476564,EUR_USD,Corto
2012-06-01 10:30:00-04:00,2012-06-01 14:15:00-04:00,16,-1.0304829908299933,-0.005070776994510323,-1.0000000000000198,EUR_USD,Corto
2012-07-16 14:30:00-04:00,2012-07-16 15:45:00-04:00,6,0.19200356077175457,0.000389999999999985,0.2658510841455092,EUR_USD,Corto
2012-08-10 11:15:00-04:00,2012-08-10 15:45:00-04:00,19,-0.022455880794661813,-6.000000000007651e-05,0.03368382119192113,EUR_USD,Corto
2013-05-21 12:00:00-04:00,2013-05-21 15:45:00-04:00,16,0.09383806428957958,0.0002600000000000215,0.14797540907202486,EUR_USD,Corto
2014-08-01 09:45:00-04:00,2014-08-01 10:30:00-04:00,4,-1.0689993573324394,-0.0023239332915415854,-0.9999999999999846,EUR_USD,Corto
2014-08-01 11:00:00-04:00,2014-08-01 15:45:00-04:00,20,0.1975216488820843,0.00047999999999990845,0.2592471641577474,EUR_USD,Corto
2014-08-06 12:45:00-04:00,2014-08-06 15:45:00-04:00,13,-0.47273175081526697,-0.0006899999999999849,-0.36996397889890237,EUR_USD,Corto
2014-08-21 11:15:00-04:00,2014-08-21 15:45:00-04:00,19,0.007125252741287311,9.999999999937983e-06,0.11400404386125981,EUR_USD,Corto
2014-09-12 13:15:00-04:00,2014-09-12 14:15:00-04:00,5,1.2132154733544451,0.0025499999999999247,1.2845810894341205,EUR_USD,Corto
2014-09-18 11:15:00-04:00,2014-09-18 15:45:00-04:00,19,-0.2609752722648174,-0.0006499999999999449,-0.20075020943446986,EUR_USD,Corto
2014-10-06 12:15:00-04:00,2014-10-06 13:00:00-04:00,4,-1.0793058013399388,-0.0020414127020428495,-1.000000000000023,EUR_USD,Corto
2014-10-06 13:30:00-04:00,2014-10-06 14:00:00-04:00,3,-1.078672454685039,-0.002056639377156072,-1.0000000000000107,EUR_USD,Corto
2014-10-24 09:45:00-04:00,2014-10-24 10:00:00-04:00,2,-1.0786149470148616,-0.0020580341041473047,-1.0000000000000433,EUR_USD,Corto
2014-10-24 10:30:00-04:00,2014-10-24 12:30:00-04:00,9,0.4215961177204775,0.0009199999999999044,0.49033461517491034,EUR_USD,Corto
2014-11-04 11:15:00-05:00,2014-11-04 15:45:00-05:00,19,0.25151347283795006,0.0006199999999999374,0.31236350658907314,EUR_USD,Corto
2014-11-07 10:15:00-05:00,2014-11-07 13:45:00-05:00,15,-1.04009824017381,-0.0038908125481266374,-0.9999999999999958,EUR_USD,Corto
2014-11-11 14:45:00-05:00,2014-11-11 15:45:00-05:00,5,0.05289889128394903,0.00011999999999999248,0.11902250538888945,EUR_USD,Corto
2014-12-04 09:45:00-05:00,2014-12-04 10:30:00-05:00,4,-1.03380078404496,-0.004587766881400851,-1.0000000000000229,EUR_USD,Corto
2014-12-08 12:00:00-05:00,2014-12-08 12:30:00-05:00,3,-1.0820311989610736,-0.0019785725662896545,-1.0000000000000342,EUR_USD,Corto
2014-12-08 14:30:00-05:00,2014-12-08 15:45:00-05:00,6,0.8436580408659315,0.0016199999999998273,0.921774526131304,EUR_USD,Corto
2015-01-19 11:00:00-05:00,2015-01-19 13:00:00-05:00,9,0.8276190393470231,0.002010000000000162,0.8893816542236617,EUR_USD,Corto
2015-01-21 09:45:00-05:00,2015-01-21 09:45:00-05:00,1,-1.0470590198758412,-0.0033374867006522755,-0.9999999999999925,EUR_USD,Corto
2015-01-21 10:30:00-05:00,2015-01-21 10:45:00-05:00,2,0.6502933586386158,0.0027100000000000847,0.6862874559802354,EUR_USD,Corto
2015-01-27 10:15:00-05:00,2015-01-27 10:30:00-05:00,2,-1.036481224450012,-0.004261704096049662,-1.0000000000000049,EUR_USD,Corto
2015-01-27 11:15:00-05:00,2015-01-27 12:45:00-05:00,7,1.2642160384090517,0.005680000000000002,1.2976020253388683,EUR_USD,Corto
2015-01-29 10:45:00-05:00,2015-01-29 11:30:00-05:00,4,1.160402505438731,0.00376000000000008,1.2066951585812327,EUR_USD,Corto
2015-03-16 10:30:00-04:00,2015-03-16 12:45:00-04:00,10,-1.0449991893229578,-0.0034833933845671737,-1.0000000000000095,EUR_USD,Corto
2015-03-18 13:45:00-04:00,2015-03-18 14:00:00-04:00,2,-1.0548786726512542,-0.002883302260300663,-0.9999999999999908,EUR_USD,Corto
2015-04-14 11:15:00-04:00,2015-04-14 15:30:00-04:00,18,0.7241172198251047,0.0030499999999998697,0.7597295421115867,EUR_USD,Corto
2015-04-15 14:00:00-04:00,2015-04-15 15:45:00-04:00,8,-0.3400856690366235,-0.0015699999999999768,-0.30759340766369725,EUR_USD,Corto
2015-06-29 11:45:00-04:00,2015-06-29 13:30:00-04:00,8,-1.0330400564091704,-0.004689943822804426,-0.9999999999999836,EUR_USD,Corto
2015-07-21 11:30:00-04:00,2015-07-21 12:45:00-04:00,6,-1.048965857109786,-0.003213359018992129,-0.9999999999999821,EUR_USD,Corto
2015-08-05 10:00:00-04:00,2015-08-05 10:15:00-04:00,2,1.64409377481261,0.0044899999999999775,1.699018956599223,EUR_USD,Corto
2015-09-09 15:00:00-04:00,2015-09-09 15:45:00-04:00,4,-0.4521869813292917,-0.0010700000000000319,-0.38879628301210317,EUR_USD,Corto
2015-09-23 14:00:00-04:00,2015-09-23 15:45:00-04:00,8,0.3614063138781693,0.0011199999999998824,0.40980894520114347,EUR_USD,Corto
2015-10-01 10:30:00-04:00,2015-10-01 14:45:00-04:00,18,0.09193120203163102,0.00020999999999991596,0.15759634633996517,EUR_USD,Corto
2015-10-30 10:30:00-04:00,2015-10-30 12:30:00-04:00,9,0.7169294431637079,0.0023699999999998557,0.7623047243766036,EUR_USD,Corto
2015-11-12 10:00:00-05:00,2015-11-12 15:45:00-05:00,24,-1.0466811389603399,-0.0033632892071763397,-0.9999999999999878,EUR_USD,Corto
2015-12-01 10:30:00-05:00,2015-12-01 15:45:00-05:00,22,-0.4389375915390846,-0.0008300000000000139,-0.35961152077901043,EUR_USD,Corto
2016-01-13 11:00:00-05:00,2016-01-13 14:15:00-05:00,14,-1.0563022390256094,-0.002814192447690672,-1.0000000000000369,EUR_USD,Corto
2016-03-03 12:15:00-05:00,2016-03-03 13:45:00-05:00,7,-1.0590400503819408,-0.002690648238434695,-0.9999999999999902,EUR_USD,Corto
2016-07-18 12:00:00-04:00,2016-07-18 15:45:00-04:00,16,0.16514460777378873,0.000289999999999996,0.25056423248437026,EUR_USD,Corto
2016-08-09 10:45:00-04:00,2016-08-09 15:45:00-04:00,21,-0.3338328443585042,-0.0005199999999999814,-0.23753490848585532,EUR_USD,Corto
2016-10-26 10:00:00-04:00,2016-10-26 10:15:00-04:00,2,0.5759060494885878,0.00105000000000009,0.6581783422726647,EUR_USD,Corto
2016-10-28 11:00:00-04:00,2016-10-28 13:00:00-04:00,9,-1.0675022415056972,-0.0023721484302455962,-0.9999999999999765,EUR_USD,Corto
2016-11-29 13:30:00-05:00,2016-11-29 15:45:00-05:00,10,-0.1685939083460301,-0.00039000000000001794,-0.10375009744371383,EUR_USD,Corto
2016-12-12 13:00:00-05:00,2016-12-12 15:45:00-05:00,12,0.26211748376814603,0.000630000000000003,0.32452640847484715,EUR_USD,Corto
2016-12-21 10:00:00-05:00,2016-12-21 11:30:00-05:00,7,0.8618568743400005,0.0015900000000000749,0.9431641266362231,EUR_USD,Corto
2016-12-22 10:30:00-05:00,2016-12-22 11:30:00-05:00,5,1.0887290682300803,0.0026300000000000047,1.1508238820074612,EUR_USD,Corto
2017-02-08 10:15:00-05:00,2017-02-08 11:00:00-05:00,4,-1.0856381742436552,-0.0019015553236020498,-1.000000000000018,EUR_USD,Corto
2017-02-08 11:30:00-05:00,2017-02-08 13:30:00-05:00,9,0.7197926549401862,0.0015000000000001514,0.7917719204341975,EUR_USD,Corto
2017-02-15 12:00:00-05:00,2017-02-15 15:45:00-05:00,16,-0.3123742493990788,-0.0007300000000000249,-0.24818775979653057,EUR_USD,Corto
2017-03-01 12:00:00-05:00,2017-03-01 14:30:00-05:00,11,0.5763610422504105,0.0011299999999999479,0.6528691452040083,EUR_USD,Corto
2017-04-11 11:15:00-04:00,2017-04-11 12:15:00-04:00,5,0.6773170086316816,0.0009100000000000609,0.7889626693951381,EUR_USD,Corto
2018-06-21 09:45:00-04:00,2018-06-21 10:30:00-04:00,4,-1.0506240218472036,-0.003113020213067713,-1.0000000000000147,EUR_USD,Corto
2018-06-21 11:00:00-04:00,2018-06-21 15:45:00-04:00,20,-0.18237926508951766,-0.0006300000000000359,-0.13895563054439689,EUR_USD,Corto
2018-07-18 13:00:00-04:00,2018-07-18 15:30:00-04:00,11,0.5323962490677556,0.0009100000000000609,0.6201538725404567,EUR_USD,Corto
2018-07-19 14:00:00-04:00,2018-07-19 15:45:00-04:00,8,0.5814633157838777,0.0017099999999999728,0.632468869800008,EUR_USD,Corto
2018-08-13 10:15:00-04:00,2018-08-13 12:00:00-04:00,8,1.0390325705496608,0.0024600000000000012,1.1023882150953719,EUR_USD,Corto
2018-09-05 09:45:00-04:00,2018-09-05 15:45:00-04:00,25,-0.5024566603007294,-0.0012100000000000609,-0.4401686445609727,EUR_USD,Corto
2018-09-10 09:45:00-04:00,2018-09-10 15:30:00-04:00,24,0.17164940191354297,0.0002800000000001525,0.2636044386528909,EUR_USD,Corto
2018-10-04 09:45:00-04:00,2018-10-04 10:15:00-04:00,3,-1.079269869888073,-0.0020422700417165483,-0.9999999999999849,EUR_USD,Corto
2018-10-04 10:45:00-04:00,2018-10-04 12:00:00-04:00,6,0.9744622950705397,0.0020399999999999143,1.0461139344139647,EUR_USD,Corto
2018-10-05 09:45:00-04:00,2018-10-05 11:00:00-04:00,6,0.919992826133472,0.0021900000000000088,0.9830060334028876,EUR_USD,Corto
2018-10-10 11:15:00-04:00,2018-10-10 11:45:00-04:00,3,-1.0804078198631075,-0.0020154902005217355,-0.9999999999999722,EUR_USD,Corto
2018-10-19 12:30:00-04:00,2018-10-19 15:45:00-04:00,14,0.21207919204078352,0.0005000000000000395,0.27570294965301356,EUR_USD,Corto
2018-10-26 12:45:00-04:00,2018-10-26 15:45:00-04:00,13,-0.3918930544488988,-0.0008199999999999484,-0.3202053005862909,EUR_USD,Corto
2018-11-13 09:45:00-05:00,2018-11-13 11:00:00-05:00,6,-1.0850656099124223,-0.0019133447894433995,-0.9999999999999449,EUR_USD,Corto
2018-11-13 12:15:00-05:00,2018-11-13 13:30:00-05:00,6,0.814017927001246,0.0015800000000000093,0.8912981099444017,EUR_USD,Corto
2018-11-14 10:15:00-05:00,2018-11-14 12:45:00-05:00,11,1.3254864254221381,0.003220000000000095,1.3872326874759626,EUR_USD,Corto
2018-11-28 12:45:00-05:00,2018-11-28 13:00:00-05:00,2,-1.05111049969848,-0.0030848177162193955,-0.9999999999999757,EUR_USD,Corto
2019-01-03 10:30:00-05:00,2019-01-03 15:45:00-05:00,22,-0.2744152602077351,-0.0006899999999999849,-0.21475976885822617,EUR_USD,Corto
2019-01-23 11:00:00-05:00,2019-01-23 15:45:00-05:00,20,-0.30465538400507536,-0.0004799999999999414,-0.2094505765034777,EUR_USD,Corto
2019-02-12 12:00:00-05:00,2019-02-12 13:00:00-05:00,5,-1.1100773367592605,-0.0015126783170450629,-0.9999999999999416,EUR_USD,Corto
2019-02-12 14:00:00-05:00,2019-02-12 15:45:00-05:00,8,-0.12645053955440033,-0.00017999999999997448,-0.021075089925718465,EUR_USD,Corto
2019-03-08 10:45:00-05:00,2019-03-08 12:00:00-05:00,6,-1.0983473754045938,-0.0016752059283021868,-1.0000000000000282,EUR_USD,Corto
2019-04-26 11:00:00-04:00,2019-04-26 14:45:00-04:00,16,0.5077160625658852,0.000890000000000152,0.5932861854702333,EUR_USD,Corto
2019-04-29 13:30:00-04:00,2019-04-29 15:45:00-04:00,10,-0.47737746978577134,-0.0005499999999999559,-0.34718361438964146,EUR_USD,Corto
2019-05-03 10:45:00-04:00,2019-05-03 11:00:00-04:00,2,-1.085571935022225,-0.0019029111613630021,-0.999999999999941,EUR_USD,Corto
2019-05-03 11:45:00-04:00,2019-05-03 15:45:00-04:00,17,-0.8013482854597794,-0.0014400000000000133,-0.7178745057243865,EUR_USD,Corto
2019-05-21 11:30:00-04:00,2019-05-21 14:15:00-04:00,12,0.38701874690110744,0.000610000000000094,0.4821872912210372,EUR_USD,Corto
2019-05-31 11:00:00-04:00,2019-05-31 11:15:00-04:00,2,-0.22527447135888304,-0.00041000000000014896,-0.14285698183737042,EUR_USD,Corto
2019-06-19 14:45:00-04:00,2019-06-19 15:45:00-04:00,5,0.27323454594653734,0.0005199999999999485,0.3520522034311232,EUR_USD,Corto
2019-07-10 09:45:00-04:00,2019-07-10 11:30:00-04:00,8,-1.1062277844221513,-0.001562059950378186,-0.9999999999999537,EUR_USD,Corto
2019-07-25 10:15:00-04:00,2019-07-25 12:15:00-04:00,9,0.9579578742591703,0.0024899999999999757,1.0156661799374342,EUR_USD,Corto
2019-07-29 12:15:00-04:00,2019-07-29 15:45:00-04:00,15,-0.7406548251759913,-0.0008100000000001049,-0.6034965242174922,EUR_USD,Corto
2019-08-01 14:30:00-04:00,2019-08-01 15:45:00-04:00,6,-0.8852145576299896,-0.0015400000000000023,-0.7989923604582375,EUR_USD,Corto
2019-09-03 10:30:00-04:00,2019-09-03 15:45:00-04:00,22,-0.3709774524909521,-0.0007099999999998939,-0.29260193435904913,EUR_USD,Corto
2019-09-24 13:45:00-04:00,2019-09-24 14:15:00-04:00,3,0.5755084490772542,0.0007499999999999009,0.6906101388927202,EUR_USD,Corto
2019-10-01 13:30:00-04:00,2019-10-01 15:45:00-04:00,10,-0.681669392346135,-0.0010199999999999263,-0.5814238934716962,EUR_USD,Corto
2019-10-02 10:15:00-04:00,2019-10-02 12:45:00-04:00,11,-1.1128104139908512,-0.0014796644759417386,-0.9999999999999432,EUR_USD,Corto
2019-11-14 12:45:00-05:00,2019-11-14 13:45:00-05:00,5,-1.158815562232272,-0.0010944918236711785,-1.0000000000001117,EUR_USD,Corto
2019-11-14 14:15:00-05:00,2019-11-14 15:45:00-05:00,7,0.14180713593323915,0.000130000000000058,0.30543075431767286,EUR_USD,Corto
2020-01-10 12:45:00-05:00,2020-01-10 15:45:00-05:00,13,-0.05509450898615777,-6.999999999991998e-05,0.0629651531271724,EUR_USD,Corto
2020-01-13 11:45:00-05:00,2020-01-13 15:45:00-05:00,17,0.008561879915220238,9.999999999937983e-06,0.13699007864432028,EUR_USD,Corto
2020-01-29 15:15:00-05:00,2020-01-29 15:45:00-05:00,3,0.3452163239505147,0.000389999999999985,0.47799183316225624,EUR_USD,Corto
2020-02-20 09:45:00-05:00,2020-02-20 11:00:00-05:00,6,0.7608741953604341,0.0010199999999998934,0.872767459384039,EUR_USD,Corto
2020-04-21 10:15:00-04:00,2020-04-21 13:00:00-04:00,12,0.8593899824153716,0.001970000000000122,0.9248257678784668,EUR_USD,Corto
2020-04-24 10:45:00-04:00,2020-04-24 12:30:00-04:00,8,0.6770786596915874,0.0017099999999999728,0.7364715245768153,EUR_USD,Corto
2020-05-07 14:30:00-04:00,2020-05-07 15:45:00-04:00,6,-0.24841964394951013,-0.0004900000000000069,-0.17237281416904893,EUR_USD,Corto
2006-01-05 11:00:00-05:00,2006-01-05 11:15:00-05:00,2,0.77404768074775,0.26899999999999946,0.8603727009054918,WTICO_USD,Largo
2006-01-09 11:00:00-05:00,2006-01-09 11:30:00-05:00,3,-1.076608541159719,-0.42160124374974717,-0.9999999999999992,WTICO_USD,Largo
2006-01-09 12:45:00-05:00,2006-01-09 13:00:00-05:00,2,-1.0636613233072683,-0.5012437386072708,-1.0000000000000064,WTICO_USD,Largo
2006-01-09 13:45:00-05:00,2006-01-09 15:45:00-05:00,6,0.22584887998739875,0.11199999999999591,0.2863441156983113,WTICO_USD,Largo
2006-03-03 10:45:00-05:00,2006-03-03 12:30:00-05:00,8,1.3534712894736742,0.4650000000000045,1.4407920178268137,WTICO_USD,Largo
2006-03-06 14:15:00-05:00,2006-03-06 15:45:00-05:00,4,-0.22701344973002985,-0.11399999999999608,-0.1672730682221252,WTICO_USD,Largo
2006-03-20 11:00:00-05:00,2006-03-20 11:30:00-05:00,3,-1.1105678834010544,-0.3013265288002589,-0.9999999999999996,WTICO_USD,Largo
2006-03-31 11:45:00-05:00,2006-03-31 14:00:00-05:00,10,1.4195458054037207,0.516999999999997,1.501917902429082,WTICO_USD,Largo
2006-04-11 12:00:00-04:00,2006-04-11 13:00:00-04:00,5,0.8719885520239069,0.3690000000000009,0.9428819302372325,WTICO_USD,Largo
2006-04-20 11:45:00-04:00,2006-04-20 13:00:00-04:00,6,0.819597710478416,0.4140000000000026,0.8789888489188805,WTICO_USD,Largo
2006-04-24 10:45:00-04:00,2006-04-24 10:45:00-04:00,1,-1.0900674026374875,-0.363083880754856,-1.0000000000000124,WTICO_USD,Largo
2006-04-24 11:15:00-04:00,2006-04-24 11:15:00-04:00,1,-1.073238925342373,-0.43961824412025297,-0.9999999999999936,WTICO_USD,Largo
2006-04-24 11:45:00-04:00,2006-04-24 13:15:00-04:00,7,-1.0633446742610946,-0.5035994043689971,-1.000000000000005,WTICO_USD,Largo
2006-04-25 11:00:00-04:00,2006-04-25 11:00:00-04:00,1,-1.0599840000121656,-0.5301333687970231,-1.0000000000000095,WTICO_USD,Largo
2006-04-25 12:45:00-04:00,2006-04-25 14:00:00-04:00,6,0.1893912918463523,0.11999999999999147,0.23673911480794374,WTICO_USD,Largo
2006-05-03 12:00:00-04:00,2006-05-03 12:30:00-04:00,3,-1.0663974229759143,-0.48182476450750644,-0.9999999999999954,WTICO_USD,Largo
2006-05-03 14:00:00-04:00,2006-05-03 15:15:00-04:00,3,-1.190085250615017,-0.6509999999999951,-1.135242612337827,WTICO_USD,Largo
2006-06-06 10:15:00-04:00,2006-06-06 13:45:00-04:00,15,0.8273051655134264,0.32200000000000384,0.9043832865239931,WTICO_USD,Largo
2006-06-22 11:00:00-04:00,2006-06-22 11:15:00-04:00,2,0.7300016143734989,0.24900000000001057,0.817953616105242,WTICO_USD,Largo
2006-07-06 11:30:00-04:00,2006-07-06 12:30:00-04:00,5,1.357044252007657,0.41899999999999804,1.4542073249437666,WTICO_USD,Largo
2006-07-07 13:15:00-04:00,2006-07-07 13:30:00-04:00,2,-1.0590903718338798,-0.5376969236941551,-1.0000000000000084,WTICO_USD,Largo
2006-07-07 14:30:00-04:00,2006-07-07 15:45:00-04:00,6,-0.44364282787840725,-0.25899999999999923,-0.39225562773805106,WTICO_USD,Largo
2006-07-14 11:45:00-04:00,2006-07-14 12:30:00-04:00,4,0.9482000328757795,0.45000000000000395,1.0114133684008308,WTICO_USD,Largo
2006-08-03 09:45:00-04:00,2006-08-03 10:00:00-04:00,2,-1.1011801964884553,-0.3265007090435563,-0.9999999999999797,WTICO_USD,Largo
2006-08-03 10:30:00-04:00,2006-08-03 13:00:00-04:00,11,0.4905673418598263,0.17199999999999818,0.576131413114448,WTICO_USD,Largo
2007-04-30 10:15:00-04:00,2007-04-30 11:15:00-04:00,5,0.7165724334987887,0.2580000000000109,0.7998948094870165,WTICO_USD,Largo
2007-05-16 10:15:00-04:00,2007-05-16 10:30:00-04:00,2,-1.113955977478992,-0.29325955569579665,-0.9999999999999988,WTICO_USD,Largo
2007-05-16 10:45:00-04:00,2007-05-16 11:45:00-04:00,5,-1.0911672219722357,-0.3590656373091281,-0.9999999999999902,WTICO_USD,Largo
2007-05-21 10:30:00-04:00,2007-05-21 12:15:00-04:00,8,1.6445713810218214,0.5740000000000134,1.730524589089162,WTICO_USD,Largo
2007-05-22 09:45:00-04:00,2007-05-22 10:45:00-04:00,5,-1.0957560719089703,-0.3432960594761869,-0.9999999999999964,WTICO_USD,Largo
2007-05-22 11:30:00-04:00,2007-05-22 13:45:00-04:00,10,-1.0778044210178102,-0.4155822022392346,-0.99999999999999,WTICO_USD,Largo
2007-05-22 14:15:00-04:00,2007-05-22 15:45:00-04:00,7,-0.04255193175929467,-0.017999999999999544,0.028367954506198237,WTICO_USD,Largo
2007-06-08 09:45:00-04:00,2007-06-08 11:45:00-04:00,9,-1.0897929390859333,-0.3641019940475434,-0.9999999999999998,WTICO_USD,Largo
2007-06-20 13:00:00-04:00,2007-06-20 14:30:00-04:00,7,1.562676581607704,0.7560000000000013,1.624687557068327,WTICO_USD,Largo
2007-06-21 12:30:00-04:00,2007-06-21 15:45:00-04:00,14,0.19348079883436914,0.10100000000000023,0.25095034304259745,WTICO_USD,Largo
2007-06-26 10:30:00-04:00,2007-06-26 11:45:00-04:00,6,-1.0748633589337189,-0.4307300824768123,-1.0000000000000009,WTICO_USD,Largo
2007-07-02 10:45:00-04:00,2007-07-02 11:00:00-04:00,2,-1.0881504672220377,-0.3703271808468276,-1.0000000000000182,WTICO_USD,Largo
2007-07-02 11:30:00-04:00,2007-07-02 12:30:00-04:00,5,0.597661240548524,0.23000000000000512,0.6756170545331124,WTICO_USD,Largo
2007-07-12 13:00:00-04:00,2007-07-12 15:45:00-04:00,12,0.544214045793314,0.2909999999999979,0.6003185865967489,WTICO_USD,Largo
2007-07-17 12:45:00-04:00,2007-07-17 13:45:00-04:00,5,1.059505208113454,0.5909999999999951,1.1132871983730206,WTICO_USD,Largo
2007-07-19 11:30:00-04:00,2007-07-19 12:45:00-04:00,6,1.230335367156906,0.49899999999999634,1.3043034253026122,WTICO_USD,Largo
2007-07-23 10:30:00-04:00,2007-07-23 10:30:00-04:00,1,-1.0813420972472354,-0.39881271832480425,-0.9999999999999836,WTICO_USD,Largo
2007-07-23 11:00:00-04:00,2007-07-23 14:45:00-04:00,16,0.3372525861263069,0.1400000000000017,0.40952099743908604,WTICO_USD,Largo
2007-08-01 13:15:00-04:00,2007-08-01 15:45:00-04:00,11,0.19960215245180543,0.1509999999999974,0.2392582092303105,WTICO_USD,Largo
2007-09-19 12:30:00-04:00,2007-09-19 13:45:00-04:00,6,0.6922969292938518,0.38400000000000145,0.7463826268949337,WTICO_USD,Largo
2007-10-01 10:30:00-04:00,2007-10-01 11:15:00-04:00,4,-1.063434110917272,-0.5029316698255133,-1.0000000000000044,WTICO_USD,Largo
2007-10-05 09:45:00-04:00,2007-10-05 10:00:00-04:00,2,-1.0697037627097585,-0.4603928343857706,-1.0000000000000133,WTICO_USD,Largo
2007-10-19 09:45:00-04:00,2007-10-19 09:45:00-04:00,1,-1.064534639200198,-0.49486662623057387,-1.0000000000000069,WTICO_USD,Largo
2007-10-19 10:15:00-04:00,2007-10-19 10:30:00-04:00,2,-1.0571170685183315,-0.5552370399641109,-0.9999999999999923,WTICO_USD,Largo
2007-10-19 11:15:00-04:00,2007-10-19 13:15:00-04:00,9,-1.0490343676328524,-0.6418157824452055,-0.9999999999999991,WTICO_USD,Largo
2007-11-01 10:45:00-04:00,2007-11-01 13:45:00-04:00,13,-1.0278681163196917,-1.106499023322782,-0.9999999999999943,WTICO_USD,Largo
2007-11-07 10:45:00-05:00,2007-11-07 10:45:00-05:00,1,-1.0352437204862426,-0.8812154672123984,-1.0000000000000002,WTICO_USD,Largo
2007-11-07 13:15:00-05:00,2007-11-07 15:45:00-05:00,11,-0.03885579111165699,-0.04600000000000534,-0.013515057777970595,WTICO_USD,Largo
2007-11-19 10:45:00-05:00,2007-11-19 12:30:00-05:00,8,0.9655960754958963,0.656000000000007,1.0097544326069887,WTICO_USD,Largo
2007-11-22 13:00:00-05:00,2007-11-22 15:00:00-05:00,9,-1.174054590691826,-0.34600000000000253,-1.0722579498803968,WTICO_USD,Largo
2007-11-26 11:30:00-05:00,2007-11-26 13:15:00-05:00,8,0.829457973165024,0.6130000000000007,0.8700513486869664,WTICO_USD,Largo
2007-12-13 09:45:00-05:00,2007-12-13 10:15:00-05:00,3,-1.0421416306464892,-0.7418851249885694,-0.9999999999999974,WTICO_USD,Largo
2007-12-13 11:15:00-05:00,2007-12-13 13:15:00-05:00,9,-1.0332254581194653,-0.9329220873983377,-0.9999999999999932,WTICO_USD,Largo
2007-12-14 10:00:00-05:00,2007-12-14 13:30:00-05:00,15,0.5838310628450659,0.4659999999999951,0.621416753586165,WTICO_USD,Largo
2007-12-18 11:45:00-05:00,2007-12-18 11:45:00-05:00,1,-1.0441255481251557,-0.7098782400370556,-1.0000000000000018,WTICO_USD,Largo
2007-12-24 10:45:00-05:00,2007-12-24 11:30:00-05:00,4,0.9062748854487821,0.4199999999999886,0.9710088058379825,WTICO_USD,Largo
2007-12-31 11:15:00-05:00,2007-12-31 13:15:00-05:00,9,0.8434535270076521,0.6299999999999966,0.8836179806746833,WTICO_USD,Largo
2008-01-04 11:30:00-05:00,2008-01-04 15:45:00-05:00,18,0.38762500341592565,0.2600000000000062,0.4323509653485314,WTICO_USD,Largo
2008-01-29 10:15:00-05:00,2008-01-29 11:00:00-05:00,4,0.6114042508471941,0.37000000000000566,0.6609775684834522,WTICO_USD,Largo
2008-02-15 12:45:00-05:00,2008-02-15 14:15:00-05:00,7,0.9342310204283634,0.6389999999999969,0.9780916317160802,WTICO_USD,Largo
2008-02-21 10:45:00-05:00,2008-02-21 11:15:00-05:00,3,0.6039697588135294,0.46099999999999963,0.6432736476734121,WTICO_USD,Largo
2008-02-21 13:30:00-05:00,2008-02-21 15:45:00-05:00,10,-0.06725890944818107,-0.07099999999999682,-0.038839651934863856,WTICO_USD,Largo
2008-02-25 10:30:00-05:00,2008-02-25 10:45:00-05:00,2,0.9055421042870067,0.5409999999999979,0.9557570084064342,WTICO_USD,Largo
2008-03-11 10:45:00-04:00,2008-03-11 11:30:00-04:00,4,0.8641052761170216,0.8299999999999994,0.8953379969405284,WTICO_USD,Largo
2008-03-28 10:00:00-04:00,2008-03-28 11:45:00-04:00,8,-1.037232184498828,-0.8357544945004054,-0.9999999999999987,WTICO_USD,Largo
2008-03-28 12:15:00-04:00,2008-03-28 15:45:00-04:00,15,-0.00652404350861977,-0.005999999999999089,0.026096174034484027,WTICO_USD,Largo
2008-04-24 09:45:00-04:00,2008-04-24 10:45:00-04:00,5,1.2760809728633007,1.0330000000000024,1.3131404396453907,WTICO_USD,Largo
2008-04-24 13:30:00-04:00,2008-04-24 15:45:00-04:00,10,0.6144227919053327,0.7109999999999996,0.6403478042220134,WTICO_USD,Largo
2008-05-22 10:45:00-04:00,2008-05-22 12:30:00-04:00,8,-1.0205842413590063,-1.487425584784545,-0.9999999999999972,WTICO_USD,Largo
2008-06-09 15:00:00-04:00,2008-06-09 15:45:00-04:00,4,0.10003845582798805,0.16899999999998386,0.11779676159627164,WTICO_USD,Largo
2008-06-10 13:45:00-04:00,2008-06-10 15:45:00-04:00,9,-0.18881691896297187,-0.3920000000000232,-0.1743666445525412,WTICO_USD,Largo
2008-06-16 14:15:00-04:00,2008-06-16 15:45:00-04:00,7,-0.22129346451205506,-0.3809999999999991,-0.20386878226701133,WTICO_USD,Largo
2008-06-30 11:45:00-04:00,2008-06-30 14:00:00-04:00,10,0.9514554218673604,1.3780000000000154,0.9721692554348644,WTICO_USD,Largo
2008-07-15 10:30:00-04:00,2008-07-15 10:45:00-04:00,2,-1.022806695970093,-1.3454031622699734,-0.9999999999999927,WTICO_USD,Largo
2008-08-22 11:15:00-04:00,2008-08-22 13:00:00-04:00,8,-1.026570663710609,-1.159064758289175,-1.0000000000000013,WTICO_USD,Largo
2008-08-22 13:45:00-04:00,2008-08-22 13:45:00-04:00,1,-1.0247148349810153,-1.2438458550517584,-0.9999999999999949,WTICO_USD,Largo
2009-07-20 11:30:00-04:00,2009-07-20 12:30:00-04:00,5,0.5278785500017564,0.3059999999999985,0.5796313490215367,WTICO_USD,Largo
2009-07-21 13:30:00-04:00,2009-07-21 14:15:00-04:00,4,0.8233466153486111,0.5529999999999984,0.8680127970130929,WTICO_USD,Largo
2009-07-22 09:45:00-04:00,2009-07-22 11:00:00-04:00,6,1.711869951769477,0.928999999999996,1.7671510051097188,WTICO_USD,Largo
2009-07-23 09:45:00-04:00,2009-07-23 10:15:00-04:00,3,1.0426379833886332,0.5730000000000086,1.0972263594822782,WTICO_USD,Largo
2009-07-28 09:45:00-04:00,2009-07-28 10:00:00-04:00,2,-1.0584153127314413,-0.5435639714524985,-0.9999999999999976,WTICO_USD,Largo
2009-07-28 10:45:00-04:00,2009-07-28 14:30:00-04:00,16,0.5130838586141047,0.33099999999998997,0.5595869273706714,WTICO_USD,Largo
2009-08-06 10:30:00-04:00,2009-08-06 12:45:00-04:00,10,0.6737023445173382,0.5190000000000066,0.7126446765703631,WTICO_USD,Largo
2009-08-13 10:15:00-04:00,2009-08-13 11:00:00-04:00,4,1.0443760701594393,0.7590000000000015,1.085655756727006,WTICO_USD,Largo
2009-08-28 12:45:00-04:00,2009-08-28 13:15:00-04:00,3,0.8130311937464906,0.5789999999999946,0.855157162334392,WTICO_USD,Largo
2009-09-11 12:00:00-04:00,2009-09-11 12:15:00-04:00,2,-1.0390733103942005,-0.7977875178052745,-0.9999999999999978,WTICO_USD,Largo
2009-10-02 09:45:00-04:00,2009-10-02 10:00:00-04:00,2,0.9807829849926094,0.6080000000000052,1.0291768822784286,WTICO_USD,Largo
2009-10-07 13:00:00-04:00,2009-10-07 13:45:00-04:00,4,-1.0375637008159968,-0.8286433537778624,-0.9999999999999951,WTICO_USD,Largo
2009-10-08 09:45:00-04:00,2009-10-08 10:45:00-04:00,5,1.633408543850032,0.8890000000000111,1.6885291921239358,WTICO_USD,Largo
2009-10-20 10:45:00-04:00,2009-10-20 11:30:00-04:00,4,-1.0529086774336824,-0.5970147404007651,-1.0000000000000122,WTICO_USD,Largo
2009-10-20 12:00:00-04:00,2009-10-20 14:15:00-04:00,10,1.0580397830447241,0.6569999999999976,1.106352101905214,WTICO_USD,Largo
2009-10-23 10:30:00-04:00,2009-10-23 11:15:00-04:00,4,-1.0433664191513443,-0.7217795055962728,-0.9999999999999968,WTICO_USD,Largo
2009-10-30 10:45:00-04:00,2009-10-30 11:45:00-04:00,5,-1.0482712248472685,-0.6514882695626614,-0.9999999999999986,WTICO_USD,Largo
2009-12-21 13:30:00-05:00,2009-12-21 15:45:00-05:00,10,-0.6875540133975537,-0.41800000000000526,-0.6382080315747635,WTICO_USD,Largo
2010-01-11 10:30:00-05:00,2010-01-11 10:30:00-05:00,1,-1.065116055876692,-0.4907158648676233,-0.9999999999999971,WTICO_USD,Largo
2010-01-11 11:45:00-05:00,2010-01-11 14:15:00-05:00,11,0.5458496363040698,0.3229999999999944,0.5965477449391235,WTICO_USD,Largo
2010-01-12 13:45:00-05:00,2010-01-12 15:45:00-05:00,9,-0.2954290801330719,-0.18399999999999636,-0.24726129532876576,WTICO_USD,Largo
2010-04-08 10:00:00-04:00,2010-04-08 10:30:00-04:00,3,0.5532532964235014,0.26999999999999713,0.6147258849150022,WTICO_USD,Largo
2010-07-21 11:45:00-04:00,2010-07-21 14:00:00-04:00,10,-1.0450354099308676,-0.6961424875683224,-1.0000000000000104,WTICO_USD,Largo
2010-07-27 11:00:00-04:00,2010-07-27 11:00:00-04:00,1,-1.0594991472427335,-0.5342089070220044,-1.0,WTICO_USD,Largo
2010-08-05 09:45:00-04:00,2010-08-05 10:15:00-04:00,3,0.806884293855518,0.3299999999999994,0.880237411478747,WTICO_USD,Largo
2010-08-06 09:45:00-04:00,2010-08-06 10:00:00-04:00,2,0.32751919740504354,0.20999999999999489,0.37430765417719375,WTICO_USD,Largo
2010-08-06 13:45:00-04:00,2010-08-06 15:45:00-04:00,9,0.6783059600449624,0.47100000000000475,0.7215101613217111,WTICO_USD,Largo
2010-10-07 14:00:00-04:00,2010-10-07 15:45:00-04:00,8,-0.48551571142131605,-0.3649999999999938,-0.44561031048257704,WTICO_USD,Largo
2010-11-30 09:45:00-05:00,2010-11-30 10:00:00-05:00,2,0.5490880778080093,0.24899999999999636,0.6152432679053608,WTICO_USD,Largo
2010-11-30 15:00:00-05:00,2010-11-30 15:45:00-05:00,4,-0.41817534574690235,-0.23800000000001262,-0.3654641677115813,WTICO_USD,Largo
2010-12-07 11:00:00-05:00,2010-12-07 12:00:00-05:00,5,-1.0493639207701866,-0.6377313052109048,-0.9999999999999893,WTICO_USD,Largo
2010-12-07 12:30:00-05:00,2010-12-07 15:45:00-05:00,14,-0.8728114900562158,-0.5859999999999974,-0.8281283079714264,WTICO_USD,Largo
2010-12-10 10:45:00-05:00,2010-12-10 11:15:00-05:00,3,-1.0586197488914972,-0.5417729189786218,-0.9999999999999915,WTICO_USD,Largo
2010-12-13 13:00:00-05:00,2010-12-13 14:15:00-05:00,6,0.8024183245293491,0.43999999999999884,0.8571286648381685,WTICO_USD,Largo
2010-12-27 10:45:00-05:00,2010-12-27 12:00:00-05:00,6,0.489305384598494,0.18000000000000796,0.5708562820315727,WTICO_USD,Largo
2011-01-18 09:45:00-05:00,2011-01-18 10:15:00-05:00,3,1.1301050731619793,0.49499999999999145,1.198596289717252,WTICO_USD,Largo
2011-01-19 10:15:00-05:00,2011-01-19 10:15:00-05:00,1,-1.0711917550576566,-0.45139711228783486,-0.9999999999999986,WTICO_USD,Largo
2011-01-19 11:00:00-05:00,2011-01-19 15:45:00-05:00,20,-0.4935910987262966,-0.26199999999999934,-0.43707303398664415,WTICO_USD,Largo
2011-02-03 10:45:00-05:00,2011-02-03 15:30:00-05:00,20,0.5094165975869419,0.3329999999999995,0.5553099847569367,WTICO_USD,Largo
2011-02-22 10:15:00-05:00,2011-02-22 10:45:00-05:00,3,-1.0258027103836447,-1.1926685551227922,-1.0000000000000033,WTICO_USD,Largo
2011-02-22 11:00:00-05:00,2011-02-22 14:15:00-05:00,14,0.5777510480037163,0.7410000000000008,0.6011417786921259,WTICO_USD,Largo
2011-03-07 10:00:00-05:00,2011-03-07 13:00:00-05:00,13,0.974003253923426,0.8589999999999958,1.0080196655854783,WTICO_USD,Largo
2011-03-10 10:15:00-05:00,2011-03-10 10:15:00-05:00,1,-1.0353113522348034,-0.8795851362620215,-1.000000000000002,WTICO_USD,Largo
2011-03-25 10:15:00-04:00,2011-03-25 11:00:00-04:00,4,0.6276210508917539,0.33799999999999497,0.6833270613259341,WTICO_USD,Largo
2011-03-28 09:45:00-04:00,2011-03-28 10:45:00-04:00,5,1.5728676940913575,0.8249999999999897,1.6300628829674075,WTICO_USD,Largo
2011-03-30 11:00:00-04:00,2011-03-30 11:30:00-04:00,3,0.5081484698126212,0.25900000000000145,0.5670073659299129,WTICO_USD,Largo
2011-04-11 14:00:00-04:00,2011-04-11 14:30:00-04:00,3,-1.0376877798433086,-0.8260139898058145,-0.9999999999999942,WTICO_USD,Largo
2011-04-25 11:00:00-04:00,2011-04-25 14:00:00-04:00,13,0.882888333947751,0.6089999999999958,0.9263803701028129,WTICO_USD,Largo
2011-04-27 11:00:00-04:00,2011-04-27 11:45:00-04:00,4,1.8592063332026552,1.1059999999999957,1.9096368847361813,WTICO_USD,Largo
2011-07-08 11:45:00-04:00,2011-07-08 15:45:00-04:00,17,-0.06300196333748385,-0.05899999999999636,-0.030967066725201955,WTICO_USD,Largo
2011-07-20 13:30:00-04:00,2011-07-20 14:15:00-04:00,4,1.2139524906555959,0.9069999999999976,1.2541052742494967,WTICO_USD,Largo
2011-11-28 12:00:00-05:00,2011-11-28 12:30:00-05:00,3,-1.0417354399480618,-0.7488135559931652,-1.0000000000000073,WTICO_USD,Largo
2011-11-28 13:30:00-05:00,2011-11-28 15:45:00-05:00,10,0.025357063766063916,0.01999999999999716,0.0633926594151652,WTICO_USD,Largo
2011-12-05 14:30:00-05:00,2011-12-05 15:45:00-05:00,6,-0.11152111626272329,-0.07999999999999716,-0.06970069766420058,WTICO_USD,Largo
2011-12-28 12:00:00-05:00,2011-12-28 15:45:00-05:00,16,-0.3110873394783429,-0.2000000000000017,-0.26442423855659186,WTICO_USD,Largo
2011-12-30 10:00:00-05:00,2011-12-30 10:15:00-05:00,2,0.398806328701297,0.2299999999999909,0.45082454548842477,WTICO_USD,Largo
2012-01-06 10:45:00-05:00,2012-01-06 14:30:00-05:00,16,0.4334684978967531,0.3100000000000034,0.47541706220934166,WTICO_USD,Largo
2012-02-08 12:00:00-05:00,2012-02-08 15:00:00-05:00,13,0.456862904140882,0.31100000000000816,0.5009332807461107,WTICO_USD,Largo
2012-02-23 10:00:00-05:00,2012-02-23 11:30:00-05:00,7,1.3606662931678963,0.678999999999989,1.4207840969897485,WTICO_USD,Largo
2012-02-28 14:45:00-05:00,2012-02-28 15:45:00-05:00,5,-0.21945719447926879,-0.15899999999999068,-0.17805017665298922,WTICO_USD,Largo
2012-05-02 11:45:00-04:00,2012-05-02 15:45:00-04:00,17,0.4503565468137709,0.1819999999999891,0.5245911424424189,WTICO_USD,Largo
2013-02-13 14:30:00-05:00,2013-02-13 15:45:00-05:00,6,0.18978047639264597,0.07999999999999943,0.2609481550398887,WTICO_USD,Largo
2013-03-13 13:15:00-04:00,2013-03-13 15:45:00-04:00,11,-0.07445145554587247,-0.036000000000000226,-0.012408575924312472,WTICO_USD,Largo
2013-03-18 09:45:00-04:00,2013-03-18 10:15:00-04:00,3,0.7588445817222561,0.32099999999999906,0.8297646360888223,WTICO_USD,Largo
2013-04-02 09:45:00-04:00,2013-04-02 12:30:00-04:00,12,1.152674477770128,0.4350000000000034,1.232169269340481,WTICO_USD,Largo
2013-05-21 11:30:00-04:00,2013-05-21 12:45:00-04:00,6,1.0054390718712722,0.5880000000000092,1.0567369837014384,WTICO_USD,Largo
2013-06-07 09:45:00-04:00,2013-06-07 10:15:00-04:00,3,1.902680196710898,1.0259999999999974,1.9583141205913337,WTICO_USD,Largo
2013-06-19 11:30:00-04:00,2013-06-19 14:00:00-04:00,11,0.6084388880042962,0.20599999999999,0.6970464930534699,WTICO_USD,Largo
2013-07-11 11:15:00-04:00,2013-07-11 15:45:00-04:00,19,-0.22931057757374876,-0.13999999999999943,-0.18017259666508811,WTICO_USD,Largo
2013-07-16 11:15:00-04:00,2013-07-16 15:45:00-04:00,19,-0.5002895046416349,-0.24999999999999886,-0.44025476408463843,WTICO_USD,Largo
2013-07-22 11:30:00-04:00,2013-07-22 13:15:00-04:00,8,-1.0562340672100237,-0.5634844425881755,-1.0000000000000098,WTICO_USD,Largo
2013-07-22 13:45:00-04:00,2013-07-22 15:45:00-04:00,9,-0.4807025205410356,-0.2750000000000046,-0.42826224557292353,WTICO_USD,Largo
2013-08-13 10:45:00-04:00,2013-08-13 13:15:00-04:00,11,0.4951142334861,0.25499999999999656,0.5533629668374067,WTICO_USD,Largo
2014-04-01 10:45:00-04:00,2014-04-01 11:30:00-04:00,4,-1.08453523833273,-0.38488159247768183,-0.999999999999999,WTICO_USD,Largo
2014-04-16 13:00:00-04:00,2014-04-16 15:45:00-04:00,12,0.7160971309658978,0.2890000000000026,0.7904324732806962,WTICO_USD,Largo
2014-05-20 09:45:00-04:00,2014-05-20 10:00:00-04:00,2,-1.122514535042146,-0.27486890465425406,-0.9999999999999837,WTICO_USD,Largo
2014-05-20 10:45:00-04:00,2014-05-20 11:15:00-04:00,3,0.67704818524201,0.1959999999999991,0.7806780095137468,WTICO_USD,Largo
2014-05-27 10:15:00-04:00,2014-05-27 10:30:00-04:00,2,0.6508060774716581,0.19100000000000364,0.7530269273363145,WTICO_USD,Largo
2014-05-28 11:00:00-04:00,2014-05-28 13:45:00-04:00,12,-1.099194391988866,-0.33243645228816265,-0.9999999999999819,WTICO_USD,Largo
2014-06-10 14:00:00-04:00,2014-06-10 15:30:00-04:00,7,0.8332475555022362,0.2510000000000059,0.9328388967973218,WTICO_USD,Largo
2014-06-18 12:00:00-04:00,2014-06-18 15:45:00-04:00,16,0.06319961534815095,0.024000000000002047,0.14219913453333288,WTICO_USD,Largo
2014-06-19 10:00:00-04:00,2014-06-19 10:45:00-04:00,4,1.184595304766097,0.42300000000000293,1.2686091561679473,WTICO_USD,Largo
2014-06-23 13:00:00-04:00,2014-06-23 15:45:00-04:00,12,0.26664036956868603,0.08499999999999489,0.3607487352988162,WTICO_USD,Largo
2014-07-22 14:30:00-04:00,2014-07-22 15:45:00-04:00,6,0.28581757190521184,0.10700000000000046,0.36595333972910266,WTICO_USD,Largo
2016-05-26 11:15:00-04:00,2016-05-26 15:45:00-04:00,19,-0.23953363034694253,-0.08799999999999983,-0.15787443818321195,WTICO_USD,Largo
2016-06-09 09:45:00-04:00,2016-06-09 11:15:00-04:00,7,0.8343669479106186,0.2440000000000009,0.9369530480635632,WTICO_USD,Largo
2016-06-30 10:15:00-04:00,2016-06-30 12:00:00-04:00,8,-1.099769562185292,-0.3306929101712004,-1.0000000000000062,WTICO_USD,Largo
2016-08-24 12:00:00-04:00,2016-08-24 15:45:00-04:00,16,0.019596886322052823,0.00800000000000381,0.09308521002971591,WTICO_USD,Largo
2016-09-09 13:30:00-04:00,2016-09-09 15:45:00-04:00,10,-0.6917195775368914,-0.24000000000000085,-0.6052546303447803,WTICO_USD,Largo
2016-10-03 10:45:00-04:00,2016-10-03 11:45:00-04:00,5,0.5598559857049733,0.210000000000002,0.6398354122342544,WTICO_USD,Largo
2016-10-07 12:45:00-04:00,2016-10-07 15:45:00-04:00,13,-0.4396288486697317,-0.17999999999999858,-0.3663573738914425,WTICO_USD,Largo
2016-10-12 10:00:00-04:00,2016-10-12 15:00:00-04:00,21,0.08851053615534649,0.03400000000000006,0.16660806805712267,WTICO_USD,Largo
2016-10-14 10:30:00-04:00,2016-10-14 10:45:00-04:00,2,-1.0997489665086575,-0.330754995766269,-1.000000000000003,WTICO_USD,Largo
2016-10-14 12:15:00-04:00,2016-10-14 14:30:00-04:00,10,0.4328944805739568,0.15199999999999506,0.5183341806872406,WTICO_USD,Largo
2016-10-18 10:45:00-04:00,2016-10-18 14:00:00-04:00,14,0.6269231959189688,0.18999999999999886,0.7259110689588066,WTICO_USD,Largo
2016-10-20 09:45:00-04:00,2016-10-20 10:30:00-04:00,4,-1.1076179477258812,-0.30876391098268985,-0.9999999999999913,WTICO_USD,Largo
2016-10-20 11:30:00-04:00,2016-10-20 14:45:00-04:00,14,-1.0941722477336495,-0.348565190084982,-1.0000000000000002,WTICO_USD,Largo
2016-12-06 10:45:00-05:00,2016-12-06 12:30:00-05:00,8,0.653162642437474,0.2539999999999989,0.7303078364261524,WTICO_USD,Largo
2016-12-07 11:00:00-05:00,2016-12-07 13:30:00-05:00,11,0.4213859668187714,0.1960000000000062,0.485883818882867,WTICO_USD,Largo
2016-12-12 12:00:00-05:00,2016-12-12 14:30:00-05:00,11,-1.0630800239093328,-0.5055863764908952,-0.9999999999999972,WTICO_USD,Largo
2016-12-21 11:00:00-05:00,2016-12-21 12:15:00-05:00,6,-1.1025637802332389,-0.3225009192502444,-1.0000000000000075,WTICO_USD,Largo
2016-12-30 10:00:00-05:00,2016-12-30 12:00:00-05:00,9,0.09992052110452052,0.021999999999999603,0.23617577715614185,WTICO_USD,Largo
2017-01-05 11:45:00-05:00,2017-01-05 13:00:00-05:00,6,0.9613391709243138,0.4420000000000013,1.0265884359191766,WTICO_USD,Largo
2017-02-02 11:00:00-05:00,2017-02-02 11:30:00-05:00,3,0.6990113360296326,0.23800000000000068,0.7871220086384096,WTICO_USD,Largo
2017-02-16 10:45:00-05:00,2017-02-16 12:45:00-05:00,9,1.1174658344868955,0.35000000000000253,1.2132486203000572,WTICO_USD,Largo
2017-04-03 11:45:00-04:00,2017-04-03 14:15:00-04:00,11,0.7923743955641926,0.19799999999999443,0.9124311221648312,WTICO_USD,Largo
2017-04-05 11:45:00-04:00,2017-04-05 15:15:00-04:00,15,-1.095268719603472,-0.3448987424714989,-1.0000000000000093,WTICO_USD,Largo
2017-04-12 11:00:00-04:00,2017-04-12 11:45:00-04:00,4,-1.119120229201442,-0.2818463925154535,-0.9999999999999899,WTICO_USD,Largo
2017-04-12 12:45:00-04:00,2017-04-12 14:45:00-04:00,9,-1.110031081717938,-0.30265023238526,-0.9999999999999911,WTICO_USD,Largo
2017-04-12 15:15:00-04:00,2017-04-12 15:45:00-04:00,3,-0.0763781044144714,-0.02000000000000199,0.03818905220722431,WTICO_USD,Largo
2017-09-26 10:00:00-04:00,2017-09-26 11:15:00-04:00,6,0.7368663331042228,0.22099999999999767,0.836893437145521,WTICO_USD,Largo
2017-09-28 14:00:00-04:00,2017-09-28 15:45:00-04:00,8,0.13068979124975866,0.04399999999999807,0.21979646710187073,WTICO_USD,Largo
2017-10-11 11:30:00-04:00,2017-10-11 12:30:00-04:00,5,0.7775316846026024,0.229999999999998,0.8789488608551166,WTICO_USD,Largo
2017-10-17 12:00:00-04:00,2017-10-17 14:15:00-04:00,10,0.7241864908819116,0.2599999999999991,0.8077464705990555,WTICO_USD,Largo
2017-10-18 11:45:00-04:00,2017-10-18 13:15:00-04:00,7,0.5028276246511381,0.14899999999999494,0.6040680859902968,WTICO_USD,Largo
2017-11-01 11:15:00-04:00,2017-11-01 11:30:00-04:00,2,-1.1107790182720336,-0.3008094047767418,-1.000000000000004,WTICO_USD,Largo
2017-11-01 12:15:00-04:00,2017-11-01 13:45:00-04:00,7,-1.0986712209666503,-0.3340400200392668,-0.9999999999999978,WTICO_USD,Largo
2017-11-01 14:15:00-04:00,2017-11-01 15:45:00-04:00,7,0.036647494650038755,0.012999999999999262,0.12121863615013298,WTICO_USD,Largo
2017-11-07 10:15:00-05:00,2017-11-07 11:00:00-05:00,4,0.782103759745361,0.21099999999999966,0.8933033464390143,WTICO_USD,Largo
2017-11-08 11:00:00-05:00,2017-11-08 11:30:00-05:00,3,1.0559915038640704,0.27000000000000424,1.1733238931822985,WTICO_USD,Largo
2017-11-10 12:45:00-05:00,2017-11-10 15:45:00-05:00,13,0.10215416827665577,0.030999999999999944,0.20101304080245186,WTICO_USD,Largo
2017-11-13 12:00:00-05:00,2017-11-13 12:45:00-05:00,4,0.5591788903785094,0.1819999999999962,0.6513512349463976,WTICO_USD,Largo
2017-11-22 11:00:00-05:00,2017-11-22 11:15:00-05:00,2,0.4508188309803986,0.12699999999999648,0.5573114682198658,WTICO_USD,Largo
2017-11-27 10:45:00-05:00,2017-11-27 12:45:00-05:00,9,0.8512012036159285,0.2719999999999996,0.945083689308862,WTICO_USD,Largo
2017-12-12 10:45:00-05:00,2017-12-12 11:15:00-05:00,3,-1.0925264660496925,-0.3542315553680797,-1.0000000000000102,WTICO_USD,Largo
2017-12-18 12:45:00-05:00,2017-12-18 15:45:00-05:00,13,0.7041576383957447,0.21399999999999977,0.8028713260213165,WTICO_USD,Largo
2017-12-20 11:00:00-05:00,2017-12-20 11:15:00-05:00,2,0.6030786729581266,0.11500000000000313,0.7604035441645901,WTICO_USD,Largo
2017-12-21 10:00:00-05:00,2017-12-21 10:45:00-05:00,4,1.3407432671284025,0.23999999999999602,1.5083361755194555,WTICO_USD,Largo
2018-01-18 10:30:00-05:00,2018-01-18 10:45:00-05:00,2,-1.1548920107922769,-0.22368332715514214,-0.9999999999999927,WTICO_USD,Largo
2018-01-18 11:15:00-05:00,2018-01-18 11:30:00-05:00,2,0.29900917353418205,0.07199999999999676,0.42359632917343015,WTICO_USD,Largo
2018-01-25 15:00:00-05:00,2018-01-25 15:45:00-05:00,4,-0.3954464192224371,-0.16500000000000511,-0.3235470702729053,WTICO_USD,Largo
2018-01-29 10:00:00-05:00,2018-01-29 10:30:00-05:00,3,-1.1004783688446373,-0.3285717258845,-1.0000000000000084,WTICO_USD,Largo
2018-01-29 11:00:00-05:00,2018-01-29 11:30:00-05:00,3,-1.0889701840411092,-0.3671916145092513,-1.0000000000000187,WTICO_USD,Largo
2018-01-29 11:45:00-05:00,2018-01-29 13:30:00-05:00,8,1.1523829547883764,0.42499999999999827,1.2337276339499093,WTICO_USD,Largo
2018-02-27 12:15:00-05:00,2018-02-27 15:45:00-05:00,15,-0.09014072818178585,-0.040000000000005115,-0.022535182045455113,WTICO_USD,Largo
2018-03-19 11:15:00-04:00,2018-03-19 12:30:00-04:00,6,1.1717350894389202,0.4420000000000013,1.2512646203963127,WTICO_USD,Largo
2018-03-22 11:00:00-04:00,2018-03-22 15:45:00-04:00,20,-0.5150907528982178,-0.20200000000001125,-0.4385921262301699,WTICO_USD,Largo
2018-03-26 11:30:00-04:00,2018-03-26 12:00:00-04:00,3,0.7052724618076245,0.25199999999999645,0.7892334691656762,WTICO_USD,Largo
2018-04-23 10:15:00-04:00,2018-04-23 11:15:00-04:00,5,1.2945480683722637,0.48900000000000543,1.3739681952662668,WTICO_USD,Largo
2018-05-07 15:15:00-04:00,2018-05-07 15:45:00-04:00,3,-0.18935351698918626,-0.08500000000000682,-0.12252286393418471,WTICO_USD,Largo
2018-05-08 11:45:00-04:00,2018-05-08 14:45:00-04:00,13,0.5237851892554236,0.4350000000000034,0.5599083057557974,WTICO_USD,Largo
2018-05-10 10:30:00-04:00,2018-05-10 14:30:00-04:00,17,0.9965861921082296,0.37000000000000566,1.0773904779548416,WTICO_USD,Largo
2018-05-11 15:00:00-04:00,2018-05-11 15:45:00-04:00,4,-0.20688399563976057,-0.07300000000000637,-0.12186317551383898,WTICO_USD,Largo
2018-05-15 10:15:00-04:00,2018-05-15 13:00:00-04:00,12,0.9174773187782256,0.39699999999999247,0.9868080985347678,WTICO_USD,Largo
2018-05-18 09:45:00-04:00,2018-05-18 10:00:00-04:00,2,-1.1458336264621072,-0.2357138722241092,-1.0000000000000187,WTICO_USD,Largo
2018-05-18 12:30:00-04:00,2018-05-18 13:30:00-04:00,5,0.4340483393332835,0.14300000000000182,0.5251074315011041,WTICO_USD,Largo
2018-07-03 12:00:00-04:00,2018-07-03 14:00:00-04:00,9,0.6802331594200016,0.47,0.7236522972553209,WTICO_USD,Largo
2018-07-05 11:30:00-04:00,2018-07-05 14:00:00-04:00,11,-1.048608456089289,-0.6471765658405804,-1.0,WTICO_USD,Largo
2018-07-05 14:30:00-04:00,2018-07-05 15:45:00-04:00,6,-0.15672786234314182,-0.09799999999999784,-0.10874994529932183,WTICO_USD,Largo
2018-07-09 10:30:00-04:00,2018-07-09 11:15:00-04:00,4,0.7136804673360436,0.32500000000000395,0.7795586643209084,WTICO_USD,Largo
2018-07-11 10:45:00-04:00,2018-07-11 11:00:00-04:00,2,-1.0538121815765844,-0.5874945880480442,-1.0000000000000075,WTICO_USD,Largo
2018-09-04 11:30:00-04:00,2018-09-04 14:30:00-04:00,13,-1.069657654168675,-0.46067772462384826,-0.9999999999999998,WTICO_USD,Largo
2018-09-27 10:30:00-04:00,2018-09-27 12:00:00-04:00,7,0.3059740966222747,0.09700000000000955,0.4006052605260617,WTICO_USD,Largo
2018-10-03 10:15:00-04:00,2018-10-03 10:30:00-04:00,2,-1.115676679003049,-0.28934354494398806,-0.9999999999999949,WTICO_USD,Largo
2018-10-04 10:00:00-04:00,2018-10-04 10:45:00-04:00,4,-1.0923430266063672,-0.35487564142638806,-0.9999999999999931,WTICO_USD,Largo
2018-10-04 14:00:00-04:00,2018-10-04 15:45:00-04:00,8,-0.10804294527190905,-0.06600000000000136,-0.0589325156028605,WTICO_USD,Largo
2018-10-05 10:00:00-04:00,2018-10-05 10:15:00-04:00,2,0.8874089479838584,0.35999999999998633,0.9613596936491827,WTICO_USD,Largo
2019-05-21 10:00:00-04:00,2019-05-21 15:45:00-04:00,24,-0.0065784373115811345,-0.0020000000000013063,0.09209812236207143,WTICO_USD,Largo
2019-12-20 11:15:00-05:00,2019-12-20 15:45:00-05:00,19,-0.1627111814530802,-0.05499999999999858,-0.07395962793321598,WTICO_USD,Largo
2019-12-27 10:30:00-05:00,2019-12-27 11:15:00-05:00,4,1.021185959309609,0.22500000000000256,1.1573440872175556,WTICO_USD,Largo
2019-12-31 09:45:00-05:00,2019-12-31 11:00:00-05:00,6,1.3601674410041695,0.5229999999999972,1.4381885179260152,WTICO_USD,Largo
2020-01-03 11:45:00-05:00,2020-01-03 13:45:00-05:00,9,0.9020358542112501,0.5229999999999972,0.9537778726172494,WTICO_USD,Largo
2020-01-06 11:30:00-05:00,2020-01-06 15:30:00-05:00,17,-1.0685891968830858,-0.46738666383769956,-1.0000000000000002,WTICO_USD,Largo
2006-10-09 10:45:00-04:00,2006-10-09 11:30:00-04:00,4,0.8883196905724343,0.3380000000000021,0.9671646335226499,WTICO_USD,Corto
2006-10-13 11:00:00-04:00,2006-10-13 14:15:00-04:00,14,0.8904358766567452,0.33599999999999963,0.969939079929669,WTICO_USD,Corto
2006-10-24 11:30:00-04:00,2006-10-24 15:45:00-04:00,18,-0.36539699396526504,-0.14699999999999733,-0.29082617887031165,WTICO_USD,Corto
2006-11-03 10:45:00-05:00,2006-11-03 11:45:00-05:00,5,-1.0992092102497524,-0.3323912792419026,-1.0000000000000044,WTICO_USD,Corto
2006-12-29 14:30:00-05:00,2006-12-29 15:45:00-05:00,6,-0.27041617277090174,-0.10099999999999795,-0.19009453729439466,WTICO_USD,Corto
2007-01-11 10:45:00-05:00,2007-01-11 10:45:00-05:00,1,-1.0594620391820955,-0.5345235651627493,-0.9999999999999961,WTICO_USD,Corto
2007-01-11 11:15:00-05:00,2007-01-11 11:30:00-05:00,2,1.2148931140450283,0.668999999999998,1.2693726258856126,WTICO_USD,Corto
2007-01-19 10:30:00-05:00,2007-01-19 10:30:00-05:00,1,-1.094315425386307,-0.34808158503365294,-0.9999999999999993,WTICO_USD,Corto
2007-01-19 11:00:00-05:00,2007-01-19 11:15:00-05:00,2,-1.0817191168666043,-0.39711116260554635,-0.999999999999994,WTICO_USD,Corto
2007-01-19 13:45:00-05:00,2007-01-19 14:15:00-05:00,3,-1.0653991519611046,-0.48872154455219774,-1.0000000000000036,WTICO_USD,Corto
2007-01-19 15:00:00-05:00,2007-01-19 15:45:00-05:00,4,-0.2511754522006348,-0.12000000000000341,-0.18838158915047787,WTICO_USD,Corto
2007-02-16 09:45:00-05:00,2007-02-16 10:45:00-05:00,5,-1.0928366953256123,-0.35314808163714306,-1.00000000000001,WTICO_USD,Corto
2007-03-16 09:45:00-04:00,2007-03-16 10:15:00-04:00,3,-1.1384601187616359,-0.24666888825690478,-1.0000000000000107,WTICO_USD,Corto
2007-03-16 11:00:00-04:00,2007-03-16 12:15:00-04:00,6,-1.094811271025641,-0.34641807641081246,-0.9999999999999929,WTICO_USD,Corto
2007-03-16 12:30:00-04:00,2007-03-16 13:30:00-04:00,5,0.9748966235936546,0.3509999999999931,1.0582211213367037,WTICO_USD,Corto
2008-10-17 13:45:00-04:00,2008-10-17 14:30:00-04:00,4,1.1909350685536138,1.6799999999999937,1.212201766206357,WTICO_USD,Corto
2008-10-20 14:30:00-04:00,2008-10-20 15:45:00-04:00,6,-0.55973497929331,-0.9260000000000008,-0.5416010166812157,WTICO_USD,Corto
2008-11-17 10:30:00-05:00,2008-11-17 11:45:00-05:00,6,1.3317502202893103,1.659,1.355832502753855,WTICO_USD,Corto
2008-11-19 10:15:00-05:00,2008-11-19 11:00:00-05:00,4,1.7952251553923915,1.3710000000000033,1.834507981549774,WTICO_USD,Corto
2008-11-24 12:30:00-05:00,2008-11-24 13:00:00-05:00,3,-1.0242360019270178,-1.267827926006169,-1.0000000000000016,WTICO_USD,Corto
2008-12-26 12:15:00-05:00,2008-12-26 13:45:00-05:00,7,0.8143951891795571,0.4959999999999962,0.8636529627186436,WTICO_USD,Corto
2009-01-13 10:30:00-05:00,2009-01-13 13:15:00-05:00,12,0.8399511644882273,0.8859999999999968,0.8683919488388445,WTICO_USD,Corto
2009-01-20 10:00:00-05:00,2009-01-20 10:15:00-05:00,2,-1.0366830358041508,-0.8478167194277677,-1.0000000000000022,WTICO_USD,Corto
2009-01-20 11:00:00-05:00,2009-01-20 13:15:00-05:00,10,1.1263243207615934,1.2149999999999974,1.1541347978174352,WTICO_USD,Corto
2009-02-13 11:00:00-05:00,2009-02-13 13:00:00-05:00,9,-1.0336845054626773,-0.9206172018242131,-1.0000000000000022,WTICO_USD,Corto
2009-02-13 13:45:00-05:00,2009-02-13 15:45:00-05:00,9,-0.3442178696443367,-0.4329999999999987,-0.32036905650500613,WTICO_USD,Corto
2010-07-06 11:00:00-04:00,2010-07-06 12:45:00-04:00,8,1.951510022442497,1.1590000000000071,2.002023655465167,WTICO_USD,Corto
2010-07-07 11:45:00-04:00,2010-07-07 13:45:00-04:00,9,-1.0509720752657117,-0.618557555163419,-0.9999999999999888,WTICO_USD,Corto
2010-09-20 10:45:00-04:00,2010-09-20 10:45:00-04:00,1,-1.0626526140154844,-0.5088307793922542,-0.999999999999993,WTICO_USD,Corto
2010-09-23 12:15:00-04:00,2010-09-23 14:00:00-04:00,8,-1.0511003416528908,-0.6170802235293269,-1.0000000000000067,WTICO_USD,Corto
2011-08-19 10:45:00-04:00,2011-08-19 14:15:00-04:00,15,0.23097008548325945,0.34900000000000486,0.25082424755918403,WTICO_USD,Corto
2011-08-22 09:45:00-04:00,2011-08-22 10:45:00-04:00,5,1.2034177994690194,0.9779999999999955,1.2403324558944495,WTICO_USD,Corto
2011-09-06 15:00:00-04:00,2011-09-06 15:45:00-04:00,4,-0.6595751916393355,-0.5699999999999921,-0.6248607078688437,WTICO_USD,Corto
2011-10-04 11:30:00-04:00,2011-10-04 13:45:00-04:00,10,0.6373607109709184,0.7310000000000099,0.66351778529257,WTICO_USD,Corto
2011-10-05 14:45:00-04:00,2011-10-05 15:45:00-04:00,5,-0.2273923065197866,-0.21000000000000682,-0.19490769130267527,WTICO_USD,Corto
2012-06-04 10:00:00-04:00,2012-06-04 13:30:00-04:00,15,-1.043776125189262,-0.7153050577295506,-1.0000000000000047,WTICO_USD,Corto
2012-06-04 15:15:00-04:00,2012-06-04 15:45:00-04:00,3,-0.39585022082216054,-0.260000000000004,-0.35017519534268116,WTICO_USD,Corto
2012-06-06 10:30:00-04:00,2012-06-06 13:15:00-04:00,12,0.6926215516478194,0.39799999999999724,0.7448292062946402,WTICO_USD,Corto
2012-06-14 13:15:00-04:00,2012-06-14 15:00:00-04:00,8,-1.0492587057959226,-0.6390293992760536,-1.0000000000000104,WTICO_USD,Corto
2012-06-19 09:45:00-04:00,2012-06-19 12:30:00-04:00,12,0.6021868902306556,0.3260000000000087,0.6576028617242727,WTICO_USD,Corto
2012-06-22 12:00:00-04:00,2012-06-22 13:15:00-04:00,6,-1.046528035773445,-0.6747725441512376,-1.0000000000000058,WTICO_USD,Corto
2012-06-22 14:30:00-04:00,2012-06-22 15:45:00-04:00,6,-0.7426645800475704,-0.4789999999999981,-0.6961511407961566,WTICO_USD,Corto
2012-06-27 10:45:00-04:00,2012-06-27 14:15:00-04:00,15,0.12810122709957938,0.0780000000000041,0.17737092983018427,WTICO_USD,Corto
2012-09-27 12:45:00-04:00,2012-09-27 15:45:00-04:00,13,-0.38132392725227987,-0.23100000000000762,-0.33180133929743993,WTICO_USD,Corto
2012-10-04 10:30:00-04:00,2012-10-04 11:30:00-04:00,5,-1.0629671670189664,-0.5064387762747049,-1.0000000000000027,WTICO_USD,Corto
2012-10-08 11:00:00-04:00,2012-10-08 15:45:00-04:00,20,-0.0776787500459269,-0.042000000000000454,-0.022193928584551145,WTICO_USD,Corto
2012-11-01 11:30:00-04:00,2012-11-01 15:45:00-04:00,18,-0.06237594825035489,-0.03200000000000955,-0.00389849676566463,WTICO_USD,Corto
2014-01-14 10:00:00-05:00,2014-01-14 11:15:00-05:00,6,0.9449952949606436,0.32899999999999463,1.031165078695658,WTICO_USD,Corto
2014-08-20 10:15:00-04:00,2014-08-20 10:45:00-04:00,3,0.6770522205986568,0.1580000000000024,0.8056064396996656,WTICO_USD,Corto
2014-08-21 13:15:00-04:00,2014-08-21 15:45:00-04:00,11,0.28385234374691276,0.11199999999999591,0.3598842215362672,WTICO_USD,Corto
2014-08-26 11:00:00-04:00,2014-08-26 12:00:00-04:00,5,1.9242359223547558,0.5840000000000043,2.023083658092157,WTICO_USD,Corto
2014-09-03 10:30:00-04:00,2014-09-03 11:15:00-04:00,4,-1.1073441720760653,-0.3094748836363681,-1.000000000000002,WTICO_USD,Corto
2014-09-03 12:00:00-04:00,2014-09-03 12:45:00-04:00,4,-1.0752993019784358,-0.42841006771332846,-0.9999999999999882,WTICO_USD,Corto
2014-09-11 10:45:00-04:00,2014-09-11 11:00:00-04:00,2,-1.0598447931694819,-0.5312967446481582,-1.0000000000000069,WTICO_USD,Corto
2014-09-11 11:30:00-04:00,2014-09-11 14:00:00-04:00,11,-1.0570254910348875,-0.5560805204052446,-0.9999999999999968,WTICO_USD,Corto
2014-09-15 11:15:00-04:00,2014-09-15 14:15:00-04:00,13,-1.054605062381359,-0.5793996104332837,-1.0000000000000064,WTICO_USD,Corto
2014-10-01 12:00:00-04:00,2014-10-01 12:45:00-04:00,4,1.4650568197204568,0.7579999999999967,1.5230405988650662,WTICO_USD,Corto
2014-10-16 14:15:00-04:00,2014-10-16 15:45:00-04:00,7,-0.05645742298261647,-0.06399999999999181,-0.029993005959511616,WTICO_USD,Corto
2014-11-05 11:15:00-05:00,2014-11-05 15:45:00-05:00,19,-0.5973527697683141,-0.4920000000000033,-0.5609288203921976,WTICO_USD,Corto
2014-11-14 10:45:00-05:00,2014-11-14 11:30:00-05:00,4,1.259055110950846,0.5480000000000029,1.327981485637936,WTICO_USD,Corto
2014-11-20 10:45:00-05:00,2014-11-20 11:30:00-05:00,4,0.9053434269398084,0.3859999999999968,0.9757069057175143,WTICO_USD,Corto
2014-11-20 14:45:00-05:00,2014-11-20 15:45:00-05:00,5,-0.13911178687827508,-0.06399999999999181,-0.0739031367790753,WTICO_USD,Corto
2014-12-01 13:45:00-05:00,2014-12-01 14:30:00-05:00,4,-1.0369139222940764,-0.8427014994777682,-1.000000000000002,WTICO_USD,Corto
2014-12-16 12:00:00-05:00,2014-12-16 15:45:00-05:00,16,0.06993896965830887,0.0739999999999992,0.09829260600627224,WTICO_USD,Corto
2014-12-17 13:45:00-05:00,2014-12-17 14:30:00-05:00,4,0.9851260410449771,1.1010000000000002,1.0119687124630965,WTICO_USD,Corto
2014-12-30 10:15:00-05:00,2014-12-30 10:45:00-05:00,3,-1.0550426638742767,-0.575031760608822,-0.9999999999999941,WTICO_USD,Corto
2015-01-14 14:45:00-05:00,2015-01-14 15:45:00-05:00,5,-0.43522751539282306,-0.42099999999999826,-0.4042136781914341,WTICO_USD,Corto
2015-01-21 11:15:00-05:00,2015-01-21 13:30:00-05:00,10,0.640018156404274,0.36300000000000066,0.6929122189170238,WTICO_USD,Corto
2015-01-26 12:45:00-05:00,2015-01-26 14:15:00-05:00,7,0.8788563631027132,0.543999999999998,0.9273227066561718,WTICO_USD,Corto
2015-01-27 12:30:00-05:00,2015-01-27 15:45:00-05:00,14,0.14403746041068147,0.08400000000000432,0.19547941055735077,WTICO_USD,Corto
2015-01-29 09:45:00-05:00,2015-01-29 10:15:00-05:00,3,0.3529625698831747,0.12200000000000102,0.4397566444446104,WTICO_USD,Corto
2015-02-19 12:00:00-05:00,2015-02-19 15:45:00-05:00,16,-0.07156562884837789,-0.06399999999999892,-0.03801924032570019,WTICO_USD,Corto
2015-03-20 10:30:00-04:00,2015-03-20 11:15:00-04:00,4,-1.0507274471363266,-0.6213958161423097,-1.000000000000006,WTICO_USD,Corto
2015-04-01 09:45:00-04:00,2015-04-01 10:30:00-04:00,4,-1.0697999791140735,-0.4597995555409955,-0.9999999999999991,WTICO_USD,Corto
2015-06-05 14:45:00-04:00,2015-06-05 15:45:00-04:00,5,0.12350572991528205,0.08399999999999722,0.1676149191707414,WTICO_USD,Corto
2015-06-30 14:30:00-04:00,2015-06-30 15:45:00-04:00,6,0.23127290180687965,0.09599999999999767,0.3035456836215313,WTICO_USD,Corto
2015-07-02 11:15:00-04:00,2015-07-02 13:15:00-04:00,9,1.6057944758402218,0.6060000000000028,1.6852892518719156,WTICO_USD,Corto
2015-07-14 10:45:00-04:00,2015-07-14 11:30:00-04:00,4,-1.0534234981624588,-0.5915506477836547,-0.999999999999996,WTICO_USD,Corto
2015-07-14 13:30:00-04:00,2015-07-14 15:45:00-04:00,10,-0.1847769919928626,-0.11200000000000074,-0.13528315485191758,WTICO_USD,Corto
2015-07-21 10:30:00-04:00,2015-07-21 12:00:00-04:00,7,0.9572790144073513,0.3119999999999987,1.0493250734849817,WTICO_USD,Corto
2015-07-28 11:45:00-04:00,2015-07-28 15:15:00-04:00,15,0.5027410551415202,0.23999999999999602,0.5655836870342112,WTICO_USD,Corto
2015-07-31 09:45:00-04:00,2015-07-31 10:15:00-04:00,3,0.539961007699698,0.2339999999999958,0.6091867779176092,WTICO_USD,Corto
2015-08-10 11:15:00-04:00,2015-08-10 14:15:00-04:00,13,-1.0675434589676664,-0.4741584789781672,-1.0000000000000062,WTICO_USD,Corto
2015-08-18 14:30:00-04:00,2015-08-18 15:45:00-04:00,6,0.48714831216037746,0.1819999999999962,0.5674474844945073,WTICO_USD,Corto
2015-08-20 10:00:00-04:00,2015-08-20 11:30:00-04:00,7,-1.085679632168318,-0.3801415592105488,-1.000000000000003,WTICO_USD,Corto
2015-11-16 14:15:00-05:00,2015-11-16 15:45:00-05:00,7,-0.21257079230082604,-0.1380000000000041,-0.16635975049630003,WTICO_USD,Corto
2015-11-20 13:30:00-05:00,2015-11-20 14:30:00-05:00,5,1.1331301689975826,0.4760000000000002,1.2045459359512116,WTICO_USD,Corto
2015-11-23 10:45:00-05:00,2015-11-23 13:45:00-05:00,13,0.22255478525378944,0.16200000000000017,0.26376863437486153,WTICO_USD,Corto
2015-12-03 13:00:00-05:00,2015-12-03 15:45:00-05:00,12,0.389826995983213,0.1920000000000013,0.4507374641055896,WTICO_USD,Corto
2015-12-08 11:15:00-05:00,2015-12-08 12:15:00-05:00,5,0.8354532250192529,0.5320000000000047,0.8825652489865036,WTICO_USD,Corto
2015-12-09 11:00:00-05:00,2015-12-09 11:15:00-05:00,2,0.36723531607989185,0.18799999999999642,0.4258366963054076,WTICO_USD,Corto
2015-12-14 11:15:00-05:00,2015-12-14 11:30:00-05:00,2,-1.0528212894915314,-0.5979528138898107,-1.000000000000006,WTICO_USD,Corto
2015-12-14 12:45:00-05:00,2015-12-14 15:45:00-05:00,13,0.059693341381304416,0.0359999999999954,0.1094377925323978,WTICO_USD,Corto
2015-12-15 12:45:00-05:00,2015-12-15 15:30:00-05:00,12,0.8347524864644201,0.4240000000000006,0.8938151623935063,WTICO_USD,Corto
2016-01-07 11:45:00-05:00,2016-01-07 13:45:00-05:00,9,0.791791064100471,0.5139999999999969,0.8380045503320163,WTICO_USD,Corto
2016-01-21 13:45:00-05:00,2016-01-21 15:45:00-05:00,9,0.042852121458420774,0.02799999999999983,0.08876510873530044,WTICO_USD,Corto
2016-02-11 10:15:00-05:00,2016-02-11 10:30:00-05:00,2,0.17743896170990878,0.099999999999999,0.23067065022288194,WTICO_USD,Corto
2016-02-12 12:00:00-05:00,2016-02-12 13:00:00-05:00,5,-1.0453097602431898,-0.6921089990099449,-0.9999999999999986,WTICO_USD,Corto
2016-03-31 10:30:00-04:00,2016-03-31 12:45:00-04:00,10,1.4566567332695464,0.6160000000000008,1.5275978079417645,WTICO_USD,Corto
2017-06-22 11:00:00-04:00,2017-06-22 13:15:00-04:00,10,1.0240573030926239,0.2960000000000005,1.1278468946222815,WTICO_USD,Corto
2017-07-10 11:45:00-04:00,2017-07-10 15:45:00-04:00,17,-0.03572590310598077,-0.014000000000001761,0.040829603549682666,WTICO_USD,Corto
2017-07-11 11:15:00-04:00,2017-07-11 12:00:00-04:00,4,-1.0805152099092676,-0.4026004072249936,-0.9999999999999974,WTICO_USD,Corto
2017-08-30 12:00:00-04:00,2017-08-30 13:45:00-04:00,8,1.6019660172100152,0.5460000000000005,1.6899861280457302,WTICO_USD,Corto
2018-11-21 12:15:00-05:00,2018-11-21 14:15:00-05:00,9,0.8545153675275743,0.5959999999999976,0.8975278860272846,WTICO_USD,Corto
2018-11-26 10:45:00-05:00,2018-11-26 14:45:00-05:00,17,0.48074133869489466,0.2710000000000019,0.5339599370744029,WTICO_USD,Corto
2018-11-29 12:00:00-05:00,2018-11-29 15:15:00-05:00,14,0.3156805914447383,0.22200000000000245,0.35834013082916194,WTICO_USD,Corto
2018-12-11 11:00:00-05:00,2018-12-11 12:00:00-05:00,5,0.9342781078283365,0.3999999999999997,1.0043489659154619,WTICO_USD,Corto
2018-12-13 14:45:00-05:00,2018-12-13 15:15:00-05:00,3,-1.0524834314310216,-0.6016089665255524,-1.0000000000000016,WTICO_USD,Corto
2018-12-19 11:15:00-05:00,2018-12-19 13:30:00-05:00,10,0.6095403148027049,0.3760000000000059,0.6581738505582391,WTICO_USD,Corto
2018-12-26 10:00:00-05:00,2018-12-26 10:45:00-05:00,4,-1.0565586665307298,-0.5604226892213109,-1.000000000000002,WTICO_USD,Corto
2018-12-26 11:00:00-05:00,2018-12-26 11:15:00-05:00,2,-1.0504684463364842,-0.624430821190386,-0.9999999999999988,WTICO_USD,Corto
2018-12-26 13:15:00-05:00,2018-12-26 14:15:00-05:00,5,-1.041389951990558,-0.7548135974364232,-0.9999999999999963,WTICO_USD,Corto
2019-03-08 15:00:00-05:00,2019-03-08 15:45:00-05:00,4,-0.28055494911487977,-0.11800000000000097,-0.20922741967889397,WTICO_USD,Corto
2019-06-14 11:15:00-04:00,2019-06-14 14:30:00-04:00,14,0.4993686737405182,0.22800000000000267,0.5650750781800593,WTICO_USD,Corto
2019-07-23 15:00:00-04:00,2019-07-23 15:45:00-04:00,4,-0.44023417680466814,-0.16000000000000256,-0.35769026865379416,WTICO_USD,Corto
2019-07-29 09:45:00-04:00,2019-07-29 10:15:00-04:00,3,1.257791979809642,0.389000000000004,1.3547939319800504,WTICO_USD,Corto
2019-08-02 09:45:00-04:00,2019-08-02 15:15:00-04:00,23,0.6719839351830439,0.27899999999999747,0.7442402722995008,WTICO_USD,Corto
2019-08-09 10:30:00-04:00,2019-08-09 11:45:00-04:00,6,-1.0581099427783875,-0.5462627695988889,-1.000000000000006,WTICO_USD,Corto
2019-10-07 11:15:00-04:00,2019-10-07 13:15:00-04:00,9,1.0231625913770217,0.4200000000000028,1.0962456336182371,WTICO_USD,Corto
2019-10-09 09:45:00-04:00,2019-10-09 10:45:00-04:00,5,1.1201306066242214,0.3960000000000019,1.2049889859139347,WTICO_USD,Corto
2019-10-10 09:45:00-04:00,2019-10-10 12:00:00-04:00,10,-1.0804689202687758,-0.4028147451189017,-0.9999999999999922,WTICO_USD,Corto
2019-11-20 09:45:00-05:00,2019-11-20 10:30:00-05:00,4,-1.1171469359451083,-0.2860886442139463,-1.0000000000000027,WTICO_USD,Corto
2020-02-05 10:15:00-05:00,2020-02-05 14:00:00-05:00,16,0.1447351367574675,0.07999999999999943,0.1990108130415182,WTICO_USD,Corto
2020-02-26 11:00:00-05:00,2020-02-26 12:00:00-05:00,5,0.9424656303443578,0.5150000000000017,0.9973665408498542,WTICO_USD,Corto
2020-03-02 12:00:00-05:00,2020-03-02 15:45:00-05:00,16,-0.5394511496756926,-0.4130000000000027,-0.5002658361399283,WTICO_USD,Corto
2020-03-09 10:45:00-04:00,2020-03-09 13:30:00-04:00,12,0.43922120220071886,0.6890000000000012,0.4583454925723031,WTICO_USD,Corto
2020-03-19 15:15:00-04:00,2020-03-19 15:45:00-04:00,3,-0.005997536466358644,-0.008000000000001534,0.016493225282481958,WTICO_USD,Corto
2020-04-22 10:15:00-04:00,2020-04-22 13:45:00-04:00,15,0.5971441004196126,0.5259999999999991,0.6312017487325183,WTICO_USD,Corto
2020-04-29 10:00:00-04:00,2020-04-29 10:30:00-04:00,3,-1.0764510338807438,-0.4224080352765014,-0.9999999999999998,WTICO_USD,Corto
2020-04-29 11:15:00-04:00,2020-04-29 13:30:00-04:00,10,0.5683535135378458,0.2589999999999997,0.6341859668433879,WTICO_USD,Corto
